{
"type": "FeatureCollection",
"name": "lw1",
"crs": { "type": "name", "properties": { "name": "urn:ogc:def:crs:OGC:1.3:CRS84" } },
"features": [
{ "type": "Feature", "properties": { "gid": 830, "nazwa": "Ambae", "ostatnia_erupcja": "2021", "kraj": "Vanuatu", "typ": "tarczowy", "rodzaj_erupcji": "erupcja zaobserwowana", "materiał": "bazalt / pikryt", "tektonika": "strefa subdukcji / skorupa oceaniczna (< 15 km)", "legenda": "Wulkan", "źródło": "Global Volcanism Program, 2013. Volcanoes of the World, v. 4.11.0. Venzke, E (ed.). Smithsonian Institution. Downloaded 20 Jun 2022. https://doi.org/10.5479/si.GVP.VOTW4-2013" }, "geometry": { "type": "Point", "coordinates": [ 167.835, -15.389 ] } },
{ "type": "Feature", "properties": { "gid": 499, "nazwa": "Pavlof", "ostatnia_erupcja": "2021", "kraj": "Stany Zjednoczone", "typ": "stratowulkan", "rodzaj_erupcji": "erupcja zaobserwowana", "materiał": "andezyt / andezyt bazaltowy", "tektonika": "strefa subdukcji / skorupa kontynentalna (>25 km)", "legenda": "Wulkan", "źródło": "Global Volcanism Program, 2013. Volcanoes of the World, v. 4.11.0. Venzke, E (ed.). Smithsonian Institution. Downloaded 20 Jun 2022. https://doi.org/10.5479/si.GVP.VOTW4-2013" }, "geometry": { "type": "Point", "coordinates": [ -161.894, 55.417 ] } },
{ "type": "Feature", "properties": { "gid": 821, "nazwa": "Kavachi", "ostatnia_erupcja": "2021", "kraj": "Wyspy Salomona", "typ": "podwodny", "rodzaj_erupcji": "erupcja zaobserwowana", "materiał": "andezyt / andezyt bazaltowy", "tektonika": "strefa subdukcji / grubość skorupy nieznana", "legenda": "Wulkan", "źródło": "Global Volcanism Program, 2013. Volcanoes of the World, v. 4.11.0. Venzke, E (ed.). Smithsonian Institution. Downloaded 20 Jun 2022. https://doi.org/10.5479/si.GVP.VOTW4-2013" }, "geometry": { "type": "Point", "coordinates": [ 157.979, -8.991 ] } },
{ "type": "Feature", "properties": { "gid": 1130, "nazwa": "Rincon de la Vieja", "ostatnia_erupcja": "2021", "kraj": "Kostaryka", "typ": "mieszane, złożone", "rodzaj_erupcji": "erupcja zaobserwowana", "materiał": "andezyt / andezyt bazaltowy", "tektonika": "strefa subdukcji / skorupa kontynentalna (>25 km)", "legenda": "Wulkan", "źródło": "Global Volcanism Program, 2013. Volcanoes of the World, v. 4.11.0. Venzke, E (ed.). Smithsonian Institution. Downloaded 20 Jun 2022. https://doi.org/10.5479/si.GVP.VOTW4-2013" }, "geometry": { "type": "Point", "coordinates": [ -85.324, 10.83 ] } },
{ "type": "Feature", "properties": { "gid": 469, "nazwa": "Great Sitkin", "ostatnia_erupcja": "2021", "kraj": "Stany Zjednoczone", "typ": "stratowulkan", "rodzaj_erupcji": "erupcja zaobserwowana", "materiał": "andezyt / andezyt bazaltowy", "tektonika": "strefa subdukcji / skorupa oceaniczna (< 15 km)", "legenda": "Wulkan", "źródło": "Global Volcanism Program, 2013. Volcanoes of the World, v. 4.11.0. Venzke, E (ed.). Smithsonian Institution. Downloaded 20 Jun 2022. https://doi.org/10.5479/si.GVP.VOTW4-2013" }, "geometry": { "type": "Point", "coordinates": [ -176.13, 52.076 ] } },
{ "type": "Feature", "properties": { "gid": 873, "nazwa": "Krakatau", "ostatnia_erupcja": "2021", "kraj": "Indonezja", "typ": "kaldera", "rodzaj_erupcji": "erupcja zaobserwowana", "materiał": "andezyt / andezyt bazaltowy", "tektonika": "strefa subdukcji / skorupa kontynentalna (>25 km)", "legenda": "Wulkan", "źródło": "Global Volcanism Program, 2013. Volcanoes of the World, v. 4.11.0. Venzke, E (ed.). Smithsonian Institution. Downloaded 20 Jun 2022. https://doi.org/10.5479/si.GVP.VOTW4-2013" }, "geometry": { "type": "Point", "coordinates": [ 105.423, -6.102 ] } },
{ "type": "Feature", "properties": { "gid": 1330, "nazwa": "San Cristobal", "ostatnia_erupcja": "2020", "kraj": "Nikaragua", "typ": "stratowulkan", "rodzaj_erupcji": "erupcja zaobserwowana", "materiał": "bazalt / pikryt", "tektonika": "strefa subdukcji / skorupa kontynentalna (>25 km)", "legenda": "Wulkan", "źródło": "Global Volcanism Program, 2013. Volcanoes of the World, v. 4.11.0. Venzke, E (ed.). Smithsonian Institution. Downloaded 20 Jun 2022. https://doi.org/10.5479/si.GVP.VOTW4-2013" }, "geometry": { "type": "Point", "coordinates": [ -87.004, 12.702 ] } },
{ "type": "Feature", "properties": { "gid": 686, "nazwa": "Awu", "ostatnia_erupcja": "2004", "kraj": "Indonezja", "typ": "stratowulkan", "rodzaj_erupcji": "erupcja zaobserwowana", "materiał": "andezyt / andezyt bazaltowy", "tektonika": "strefa subdukcji / skorupa oceaniczna (< 15 km)", "legenda": "Wulkan", "źródło": "Global Volcanism Program, 2013. Volcanoes of the World, v. 4.11.0. Venzke, E (ed.). Smithsonian Institution. Downloaded 20 Jun 2022. https://doi.org/10.5479/si.GVP.VOTW4-2013" }, "geometry": { "type": "Point", "coordinates": [ 125.447000000000116, 3.689 ] } },
{ "type": "Feature", "properties": { "gid": 567, "nazwa": "Hunga Tonga-Hunga Ha'apai", "ostatnia_erupcja": "2022", "kraj": "Tonga", "typ": "podwodny", "rodzaj_erupcji": "erupcja zaobserwowana", "materiał": "andezyt / andezyt bazaltowy", "tektonika": "strefa subdukcji / skorupa oceaniczna (< 15 km)", "legenda": "Wulkan", "źródło": "Global Volcanism Program, 2013. Volcanoes of the World, v. 4.11.0. Venzke, E (ed.). Smithsonian Institution. Downloaded 20 Jun 2022. https://doi.org/10.5479/si.GVP.VOTW4-2013" }, "geometry": { "type": "Point", "coordinates": [ -175.382, -20.536 ] } },
{ "type": "Feature", "properties": { "gid": 731, "nazwa": "Taal", "ostatnia_erupcja": "2021", "kraj": "Filipiny", "typ": "kaldera", "rodzaj_erupcji": "erupcja zaobserwowana", "materiał": "andezyt / andezyt bazaltowy", "tektonika": "strefa subdukcji / skorupa kontynentalna (>25 km)", "legenda": "Wulkan", "źródło": "Global Volcanism Program, 2013. Volcanoes of the World, v. 4.11.0. Venzke, E (ed.). Smithsonian Institution. Downloaded 20 Jun 2022. https://doi.org/10.5479/si.GVP.VOTW4-2013" }, "geometry": { "type": "Point", "coordinates": [ 120.993, 14.002 ] } },
{ "type": "Feature", "properties": { "gid": 645, "nazwa": "Sangeang Api", "ostatnia_erupcja": "2022", "kraj": "Indonezja", "typ": "mieszane, złożone", "rodzaj_erupcji": "erupcja zaobserwowana", "materiał": "tefryt / trachybazalt", "tektonika": "strefa subdukcji / skorupa kontynentalna (>25 km)", "legenda": "Wulkan", "źródło": "Global Volcanism Program, 2013. Volcanoes of the World, v. 4.11.0. Venzke, E (ed.). Smithsonian Institution. Downloaded 20 Jun 2022. https://doi.org/10.5479/si.GVP.VOTW4-2013" }, "geometry": { "type": "Point", "coordinates": [ 119.07, -8.2 ] } },
{ "type": "Feature", "properties": { "gid": 651, "nazwa": "Iya", "ostatnia_erupcja": "1969", "kraj": "Indonezja", "typ": "stratowulkan", "rodzaj_erupcji": "erupcja zaobserwowana", "materiał": "bazalt / pikryt", "tektonika": "strefa subdukcji / grubość skorupy nieznana", "legenda": "Wulkan", "źródło": "Global Volcanism Program, 2013. Volcanoes of the World, v. 4.11.0. Venzke, E (ed.). Smithsonian Institution. Downloaded 20 Jun 2022. https://doi.org/10.5479/si.GVP.VOTW4-2013" }, "geometry": { "type": "Point", "coordinates": [ 121.645, -8.897 ] } },
{ "type": "Feature", "properties": { "gid": 1271, "nazwa": "Popocatepetl", "ostatnia_erupcja": "2018", "kraj": "Meksyk", "typ": "stratowulkan", "rodzaj_erupcji": "erupcja zaobserwowana", "materiał": "andezyt / andezyt bazaltowy", "tektonika": "strefa subdukcji / skorupa kontynentalna (>25 km)", "legenda": "Wulkan", "źródło": "Global Volcanism Program, 2013. Volcanoes of the World, v. 4.11.0. Venzke, E (ed.). Smithsonian Institution. Downloaded 20 Jun 2022. https://doi.org/10.5479/si.GVP.VOTW4-2013" }, "geometry": { "type": "Point", "coordinates": [ -98.622, 19.023 ] } },
{ "type": "Feature", "properties": { "gid": 1272, "nazwa": "Malinche, La", "ostatnia_erupcja": "1170 p.n.e.", "kraj": "Meksyk", "typ": "stratowulkan", "rodzaj_erupcji": "erupcja datowana", "materiał": "andezyt / andezyt bazaltowy", "tektonika": "strefa subdukcji / skorupa kontynentalna (>25 km)", "legenda": "Wulkan", "źródło": "Global Volcanism Program, 2013. Volcanoes of the World, v. 4.11.0. Venzke, E (ed.). Smithsonian Institution. Downloaded 20 Jun 2022. https://doi.org/10.5479/si.GVP.VOTW4-2013" }, "geometry": { "type": "Point", "coordinates": [ -98.032, 19.231 ] } },
{ "type": "Feature", "properties": { "gid": 1279, "nazwa": "Cumbres,  Las", "ostatnia_erupcja": "3920 p.n.e.", "kraj": "Meksyk", "typ": "stratowulkan", "rodzaj_erupcji": "erupcja datowana", "materiał": "andezyt / andezyt bazaltowy", "tektonika": "strefa subdukcji / skorupa kontynentalna (>25 km)", "legenda": "Wulkan", "źródło": "Global Volcanism Program, 2013. Volcanoes of the World, v. 4.11.0. Venzke, E (ed.). Smithsonian Institution. Downloaded 20 Jun 2022. https://doi.org/10.5479/si.GVP.VOTW4-2013" }, "geometry": { "type": "Point", "coordinates": [ -97.27, 19.15 ] } },
{ "type": "Feature", "properties": { "gid": 1280, "nazwa": "Orizaba, Pico de", "ostatnia_erupcja": "1846", "kraj": "Meksyk", "typ": "stratowulkan", "rodzaj_erupcji": "erupcja zaobserwowana", "materiał": "andezyt / andezyt bazaltowy", "tektonika": "strefa subdukcji / skorupa kontynentalna (>25 km)", "legenda": "Wulkan", "źródło": "Global Volcanism Program, 2013. Volcanoes of the World, v. 4.11.0. Venzke, E (ed.). Smithsonian Institution. Downloaded 20 Jun 2022. https://doi.org/10.5479/si.GVP.VOTW4-2013" }, "geometry": { "type": "Point", "coordinates": [ -97.27, 19.03 ] } },
{ "type": "Feature", "properties": { "gid": 1283, "nazwa": "Tacana", "ostatnia_erupcja": "1986", "kraj": "Meksyk - Gwatemala", "typ": "stratowulkan", "rodzaj_erupcji": "erupcja zaobserwowana", "materiał": "andezyt / andezyt bazaltowy", "tektonika": "strefa subdukcji / skorupa kontynentalna (>25 km)", "legenda": "Wulkan", "źródło": "Global Volcanism Program, 2013. Volcanoes of the World, v. 4.11.0. Venzke, E (ed.). Smithsonian Institution. Downloaded 20 Jun 2022. https://doi.org/10.5479/si.GVP.VOTW4-2013" }, "geometry": { "type": "Point", "coordinates": [ -92.109, 15.132 ] } },
{ "type": "Feature", "properties": { "gid": 1286, "nazwa": "Almolonga", "ostatnia_erupcja": "1818", "kraj": "Gwatemala", "typ": "stratowulkan", "rodzaj_erupcji": "erupcja zaobserwowana", "materiał": "dacyt", "tektonika": "strefa subdukcji / skorupa kontynentalna (>25 km)", "legenda": "Wulkan", "źródło": "Global Volcanism Program, 2013. Volcanoes of the World, v. 4.11.0. Venzke, E (ed.). Smithsonian Institution. Downloaded 20 Jun 2022. https://doi.org/10.5479/si.GVP.VOTW4-2013" }, "geometry": { "type": "Point", "coordinates": [ -91.519, 14.797 ] } },
{ "type": "Feature", "properties": { "gid": 35, "nazwa": "Elbrus", "ostatnia_erupcja": "50", "kraj": "Rosja", "typ": "stratowulkan", "rodzaj_erupcji": "erupcja datowana", "materiał": "dacyt", "tektonika": "strefa subdukcji / skorupa kontynentalna (>25 km)", "legenda": "Wulkan", "źródło": "Global Volcanism Program, 2013. Volcanoes of the World, v. 4.11.0. Venzke, E (ed.). Smithsonian Institution. Downloaded 20 Jun 2022. https://doi.org/10.5479/si.GVP.VOTW4-2013" }, "geometry": { "type": "Point", "coordinates": [ 42.442, 43.351 ] } },
{ "type": "Feature", "properties": { "gid": 21, "nazwa": "Milos", "ostatnia_erupcja": "140", "kraj": "Grecja", "typ": "stratowulkan", "rodzaj_erupcji": "erupcja datowana", "materiał": "ryolit", "tektonika": "strefa subdukcji / skorupa kontynentalna (>25 km)", "legenda": "Wulkan", "źródło": "Global Volcanism Program, 2013. Volcanoes of the World, v. 4.11.0. Venzke, E (ed.). Smithsonian Institution. Downloaded 20 Jun 2022. https://doi.org/10.5479/si.GVP.VOTW4-2013" }, "geometry": { "type": "Point", "coordinates": [ 24.439, 36.699 ] } },
{ "type": "Feature", "properties": { "gid": 36, "nazwa": "Kazbek", "ostatnia_erupcja": "750 p.n.e.", "kraj": "Georgia", "typ": "stratowulkan", "rodzaj_erupcji": "erupcja datowana", "materiał": "andezyt / andezyt bazaltowy", "tektonika": "strefa subdukcji / skorupa kontynentalna (>25 km)", "legenda": "Wulkan", "źródło": "Global Volcanism Program, 2013. Volcanoes of the World, v. 4.11.0. Venzke, E (ed.). Smithsonian Institution. Downloaded 20 Jun 2022. https://doi.org/10.5479/si.GVP.VOTW4-2013" }, "geometry": { "type": "Point", "coordinates": [ 44.5, 42.7 ] } },
{ "type": "Feature", "properties": { "gid": 52, "nazwa": "Chikurachki", "ostatnia_erupcja": "2022", "kraj": "Rosja", "typ": "stratowulkan", "rodzaj_erupcji": "erupcja zaobserwowana", "materiał": "bazalt / pikryt", "tektonika": "strefa subdukcji / skorupa kontynentalna (>25 km)", "legenda": "Wulkan", "źródło": "Global Volcanism Program, 2013. Volcanoes of the World, v. 4.11.0. Venzke, E (ed.). Smithsonian Institution. Downloaded 20 Jun 2022. https://doi.org/10.5479/si.GVP.VOTW4-2013" }, "geometry": { "type": "Point", "coordinates": [ 155.461, 50.324 ] } },
{ "type": "Feature", "properties": { "gid": 41, "nazwa": "Porak", "ostatnia_erupcja": "778 p.n.e.", "kraj": "Armenia-Azerbejdżan", "typ": "stratowulkan", "rodzaj_erupcji": "erupcja datowana", "materiał": "andezyt / andezyt bazaltowy", "tektonika": "strefa subdukcji / skorupa kontynentalna (>25 km)", "legenda": "Wulkan", "źródło": "Global Volcanism Program, 2013. Volcanoes of the World, v. 4.11.0. Venzke, E (ed.). Smithsonian Institution. Downloaded 20 Jun 2022. https://doi.org/10.5479/si.GVP.VOTW4-2013" }, "geometry": { "type": "Point", "coordinates": [ 45.74, 40.028 ] } },
{ "type": "Feature", "properties": { "gid": 43, "nazwa": "Tair, Jebel at", "ostatnia_erupcja": "2008", "kraj": "Jemen", "typ": "stratowulkan", "rodzaj_erupcji": "erupcja zaobserwowana", "materiał": "tefryt / trachybazalt", "tektonika": "strefa ryftowa / skorupa oceaniczna (< 15 km)", "legenda": "Wulkan", "źródło": "Global Volcanism Program, 2013. Volcanoes of the World, v. 4.11.0. Venzke, E (ed.). Smithsonian Institution. Downloaded 20 Jun 2022. https://doi.org/10.5479/si.GVP.VOTW4-2013" }, "geometry": { "type": "Point", "coordinates": [ 41.83, 15.55 ] } },
{ "type": "Feature", "properties": { "gid": 57, "nazwa": "Dubbi", "ostatnia_erupcja": "1861", "kraj": "Erytrea", "typ": "stratowulkan", "rodzaj_erupcji": "erupcja zaobserwowana", "materiał": "bazalt / pikryt", "tektonika": "strefa ryftowa / skorupa pośrednia (15-25 km)", "legenda": "Wulkan", "źródło": "Global Volcanism Program, 2013. Volcanoes of the World, v. 4.11.0. Venzke, E (ed.). Smithsonian Institution. Downloaded 20 Jun 2022. https://doi.org/10.5479/si.GVP.VOTW4-2013" }, "geometry": { "type": "Point", "coordinates": [ 41.809, 13.579 ] } },
{ "type": "Feature", "properties": { "gid": 58, "nazwa": "Nabro", "ostatnia_erupcja": "2012", "kraj": "Erytrea", "typ": "stratowulkan", "rodzaj_erupcji": "erupcja zaobserwowana", "materiał": "trachit", "tektonika": "strefa ryftowa / skorupa pośrednia (15-25 km)", "legenda": "Wulkan", "źródło": "Global Volcanism Program, 2013. Volcanoes of the World, v. 4.11.0. Venzke, E (ed.). Smithsonian Institution. Downloaded 20 Jun 2022. https://doi.org/10.5479/si.GVP.VOTW4-2013" }, "geometry": { "type": "Point", "coordinates": [ 41.7, 13.37 ] } },
{ "type": "Feature", "properties": { "gid": 87, "nazwa": "Fentale", "ostatnia_erupcja": "1820", "kraj": "Etiopia", "typ": "stratowulkan", "rodzaj_erupcji": "erupcja zaobserwowana", "materiał": "ryolit", "tektonika": "strefa ryftowa / skorupa kontynentalna (>25 km)", "legenda": "Wulkan", "źródło": "Global Volcanism Program, 2013. Volcanoes of the World, v. 4.11.0. Venzke, E (ed.). Smithsonian Institution. Downloaded 20 Jun 2022. https://doi.org/10.5479/si.GVP.VOTW4-2013" }, "geometry": { "type": "Point", "coordinates": [ 39.93, 8.975 ] } },
{ "type": "Feature", "properties": { "gid": 99, "nazwa": "Alutu", "ostatnia_erupcja": "50 p.n.e.", "kraj": "Etiopia", "typ": "stratowulkan", "rodzaj_erupcji": "erupcja datowana", "materiał": "ryolit", "tektonika": "strefa ryftowa / skorupa kontynentalna (>25 km)", "legenda": "Wulkan", "źródło": "Global Volcanism Program, 2013. Volcanoes of the World, v. 4.11.0. Venzke, E (ed.). Smithsonian Institution. Downloaded 20 Jun 2022. https://doi.org/10.5479/si.GVP.VOTW4-2013" }, "geometry": { "type": "Point", "coordinates": [ 38.78, 7.77 ] } },
{ "type": "Feature", "properties": { "gid": 103, "nazwa": "Mariveles", "ostatnia_erupcja": "2050 p.n.e.", "kraj": "Filipiny", "typ": "stratowulkan", "rodzaj_erupcji": "erupcja datowana", "materiał": "andezyt / andezyt bazaltowy", "tektonika": "strefa subdukcji / skorupa kontynentalna (>25 km)", "legenda": "Wulkan", "źródło": "Global Volcanism Program, 2013. Volcanoes of the World, v. 4.11.0. Venzke, E (ed.). Smithsonian Institution. Downloaded 20 Jun 2022. https://doi.org/10.5479/si.GVP.VOTW4-2013" }, "geometry": { "type": "Point", "coordinates": [ 120.47, 14.52 ] } },
{ "type": "Feature", "properties": { "gid": 106, "nazwa": "Ebeko", "ostatnia_erupcja": "2018", "kraj": "Rosja", "typ": "stratowulkan", "rodzaj_erupcji": "erupcja zaobserwowana", "materiał": "andezyt / andezyt bazaltowy", "tektonika": "strefa subdukcji / skorupa kontynentalna (>25 km)", "legenda": "Wulkan", "źródło": "Global Volcanism Program, 2013. Volcanoes of the World, v. 4.11.0. Venzke, E (ed.). Smithsonian Institution. Downloaded 20 Jun 2022. https://doi.org/10.5479/si.GVP.VOTW4-2013" }, "geometry": { "type": "Point", "coordinates": [ 156.014, 50.686 ] } },
{ "type": "Feature", "properties": { "gid": 107, "nazwa": "Pinatubo", "ostatnia_erupcja": "1993", "kraj": "Filipiny", "typ": "stratowulkan", "rodzaj_erupcji": "erupcja zaobserwowana", "materiał": "dacyt", "tektonika": "strefa subdukcji / skorupa kontynentalna (>25 km)", "legenda": "Wulkan", "źródło": "Global Volcanism Program, 2013. Volcanoes of the World, v. 4.11.0. Venzke, E (ed.). Smithsonian Institution. Downloaded 20 Jun 2022. https://doi.org/10.5479/si.GVP.VOTW4-2013" }, "geometry": { "type": "Point", "coordinates": [ 120.35, 15.13 ] } },
{ "type": "Feature", "properties": { "gid": 108, "nazwa": "Alaid", "ostatnia_erupcja": "2016", "kraj": "Rosja", "typ": "stratowulkan", "rodzaj_erupcji": "erupcja zaobserwowana", "materiał": "bazalt / pikryt", "tektonika": "strefa subdukcji / skorupa kontynentalna (>25 km)", "legenda": "Wulkan", "źródło": "Global Volcanism Program, 2013. Volcanoes of the World, v. 4.11.0. Venzke, E (ed.). Smithsonian Institution. Downloaded 20 Jun 2022. https://doi.org/10.5479/si.GVP.VOTW4-2013" }, "geometry": { "type": "Point", "coordinates": [ 155.565, 50.861 ] } },
{ "type": "Feature", "properties": { "gid": 170, "nazwa": "Kusatsu-Shiranesan", "ostatnia_erupcja": "2018", "kraj": "Japonia", "typ": "stratowulkan", "rodzaj_erupcji": "erupcja zaobserwowana", "materiał": "andezyt / andezyt bazaltowy", "tektonika": "strefa subdukcji / skorupa kontynentalna (>25 km)", "legenda": "Wulkan", "źródło": "Global Volcanism Program, 2013. Volcanoes of the World, v. 4.11.0. Venzke, E (ed.). Smithsonian Institution. Downloaded 20 Jun 2022. https://doi.org/10.5479/si.GVP.VOTW4-2013" }, "geometry": { "type": "Point", "coordinates": [ 138.528, 36.618 ] } },
{ "type": "Feature", "properties": { "gid": 172, "nazwa": "Harunasan", "ostatnia_erupcja": "550", "kraj": "Japonia", "typ": "stratowulkan", "rodzaj_erupcji": "erupcja datowana", "materiał": "andezyt / andezyt bazaltowy", "tektonika": "strefa subdukcji / skorupa kontynentalna (>25 km)", "legenda": "Wulkan", "źródło": "Global Volcanism Program, 2013. Volcanoes of the World, v. 4.11.0. Venzke, E (ed.). Smithsonian Institution. Downloaded 20 Jun 2022. https://doi.org/10.5479/si.GVP.VOTW4-2013" }, "geometry": { "type": "Point", "coordinates": [ 138.851000000000113, 36.477 ] } },
{ "type": "Feature", "properties": { "gid": 467, "nazwa": "Kanaga", "ostatnia_erupcja": "2012", "kraj": "Stany Zjednoczone", "typ": "stratowulkan", "rodzaj_erupcji": "erupcja zaobserwowana", "materiał": "andezyt / andezyt bazaltowy", "tektonika": "strefa subdukcji / skorupa oceaniczna (< 15 km)", "legenda": "Wulkan", "źródło": "Global Volcanism Program, 2013. Volcanoes of the World, v. 4.11.0. Venzke, E (ed.). Smithsonian Institution. Downloaded 20 Jun 2022. https://doi.org/10.5479/si.GVP.VOTW4-2013" }, "geometry": { "type": "Point", "coordinates": [ -177.168, 51.923 ] } },
{ "type": "Feature", "properties": { "gid": 468, "nazwa": "Moffett", "ostatnia_erupcja": "1600 p.n.e.", "kraj": "Stany Zjednoczone", "typ": "stratowulkan", "rodzaj_erupcji": "erupcja datowana", "materiał": "andezyt / andezyt bazaltowy", "tektonika": "strefa subdukcji / skorupa oceaniczna (< 15 km)", "legenda": "Wulkan", "źródło": "Global Volcanism Program, 2013. Volcanoes of the World, v. 4.11.0. Venzke, E (ed.). Smithsonian Institution. Downloaded 20 Jun 2022. https://doi.org/10.5479/si.GVP.VOTW4-2013" }, "geometry": { "type": "Point", "coordinates": [ -176.747, 51.944 ] } },
{ "type": "Feature", "properties": { "gid": 575, "nazwa": "Fonualei", "ostatnia_erupcja": "1957", "kraj": "Tonga", "typ": "stratowulkan", "rodzaj_erupcji": "erupcja zaobserwowana", "materiał": "dacyt", "tektonika": "strefa subdukcji / skorupa oceaniczna (< 15 km)", "legenda": "Wulkan", "źródło": "Global Volcanism Program, 2013. Volcanoes of the World, v. 4.11.0. Venzke, E (ed.). Smithsonian Institution. Downloaded 20 Jun 2022. https://doi.org/10.5479/si.GVP.VOTW4-2013" }, "geometry": { "type": "Point", "coordinates": [ -174.317, -18.023 ] } },
{ "type": "Feature", "properties": { "gid": 669, "nazwa": "Serua", "ostatnia_erupcja": "1921", "kraj": "Indonezja", "typ": "stratowulkan", "rodzaj_erupcji": "erupcja zaobserwowana", "materiał": "andezyt / andezyt bazaltowy", "tektonika": "strefa subdukcji / skorupa oceaniczna (< 15 km)", "legenda": "Wulkan", "źródło": "Global Volcanism Program, 2013. Volcanoes of the World, v. 4.11.0. Venzke, E (ed.). Smithsonian Institution. Downloaded 20 Jun 2022. https://doi.org/10.5479/si.GVP.VOTW4-2013" }, "geometry": { "type": "Point", "coordinates": [ 130.017, -6.312 ] } },
{ "type": "Feature", "properties": { "gid": 672, "nazwa": "Colo", "ostatnia_erupcja": "1983", "kraj": "Indonezja", "typ": "stratowulkan", "rodzaj_erupcji": "erupcja zaobserwowana", "materiał": "trachyandezyt / bazaltowy trachyandezyt", "tektonika": "strefa subdukcji / skorupa kontynentalna (>25 km)", "legenda": "Wulkan", "źródło": "Global Volcanism Program, 2013. Volcanoes of the World, v. 4.11.0. Venzke, E (ed.). Smithsonian Institution. Downloaded 20 Jun 2022. https://doi.org/10.5479/si.GVP.VOTW4-2013" }, "geometry": { "type": "Point", "coordinates": [ 121.601000000000113, -0.162 ] } },
{ "type": "Feature", "properties": { "gid": 674, "nazwa": "Soputan", "ostatnia_erupcja": "2016", "kraj": "Indonezja", "typ": "stratowulkan", "rodzaj_erupcji": "erupcja zaobserwowana", "materiał": "andezyt / andezyt bazaltowy", "tektonika": "strefa subdukcji / skorupa kontynentalna (>25 km)", "legenda": "Wulkan", "źródło": "Global Volcanism Program, 2013. Volcanoes of the World, v. 4.11.0. Venzke, E (ed.). Smithsonian Institution. Downloaded 20 Jun 2022. https://doi.org/10.5479/si.GVP.VOTW4-2013" }, "geometry": { "type": "Point", "coordinates": [ 124.737, 1.112 ] } },
{ "type": "Feature", "properties": { "gid": 679, "nazwa": "Lokon-Empung", "ostatnia_erupcja": "2015", "kraj": "Indonezja", "typ": "stratowulkan", "rodzaj_erupcji": "erupcja zaobserwowana", "materiał": "bazalt / pikryt", "tektonika": "strefa subdukcji / skorupa kontynentalna (>25 km)", "legenda": "Wulkan", "źródło": "Global Volcanism Program, 2013. Volcanoes of the World, v. 4.11.0. Venzke, E (ed.). Smithsonian Institution. Downloaded 20 Jun 2022. https://doi.org/10.5479/si.GVP.VOTW4-2013" }, "geometry": { "type": "Point", "coordinates": [ 124.792, 1.358 ] } },
{ "type": "Feature", "properties": { "gid": 680, "nazwa": "Mahawu", "ostatnia_erupcja": "1977", "kraj": "Indonezja", "typ": "stratowulkan", "rodzaj_erupcji": "erupcja zaobserwowana", "materiał": "andezyt / andezyt bazaltowy", "tektonika": "strefa subdukcji / skorupa kontynentalna (>25 km)", "legenda": "Wulkan", "źródło": "Global Volcanism Program, 2013. Volcanoes of the World, v. 4.11.0. Venzke, E (ed.). Smithsonian Institution. Downloaded 20 Jun 2022. https://doi.org/10.5479/si.GVP.VOTW4-2013" }, "geometry": { "type": "Point", "coordinates": [ 124.865, 1.352 ] } },
{ "type": "Feature", "properties": { "gid": 682, "nazwa": "Tangkoko-Duasudara", "ostatnia_erupcja": "1880", "kraj": "Indonezja", "typ": "stratowulkan", "rodzaj_erupcji": "erupcja zaobserwowana", "materiał": "andezyt / andezyt bazaltowy", "tektonika": "strefa subdukcji / skorupa kontynentalna (>25 km)", "legenda": "Wulkan", "źródło": "Global Volcanism Program, 2013. Volcanoes of the World, v. 4.11.0. Venzke, E (ed.). Smithsonian Institution. Downloaded 20 Jun 2022. https://doi.org/10.5479/si.GVP.VOTW4-2013" }, "geometry": { "type": "Point", "coordinates": [ 125.185, 1.518 ] } },
{ "type": "Feature", "properties": { "gid": 683, "nazwa": "Ruang", "ostatnia_erupcja": "2002", "kraj": "Indonezja", "typ": "stratowulkan", "rodzaj_erupcji": "erupcja zaobserwowana", "materiał": "andezyt / andezyt bazaltowy", "tektonika": "strefa subdukcji / skorupa oceaniczna (< 15 km)", "legenda": "Wulkan", "źródło": "Global Volcanism Program, 2013. Volcanoes of the World, v. 4.11.0. Venzke, E (ed.). Smithsonian Institution. Downloaded 20 Jun 2022. https://doi.org/10.5479/si.GVP.VOTW4-2013" }, "geometry": { "type": "Point", "coordinates": [ 125.370000000000118, 2.3 ] } },
{ "type": "Feature", "properties": { "gid": 684, "nazwa": "Karangetang", "ostatnia_erupcja": "2018", "kraj": "Indonezja", "typ": "stratowulkan", "rodzaj_erupcji": "erupcja zaobserwowana", "materiał": "andezyt / andezyt bazaltowy", "tektonika": "strefa subdukcji / skorupa oceaniczna (< 15 km)", "legenda": "Wulkan", "źródło": "Global Volcanism Program, 2013. Volcanoes of the World, v. 4.11.0. Venzke, E (ed.). Smithsonian Institution. Downloaded 20 Jun 2022. https://doi.org/10.5479/si.GVP.VOTW4-2013" }, "geometry": { "type": "Point", "coordinates": [ 125.407, 2.781 ] } },
{ "type": "Feature", "properties": { "gid": 690, "nazwa": "Ibu", "ostatnia_erupcja": "2018", "kraj": "Indonezja", "typ": "stratowulkan", "rodzaj_erupcji": "erupcja zaobserwowana", "materiał": "andezyt / andezyt bazaltowy", "tektonika": "strefa subdukcji / skorupa oceaniczna (< 15 km)", "legenda": "Wulkan", "źródło": "Global Volcanism Program, 2013. Volcanoes of the World, v. 4.11.0. Venzke, E (ed.). Smithsonian Institution. Downloaded 20 Jun 2022. https://doi.org/10.5479/si.GVP.VOTW4-2013" }, "geometry": { "type": "Point", "coordinates": [ 127.630000000000109, 1.488 ] } },
{ "type": "Feature", "properties": { "gid": 691, "nazwa": "Gamkonora", "ostatnia_erupcja": "2007", "kraj": "Indonezja", "typ": "stratowulkan", "rodzaj_erupcji": "erupcja zaobserwowana", "materiał": "andezyt / andezyt bazaltowy", "tektonika": "strefa subdukcji / skorupa oceaniczna (< 15 km)", "legenda": "Wulkan", "źródło": "Global Volcanism Program, 2013. Volcanoes of the World, v. 4.11.0. Venzke, E (ed.). Smithsonian Institution. Downloaded 20 Jun 2022. https://doi.org/10.5479/si.GVP.VOTW4-2013" }, "geometry": { "type": "Point", "coordinates": [ 127.53, 1.38 ] } },
{ "type": "Feature", "properties": { "gid": 695, "nazwa": "Gamalama", "ostatnia_erupcja": "2016", "kraj": "Indonezja", "typ": "stratowulkan", "rodzaj_erupcji": "erupcja zaobserwowana", "materiał": "andezyt / andezyt bazaltowy", "tektonika": "strefa subdukcji / skorupa oceaniczna (< 15 km)", "legenda": "Wulkan", "źródło": "Global Volcanism Program, 2013. Volcanoes of the World, v. 4.11.0. Venzke, E (ed.). Smithsonian Institution. Downloaded 20 Jun 2022. https://doi.org/10.5479/si.GVP.VOTW4-2013" }, "geometry": { "type": "Point", "coordinates": [ 127.33, 0.8 ] } },
{ "type": "Feature", "properties": { "gid": 699, "nazwa": "Makian", "ostatnia_erupcja": "1988", "kraj": "Indonezja", "typ": "stratowulkan", "rodzaj_erupcji": "erupcja zaobserwowana", "materiał": "andezyt / andezyt bazaltowy", "tektonika": "strefa subdukcji / skorupa oceaniczna (< 15 km)", "legenda": "Wulkan", "źródło": "Global Volcanism Program, 2013. Volcanoes of the World, v. 4.11.0. Venzke, E (ed.). Smithsonian Institution. Downloaded 20 Jun 2022. https://doi.org/10.5479/si.GVP.VOTW4-2013" }, "geometry": { "type": "Point", "coordinates": [ 127.4, 0.32 ] } },
{ "type": "Feature", "properties": { "gid": 704, "nazwa": "Parker", "ostatnia_erupcja": "1641", "kraj": "Filipiny", "typ": "stratowulkan", "rodzaj_erupcji": "erupcja zaobserwowana", "materiał": "andezyt / andezyt bazaltowy", "tektonika": "strefa subdukcji / skorupa kontynentalna (>25 km)", "legenda": "Wulkan", "źródło": "Global Volcanism Program, 2013. Volcanoes of the World, v. 4.11.0. Venzke, E (ed.). Smithsonian Institution. Downloaded 20 Jun 2022. https://doi.org/10.5479/si.GVP.VOTW4-2013" }, "geometry": { "type": "Point", "coordinates": [ 124.892, 6.113 ] } },
{ "type": "Feature", "properties": { "gid": 705, "nazwa": "Matutum", "ostatnia_erupcja": "1290", "kraj": "Filipiny", "typ": "stratowulkan", "rodzaj_erupcji": "erupcja datowana", "materiał": "andezyt / andezyt bazaltowy", "tektonika": "strefa subdukcji / skorupa kontynentalna (>25 km)", "legenda": "Wulkan", "źródło": "Global Volcanism Program, 2013. Volcanoes of the World, v. 4.11.0. Venzke, E (ed.). Smithsonian Institution. Downloaded 20 Jun 2022. https://doi.org/10.5479/si.GVP.VOTW4-2013" }, "geometry": { "type": "Point", "coordinates": [ 125.07, 6.37 ] } },
{ "type": "Feature", "properties": { "gid": 707, "nazwa": "Leonard Range", "ostatnia_erupcja": "120", "kraj": "Filipiny", "typ": "stratowulkan", "rodzaj_erupcji": "erupcja datowana", "materiał": "andezyt / andezyt bazaltowy", "tektonika": "strefa subdukcji / skorupa kontynentalna (>25 km)", "legenda": "Wulkan", "źródło": "Global Volcanism Program, 2013. Volcanoes of the World, v. 4.11.0. Venzke, E (ed.). Smithsonian Institution. Downloaded 20 Jun 2022. https://doi.org/10.5479/si.GVP.VOTW4-2013" }, "geometry": { "type": "Point", "coordinates": [ 126.047, 7.382 ] } },
{ "type": "Feature", "properties": { "gid": 708, "nazwa": "Makaturing", "ostatnia_erupcja": "1882", "kraj": "Filipiny", "typ": "stratowulkan", "rodzaj_erupcji": "erupcja zaobserwowana", "materiał": "bazalt / pikryt", "tektonika": "strefa subdukcji / skorupa kontynentalna (>25 km)", "legenda": "Wulkan", "źródło": "Global Volcanism Program, 2013. Volcanoes of the World, v. 4.11.0. Venzke, E (ed.). Smithsonian Institution. Downloaded 20 Jun 2022. https://doi.org/10.5479/si.GVP.VOTW4-2013" }, "geometry": { "type": "Point", "coordinates": [ 124.32, 7.647 ] } },
{ "type": "Feature", "properties": { "gid": 764, "nazwa": "Bezymianny", "ostatnia_erupcja": "2018", "kraj": "Rosja", "typ": "stratowulkan", "rodzaj_erupcji": "erupcja zaobserwowana", "materiał": "andezyt / andezyt bazaltowy", "tektonika": "strefa subdukcji / skorupa kontynentalna (>25 km)", "legenda": "Wulkan", "źródło": "Global Volcanism Program, 2013. Volcanoes of the World, v. 4.11.0. Venzke, E (ed.). Smithsonian Institution. Downloaded 20 Jun 2022. https://doi.org/10.5479/si.GVP.VOTW4-2013" }, "geometry": { "type": "Point", "coordinates": [ 160.595, 55.972 ] } },
{ "type": "Feature", "properties": { "gid": 766, "nazwa": "Klyuchevskoy", "ostatnia_erupcja": "2018", "kraj": "Rosja", "typ": "stratowulkan", "rodzaj_erupcji": "erupcja zaobserwowana", "materiał": "bazalt / pikryt", "tektonika": "strefa subdukcji / skorupa kontynentalna (>25 km)", "legenda": "Wulkan", "źródło": "Global Volcanism Program, 2013. Volcanoes of the World, v. 4.11.0. Venzke, E (ed.). Smithsonian Institution. Downloaded 20 Jun 2022. https://doi.org/10.5479/si.GVP.VOTW4-2013" }, "geometry": { "type": "Point", "coordinates": [ 160.642, 56.056 ] } },
{ "type": "Feature", "properties": { "gid": 768, "nazwa": "Sheveluch", "ostatnia_erupcja": "2018", "kraj": "Rosja", "typ": "stratowulkan", "rodzaj_erupcji": "erupcja zaobserwowana", "materiał": "andezyt / andezyt bazaltowy", "tektonika": "strefa subdukcji / skorupa kontynentalna (>25 km)", "legenda": "Wulkan", "źródło": "Global Volcanism Program, 2013. Volcanoes of the World, v. 4.11.0. Venzke, E (ed.). Smithsonian Institution. Downloaded 20 Jun 2022. https://doi.org/10.5479/si.GVP.VOTW4-2013" }, "geometry": { "type": "Point", "coordinates": [ 161.36, 56.653 ] } },
{ "type": "Feature", "properties": { "gid": 770, "nazwa": "Khangar", "ostatnia_erupcja": "1500", "kraj": "Rosja", "typ": "stratowulkan", "rodzaj_erupcji": "erupcja datowana", "materiał": "dacyt", "tektonika": "strefa subdukcji / skorupa kontynentalna (>25 km)", "legenda": "Wulkan", "źródło": "Global Volcanism Program, 2013. Volcanoes of the World, v. 4.11.0. Venzke, E (ed.). Smithsonian Institution. Downloaded 20 Jun 2022. https://doi.org/10.5479/si.GVP.VOTW4-2013" }, "geometry": { "type": "Point", "coordinates": [ 157.407, 54.761 ] } },
{ "type": "Feature", "properties": { "gid": 112, "nazwa": "Kambalny", "ostatnia_erupcja": "2017", "kraj": "Rosja", "typ": "stratowulkan", "rodzaj_erupcji": "erupcja datowana", "materiał": "bazalt / pikryt", "tektonika": "strefa subdukcji / skorupa kontynentalna (>25 km)", "legenda": "Wulkan", "źródło": "Global Volcanism Program, 2013. Volcanoes of the World, v. 4.11.0. Venzke, E (ed.). Smithsonian Institution. Downloaded 20 Jun 2022. https://doi.org/10.5479/si.GVP.VOTW4-2013" }, "geometry": { "type": "Point", "coordinates": [ 156.875000000000114, 51.306 ] } },
{ "type": "Feature", "properties": { "gid": 114, "nazwa": "Koshelev", "ostatnia_erupcja": "1690", "kraj": "Rosja", "typ": "stratowulkan", "rodzaj_erupcji": "erupcja zaobserwowana", "materiał": "bazalt / pikryt", "tektonika": "strefa subdukcji / skorupa kontynentalna (>25 km)", "legenda": "Wulkan", "źródło": "Global Volcanism Program, 2013. Volcanoes of the World, v. 4.11.0. Venzke, E (ed.). Smithsonian Institution. Downloaded 20 Jun 2022. https://doi.org/10.5479/si.GVP.VOTW4-2013" }, "geometry": { "type": "Point", "coordinates": [ 156.753, 51.356 ] } },
{ "type": "Feature", "properties": { "gid": 115, "nazwa": "Cagua", "ostatnia_erupcja": "1860", "kraj": "Filipiny", "typ": "stratowulkan", "rodzaj_erupcji": "erupcja zaobserwowana", "materiał": "andezyt / andezyt bazaltowy", "tektonika": "strefa subdukcji / skorupa kontynentalna (>25 km)", "legenda": "Wulkan", "źródło": "Global Volcanism Program, 2013. Volcanoes of the World, v. 4.11.0. Venzke, E (ed.). Smithsonian Institution. Downloaded 20 Jun 2022. https://doi.org/10.5479/si.GVP.VOTW4-2013" }, "geometry": { "type": "Point", "coordinates": [ 122.123, 18.222 ] } },
{ "type": "Feature", "properties": { "gid": 116, "nazwa": "Camiguin de Babuyanes", "ostatnia_erupcja": "1857", "kraj": "Filipiny", "typ": "stratowulkan", "rodzaj_erupcji": "erupcja zaobserwowana", "materiał": "andezyt / andezyt bazaltowy", "tektonika": "strefa subdukcji / grubość skorupy nieznana", "legenda": "Wulkan", "źródło": "Global Volcanism Program, 2013. Volcanoes of the World, v. 4.11.0. Venzke, E (ed.). Smithsonian Institution. Downloaded 20 Jun 2022. https://doi.org/10.5479/si.GVP.VOTW4-2013" }, "geometry": { "type": "Point", "coordinates": [ 121.86, 18.83 ] } },
{ "type": "Feature", "properties": { "gid": 887, "nazwa": "Cereme", "ostatnia_erupcja": "1951", "kraj": "Indonezja", "typ": "stratowulkan", "rodzaj_erupcji": "erupcja zaobserwowana", "materiał": "andezyt / andezyt bazaltowy", "tektonika": "strefa subdukcji / skorupa kontynentalna (>25 km)", "legenda": "Wulkan", "źródło": "Global Volcanism Program, 2013. Volcanoes of the World, v. 4.11.0. Venzke, E (ed.). Smithsonian Institution. Downloaded 20 Jun 2022. https://doi.org/10.5479/si.GVP.VOTW4-2013" }, "geometry": { "type": "Point", "coordinates": [ 108.4, -6.892 ] } },
{ "type": "Feature", "properties": { "gid": 788, "nazwa": "Alney-Chashakondzha", "ostatnia_erupcja": "1600", "kraj": "Rosja", "typ": "stratowulkan", "rodzaj_erupcji": "erupcja datowana", "materiał": "bazalt / pikryt", "tektonika": "strefa subdukcji / skorupa kontynentalna (>25 km)", "legenda": "Wulkan", "źródło": "Global Volcanism Program, 2013. Volcanoes of the World, v. 4.11.0. Venzke, E (ed.). Smithsonian Institution. Downloaded 20 Jun 2022. https://doi.org/10.5479/si.GVP.VOTW4-2013" }, "geometry": { "type": "Point", "coordinates": [ 159.647, 56.656 ] } },
{ "type": "Feature", "properties": { "gid": 800, "nazwa": "Gorny Institute", "ostatnia_erupcja": "1250", "kraj": "Rosja", "typ": "stratowulkan", "rodzaj_erupcji": "erupcja datowana", "materiał": "andezyt / andezyt bazaltowy", "tektonika": "strefa subdukcji / skorupa kontynentalna (>25 km)", "legenda": "Wulkan", "źródło": "Global Volcanism Program, 2013. Volcanoes of the World, v. 4.11.0. Venzke, E (ed.). Smithsonian Institution. Downloaded 20 Jun 2022. https://doi.org/10.5479/si.GVP.VOTW4-2013" }, "geometry": { "type": "Point", "coordinates": [ 160.2, 57.33 ] } },
{ "type": "Feature", "properties": { "gid": 825, "nazwa": "Tinakula", "ostatnia_erupcja": "2018", "kraj": "Wyspy Salomona", "typ": "stratowulkan", "rodzaj_erupcji": "erupcja zaobserwowana", "materiał": "andezyt / andezyt bazaltowy", "tektonika": "strefa subdukcji / grubość skorupy nieznana", "legenda": "Wulkan", "źródło": "Global Volcanism Program, 2013. Volcanoes of the World, v. 4.11.0. Venzke, E (ed.). Smithsonian Institution. Downloaded 20 Jun 2022. https://doi.org/10.5479/si.GVP.VOTW4-2013" }, "geometry": { "type": "Point", "coordinates": [ 165.804, -10.386 ] } },
{ "type": "Feature", "properties": { "gid": 828, "nazwa": "Gaua", "ostatnia_erupcja": "2022", "kraj": "Vanuatu", "typ": "stratowulkan", "rodzaj_erupcji": "erupcja zaobserwowana", "materiał": "andezyt / andezyt bazaltowy", "tektonika": "strefa subdukcji / skorupa oceaniczna (< 15 km)", "legenda": "Wulkan", "źródło": "Global Volcanism Program, 2013. Volcanoes of the World, v. 4.11.0. Venzke, E (ed.). Smithsonian Institution. Downloaded 20 Jun 2022. https://doi.org/10.5479/si.GVP.VOTW4-2013" }, "geometry": { "type": "Point", "coordinates": [ 167.500000000000114, -14.27 ] } },
{ "type": "Feature", "properties": { "gid": 811, "nazwa": "Ambitle", "ostatnia_erupcja": "350 p.n.e.", "kraj": "Papua - Nowa Gwinea", "typ": "stratowulkan", "rodzaj_erupcji": "erupcja datowana", "materiał": "fonolitowy tefryt", "tektonika": "strefa subdukcji / grubość skorupy nieznana", "legenda": "Wulkan", "źródło": "Global Volcanism Program, 2013. Volcanoes of the World, v. 4.11.0. Venzke, E (ed.). Smithsonian Institution. Downloaded 20 Jun 2022. https://doi.org/10.5479/si.GVP.VOTW4-2013" }, "geometry": { "type": "Point", "coordinates": [ 153.65, -4.08 ] } },
{ "type": "Feature", "properties": { "gid": 818, "nazwa": "Simbo", "ostatnia_erupcja": "1910", "kraj": "Wyspy Salomona", "typ": "stratowulkan", "rodzaj_erupcji": "erupcja datowana", "materiał": "andezyt / andezyt bazaltowy", "tektonika": "strefa subdukcji / grubość skorupy nieznana", "legenda": "Wulkan", "źródło": "Global Volcanism Program, 2013. Volcanoes of the World, v. 4.11.0. Venzke, E (ed.). Smithsonian Institution. Downloaded 20 Jun 2022. https://doi.org/10.5479/si.GVP.VOTW4-2013" }, "geometry": { "type": "Point", "coordinates": [ 156.52, -8.292 ] } },
{ "type": "Feature", "properties": { "gid": 824, "nazwa": "Savo", "ostatnia_erupcja": "1847", "kraj": "Wyspy Salomona", "typ": "stratowulkan", "rodzaj_erupcji": "erupcja zaobserwowana", "materiał": "andezyt / andezyt bazaltowy", "tektonika": "strefa subdukcji / grubość skorupy nieznana", "legenda": "Wulkan", "źródło": "Global Volcanism Program, 2013. Volcanoes of the World, v. 4.11.0. Venzke, E (ed.). Smithsonian Institution. Downloaded 20 Jun 2022. https://doi.org/10.5479/si.GVP.VOTW4-2013" }, "geometry": { "type": "Point", "coordinates": [ 159.82, -9.13 ] } },
{ "type": "Feature", "properties": { "gid": 832, "nazwa": "Lopevi", "ostatnia_erupcja": "2007", "kraj": "Vanuatu", "typ": "stratowulkan", "rodzaj_erupcji": "erupcja zaobserwowana", "materiał": "bazalt / pikryt", "tektonika": "strefa subdukcji / skorupa oceaniczna (< 15 km)", "legenda": "Wulkan", "źródło": "Global Volcanism Program, 2013. Volcanoes of the World, v. 4.11.0. Venzke, E (ed.). Smithsonian Institution. Downloaded 20 Jun 2022. https://doi.org/10.5479/si.GVP.VOTW4-2013" }, "geometry": { "type": "Point", "coordinates": [ 168.346000000000117, -16.507 ] } },
{ "type": "Feature", "properties": { "gid": 833, "nazwa": "Epi", "ostatnia_erupcja": "2004", "kraj": "Vanuatu", "typ": "stratowulkan", "rodzaj_erupcji": "erupcja zaobserwowana", "materiał": "bazalt / pikryt", "tektonika": "strefa subdukcji / skorupa oceaniczna (< 15 km)", "legenda": "Wulkan", "źródło": "Global Volcanism Program, 2013. Volcanoes of the World, v. 4.11.0. Venzke, E (ed.). Smithsonian Institution. Downloaded 20 Jun 2022. https://doi.org/10.5479/si.GVP.VOTW4-2013" }, "geometry": { "type": "Point", "coordinates": [ 168.370000000000118, -16.68 ] } },
{ "type": "Feature", "properties": { "gid": 837, "nazwa": "Traitor's Head", "ostatnia_erupcja": "1881", "kraj": "Vanuatu", "typ": "stratowulkan", "rodzaj_erupcji": "erupcja zaobserwowana", "materiał": "bazalt / pikryt", "tektonika": "strefa subdukcji / skorupa oceaniczna (< 15 km)", "legenda": "Wulkan", "źródło": "Global Volcanism Program, 2013. Volcanoes of the World, v. 4.11.0. Venzke, E (ed.). Smithsonian Institution. Downloaded 20 Jun 2022. https://doi.org/10.5479/si.GVP.VOTW4-2013" }, "geometry": { "type": "Point", "coordinates": [ 169.238, -18.754 ] } },
{ "type": "Feature", "properties": { "gid": 118, "nazwa": "Babuyan Claro", "ostatnia_erupcja": "1924", "kraj": "Filipiny", "typ": "stratowulkan", "rodzaj_erupcji": "erupcja zaobserwowana", "materiał": "andezyt / andezyt bazaltowy", "tektonika": "strefa subdukcji / grubość skorupy nieznana", "legenda": "Wulkan", "źródło": "Global Volcanism Program, 2013. Volcanoes of the World, v. 4.11.0. Venzke, E (ed.). Smithsonian Institution. Downloaded 20 Jun 2022. https://doi.org/10.5479/si.GVP.VOTW4-2013" }, "geometry": { "type": "Point", "coordinates": [ 121.94, 19.523 ] } },
{ "type": "Feature", "properties": { "gid": 120, "nazwa": "Iraya", "ostatnia_erupcja": "1454", "kraj": "Filipiny", "typ": "stratowulkan", "rodzaj_erupcji": "erupcja zaobserwowana", "materiał": "andezyt / andezyt bazaltowy", "tektonika": "strefa subdukcji / grubość skorupy nieznana", "legenda": "Wulkan", "źródło": "Global Volcanism Program, 2013. Volcanoes of the World, v. 4.11.0. Venzke, E (ed.). Smithsonian Institution. Downloaded 20 Jun 2022. https://doi.org/10.5479/si.GVP.VOTW4-2013" }, "geometry": { "type": "Point", "coordinates": [ 122.010000000000105, 20.469 ] } },
{ "type": "Feature", "properties": { "gid": 133, "nazwa": "Kueishantao", "ostatnia_erupcja": "1785", "kraj": "Tajwan", "typ": "stratowulkan", "rodzaj_erupcji": "erupcja zaobserwowana", "materiał": "andezyt / andezyt bazaltowy", "tektonika": "strefa subdukcji / skorupa kontynentalna (>25 km)", "legenda": "Wulkan", "źródło": "Global Volcanism Program, 2013. Volcanoes of the World, v. 4.11.0. Venzke, E (ed.). Smithsonian Institution. Downloaded 20 Jun 2022. https://doi.org/10.5479/si.GVP.VOTW4-2013" }, "geometry": { "type": "Point", "coordinates": [ 121.953, 24.841 ] } },
{ "type": "Feature", "properties": { "gid": 137, "nazwa": "Yokoate-jima", "ostatnia_erupcja": "1835", "kraj": "Japonia", "typ": "stratowulkan", "rodzaj_erupcji": "erupcja zaobserwowana", "materiał": "andezyt / andezyt bazaltowy", "tektonika": "strefa subdukcji / skorupa oceaniczna (< 15 km)", "legenda": "Wulkan", "źródło": "Global Volcanism Program, 2013. Volcanoes of the World, v. 4.11.0. Venzke, E (ed.). Smithsonian Institution. Downloaded 20 Jun 2022. https://doi.org/10.5479/si.GVP.VOTW4-2013" }, "geometry": { "type": "Point", "coordinates": [ 128.997, 28.797 ] } },
{ "type": "Feature", "properties": { "gid": 838, "nazwa": "Yasur", "ostatnia_erupcja": "2018", "kraj": "Vanuatu", "typ": "stratowulkan", "rodzaj_erupcji": "erupcja zaobserwowana", "materiał": "andezyt / andezyt bazaltowy", "tektonika": "strefa subdukcji / skorupa oceaniczna (< 15 km)", "legenda": "Wulkan", "źródło": "Global Volcanism Program, 2013. Volcanoes of the World, v. 4.11.0. Venzke, E (ed.). Smithsonian Institution. Downloaded 20 Jun 2022. https://doi.org/10.5479/si.GVP.VOTW4-2013" }, "geometry": { "type": "Point", "coordinates": [ 169.447000000000116, -19.532 ] } },
{ "type": "Feature", "properties": { "gid": 841, "nazwa": "Matthew Island", "ostatnia_erupcja": "1956", "kraj": "Francja", "typ": "stratowulkan", "rodzaj_erupcji": "erupcja zaobserwowana", "materiał": "andezyt / andezyt bazaltowy", "tektonika": "strefa subdukcji / grubość skorupy nieznana", "legenda": "Wulkan", "źródło": "Global Volcanism Program, 2013. Volcanoes of the World, v. 4.11.0. Venzke, E (ed.). Smithsonian Institution. Downloaded 20 Jun 2022. https://doi.org/10.5479/si.GVP.VOTW4-2013" }, "geometry": { "type": "Point", "coordinates": [ 171.32, -22.33 ] } },
{ "type": "Feature", "properties": { "gid": 842, "nazwa": "Hunter Island", "ostatnia_erupcja": "1903", "kraj": "Francja", "typ": "stratowulkan", "rodzaj_erupcji": "erupcja zaobserwowana", "materiał": "andezyt / andezyt bazaltowy", "tektonika": "strefa subdukcji / grubość skorupy nieznana", "legenda": "Wulkan", "źródło": "Global Volcanism Program, 2013. Volcanoes of the World, v. 4.11.0. Venzke, E (ed.). Smithsonian Institution. Downloaded 20 Jun 2022. https://doi.org/10.5479/si.GVP.VOTW4-2013" }, "geometry": { "type": "Point", "coordinates": [ 172.05, -22.4 ] } },
{ "type": "Feature", "properties": { "gid": 845, "nazwa": "Barren Island", "ostatnia_erupcja": "2017", "kraj": "Indie", "typ": "stratowulkan", "rodzaj_erupcji": "erupcja zaobserwowana", "materiał": "bazalt / pikryt", "tektonika": "strefa subdukcji / skorupa kontynentalna (>25 km)", "legenda": "Wulkan", "źródło": "Global Volcanism Program, 2013. Volcanoes of the World, v. 4.11.0. Venzke, E (ed.). Smithsonian Institution. Downloaded 20 Jun 2022. https://doi.org/10.5479/si.GVP.VOTW4-2013" }, "geometry": { "type": "Point", "coordinates": [ 93.858, 12.278 ] } },
{ "type": "Feature", "properties": { "gid": 846, "nazwa": "Seulawah Agam", "ostatnia_erupcja": "1839", "kraj": "Indonezja", "typ": "stratowulkan", "rodzaj_erupcji": "erupcja zaobserwowana", "materiał": "andezyt / andezyt bazaltowy", "tektonika": "strefa subdukcji / skorupa kontynentalna (>25 km)", "legenda": "Wulkan", "źródło": "Global Volcanism Program, 2013. Volcanoes of the World, v. 4.11.0. Venzke, E (ed.). Smithsonian Institution. Downloaded 20 Jun 2022. https://doi.org/10.5479/si.GVP.VOTW4-2013" }, "geometry": { "type": "Point", "coordinates": [ 95.658, 5.448 ] } },
{ "type": "Feature", "properties": { "gid": 848, "nazwa": "Telong, Bur ni", "ostatnia_erupcja": "1937", "kraj": "Indonezja", "typ": "stratowulkan", "rodzaj_erupcji": "erupcja zaobserwowana", "materiał": "andezyt / andezyt bazaltowy", "tektonika": "strefa subdukcji / skorupa kontynentalna (>25 km)", "legenda": "Wulkan", "źródło": "Global Volcanism Program, 2013. Volcanoes of the World, v. 4.11.0. Venzke, E (ed.). Smithsonian Institution. Downloaded 20 Jun 2022. https://doi.org/10.5479/si.GVP.VOTW4-2013" }, "geometry": { "type": "Point", "coordinates": [ 96.821, 4.769 ] } },
{ "type": "Feature", "properties": { "gid": 850, "nazwa": "Sinabung", "ostatnia_erupcja": "2018", "kraj": "Indonezja", "typ": "stratowulkan", "rodzaj_erupcji": "erupcja zaobserwowana", "materiał": "andezyt / andezyt bazaltowy", "tektonika": "strefa subdukcji / skorupa kontynentalna (>25 km)", "legenda": "Wulkan", "źródło": "Global Volcanism Program, 2013. Volcanoes of the World, v. 4.11.0. Venzke, E (ed.). Smithsonian Institution. Downloaded 20 Jun 2022. https://doi.org/10.5479/si.GVP.VOTW4-2013" }, "geometry": { "type": "Point", "coordinates": [ 98.392, 3.17 ] } },
{ "type": "Feature", "properties": { "gid": 139, "nazwa": "Suwanosejima", "ostatnia_erupcja": "2018", "kraj": "Japonia", "typ": "stratowulkan", "rodzaj_erupcji": "erupcja zaobserwowana", "materiał": "andezyt / andezyt bazaltowy", "tektonika": "strefa subdukcji / skorupa oceaniczna (< 15 km)", "legenda": "Wulkan", "źródło": "Global Volcanism Program, 2013. Volcanoes of the World, v. 4.11.0. Venzke, E (ed.). Smithsonian Institution. Downloaded 20 Jun 2022. https://doi.org/10.5479/si.GVP.VOTW4-2013" }, "geometry": { "type": "Point", "coordinates": [ 129.714, 29.638 ] } },
{ "type": "Feature", "properties": { "gid": 140, "nazwa": "Nakanoshima", "ostatnia_erupcja": "1914", "kraj": "Japonia", "typ": "stratowulkan", "rodzaj_erupcji": "erupcja zaobserwowana", "materiał": "andezyt / andezyt bazaltowy", "tektonika": "strefa subdukcji / skorupa oceaniczna (< 15 km)", "legenda": "Wulkan", "źródło": "Global Volcanism Program, 2013. Volcanoes of the World, v. 4.11.0. Venzke, E (ed.). Smithsonian Institution. Downloaded 20 Jun 2022. https://doi.org/10.5479/si.GVP.VOTW4-2013" }, "geometry": { "type": "Point", "coordinates": [ 129.857, 29.859 ] } },
{ "type": "Feature", "properties": { "gid": 854, "nazwa": "Sorikmarapi", "ostatnia_erupcja": "1986", "kraj": "Indonezja", "typ": "stratowulkan", "rodzaj_erupcji": "erupcja zaobserwowana", "materiał": "andezyt / andezyt bazaltowy", "tektonika": "strefa subdukcji / skorupa kontynentalna (>25 km)", "legenda": "Wulkan", "źródło": "Global Volcanism Program, 2013. Volcanoes of the World, v. 4.11.0. Venzke, E (ed.). Smithsonian Institution. Downloaded 20 Jun 2022. https://doi.org/10.5479/si.GVP.VOTW4-2013" }, "geometry": { "type": "Point", "coordinates": [ 99.539, 0.686 ] } },
{ "type": "Feature", "properties": { "gid": 859, "nazwa": "Tandikat-Singgalang", "ostatnia_erupcja": "1924", "kraj": "Indonezja", "typ": "stratowulkan", "rodzaj_erupcji": "erupcja zaobserwowana", "materiał": "andezyt / andezyt bazaltowy", "tektonika": "strefa subdukcji / skorupa kontynentalna (>25 km)", "legenda": "Wulkan", "źródło": "Global Volcanism Program, 2013. Volcanoes of the World, v. 4.11.0. Venzke, E (ed.). Smithsonian Institution. Downloaded 20 Jun 2022. https://doi.org/10.5479/si.GVP.VOTW4-2013" }, "geometry": { "type": "Point", "coordinates": [ 100.331, -0.39 ] } },
{ "type": "Feature", "properties": { "gid": 860, "nazwa": "Talang", "ostatnia_erupcja": "2007", "kraj": "Indonezja", "typ": "stratowulkan", "rodzaj_erupcji": "erupcja zaobserwowana", "materiał": "andezyt / andezyt bazaltowy", "tektonika": "strefa subdukcji / skorupa kontynentalna (>25 km)", "legenda": "Wulkan", "źródło": "Global Volcanism Program, 2013. Volcanoes of the World, v. 4.11.0. Venzke, E (ed.). Smithsonian Institution. Downloaded 20 Jun 2022. https://doi.org/10.5479/si.GVP.VOTW4-2013" }, "geometry": { "type": "Point", "coordinates": [ 100.681, -0.979 ] } },
{ "type": "Feature", "properties": { "gid": 861, "nazwa": "Kerinci", "ostatnia_erupcja": "2018", "kraj": "Indonezja", "typ": "stratowulkan", "rodzaj_erupcji": "erupcja zaobserwowana", "materiał": "andezyt / andezyt bazaltowy", "tektonika": "strefa subdukcji / skorupa kontynentalna (>25 km)", "legenda": "Wulkan", "źródło": "Global Volcanism Program, 2013. Volcanoes of the World, v. 4.11.0. Venzke, E (ed.). Smithsonian Institution. Downloaded 20 Jun 2022. https://doi.org/10.5479/si.GVP.VOTW4-2013" }, "geometry": { "type": "Point", "coordinates": [ 101.264, -1.697 ] } },
{ "type": "Feature", "properties": { "gid": 862, "nazwa": "Sumbing", "ostatnia_erupcja": "1921", "kraj": "Indonezja", "typ": "stratowulkan", "rodzaj_erupcji": "erupcja zaobserwowana", "materiał": "andezyt / andezyt bazaltowy", "tektonika": "strefa subdukcji / skorupa kontynentalna (>25 km)", "legenda": "Wulkan", "źródło": "Global Volcanism Program, 2013. Volcanoes of the World, v. 4.11.0. Venzke, E (ed.). Smithsonian Institution. Downloaded 20 Jun 2022. https://doi.org/10.5479/si.GVP.VOTW4-2013" }, "geometry": { "type": "Point", "coordinates": [ 101.728, -2.414 ] } },
{ "type": "Feature", "properties": { "gid": 866, "nazwa": "Dempo", "ostatnia_erupcja": "2022", "kraj": "Indonezja", "typ": "stratowulkan", "rodzaj_erupcji": "erupcja zaobserwowana", "materiał": "andezyt / andezyt bazaltowy", "tektonika": "strefa subdukcji / skorupa kontynentalna (>25 km)", "legenda": "Wulkan", "źródło": "Global Volcanism Program, 2013. Volcanoes of the World, v. 4.11.0. Venzke, E (ed.). Smithsonian Institution. Downloaded 20 Jun 2022. https://doi.org/10.5479/si.GVP.VOTW4-2013" }, "geometry": { "type": "Point", "coordinates": [ 103.121, -4.016 ] } },
{ "type": "Feature", "properties": { "gid": 865, "nazwa": "Kaba", "ostatnia_erupcja": "2000", "kraj": "Indonezja", "typ": "stratowulkan", "rodzaj_erupcji": "erupcja zaobserwowana", "materiał": "andezyt / andezyt bazaltowy", "tektonika": "strefa subdukcji / skorupa kontynentalna (>25 km)", "legenda": "Wulkan", "źródło": "Global Volcanism Program, 2013. Volcanoes of the World, v. 4.11.0. Venzke, E (ed.). Smithsonian Institution. Downloaded 20 Jun 2022. https://doi.org/10.5479/si.GVP.VOTW4-2013" }, "geometry": { "type": "Point", "coordinates": [ 102.615, -3.522 ] } },
{ "type": "Feature", "properties": { "gid": 876, "nazwa": "Perbakti-Gagak", "ostatnia_erupcja": "1939", "kraj": "Indonezja", "typ": "stratowulkan", "rodzaj_erupcji": "erupcja zaobserwowana", "materiał": "andezyt / andezyt bazaltowy", "tektonika": "strefa subdukcji / skorupa kontynentalna (>25 km)", "legenda": "Wulkan", "źródło": "Global Volcanism Program, 2013. Volcanoes of the World, v. 4.11.0. Venzke, E (ed.). Smithsonian Institution. Downloaded 20 Jun 2022. https://doi.org/10.5479/si.GVP.VOTW4-2013" }, "geometry": { "type": "Point", "coordinates": [ 106.7, -6.75 ] } },
{ "type": "Feature", "properties": { "gid": 877, "nazwa": "Salak", "ostatnia_erupcja": "1938", "kraj": "Indonezja", "typ": "stratowulkan", "rodzaj_erupcji": "erupcja zaobserwowana", "materiał": "andezyt / andezyt bazaltowy", "tektonika": "strefa subdukcji / skorupa kontynentalna (>25 km)", "legenda": "Wulkan", "źródło": "Global Volcanism Program, 2013. Volcanoes of the World, v. 4.11.0. Venzke, E (ed.). Smithsonian Institution. Downloaded 20 Jun 2022. https://doi.org/10.5479/si.GVP.VOTW4-2013" }, "geometry": { "type": "Point", "coordinates": [ 106.73, -6.72 ] } },
{ "type": "Feature", "properties": { "gid": 878, "nazwa": "Gede-Pangrango", "ostatnia_erupcja": "1957", "kraj": "Indonezja", "typ": "stratowulkan", "rodzaj_erupcji": "erupcja zaobserwowana", "materiał": "andezyt / andezyt bazaltowy", "tektonika": "strefa subdukcji / skorupa kontynentalna (>25 km)", "legenda": "Wulkan", "źródło": "Global Volcanism Program, 2013. Volcanoes of the World, v. 4.11.0. Venzke, E (ed.). Smithsonian Institution. Downloaded 20 Jun 2022. https://doi.org/10.5479/si.GVP.VOTW4-2013" }, "geometry": { "type": "Point", "coordinates": [ 106.965, -6.77 ] } },
{ "type": "Feature", "properties": { "gid": 880, "nazwa": "Tangkubanparahu", "ostatnia_erupcja": "2013", "kraj": "Indonezja", "typ": "stratowulkan", "rodzaj_erupcji": "erupcja zaobserwowana", "materiał": "andezyt / andezyt bazaltowy", "tektonika": "strefa subdukcji / skorupa kontynentalna (>25 km)", "legenda": "Wulkan", "źródło": "Global Volcanism Program, 2013. Volcanoes of the World, v. 4.11.0. Venzke, E (ed.). Smithsonian Institution. Downloaded 20 Jun 2022. https://doi.org/10.5479/si.GVP.VOTW4-2013" }, "geometry": { "type": "Point", "coordinates": [ 107.6, -6.77 ] } },
{ "type": "Feature", "properties": { "gid": 14, "nazwa": "Lipari", "ostatnia_erupcja": "1230", "kraj": "Włochy", "typ": "stratowulkan", "rodzaj_erupcji": "erupcja datowana", "materiał": "ryolit", "tektonika": "strefa subdukcji / skorupa kontynentalna (>25 km)", "legenda": "Wulkan", "źródło": "Global Volcanism Program, 2013. Volcanoes of the World, v. 4.11.0. Venzke, E (ed.). Smithsonian Institution. Downloaded 20 Jun 2022. https://doi.org/10.5479/si.GVP.VOTW4-2013" }, "geometry": { "type": "Point", "coordinates": [ 14.933, 38.49 ] } },
{ "type": "Feature", "properties": { "gid": 895, "nazwa": "Merapi", "ostatnia_erupcja": "2022", "kraj": "Indonezja", "typ": "stratowulkan", "rodzaj_erupcji": "erupcja zaobserwowana", "materiał": "andezyt / andezyt bazaltowy", "tektonika": "strefa subdukcji / skorupa kontynentalna (>25 km)", "legenda": "Wulkan", "źródło": "Global Volcanism Program, 2013. Volcanoes of the World, v. 4.11.0. Venzke, E (ed.). Smithsonian Institution. Downloaded 20 Jun 2022. https://doi.org/10.5479/si.GVP.VOTW4-2013" }, "geometry": { "type": "Point", "coordinates": [ 110.446, -7.54 ] } },
{ "type": "Feature", "properties": { "gid": 881, "nazwa": "Papandayan", "ostatnia_erupcja": "2002", "kraj": "Indonezja", "typ": "stratowulkan", "rodzaj_erupcji": "erupcja zaobserwowana", "materiał": "andezyt / andezyt bazaltowy", "tektonika": "strefa subdukcji / skorupa kontynentalna (>25 km)", "legenda": "Wulkan", "źródło": "Global Volcanism Program, 2013. Volcanoes of the World, v. 4.11.0. Venzke, E (ed.). Smithsonian Institution. Downloaded 20 Jun 2022. https://doi.org/10.5479/si.GVP.VOTW4-2013" }, "geometry": { "type": "Point", "coordinates": [ 107.73, -7.32 ] } },
{ "type": "Feature", "properties": { "gid": 885, "nazwa": "Galunggung", "ostatnia_erupcja": "1984", "kraj": "Indonezja", "typ": "stratowulkan", "rodzaj_erupcji": "erupcja zaobserwowana", "materiał": "bazalt / pikryt", "tektonika": "strefa subdukcji / skorupa kontynentalna (>25 km)", "legenda": "Wulkan", "źródło": "Global Volcanism Program, 2013. Volcanoes of the World, v. 4.11.0. Venzke, E (ed.). Smithsonian Institution. Downloaded 20 Jun 2022. https://doi.org/10.5479/si.GVP.VOTW4-2013" }, "geometry": { "type": "Point", "coordinates": [ 108.058, -7.25 ] } },
{ "type": "Feature", "properties": { "gid": 888, "nazwa": "Slamet", "ostatnia_erupcja": "2014", "kraj": "Indonezja", "typ": "stratowulkan", "rodzaj_erupcji": "erupcja zaobserwowana", "materiał": "bazalt / pikryt", "tektonika": "strefa subdukcji / skorupa kontynentalna (>25 km)", "legenda": "Wulkan", "źródło": "Global Volcanism Program, 2013. Volcanoes of the World, v. 4.11.0. Venzke, E (ed.). Smithsonian Institution. Downloaded 20 Jun 2022. https://doi.org/10.5479/si.GVP.VOTW4-2013" }, "geometry": { "type": "Point", "coordinates": [ 109.208, -7.242 ] } },
{ "type": "Feature", "properties": { "gid": 890, "nazwa": "Sundoro", "ostatnia_erupcja": "1971", "kraj": "Indonezja", "typ": "stratowulkan", "rodzaj_erupcji": "erupcja zaobserwowana", "materiał": "andezyt / andezyt bazaltowy", "tektonika": "strefa subdukcji / skorupa kontynentalna (>25 km)", "legenda": "Wulkan", "źródło": "Global Volcanism Program, 2013. Volcanoes of the World, v. 4.11.0. Venzke, E (ed.). Smithsonian Institution. Downloaded 20 Jun 2022. https://doi.org/10.5479/si.GVP.VOTW4-2013" }, "geometry": { "type": "Point", "coordinates": [ 109.992, -7.3 ] } },
{ "type": "Feature", "properties": { "gid": 891, "nazwa": "Sumbing", "ostatnia_erupcja": "1730", "kraj": "Indonezja", "typ": "stratowulkan", "rodzaj_erupcji": "erupcja zaobserwowana", "materiał": "andezyt / andezyt bazaltowy", "tektonika": "strefa subdukcji / skorupa kontynentalna (>25 km)", "legenda": "Wulkan", "źródło": "Global Volcanism Program, 2013. Volcanoes of the World, v. 4.11.0. Venzke, E (ed.). Smithsonian Institution. Downloaded 20 Jun 2022. https://doi.org/10.5479/si.GVP.VOTW4-2013" }, "geometry": { "type": "Point", "coordinates": [ 110.07, -7.384 ] } },
{ "type": "Feature", "properties": { "gid": 162, "nazwa": "Norikuradake", "ostatnia_erupcja": "50 p.n.e.", "kraj": "Japonia", "typ": "stratowulkan", "rodzaj_erupcji": "erupcja datowana", "materiał": "andezyt / andezyt bazaltowy", "tektonika": "strefa subdukcji / skorupa kontynentalna (>25 km)", "legenda": "Wulkan", "źródło": "Global Volcanism Program, 2013. Volcanoes of the World, v. 4.11.0. Venzke, E (ed.). Smithsonian Institution. Downloaded 20 Jun 2022. https://doi.org/10.5479/si.GVP.VOTW4-2013" }, "geometry": { "type": "Point", "coordinates": [ 137.554, 36.106 ] } },
{ "type": "Feature", "properties": { "gid": 166, "nazwa": "Midagahara", "ostatnia_erupcja": "1839", "kraj": "Japonia", "typ": "stratowulkan", "rodzaj_erupcji": "erupcja zaobserwowana", "materiał": "andezyt / andezyt bazaltowy", "tektonika": "strefa subdukcji / skorupa kontynentalna (>25 km)", "legenda": "Wulkan", "źródło": "Global Volcanism Program, 2013. Volcanoes of the World, v. 4.11.0. Venzke, E (ed.). Smithsonian Institution. Downloaded 20 Jun 2022. https://doi.org/10.5479/si.GVP.VOTW4-2013" }, "geometry": { "type": "Point", "coordinates": [ 137.59, 36.571 ] } },
{ "type": "Feature", "properties": { "gid": 178, "nazwa": "Takaharayama", "ostatnia_erupcja": "4570 p.n.e.", "kraj": "Japonia", "typ": "stratowulkan", "rodzaj_erupcji": "erupcja datowana", "materiał": "andezyt / andezyt bazaltowy", "tektonika": "strefa subdukcji / skorupa kontynentalna (>25 km)", "legenda": "Wulkan", "źródło": "Global Volcanism Program, 2013. Volcanoes of the World, v. 4.11.0. Venzke, E (ed.). Smithsonian Institution. Downloaded 20 Jun 2022. https://doi.org/10.5479/si.GVP.VOTW4-2013" }, "geometry": { "type": "Point", "coordinates": [ 139.777, 36.9 ] } },
{ "type": "Feature", "properties": { "gid": 179, "nazwa": "Nasudake", "ostatnia_erupcja": "1963", "kraj": "Japonia", "typ": "stratowulkan", "rodzaj_erupcji": "erupcja zaobserwowana", "materiał": "andezyt / andezyt bazaltowy", "tektonika": "strefa subdukcji / skorupa kontynentalna (>25 km)", "legenda": "Wulkan", "źródło": "Global Volcanism Program, 2013. Volcanoes of the World, v. 4.11.0. Venzke, E (ed.). Smithsonian Institution. Downloaded 20 Jun 2022. https://doi.org/10.5479/si.GVP.VOTW4-2013" }, "geometry": { "type": "Point", "coordinates": [ 139.963, 37.125 ] } },
{ "type": "Feature", "properties": { "gid": 182, "nazwa": "Adatarayama", "ostatnia_erupcja": "1996", "kraj": "Japonia", "typ": "stratowulkan", "rodzaj_erupcji": "erupcja zaobserwowana", "materiał": "andezyt / andezyt bazaltowy", "tektonika": "strefa subdukcji / skorupa kontynentalna (>25 km)", "legenda": "Wulkan", "źródło": "Global Volcanism Program, 2013. Volcanoes of the World, v. 4.11.0. Venzke, E (ed.). Smithsonian Institution. Downloaded 20 Jun 2022. https://doi.org/10.5479/si.GVP.VOTW4-2013" }, "geometry": { "type": "Point", "coordinates": [ 140.281, 37.647 ] } },
{ "type": "Feature", "properties": { "gid": 141, "nazwa": "Kuchinoshima", "ostatnia_erupcja": "1190", "kraj": "Japonia", "typ": "stratowulkan", "rodzaj_erupcji": "erupcja datowana", "materiał": "andezyt / andezyt bazaltowy", "tektonika": "strefa subdukcji / skorupa oceaniczna (< 15 km)", "legenda": "Wulkan", "źródło": "Global Volcanism Program, 2013. Volcanoes of the World, v. 4.11.0. Venzke, E (ed.). Smithsonian Institution. Downloaded 20 Jun 2022. https://doi.org/10.5479/si.GVP.VOTW4-2013" }, "geometry": { "type": "Point", "coordinates": [ 129.926, 29.968 ] } },
{ "type": "Feature", "properties": { "gid": 897, "nazwa": "Lawu", "ostatnia_erupcja": "1885", "kraj": "Indonezja", "typ": "stratowulkan", "rodzaj_erupcji": "erupcja zaobserwowana", "materiał": "andezyt / andezyt bazaltowy", "tektonika": "strefa subdukcji / skorupa kontynentalna (>25 km)", "legenda": "Wulkan", "źródło": "Global Volcanism Program, 2013. Volcanoes of the World, v. 4.11.0. Venzke, E (ed.). Smithsonian Institution. Downloaded 20 Jun 2022. https://doi.org/10.5479/si.GVP.VOTW4-2013" }, "geometry": { "type": "Point", "coordinates": [ 111.192, -7.625 ] } },
{ "type": "Feature", "properties": { "gid": 899, "nazwa": "Kelut", "ostatnia_erupcja": "2014", "kraj": "Indonezja", "typ": "stratowulkan", "rodzaj_erupcji": "erupcja zaobserwowana", "materiał": "andezyt / andezyt bazaltowy", "tektonika": "strefa subdukcji / skorupa kontynentalna (>25 km)", "legenda": "Wulkan", "źródło": "Global Volcanism Program, 2013. Volcanoes of the World, v. 4.11.0. Venzke, E (ed.). Smithsonian Institution. Downloaded 20 Jun 2022. https://doi.org/10.5479/si.GVP.VOTW4-2013" }, "geometry": { "type": "Point", "coordinates": [ 112.308000000000106, -7.93 ] } },
{ "type": "Feature", "properties": { "gid": 191, "nazwa": "Hachimantai", "ostatnia_erupcja": "5350 p.n.e.", "kraj": "Japonia", "typ": "stratowulkan", "rodzaj_erupcji": "erupcja datowana", "materiał": "andezyt / andezyt bazaltowy", "tektonika": "strefa subdukcji / skorupa kontynentalna (>25 km)", "legenda": "Wulkan", "źródło": "Global Volcanism Program, 2013. Volcanoes of the World, v. 4.11.0. Venzke, E (ed.). Smithsonian Institution. Downloaded 20 Jun 2022. https://doi.org/10.5479/si.GVP.VOTW4-2013" }, "geometry": { "type": "Point", "coordinates": [ 140.854, 39.958 ] } },
{ "type": "Feature", "properties": { "gid": 192, "nazwa": "Akita-Yakeyama", "ostatnia_erupcja": "1997", "kraj": "Japonia", "typ": "stratowulkan", "rodzaj_erupcji": "erupcja zaobserwowana", "materiał": "andezyt / andezyt bazaltowy", "tektonika": "strefa subdukcji / skorupa kontynentalna (>25 km)", "legenda": "Wulkan", "źródło": "Global Volcanism Program, 2013. Volcanoes of the World, v. 4.11.0. Venzke, E (ed.). Smithsonian Institution. Downloaded 20 Jun 2022. https://doi.org/10.5479/si.GVP.VOTW4-2013" }, "geometry": { "type": "Point", "coordinates": [ 140.757, 39.964 ] } },
{ "type": "Feature", "properties": { "gid": 194, "nazwa": "Iwakisan", "ostatnia_erupcja": "1863", "kraj": "Japonia", "typ": "stratowulkan", "rodzaj_erupcji": "erupcja zaobserwowana", "materiał": "andezyt / andezyt bazaltowy", "tektonika": "strefa subdukcji / skorupa kontynentalna (>25 km)", "legenda": "Wulkan", "źródło": "Global Volcanism Program, 2013. Volcanoes of the World, v. 4.11.0. Venzke, E (ed.). Smithsonian Institution. Downloaded 20 Jun 2022. https://doi.org/10.5479/si.GVP.VOTW4-2013" }, "geometry": { "type": "Point", "coordinates": [ 140.303000000000111, 40.656 ] } },
{ "type": "Feature", "properties": { "gid": 196, "nazwa": "Hakkodasan", "ostatnia_erupcja": "1550", "kraj": "Japonia", "typ": "stratowulkan", "rodzaj_erupcji": "erupcja datowana", "materiał": "andezyt / andezyt bazaltowy", "tektonika": "strefa subdukcji / skorupa kontynentalna (>25 km)", "legenda": "Wulkan", "źródło": "Global Volcanism Program, 2013. Volcanoes of the World, v. 4.11.0. Venzke, E (ed.). Smithsonian Institution. Downloaded 20 Jun 2022. https://doi.org/10.5479/si.GVP.VOTW4-2013" }, "geometry": { "type": "Point", "coordinates": [ 140.877, 40.659 ] } },
{ "type": "Feature", "properties": { "gid": 198, "nazwa": "Izu-Oshima", "ostatnia_erupcja": "1990", "kraj": "Japonia", "typ": "stratowulkan", "rodzaj_erupcji": "erupcja zaobserwowana", "materiał": "bazalt / pikryt", "tektonika": "strefa subdukcji / skorupa oceaniczna (< 15 km)", "legenda": "Wulkan", "źródło": "Global Volcanism Program, 2013. Volcanoes of the World, v. 4.11.0. Venzke, E (ed.). Smithsonian Institution. Downloaded 20 Jun 2022. https://doi.org/10.5479/si.GVP.VOTW4-2013" }, "geometry": { "type": "Point", "coordinates": [ 139.394000000000119, 34.724 ] } },
{ "type": "Feature", "properties": { "gid": 202, "nazwa": "Miyakejima", "ostatnia_erupcja": "2010", "kraj": "Japonia", "typ": "stratowulkan", "rodzaj_erupcji": "erupcja zaobserwowana", "materiał": "bazalt / pikryt", "tektonika": "strefa subdukcji / skorupa oceaniczna (< 15 km)", "legenda": "Wulkan", "źródło": "Global Volcanism Program, 2013. Volcanoes of the World, v. 4.11.0. Venzke, E (ed.). Smithsonian Institution. Downloaded 20 Jun 2022. https://doi.org/10.5479/si.GVP.VOTW4-2013" }, "geometry": { "type": "Point", "coordinates": [ 139.526, 34.094 ] } },
{ "type": "Feature", "properties": { "gid": 203, "nazwa": "Mikurajima", "ostatnia_erupcja": "4100 p.n.e.", "kraj": "Japonia", "typ": "stratowulkan", "rodzaj_erupcji": "erupcja datowana", "materiał": "bazalt / pikryt", "tektonika": "strefa subdukcji / skorupa oceaniczna (< 15 km)", "legenda": "Wulkan", "źródło": "Global Volcanism Program, 2013. Volcanoes of the World, v. 4.11.0. Venzke, E (ed.). Smithsonian Institution. Downloaded 20 Jun 2022. https://doi.org/10.5479/si.GVP.VOTW4-2013" }, "geometry": { "type": "Point", "coordinates": [ 139.602, 33.874 ] } },
{ "type": "Feature", "properties": { "gid": 205, "nazwa": "Hachijojima", "ostatnia_erupcja": "1606", "kraj": "Japonia", "typ": "stratowulkan", "rodzaj_erupcji": "erupcja zaobserwowana", "materiał": "bazalt / pikryt", "tektonika": "strefa subdukcji / skorupa oceaniczna (< 15 km)", "legenda": "Wulkan", "źródło": "Global Volcanism Program, 2013. Volcanoes of the World, v. 4.11.0. Venzke, E (ed.). Smithsonian Institution. Downloaded 20 Jun 2022. https://doi.org/10.5479/si.GVP.VOTW4-2013" }, "geometry": { "type": "Point", "coordinates": [ 139.766, 33.137 ] } },
{ "type": "Feature", "properties": { "gid": 206, "nazwa": "Aogashima", "ostatnia_erupcja": "1785", "kraj": "Japonia", "typ": "stratowulkan", "rodzaj_erupcji": "erupcja zaobserwowana", "materiał": "bazalt / pikryt", "tektonika": "strefa subdukcji / skorupa oceaniczna (< 15 km)", "legenda": "Wulkan", "źródło": "Global Volcanism Program, 2013. Volcanoes of the World, v. 4.11.0. Venzke, E (ed.). Smithsonian Institution. Downloaded 20 Jun 2022. https://doi.org/10.5479/si.GVP.VOTW4-2013" }, "geometry": { "type": "Point", "coordinates": [ 139.759, 32.458 ] } },
{ "type": "Feature", "properties": { "gid": 941, "nazwa": "Garibaldi", "ostatnia_erupcja": "8060 p.n.e.", "kraj": "Kanada", "typ": "stratowulkan", "rodzaj_erupcji": "erupcja datowana", "materiał": "dacyt", "tektonika": "strefa subdukcji / skorupa kontynentalna (>25 km)", "legenda": "Wulkan", "źródło": "Global Volcanism Program, 2013. Volcanoes of the World, v. 4.11.0. Venzke, E (ed.). Smithsonian Institution. Downloaded 20 Jun 2022. https://doi.org/10.5479/si.GVP.VOTW4-2013" }, "geometry": { "type": "Point", "coordinates": [ -123.0, 49.85 ] } },
{ "type": "Feature", "properties": { "gid": 1016, "nazwa": "Plat Pays, Morne", "ostatnia_erupcja": "1270", "kraj": "Dominika", "typ": "stratowulkan", "rodzaj_erupcji": "erupcja datowana", "materiał": "dacyt", "tektonika": "strefa subdukcji / skorupa oceaniczna (< 15 km)", "legenda": "Wulkan", "źródło": "Global Volcanism Program, 2013. Volcanoes of the World, v. 4.11.0. Venzke, E (ed.). Smithsonian Institution. Downloaded 20 Jun 2022. https://doi.org/10.5479/si.GVP.VOTW4-2013" }, "geometry": { "type": "Point", "coordinates": [ -61.341, 15.255 ] } },
{ "type": "Feature", "properties": { "gid": 1066, "nazwa": "Furnas", "ostatnia_erupcja": "1630", "kraj": "Portugalia", "typ": "stratowulkan", "rodzaj_erupcji": "erupcja zaobserwowana", "materiał": "trachit", "tektonika": "strefa ryftowa / skorupa oceaniczna (< 15 km)", "legenda": "Wulkan", "źródło": "Global Volcanism Program, 2013. Volcanoes of the World, v. 4.11.0. Venzke, E (ed.). Smithsonian Institution. Downloaded 20 Jun 2022. https://doi.org/10.5479/si.GVP.VOTW4-2013" }, "geometry": { "type": "Point", "coordinates": [ -25.32, 37.77 ] } },
{ "type": "Feature", "properties": { "gid": 1146, "nazwa": "Machin", "ostatnia_erupcja": "1180", "kraj": "Kolumbia", "typ": "stratowulkan", "rodzaj_erupcji": "erupcja datowana", "materiał": "dacyt", "tektonika": "strefa subdukcji / skorupa kontynentalna (>25 km)", "legenda": "Wulkan", "źródło": "Global Volcanism Program, 2013. Volcanoes of the World, v. 4.11.0. Venzke, E (ed.). Smithsonian Institution. Downloaded 20 Jun 2022. https://doi.org/10.5479/si.GVP.VOTW4-2013" }, "geometry": { "type": "Point", "coordinates": [ -75.389, 4.487 ] } },
{ "type": "Feature", "properties": { "gid": 1069, "nazwa": "La Palma", "ostatnia_erupcja": "1971", "kraj": "Hiszpania", "typ": "stratowulkan", "rodzaj_erupcji": "erupcja zaobserwowana", "materiał": "tefryt / trachybazalt", "tektonika": "strefa subdukcji / skorupa oceaniczna (< 15 km)", "legenda": "Wulkan", "źródło": "Global Volcanism Program, 2013. Volcanoes of the World, v. 4.11.0. Venzke, E (ed.). Smithsonian Institution. Downloaded 20 Jun 2022. https://doi.org/10.5479/si.GVP.VOTW4-2013" }, "geometry": { "type": "Point", "coordinates": [ -17.83, 28.57 ] } },
{ "type": "Feature", "properties": { "gid": 1071, "nazwa": "Tenerife", "ostatnia_erupcja": "1909", "kraj": "Hiszpania", "typ": "stratowulkan", "rodzaj_erupcji": "erupcja zaobserwowana", "materiał": "fonolit", "tektonika": "strefa subdukcji / skorupa oceaniczna (< 15 km)", "legenda": "Wulkan", "źródło": "Global Volcanism Program, 2013. Volcanoes of the World, v. 4.11.0. Venzke, E (ed.). Smithsonian Institution. Downloaded 20 Jun 2022. https://doi.org/10.5479/si.GVP.VOTW4-2013" }, "geometry": { "type": "Point", "coordinates": [ -16.641, 28.271 ] } },
{ "type": "Feature", "properties": { "gid": 1075, "nazwa": "Fogo", "ostatnia_erupcja": "2015", "kraj": "Wyspy Zielonego Przylądka", "typ": "stratowulkan", "rodzaj_erupcji": "erupcja zaobserwowana", "materiał": "foidyt", "tektonika": "strefa subdukcji / skorupa pośrednia (15-25 km)", "legenda": "Wulkan", "źródło": "Global Volcanism Program, 2013. Volcanoes of the World, v. 4.11.0. Venzke, E (ed.). Smithsonian Institution. Downloaded 20 Jun 2022. https://doi.org/10.5479/si.GVP.VOTW4-2013" }, "geometry": { "type": "Point", "coordinates": [ -24.35, 14.95 ] } },
{ "type": "Feature", "properties": { "gid": 350, "nazwa": "Rungwe", "ostatnia_erupcja": "1250", "kraj": "Tanzania", "typ": "stratowulkan", "rodzaj_erupcji": "erupcja datowana", "materiał": "trachit", "tektonika": "strefa ryftowa / skorupa kontynentalna (>25 km)", "legenda": "Wulkan", "źródło": "Global Volcanism Program, 2013. Volcanoes of the World, v. 4.11.0. Venzke, E (ed.). Smithsonian Institution. Downloaded 20 Jun 2022. https://doi.org/10.5479/si.GVP.VOTW4-2013" }, "geometry": { "type": "Point", "coordinates": [ 33.668, -9.135 ] } },
{ "type": "Feature", "properties": { "gid": 351, "nazwa": "Kyejo", "ostatnia_erupcja": "1800", "kraj": "Tanzania", "typ": "stratowulkan", "rodzaj_erupcji": "erupcja zaobserwowana", "materiał": "trachit", "tektonika": "strefa ryftowa / skorupa kontynentalna (>25 km)", "legenda": "Wulkan", "źródło": "Global Volcanism Program, 2013. Volcanoes of the World, v. 4.11.0. Venzke, E (ed.). Smithsonian Institution. Downloaded 20 Jun 2022. https://doi.org/10.5479/si.GVP.VOTW4-2013" }, "geometry": { "type": "Point", "coordinates": [ 33.792, -9.229 ] } },
{ "type": "Feature", "properties": { "gid": 359, "nazwa": "Karisimbi", "ostatnia_erupcja": "8050 p.n.e.", "kraj": "Demokratyczna Republika Konga - Rwanda", "typ": "stratowulkan", "rodzaj_erupcji": "erupcja datowana", "materiał": "tefryt / trachybazalt", "tektonika": "strefa ryftowa / skorupa kontynentalna (>25 km)", "legenda": "Wulkan", "źródło": "Global Volcanism Program, 2013. Volcanoes of the World, v. 4.11.0. Venzke, E (ed.). Smithsonian Institution. Downloaded 20 Jun 2022. https://doi.org/10.5479/si.GVP.VOTW4-2013" }, "geometry": { "type": "Point", "coordinates": [ 29.45, -1.506 ] } },
{ "type": "Feature", "properties": { "gid": 367, "nazwa": "Cameroon", "ostatnia_erupcja": "2000", "kraj": "Kamerun", "typ": "stratowulkan", "rodzaj_erupcji": "erupcja zaobserwowana", "materiał": "tefryt / trachybazalt", "tektonika": "strefa subdukcji / skorupa kontynentalna (>25 km)", "legenda": "Wulkan", "źródło": "Global Volcanism Program, 2013. Volcanoes of the World, v. 4.11.0. Venzke, E (ed.). Smithsonian Institution. Downloaded 20 Jun 2022. https://doi.org/10.5479/si.GVP.VOTW4-2013" }, "geometry": { "type": "Point", "coordinates": [ 9.17, 4.203 ] } },
{ "type": "Feature", "properties": { "gid": 1081, "nazwa": "Nightingale Island", "ostatnia_erupcja": "2004", "kraj": "Wielka Brytania", "typ": "stratowulkan", "rodzaj_erupcji": "erupcja zaobserwowana", "materiał": "trachit", "tektonika": "strefa ryftowa / skorupa oceaniczna (< 15 km)", "legenda": "Wulkan", "źródło": "Global Volcanism Program, 2013. Volcanoes of the World, v. 4.11.0. Venzke, E (ed.). Smithsonian Institution. Downloaded 20 Jun 2022. https://doi.org/10.5479/si.GVP.VOTW4-2013" }, "geometry": { "type": "Point", "coordinates": [ -12.48, -37.42 ] } },
{ "type": "Feature", "properties": { "gid": 983, "nazwa": "Carrizozo", "ostatnia_erupcja": "3250 p.n.e.", "kraj": "Stany Zjednoczone", "typ": "stożkowy", "rodzaj_erupcji": "erupcja datowana", "materiał": "bazalt / pikryt", "tektonika": "strefa ryftowa / skorupa kontynentalna (>25 km)", "legenda": "Wulkan", "źródło": "Global Volcanism Program, 2013. Volcanoes of the World, v. 4.11.0. Venzke, E (ed.). Smithsonian Institution. Downloaded 20 Jun 2022. https://doi.org/10.5479/si.GVP.VOTW4-2013" }, "geometry": { "type": "Point", "coordinates": [ -105.93, 33.78 ] } },
{ "type": "Feature", "properties": { "gid": 1267, "nazwa": "Toluca, Nevado de", "ostatnia_erupcja": "1350 p.n.e.", "kraj": "Meksyk", "typ": "stratowulkan", "rodzaj_erupcji": "erupcja datowana", "materiał": "andezyt / andezyt bazaltowy", "tektonika": "strefa subdukcji / skorupa kontynentalna (>25 km)", "legenda": "Wulkan", "źródło": "Global Volcanism Program, 2013. Volcanoes of the World, v. 4.11.0. Venzke, E (ed.). Smithsonian Institution. Downloaded 20 Jun 2022. https://doi.org/10.5479/si.GVP.VOTW4-2013" }, "geometry": { "type": "Point", "coordinates": [ -99.758, 19.108 ] } },
{ "type": "Feature", "properties": { "gid": 1142, "nazwa": "Bravo, Cerro", "ostatnia_erupcja": "1720", "kraj": "Kolumbia", "typ": "stratowulkan", "rodzaj_erupcji": "erupcja datowana", "materiał": "dacyt", "tektonika": "strefa subdukcji / skorupa kontynentalna (>25 km)", "legenda": "Wulkan", "źródło": "Global Volcanism Program, 2013. Volcanoes of the World, v. 4.11.0. Venzke, E (ed.). Smithsonian Institution. Downloaded 20 Jun 2022. https://doi.org/10.5479/si.GVP.VOTW4-2013" }, "geometry": { "type": "Point", "coordinates": [ -75.293, 5.091 ] } },
{ "type": "Feature", "properties": { "gid": 1339, "nazwa": "Socompa", "ostatnia_erupcja": "5250 p.n.e.", "kraj": "Chile - Argentyna", "typ": "stratowulkan", "rodzaj_erupcji": "erupcja datowana", "materiał": "dacyt", "tektonika": "strefa subdukcji / skorupa kontynentalna (>25 km)", "legenda": "Wulkan", "źródło": "Global Volcanism Program, 2013. Volcanoes of the World, v. 4.11.0. Venzke, E (ed.). Smithsonian Institution. Downloaded 20 Jun 2022. https://doi.org/10.5479/si.GVP.VOTW4-2013" }, "geometry": { "type": "Point", "coordinates": [ -68.246, -24.396 ] } },
{ "type": "Feature", "properties": { "gid": 1340, "nazwa": "Llullaillaco", "ostatnia_erupcja": "1877", "kraj": "Chile - Argentyna", "typ": "stratowulkan", "rodzaj_erupcji": "erupcja zaobserwowana", "materiał": "dacyt", "tektonika": "strefa subdukcji / skorupa kontynentalna (>25 km)", "legenda": "Wulkan", "źródło": "Global Volcanism Program, 2013. Volcanoes of the World, v. 4.11.0. Venzke, E (ed.). Smithsonian Institution. Downloaded 20 Jun 2022. https://doi.org/10.5479/si.GVP.VOTW4-2013" }, "geometry": { "type": "Point", "coordinates": [ -68.53, -24.72 ] } },
{ "type": "Feature", "properties": { "gid": 131, "nazwa": "Unnamed", "ostatnia_erupcja": "brak danych", "kraj": "Tajwan", "typ": "podwodny", "rodzaj_erupcji": "brak dowodów na wybuch", "materiał": "-", "tektonika": "strefa subdukcji / skorupa kontynentalna (>25 km)", "legenda": "Wulkan", "źródło": "Global Volcanism Program, 2013. Volcanoes of the World, v. 4.11.0. Venzke, E (ed.). Smithsonian Institution. Downloaded 20 Jun 2022. https://doi.org/10.5479/si.GVP.VOTW4-2013" }, "geometry": { "type": "Point", "coordinates": [ 121.18, 21.83 ] } },
{ "type": "Feature", "properties": { "gid": 1348, "nazwa": "Ojos del Salado, Nevados", "ostatnia_erupcja": "750", "kraj": "Chile - Argentyna", "typ": "stratowulkan", "rodzaj_erupcji": "erupcja datowana", "materiał": "dacyt", "tektonika": "strefa subdukcji / skorupa kontynentalna (>25 km)", "legenda": "Wulkan", "źródło": "Global Volcanism Program, 2013. Volcanoes of the World, v. 4.11.0. Venzke, E (ed.). Smithsonian Institution. Downloaded 20 Jun 2022. https://doi.org/10.5479/si.GVP.VOTW4-2013" }, "geometry": { "type": "Point", "coordinates": [ -68.541, -27.109 ] } },
{ "type": "Feature", "properties": { "gid": 783, "nazwa": "Anaun", "ostatnia_erupcja": "brak danych", "kraj": "Rosja", "typ": "stratowulkan", "rodzaj_erupcji": "brak dowodów na wybuch", "materiał": "bazalt / pikryt", "tektonika": "strefa subdukcji / skorupa kontynentalna (>25 km)", "legenda": "Wulkan", "źródło": "Global Volcanism Program, 2013. Volcanoes of the World, v. 4.11.0. Venzke, E (ed.). Smithsonian Institution. Downloaded 20 Jun 2022. https://doi.org/10.5479/si.GVP.VOTW4-2013" }, "geometry": { "type": "Point", "coordinates": [ 158.83, 56.32 ] } },
{ "type": "Feature", "properties": { "gid": 1359, "nazwa": "Tupungatito", "ostatnia_erupcja": "1987", "kraj": "Chile - Argentyna", "typ": "stratowulkan", "rodzaj_erupcji": "erupcja zaobserwowana", "materiał": "andezyt / andezyt bazaltowy", "tektonika": "strefa subdukcji / skorupa kontynentalna (>25 km)", "legenda": "Wulkan", "źródło": "Global Volcanism Program, 2013. Volcanoes of the World, v. 4.11.0. Venzke, E (ed.). Smithsonian Institution. Downloaded 20 Jun 2022. https://doi.org/10.5479/si.GVP.VOTW4-2013" }, "geometry": { "type": "Point", "coordinates": [ -69.797, -33.425 ] } },
{ "type": "Feature", "properties": { "gid": 1360, "nazwa": "San Jose", "ostatnia_erupcja": "1960", "kraj": "Chile - Argentyna", "typ": "stratowulkan", "rodzaj_erupcji": "erupcja zaobserwowana", "materiał": "andezyt / andezyt bazaltowy", "tektonika": "strefa subdukcji / skorupa kontynentalna (>25 km)", "legenda": "Wulkan", "źródło": "Global Volcanism Program, 2013. Volcanoes of the World, v. 4.11.0. Venzke, E (ed.). Smithsonian Institution. Downloaded 20 Jun 2022. https://doi.org/10.5479/si.GVP.VOTW4-2013" }, "geometry": { "type": "Point", "coordinates": [ -69.895, -33.789 ] } },
{ "type": "Feature", "properties": { "gid": 1365, "nazwa": "Tinguiririca", "ostatnia_erupcja": "1917", "kraj": "Chile", "typ": "stratowulkan", "rodzaj_erupcji": "erupcja zaobserwowana", "materiał": "andezyt / andezyt bazaltowy", "tektonika": "strefa subdukcji / skorupa kontynentalna (>25 km)", "legenda": "Wulkan", "źródło": "Global Volcanism Program, 2013. Volcanoes of the World, v. 4.11.0. Venzke, E (ed.). Smithsonian Institution. Downloaded 20 Jun 2022. https://doi.org/10.5479/si.GVP.VOTW4-2013" }, "geometry": { "type": "Point", "coordinates": [ -70.352, -34.814 ] } },
{ "type": "Feature", "properties": { "gid": 1366, "nazwa": "Planchon-Peteroa", "ostatnia_erupcja": "2011", "kraj": "Chile", "typ": "stratowulkan", "rodzaj_erupcji": "erupcja zaobserwowana", "materiał": "andezyt / andezyt bazaltowy", "tektonika": "strefa subdukcji / skorupa kontynentalna (>25 km)", "legenda": "Wulkan", "źródło": "Global Volcanism Program, 2013. Volcanoes of the World, v. 4.11.0. Venzke, E (ed.). Smithsonian Institution. Downloaded 20 Jun 2022. https://doi.org/10.5479/si.GVP.VOTW4-2013" }, "geometry": { "type": "Point", "coordinates": [ -70.568, -35.223 ] } },
{ "type": "Feature", "properties": { "gid": 1369, "nazwa": "Descabezado Grande", "ostatnia_erupcja": "1933", "kraj": "Chile", "typ": "stratowulkan", "rodzaj_erupcji": "erupcja zaobserwowana", "materiał": "andezyt / andezyt bazaltowy", "tektonika": "strefa subdukcji / skorupa kontynentalna (>25 km)", "legenda": "Wulkan", "źródło": "Global Volcanism Program, 2013. Volcanoes of the World, v. 4.11.0. Venzke, E (ed.). Smithsonian Institution. Downloaded 20 Jun 2022. https://doi.org/10.5479/si.GVP.VOTW4-2013" }, "geometry": { "type": "Point", "coordinates": [ -70.75, -35.58 ] } },
{ "type": "Feature", "properties": { "gid": 1370, "nazwa": "Azul, Cerro", "ostatnia_erupcja": "1967", "kraj": "Chile", "typ": "stratowulkan", "rodzaj_erupcji": "erupcja zaobserwowana", "materiał": "dacyt", "tektonika": "strefa subdukcji / skorupa kontynentalna (>25 km)", "legenda": "Wulkan", "źródło": "Global Volcanism Program, 2013. Volcanoes of the World, v. 4.11.0. Venzke, E (ed.). Smithsonian Institution. Downloaded 20 Jun 2022. https://doi.org/10.5479/si.GVP.VOTW4-2013" }, "geometry": { "type": "Point", "coordinates": [ -70.761, -35.653 ] } },
{ "type": "Feature", "properties": { "gid": 663, "nazwa": "Tara, Batu", "ostatnia_erupcja": "2015", "kraj": "Indonezja", "typ": "stratowulkan", "rodzaj_erupcji": "erupcja zaobserwowana", "materiał": "tefryt / trachybazalt", "tektonika": "strefa subdukcji / skorupa oceaniczna (< 15 km)", "legenda": "Wulkan", "źródło": "Global Volcanism Program, 2013. Volcanoes of the World, v. 4.11.0. Venzke, E (ed.). Smithsonian Institution. Downloaded 20 Jun 2022. https://doi.org/10.5479/si.GVP.VOTW4-2013" }, "geometry": { "type": "Point", "coordinates": [ 123.585, -7.791 ] } },
{ "type": "Feature", "properties": { "gid": 665, "nazwa": "Gunungapi Wetar", "ostatnia_erupcja": "1699", "kraj": "Indonezja", "typ": "stratowulkan", "rodzaj_erupcji": "erupcja zaobserwowana", "materiał": "andezyt / andezyt bazaltowy", "tektonika": "strefa subdukcji / skorupa oceaniczna (< 15 km)", "legenda": "Wulkan", "źródło": "Global Volcanism Program, 2013. Volcanoes of the World, v. 4.11.0. Venzke, E (ed.). Smithsonian Institution. Downloaded 20 Jun 2022. https://doi.org/10.5479/si.GVP.VOTW4-2013" }, "geometry": { "type": "Point", "coordinates": [ 126.65, -6.642 ] } },
{ "type": "Feature", "properties": { "gid": 666, "nazwa": "Wurlali", "ostatnia_erupcja": "1892", "kraj": "Indonezja", "typ": "stratowulkan", "rodzaj_erupcji": "erupcja zaobserwowana", "materiał": "andezyt / andezyt bazaltowy", "tektonika": "strefa subdukcji / skorupa oceaniczna (< 15 km)", "legenda": "Wulkan", "źródło": "Global Volcanism Program, 2013. Volcanoes of the World, v. 4.11.0. Venzke, E (ed.). Smithsonian Institution. Downloaded 20 Jun 2022. https://doi.org/10.5479/si.GVP.VOTW4-2013" }, "geometry": { "type": "Point", "coordinates": [ 128.675, -7.125 ] } },
{ "type": "Feature", "properties": { "gid": 667, "nazwa": "Teon", "ostatnia_erupcja": "1904", "kraj": "Indonezja", "typ": "stratowulkan", "rodzaj_erupcji": "erupcja zaobserwowana", "materiał": "andezyt / andezyt bazaltowy", "tektonika": "strefa subdukcji / skorupa oceaniczna (< 15 km)", "legenda": "Wulkan", "źródło": "Global Volcanism Program, 2013. Volcanoes of the World, v. 4.11.0. Venzke, E (ed.). Smithsonian Institution. Downloaded 20 Jun 2022. https://doi.org/10.5479/si.GVP.VOTW4-2013" }, "geometry": { "type": "Point", "coordinates": [ 129.144000000000119, -6.976 ] } },
{ "type": "Feature", "properties": { "gid": 668, "nazwa": "Nila", "ostatnia_erupcja": "1968", "kraj": "Indonezja", "typ": "stratowulkan", "rodzaj_erupcji": "erupcja zaobserwowana", "materiał": "andezyt / andezyt bazaltowy", "tektonika": "strefa subdukcji / skorupa oceaniczna (< 15 km)", "legenda": "Wulkan", "źródło": "Global Volcanism Program, 2013. Volcanoes of the World, v. 4.11.0. Venzke, E (ed.). Smithsonian Institution. Downloaded 20 Jun 2022. https://doi.org/10.5479/si.GVP.VOTW4-2013" }, "geometry": { "type": "Point", "coordinates": [ 129.500000000000114, -6.73 ] } },
{ "type": "Feature", "properties": { "gid": 1373, "nazwa": "Longavi, Nevado de", "ostatnia_erupcja": "4890 p.n.e.", "kraj": "Chile", "typ": "stratowulkan", "rodzaj_erupcji": "erupcja datowana", "materiał": "andezyt / andezyt bazaltowy", "tektonika": "strefa subdukcji / skorupa kontynentalna (>25 km)", "legenda": "Wulkan", "źródło": "Global Volcanism Program, 2013. Volcanoes of the World, v. 4.11.0. Venzke, E (ed.). Smithsonian Institution. Downloaded 20 Jun 2022. https://doi.org/10.5479/si.GVP.VOTW4-2013" }, "geometry": { "type": "Point", "coordinates": [ -71.161, -36.193 ] } },
{ "type": "Feature", "properties": { "gid": 1378, "nazwa": "Chillan, Nevados de", "ostatnia_erupcja": "2018", "kraj": "Chile", "typ": "stratowulkan", "rodzaj_erupcji": "erupcja zaobserwowana", "materiał": "andezyt / andezyt bazaltowy", "tektonika": "strefa subdukcji / skorupa kontynentalna (>25 km)", "legenda": "Wulkan", "źródło": "Global Volcanism Program, 2013. Volcanoes of the World, v. 4.11.0. Venzke, E (ed.). Smithsonian Institution. Downloaded 20 Jun 2022. https://doi.org/10.5479/si.GVP.VOTW4-2013" }, "geometry": { "type": "Point", "coordinates": [ -71.378, -36.868 ] } },
{ "type": "Feature", "properties": { "gid": 714, "nazwa": "Camiguin", "ostatnia_erupcja": "1953", "kraj": "Filipiny", "typ": "stratowulkan", "rodzaj_erupcji": "erupcja zaobserwowana", "materiał": "andezyt / andezyt bazaltowy", "tektonika": "strefa subdukcji / skorupa kontynentalna (>25 km)", "legenda": "Wulkan", "źródło": "Global Volcanism Program, 2013. Volcanoes of the World, v. 4.11.0. Venzke, E (ed.). Smithsonian Institution. Downloaded 20 Jun 2022. https://doi.org/10.5479/si.GVP.VOTW4-2013" }, "geometry": { "type": "Point", "coordinates": [ 124.673000000000116, 9.203 ] } },
{ "type": "Feature", "properties": { "gid": 716, "nazwa": "Kanlaon", "ostatnia_erupcja": "2017", "kraj": "Filipiny", "typ": "stratowulkan", "rodzaj_erupcji": "erupcja zaobserwowana", "materiał": "andezyt / andezyt bazaltowy", "tektonika": "strefa subdukcji / skorupa kontynentalna (>25 km)", "legenda": "Wulkan", "źródło": "Global Volcanism Program, 2013. Volcanoes of the World, v. 4.11.0. Venzke, E (ed.). Smithsonian Institution. Downloaded 20 Jun 2022. https://doi.org/10.5479/si.GVP.VOTW4-2013" }, "geometry": { "type": "Point", "coordinates": [ 123.132, 10.412 ] } },
{ "type": "Feature", "properties": { "gid": 719, "nazwa": "Cabalían", "ostatnia_erupcja": "1820", "kraj": "Filipiny", "typ": "stratowulkan", "rodzaj_erupcji": "erupcja datowana", "materiał": "andezyt / andezyt bazaltowy", "tektonika": "strefa subdukcji / skorupa kontynentalna (>25 km)", "legenda": "Wulkan", "źródło": "Global Volcanism Program, 2013. Volcanoes of the World, v. 4.11.0. Venzke, E (ed.). Smithsonian Institution. Downloaded 20 Jun 2022. https://doi.org/10.5479/si.GVP.VOTW4-2013" }, "geometry": { "type": "Point", "coordinates": [ 125.218, 10.285 ] } },
{ "type": "Feature", "properties": { "gid": 722, "nazwa": "Bulusan", "ostatnia_erupcja": "2017", "kraj": "Filipiny", "typ": "stratowulkan", "rodzaj_erupcji": "erupcja zaobserwowana", "materiał": "andezyt / andezyt bazaltowy", "tektonika": "strefa subdukcji / skorupa kontynentalna (>25 km)", "legenda": "Wulkan", "źródło": "Global Volcanism Program, 2013. Volcanoes of the World, v. 4.11.0. Venzke, E (ed.). Smithsonian Institution. Downloaded 20 Jun 2022. https://doi.org/10.5479/si.GVP.VOTW4-2013" }, "geometry": { "type": "Point", "coordinates": [ 124.056, 12.769 ] } },
{ "type": "Feature", "properties": { "gid": 724, "nazwa": "Mayon", "ostatnia_erupcja": "2018", "kraj": "Filipiny", "typ": "stratowulkan", "rodzaj_erupcji": "erupcja zaobserwowana", "materiał": "andezyt / andezyt bazaltowy", "tektonika": "strefa subdukcji / skorupa kontynentalna (>25 km)", "legenda": "Wulkan", "źródło": "Global Volcanism Program, 2013. Volcanoes of the World, v. 4.11.0. Venzke, E (ed.). Smithsonian Institution. Downloaded 20 Jun 2022. https://doi.org/10.5479/si.GVP.VOTW4-2013" }, "geometry": { "type": "Point", "coordinates": [ 123.685, 13.257 ] } },
{ "type": "Feature", "properties": { "gid": 727, "nazwa": "Isarog", "ostatnia_erupcja": "3500 p.n.e.", "kraj": "Filipiny", "typ": "stratowulkan", "rodzaj_erupcji": "erupcja datowana", "materiał": "andezyt / andezyt bazaltowy", "tektonika": "strefa subdukcji / skorupa kontynentalna (>25 km)", "legenda": "Wulkan", "źródło": "Global Volcanism Program, 2013. Volcanoes of the World, v. 4.11.0. Venzke, E (ed.). Smithsonian Institution. Downloaded 20 Jun 2022. https://doi.org/10.5479/si.GVP.VOTW4-2013" }, "geometry": { "type": "Point", "coordinates": [ 123.380000000000109, 13.658 ] } },
{ "type": "Feature", "properties": { "gid": 730, "nazwa": "San Pablo Volcanic Field", "ostatnia_erupcja": "1350", "kraj": "Filipiny", "typ": "stratowulkan", "rodzaj_erupcji": "erupcja datowana", "materiał": "trachyandezyt / bazaltowy trachyandezyt", "tektonika": "strefa subdukcji / skorupa kontynentalna (>25 km)", "legenda": "Wulkan", "źródło": "Global Volcanism Program, 2013. Volcanoes of the World, v. 4.11.0. Venzke, E (ed.). Smithsonian Institution. Downloaded 20 Jun 2022. https://doi.org/10.5479/si.GVP.VOTW4-2013" }, "geometry": { "type": "Point", "coordinates": [ 121.3, 14.12 ] } },
{ "type": "Feature", "properties": { "gid": 732, "nazwa": "Vilyuchik", "ostatnia_erupcja": "8050 p.n.e.", "kraj": "Rosja", "typ": "stratowulkan", "rodzaj_erupcji": "erupcja datowana", "materiał": "andezyt / andezyt bazaltowy", "tektonika": "strefa subdukcji / skorupa kontynentalna (>25 km)", "legenda": "Wulkan", "źródło": "Global Volcanism Program, 2013. Volcanoes of the World, v. 4.11.0. Venzke, E (ed.). Smithsonian Institution. Downloaded 20 Jun 2022. https://doi.org/10.5479/si.GVP.VOTW4-2013" }, "geometry": { "type": "Point", "coordinates": [ 158.28, 52.7 ] } },
{ "type": "Feature", "properties": { "gid": 1396, "nazwa": "Mocho-Choshuenco", "ostatnia_erupcja": "1937", "kraj": "Chile", "typ": "stratowulkan", "rodzaj_erupcji": "erupcja zaobserwowana", "materiał": "andezyt / andezyt bazaltowy", "tektonika": "strefa subdukcji / skorupa kontynentalna (>25 km)", "legenda": "Wulkan", "źródło": "Global Volcanism Program, 2013. Volcanoes of the World, v. 4.11.0. Venzke, E (ed.). Smithsonian Institution. Downloaded 20 Jun 2022. https://doi.org/10.5479/si.GVP.VOTW4-2013" }, "geometry": { "type": "Point", "coordinates": [ -72.027, -39.927 ] } },
{ "type": "Feature", "properties": { "gid": 1398, "nazwa": "Puyehue-Cordon Caulle", "ostatnia_erupcja": "2012", "kraj": "Chile", "typ": "stratowulkan", "rodzaj_erupcji": "erupcja zaobserwowana", "materiał": "andezyt / andezyt bazaltowy", "tektonika": "strefa subdukcji / skorupa kontynentalna (>25 km)", "legenda": "Wulkan", "źródło": "Global Volcanism Program, 2013. Volcanoes of the World, v. 4.11.0. Venzke, E (ed.). Smithsonian Institution. Downloaded 20 Jun 2022. https://doi.org/10.5479/si.GVP.VOTW4-2013" }, "geometry": { "type": "Point", "coordinates": [ -72.117, -40.59 ] } },
{ "type": "Feature", "properties": { "gid": 1400, "nazwa": "Antillanca Group", "ostatnia_erupcja": "230 p.n.e.", "kraj": "Chile", "typ": "stratowulkan", "rodzaj_erupcji": "erupcja datowana", "materiał": "bazalt / pikryt", "tektonika": "strefa subdukcji / skorupa kontynentalna (>25 km)", "legenda": "Wulkan", "źródło": "Global Volcanism Program, 2013. Volcanoes of the World, v. 4.11.0. Venzke, E (ed.). Smithsonian Institution. Downloaded 20 Jun 2022. https://doi.org/10.5479/si.GVP.VOTW4-2013" }, "geometry": { "type": "Point", "coordinates": [ -72.153, -40.771 ] } },
{ "type": "Feature", "properties": { "gid": 1401, "nazwa": "Puntiagudo-Cordon Cenizos", "ostatnia_erupcja": "1850", "kraj": "Chile", "typ": "stratowulkan", "rodzaj_erupcji": "erupcja zaobserwowana", "materiał": "andezyt / andezyt bazaltowy", "tektonika": "strefa subdukcji / skorupa kontynentalna (>25 km)", "legenda": "Wulkan", "źródło": "Global Volcanism Program, 2013. Volcanoes of the World, v. 4.11.0. Venzke, E (ed.). Smithsonian Institution. Downloaded 20 Jun 2022. https://doi.org/10.5479/si.GVP.VOTW4-2013" }, "geometry": { "type": "Point", "coordinates": [ -72.264, -40.969 ] } },
{ "type": "Feature", "properties": { "gid": 1402, "nazwa": "Osorno", "ostatnia_erupcja": "1869", "kraj": "Chile", "typ": "stratowulkan", "rodzaj_erupcji": "erupcja zaobserwowana", "materiał": "bazalt / pikryt", "tektonika": "strefa subdukcji / skorupa kontynentalna (>25 km)", "legenda": "Wulkan", "źródło": "Global Volcanism Program, 2013. Volcanoes of the World, v. 4.11.0. Venzke, E (ed.). Smithsonian Institution. Downloaded 20 Jun 2022. https://doi.org/10.5479/si.GVP.VOTW4-2013" }, "geometry": { "type": "Point", "coordinates": [ -72.496, -41.105 ] } },
{ "type": "Feature", "properties": { "gid": 1405, "nazwa": "Calbuco", "ostatnia_erupcja": "2015", "kraj": "Chile", "typ": "stratowulkan", "rodzaj_erupcji": "erupcja zaobserwowana", "materiał": "andezyt / andezyt bazaltowy", "tektonika": "strefa subdukcji / skorupa kontynentalna (>25 km)", "legenda": "Wulkan", "źródło": "Global Volcanism Program, 2013. Volcanoes of the World, v. 4.11.0. Venzke, E (ed.). Smithsonian Institution. Downloaded 20 Jun 2022. https://doi.org/10.5479/si.GVP.VOTW4-2013" }, "geometry": { "type": "Point", "coordinates": [ -72.618, -41.33 ] } },
{ "type": "Feature", "properties": { "gid": 1406, "nazwa": "Yate", "ostatnia_erupcja": "1090", "kraj": "Chile", "typ": "stratowulkan", "rodzaj_erupcji": "erupcja datowana", "materiał": "andezyt / andezyt bazaltowy", "tektonika": "strefa subdukcji / skorupa kontynentalna (>25 km)", "legenda": "Wulkan", "źródło": "Global Volcanism Program, 2013. Volcanoes of the World, v. 4.11.0. Venzke, E (ed.). Smithsonian Institution. Downloaded 20 Jun 2022. https://doi.org/10.5479/si.GVP.VOTW4-2013" }, "geometry": { "type": "Point", "coordinates": [ -72.396, -41.755 ] } },
{ "type": "Feature", "properties": { "gid": 1407, "nazwa": "Hornopiren", "ostatnia_erupcja": "340", "kraj": "Chile", "typ": "stratowulkan", "rodzaj_erupcji": "erupcja datowana", "materiał": "andezyt / andezyt bazaltowy", "tektonika": "strefa subdukcji / skorupa kontynentalna (>25 km)", "legenda": "Wulkan", "źródło": "Global Volcanism Program, 2013. Volcanoes of the World, v. 4.11.0. Venzke, E (ed.). Smithsonian Institution. Downloaded 20 Jun 2022. https://doi.org/10.5479/si.GVP.VOTW4-2013" }, "geometry": { "type": "Point", "coordinates": [ -72.431, -41.874 ] } },
{ "type": "Feature", "properties": { "gid": 1411, "nazwa": "Michinmahuida", "ostatnia_erupcja": "1835", "kraj": "Chile", "typ": "stratowulkan", "rodzaj_erupcji": "erupcja zaobserwowana", "materiał": "andezyt / andezyt bazaltowy", "tektonika": "strefa subdukcji / skorupa kontynentalna (>25 km)", "legenda": "Wulkan", "źródło": "Global Volcanism Program, 2013. Volcanoes of the World, v. 4.11.0. Venzke, E (ed.). Smithsonian Institution. Downloaded 20 Jun 2022. https://doi.org/10.5479/si.GVP.VOTW4-2013" }, "geometry": { "type": "Point", "coordinates": [ -72.445, -42.799 ] } },
{ "type": "Feature", "properties": { "gid": 735, "nazwa": "Victory", "ostatnia_erupcja": "1935", "kraj": "Papua - Nowa Gwinea", "typ": "stratowulkan", "rodzaj_erupcji": "erupcja zaobserwowana", "materiał": "andezyt / andezyt bazaltowy", "tektonika": "strefa subdukcji / skorupa kontynentalna (>25 km)", "legenda": "Wulkan", "źródło": "Global Volcanism Program, 2013. Volcanoes of the World, v. 4.11.0. Venzke, E (ed.). Smithsonian Institution. Downloaded 20 Jun 2022. https://doi.org/10.5479/si.GVP.VOTW4-2013" }, "geometry": { "type": "Point", "coordinates": [ 149.07, -9.2 ] } },
{ "type": "Feature", "properties": { "gid": 736, "nazwa": "Koryaksky", "ostatnia_erupcja": "2009", "kraj": "Rosja", "typ": "stratowulkan", "rodzaj_erupcji": "erupcja zaobserwowana", "materiał": "andezyt / andezyt bazaltowy", "tektonika": "strefa subdukcji / skorupa kontynentalna (>25 km)", "legenda": "Wulkan", "źródło": "Global Volcanism Program, 2013. Volcanoes of the World, v. 4.11.0. Venzke, E (ed.). Smithsonian Institution. Downloaded 20 Jun 2022. https://doi.org/10.5479/si.GVP.VOTW4-2013" }, "geometry": { "type": "Point", "coordinates": [ 158.712000000000103, 53.321 ] } },
{ "type": "Feature", "properties": { "gid": 737, "nazwa": "Avachinsky", "ostatnia_erupcja": "2001", "kraj": "Rosja", "typ": "stratowulkan", "rodzaj_erupcji": "erupcja zaobserwowana", "materiał": "andezyt / andezyt bazaltowy", "tektonika": "strefa subdukcji / skorupa kontynentalna (>25 km)", "legenda": "Wulkan", "źródło": "Global Volcanism Program, 2013. Volcanoes of the World, v. 4.11.0. Venzke, E (ed.). Smithsonian Institution. Downloaded 20 Jun 2022. https://doi.org/10.5479/si.GVP.VOTW4-2013" }, "geometry": { "type": "Point", "coordinates": [ 158.836, 53.256 ] } },
{ "type": "Feature", "properties": { "gid": 1413, "nazwa": "Yanteles", "ostatnia_erupcja": "6650 p.n.e.", "kraj": "Chile", "typ": "stratowulkan", "rodzaj_erupcji": "erupcja datowana", "materiał": "andezyt / andezyt bazaltowy", "tektonika": "strefa subdukcji / skorupa kontynentalna (>25 km)", "legenda": "Wulkan", "źródło": "Global Volcanism Program, 2013. Volcanoes of the World, v. 4.11.0. Venzke, E (ed.). Smithsonian Institution. Downloaded 20 Jun 2022. https://doi.org/10.5479/si.GVP.VOTW4-2013" }, "geometry": { "type": "Point", "coordinates": [ -72.81, -43.497 ] } },
{ "type": "Feature", "properties": { "gid": 1414, "nazwa": "Corcovado", "ostatnia_erupcja": "4920 p.n.e.", "kraj": "Chile", "typ": "stratowulkan", "rodzaj_erupcji": "erupcja datowana", "materiał": "andezyt / andezyt bazaltowy", "tektonika": "strefa subdukcji / skorupa kontynentalna (>25 km)", "legenda": "Wulkan", "źródło": "Global Volcanism Program, 2013. Volcanoes of the World, v. 4.11.0. Venzke, E (ed.). Smithsonian Institution. Downloaded 20 Jun 2022. https://doi.org/10.5479/si.GVP.VOTW4-2013" }, "geometry": { "type": "Point", "coordinates": [ -72.794, -43.189 ] } },
{ "type": "Feature", "properties": { "gid": 30, "nazwa": "Erciyes Dagi", "ostatnia_erupcja": "6880 p.n.e.", "kraj": "Turcja", "typ": "stratowulkan", "rodzaj_erupcji": "erupcja datowana", "materiał": "dacyt", "tektonika": "strefa subdukcji / skorupa kontynentalna (>25 km)", "legenda": "Wulkan", "źródło": "Global Volcanism Program, 2013. Volcanoes of the World, v. 4.11.0. Venzke, E (ed.). Smithsonian Institution. Downloaded 20 Jun 2022. https://doi.org/10.5479/si.GVP.VOTW4-2013" }, "geometry": { "type": "Point", "coordinates": [ 35.447, 38.531 ] } },
{ "type": "Feature", "properties": { "gid": 32, "nazwa": "Nemrut Dagi", "ostatnia_erupcja": "1650", "kraj": "Turcja", "typ": "stratowulkan", "rodzaj_erupcji": "erupcja zaobserwowana", "materiał": "ryolit", "tektonika": "strefa subdukcji / skorupa kontynentalna (>25 km)", "legenda": "Wulkan", "źródło": "Global Volcanism Program, 2013. Volcanoes of the World, v. 4.11.0. Venzke, E (ed.). Smithsonian Institution. Downloaded 20 Jun 2022. https://doi.org/10.5479/si.GVP.VOTW4-2013" }, "geometry": { "type": "Point", "coordinates": [ 42.229, 38.654 ] } },
{ "type": "Feature", "properties": { "gid": 34, "nazwa": "Ararat", "ostatnia_erupcja": "1840", "kraj": "Turcja", "typ": "stratowulkan", "rodzaj_erupcji": "erupcja zaobserwowana", "materiał": "andezyt / andezyt bazaltowy", "tektonika": "strefa subdukcji / skorupa kontynentalna (>25 km)", "legenda": "Wulkan", "źródło": "Global Volcanism Program, 2013. Volcanoes of the World, v. 4.11.0. Venzke, E (ed.). Smithsonian Institution. Downloaded 20 Jun 2022. https://doi.org/10.5479/si.GVP.VOTW4-2013" }, "geometry": { "type": "Point", "coordinates": [ 44.3, 39.7 ] } },
{ "type": "Feature", "properties": { "gid": 745, "nazwa": "Bakening", "ostatnia_erupcja": "550 p.n.e.", "kraj": "Rosja", "typ": "stratowulkan", "rodzaj_erupcji": "erupcja datowana", "materiał": "andezyt / andezyt bazaltowy", "tektonika": "strefa subdukcji / skorupa kontynentalna (>25 km)", "legenda": "Wulkan", "źródło": "Global Volcanism Program, 2013. Volcanoes of the World, v. 4.11.0. Venzke, E (ed.). Smithsonian Institution. Downloaded 20 Jun 2022. https://doi.org/10.5479/si.GVP.VOTW4-2013" }, "geometry": { "type": "Point", "coordinates": [ 158.07, 53.905 ] } },
{ "type": "Feature", "properties": { "gid": 747, "nazwa": "Akademia Nauk", "ostatnia_erupcja": "1996", "kraj": "Rosja", "typ": "stratowulkan", "rodzaj_erupcji": "erupcja zaobserwowana", "materiał": "andezyt / andezyt bazaltowy", "tektonika": "strefa subdukcji / skorupa kontynentalna (>25 km)", "legenda": "Wulkan", "źródło": "Global Volcanism Program, 2013. Volcanoes of the World, v. 4.11.0. Venzke, E (ed.). Smithsonian Institution. Downloaded 20 Jun 2022. https://doi.org/10.5479/si.GVP.VOTW4-2013" }, "geometry": { "type": "Point", "coordinates": [ 159.45, 53.98 ] } },
{ "type": "Feature", "properties": { "gid": 826, "nazwa": "Motlav", "ostatnia_erupcja": "brak danych", "kraj": "Vanuatu", "typ": "stratowulkan", "rodzaj_erupcji": "nieznana data wybuchu", "materiał": "bazalt / pikryt", "tektonika": "strefa subdukcji / skorupa oceaniczna (< 15 km)", "legenda": "Wulkan", "źródło": "Global Volcanism Program, 2013. Volcanoes of the World, v. 4.11.0. Venzke, E (ed.). Smithsonian Institution. Downloaded 20 Jun 2022. https://doi.org/10.5479/si.GVP.VOTW4-2013" }, "geometry": { "type": "Point", "coordinates": [ 167.67, -13.67 ] } },
{ "type": "Feature", "properties": { "gid": 748, "nazwa": "Karymsky", "ostatnia_erupcja": "2020", "kraj": "Rosja", "typ": "stratowulkan", "rodzaj_erupcji": "erupcja zaobserwowana", "materiał": "andezyt / andezyt bazaltowy", "tektonika": "strefa subdukcji / skorupa kontynentalna (>25 km)", "legenda": "Wulkan", "źródło": "Global Volcanism Program, 2013. Volcanoes of the World, v. 4.11.0. Venzke, E (ed.). Smithsonian Institution. Downloaded 20 Jun 2022. https://doi.org/10.5479/si.GVP.VOTW4-2013" }, "geometry": { "type": "Point", "coordinates": [ 159.443, 54.049 ] } },
{ "type": "Feature", "properties": { "gid": 750, "nazwa": "Bolshoi Semiachik", "ostatnia_erupcja": "4450 p.n.e.", "kraj": "Rosja", "typ": "stratowulkan", "rodzaj_erupcji": "erupcja datowana", "materiał": "bazalt / pikryt", "tektonika": "strefa subdukcji / skorupa kontynentalna (>25 km)", "legenda": "Wulkan", "źródło": "Global Volcanism Program, 2013. Volcanoes of the World, v. 4.11.0. Venzke, E (ed.). Smithsonian Institution. Downloaded 20 Jun 2022. https://doi.org/10.5479/si.GVP.VOTW4-2013" }, "geometry": { "type": "Point", "coordinates": [ 160.02, 54.32 ] } },
{ "type": "Feature", "properties": { "gid": 751, "nazwa": "Taunshits", "ostatnia_erupcja": "550 p.n.e.", "kraj": "Rosja", "typ": "stratowulkan", "rodzaj_erupcji": "erupcja datowana", "materiał": "andezyt / andezyt bazaltowy", "tektonika": "strefa subdukcji / skorupa kontynentalna (>25 km)", "legenda": "Wulkan", "źródło": "Global Volcanism Program, 2013. Volcanoes of the World, v. 4.11.0. Venzke, E (ed.). Smithsonian Institution. Downloaded 20 Jun 2022. https://doi.org/10.5479/si.GVP.VOTW4-2013" }, "geometry": { "type": "Point", "coordinates": [ 159.804, 54.528 ] } },
{ "type": "Feature", "properties": { "gid": 753, "nazwa": "Kikhpinych", "ostatnia_erupcja": "1550", "kraj": "Rosja", "typ": "stratowulkan", "rodzaj_erupcji": "erupcja datowana", "materiał": "bazalt / pikryt", "tektonika": "strefa subdukcji / skorupa kontynentalna (>25 km)", "legenda": "Wulkan", "źródło": "Global Volcanism Program, 2013. Volcanoes of the World, v. 4.11.0. Venzke, E (ed.). Smithsonian Institution. Downloaded 20 Jun 2022. https://doi.org/10.5479/si.GVP.VOTW4-2013" }, "geometry": { "type": "Point", "coordinates": [ 160.251, 54.489 ] } },
{ "type": "Feature", "properties": { "gid": 755, "nazwa": "Kronotsky", "ostatnia_erupcja": "1923", "kraj": "Rosja", "typ": "stratowulkan", "rodzaj_erupcji": "erupcja zaobserwowana", "materiał": "bazalt / pikryt", "tektonika": "strefa subdukcji / skorupa kontynentalna (>25 km)", "legenda": "Wulkan", "źródło": "Global Volcanism Program, 2013. Volcanoes of the World, v. 4.11.0. Venzke, E (ed.). Smithsonian Institution. Downloaded 20 Jun 2022. https://doi.org/10.5479/si.GVP.VOTW4-2013" }, "geometry": { "type": "Point", "coordinates": [ 160.533, 54.753 ] } },
{ "type": "Feature", "properties": { "gid": 758, "nazwa": "Komarov", "ostatnia_erupcja": "950", "kraj": "Rosja", "typ": "stratowulkan", "rodzaj_erupcji": "erupcja datowana", "materiał": "bazalt / pikryt", "tektonika": "strefa subdukcji / skorupa kontynentalna (>25 km)", "legenda": "Wulkan", "źródło": "Global Volcanism Program, 2013. Volcanoes of the World, v. 4.11.0. Venzke, E (ed.). Smithsonian Institution. Downloaded 20 Jun 2022. https://doi.org/10.5479/si.GVP.VOTW4-2013" }, "geometry": { "type": "Point", "coordinates": [ 160.725, 55.033 ] } },
{ "type": "Feature", "properties": { "gid": 759, "nazwa": "Vysoky", "ostatnia_erupcja": "550 p.n.e.", "kraj": "Rosja", "typ": "stratowulkan", "rodzaj_erupcji": "erupcja datowana", "materiał": "andezyt / andezyt bazaltowy", "tektonika": "strefa subdukcji / skorupa kontynentalna (>25 km)", "legenda": "Wulkan", "źródło": "Global Volcanism Program, 2013. Volcanoes of the World, v. 4.11.0. Venzke, E (ed.). Smithsonian Institution. Downloaded 20 Jun 2022. https://doi.org/10.5479/si.GVP.VOTW4-2013" }, "geometry": { "type": "Point", "coordinates": [ 160.7650000000001, 55.064 ] } },
{ "type": "Feature", "properties": { "gid": 760, "nazwa": "Kizimen", "ostatnia_erupcja": "2013", "kraj": "Rosja", "typ": "stratowulkan", "rodzaj_erupcji": "erupcja zaobserwowana", "materiał": "andezyt / andezyt bazaltowy", "tektonika": "strefa subdukcji / skorupa kontynentalna (>25 km)", "legenda": "Wulkan", "źródło": "Global Volcanism Program, 2013. Volcanoes of the World, v. 4.11.0. Venzke, E (ed.). Smithsonian Institution. Downloaded 20 Jun 2022. https://doi.org/10.5479/si.GVP.VOTW4-2013" }, "geometry": { "type": "Point", "coordinates": [ 160.32, 55.131 ] } },
{ "type": "Feature", "properties": { "gid": 68, "nazwa": "Dabbahu", "ostatnia_erupcja": "2005", "kraj": "Etiopia", "typ": "stratowulkan", "rodzaj_erupcji": "erupcja zaobserwowana", "materiał": "bazalt / pikryt", "tektonika": "strefa ryftowa / skorupa pośrednia (15-25 km)", "legenda": "Wulkan", "źródło": "Global Volcanism Program, 2013. Volcanoes of the World, v. 4.11.0. Venzke, E (ed.). Smithsonian Institution. Downloaded 20 Jun 2022. https://doi.org/10.5479/si.GVP.VOTW4-2013" }, "geometry": { "type": "Point", "coordinates": [ 40.48, 12.595 ] } },
{ "type": "Feature", "properties": { "gid": 1019, "nazwa": "Soufriere St. Vincent", "ostatnia_erupcja": "2021", "kraj": "Saint Vincent i Grenadyny", "typ": "stratowulkan", "rodzaj_erupcji": "erupcja zaobserwowana", "materiał": "andezyt / andezyt bazaltowy", "tektonika": "strefa subdukcji / skorupa oceaniczna (< 15 km)", "legenda": "Wulkan", "źródło": "Global Volcanism Program, 2013. Volcanoes of the World, v. 4.11.0. Venzke, E (ed.). Smithsonian Institution. Downloaded 20 Jun 2022. https://doi.org/10.5479/si.GVP.VOTW4-2013" }, "geometry": { "type": "Point", "coordinates": [ -61.18, 13.33 ] } },
{ "type": "Feature", "properties": { "gid": 1416, "nazwa": "Melimoyu", "ostatnia_erupcja": "200", "kraj": "Chile", "typ": "stratowulkan", "rodzaj_erupcji": "erupcja datowana", "materiał": "andezyt / andezyt bazaltowy", "tektonika": "strefa subdukcji / skorupa kontynentalna (>25 km)", "legenda": "Wulkan", "źródło": "Global Volcanism Program, 2013. Volcanoes of the World, v. 4.11.0. Venzke, E (ed.). Smithsonian Institution. Downloaded 20 Jun 2022. https://doi.org/10.5479/si.GVP.VOTW4-2013" }, "geometry": { "type": "Point", "coordinates": [ -72.88, -44.08 ] } },
{ "type": "Feature", "properties": { "gid": 1418, "nazwa": "Mentolat", "ostatnia_erupcja": "1710", "kraj": "Chile", "typ": "stratowulkan", "rodzaj_erupcji": "erupcja zaobserwowana", "materiał": "andezyt / andezyt bazaltowy", "tektonika": "strefa subdukcji / skorupa kontynentalna (>25 km)", "legenda": "Wulkan", "źródło": "Global Volcanism Program, 2013. Volcanoes of the World, v. 4.11.0. Venzke, E (ed.). Smithsonian Institution. Downloaded 20 Jun 2022. https://doi.org/10.5479/si.GVP.VOTW4-2013" }, "geometry": { "type": "Point", "coordinates": [ -73.08, -44.7 ] } },
{ "type": "Feature", "properties": { "gid": 1420, "nazwa": "Maca", "ostatnia_erupcja": "1560", "kraj": "Chile", "typ": "stratowulkan", "rodzaj_erupcji": "erupcja datowana", "materiał": "bazalt / pikryt", "tektonika": "strefa subdukcji / skorupa kontynentalna (>25 km)", "legenda": "Wulkan", "źródło": "Global Volcanism Program, 2013. Volcanoes of the World, v. 4.11.0. Venzke, E (ed.). Smithsonian Institution. Downloaded 20 Jun 2022. https://doi.org/10.5479/si.GVP.VOTW4-2013" }, "geometry": { "type": "Point", "coordinates": [ -73.17, -45.1 ] } },
{ "type": "Feature", "properties": { "gid": 1421, "nazwa": "Hudson, Cerro", "ostatnia_erupcja": "2011", "kraj": "Chile", "typ": "stratowulkan", "rodzaj_erupcji": "erupcja zaobserwowana", "materiał": "bazalt / pikryt", "tektonika": "strefa subdukcji / skorupa kontynentalna (>25 km)", "legenda": "Wulkan", "źródło": "Global Volcanism Program, 2013. Volcanoes of the World, v. 4.11.0. Venzke, E (ed.). Smithsonian Institution. Downloaded 20 Jun 2022. https://doi.org/10.5479/si.GVP.VOTW4-2013" }, "geometry": { "type": "Point", "coordinates": [ -72.97, -45.9 ] } },
{ "type": "Feature", "properties": { "gid": 1422, "nazwa": "Arenales", "ostatnia_erupcja": "1979", "kraj": "Chile", "typ": "stratowulkan", "rodzaj_erupcji": "erupcja zaobserwowana", "materiał": "-", "tektonika": "strefa subdukcji / skorupa kontynentalna (>25 km)", "legenda": "Wulkan", "źródło": "Global Volcanism Program, 2013. Volcanoes of the World, v. 4.11.0. Venzke, E (ed.). Smithsonian Institution. Downloaded 20 Jun 2022. https://doi.org/10.5479/si.GVP.VOTW4-2013" }, "geometry": { "type": "Point", "coordinates": [ -73.48, -47.2 ] } },
{ "type": "Feature", "properties": { "gid": 128, "nazwa": "Popa", "ostatnia_erupcja": "442 p.n.e.", "kraj": "Mjanma", "typ": "stratowulkan", "rodzaj_erupcji": "erupcja datowana", "materiał": "bazalt / pikryt", "tektonika": "strefa subdukcji / skorupa kontynentalna (>25 km)", "legenda": "Wulkan", "źródło": "Global Volcanism Program, 2013. Volcanoes of the World, v. 4.11.0. Venzke, E (ed.). Smithsonian Institution. Downloaded 20 Jun 2022. https://doi.org/10.5479/si.GVP.VOTW4-2013" }, "geometry": { "type": "Point", "coordinates": [ 95.25, 20.92 ] } },
{ "type": "Feature", "properties": { "gid": 1155, "nazwa": "Chiles-Cerro Negro", "ostatnia_erupcja": "1936", "kraj": "Kolumbia - Ekwador", "typ": "stratowulkan", "rodzaj_erupcji": "brak dowodów na wybuch", "materiał": "dacyt", "tektonika": "strefa subdukcji / skorupa kontynentalna (>25 km)", "legenda": "Wulkan", "źródło": "Global Volcanism Program, 2013. Volcanoes of the World, v. 4.11.0. Venzke, E (ed.). Smithsonian Institution. Downloaded 20 Jun 2022. https://doi.org/10.5479/si.GVP.VOTW4-2013" }, "geometry": { "type": "Point", "coordinates": [ -77.938, 0.817 ] } },
{ "type": "Feature", "properties": { "gid": 1169, "nazwa": "Sumaco", "ostatnia_erupcja": "1895", "kraj": "Ekwador", "typ": "stratowulkan", "rodzaj_erupcji": "brak dowodów na wybuch", "materiał": "tefryt / trachybazalt", "tektonika": "strefa subdukcji / skorupa kontynentalna (>25 km)", "legenda": "Wulkan", "źródło": "Global Volcanism Program, 2013. Volcanoes of the World, v. 4.11.0. Venzke, E (ed.). Smithsonian Institution. Downloaded 20 Jun 2022. https://doi.org/10.5479/si.GVP.VOTW4-2013" }, "geometry": { "type": "Point", "coordinates": [ -77.626, -0.538 ] } },
{ "type": "Feature", "properties": { "gid": 529, "nazwa": "Kerguelen Islands", "ostatnia_erupcja": "brak danych", "kraj": "Francja", "typ": "stratowulkan", "rodzaj_erupcji": "brak dowodów na wybuch", "materiał": "trachyandezyt / bazaltowy trachyandezyt", "tektonika": "strefa subdukcji / skorupa oceaniczna (< 15 km)", "legenda": "Wulkan", "źródło": "Global Volcanism Program, 2013. Volcanoes of the World, v. 4.11.0. Venzke, E (ed.). Smithsonian Institution. Downloaded 20 Jun 2022. https://doi.org/10.5479/si.GVP.VOTW4-2013" }, "geometry": { "type": "Point", "coordinates": [ 69.5, -49.58 ] } },
{ "type": "Feature", "properties": { "gid": 530, "nazwa": "Est, Ile de l'", "ostatnia_erupcja": "brak danych", "kraj": "Francja", "typ": "stratowulkan", "rodzaj_erupcji": "brak dowodów na wybuch", "materiał": "bazalt / pikryt", "tektonika": "strefa ryftowa / skorupa oceaniczna (< 15 km)", "legenda": "Wulkan", "źródło": "Global Volcanism Program, 2013. Volcanoes of the World, v. 4.11.0. Venzke, E (ed.). Smithsonian Institution. Downloaded 20 Jun 2022. https://doi.org/10.5479/si.GVP.VOTW4-2013" }, "geometry": { "type": "Point", "coordinates": [ 52.2, -46.43 ] } },
{ "type": "Feature", "properties": { "gid": 105, "nazwa": "Natib", "ostatnia_erupcja": "brak danych", "kraj": "Filipiny", "typ": "stratowulkan", "rodzaj_erupcji": "brak dowodów na wybuch", "materiał": "andezyt / andezyt bazaltowy", "tektonika": "strefa subdukcji / skorupa kontynentalna (>25 km)", "legenda": "Wulkan", "źródło": "Global Volcanism Program, 2013. Volcanoes of the World, v. 4.11.0. Venzke, E (ed.). Smithsonian Institution. Downloaded 20 Jun 2022. https://doi.org/10.5479/si.GVP.VOTW4-2013" }, "geometry": { "type": "Point", "coordinates": [ 120.4, 14.72 ] } },
{ "type": "Feature", "properties": { "gid": 109, "nazwa": "Arayat", "ostatnia_erupcja": "brak danych", "kraj": "Filipiny", "typ": "stratowulkan", "rodzaj_erupcji": "brak dowodów na wybuch", "materiał": "bazalt / pikryt", "tektonika": "strefa subdukcji / skorupa kontynentalna (>25 km)", "legenda": "Wulkan", "źródło": "Global Volcanism Program, 2013. Volcanoes of the World, v. 4.11.0. Venzke, E (ed.). Smithsonian Institution. Downloaded 20 Jun 2022. https://doi.org/10.5479/si.GVP.VOTW4-2013" }, "geometry": { "type": "Point", "coordinates": [ 120.742, 15.2 ] } },
{ "type": "Feature", "properties": { "gid": 138, "nazwa": "Akusekijima", "ostatnia_erupcja": "brak danych", "kraj": "Japonia", "typ": "stratowulkan", "rodzaj_erupcji": "brak dowodów na wybuch", "materiał": "andezyt / andezyt bazaltowy", "tektonika": "strefa subdukcji / skorupa oceaniczna (< 15 km)", "legenda": "Wulkan", "źródło": "Global Volcanism Program, 2013. Volcanoes of the World, v. 4.11.0. Venzke, E (ed.). Smithsonian Institution. Downloaded 20 Jun 2022. https://doi.org/10.5479/si.GVP.VOTW4-2013" }, "geometry": { "type": "Point", "coordinates": [ 129.594, 29.465 ] } },
{ "type": "Feature", "properties": { "gid": 173, "nazwa": "Akagisan", "ostatnia_erupcja": "brak danych", "kraj": "Japonia", "typ": "stratowulkan", "rodzaj_erupcji": "brak dowodów na wybuch", "materiał": "andezyt / andezyt bazaltowy", "tektonika": "strefa subdukcji / skorupa kontynentalna (>25 km)", "legenda": "Wulkan", "źródło": "Global Volcanism Program, 2013. Volcanoes of the World, v. 4.11.0. Venzke, E (ed.). Smithsonian Institution. Downloaded 20 Jun 2022. https://doi.org/10.5479/si.GVP.VOTW4-2013" }, "geometry": { "type": "Point", "coordinates": [ 139.193, 36.56 ] } },
{ "type": "Feature", "properties": { "gid": 213, "nazwa": "Sofugan", "ostatnia_erupcja": "brak danych", "kraj": "Japonia", "typ": "stratowulkan", "rodzaj_erupcji": "brak dowodów na wybuch", "materiał": "bazalt / pikryt", "tektonika": "strefa subdukcji / skorupa oceaniczna (< 15 km)", "legenda": "Wulkan", "źródło": "Global Volcanism Program, 2013. Volcanoes of the World, v. 4.11.0. Venzke, E (ed.). Smithsonian Institution. Downloaded 20 Jun 2022. https://doi.org/10.5479/si.GVP.VOTW4-2013" }, "geometry": { "type": "Point", "coordinates": [ 140.342, 29.794 ] } },
{ "type": "Feature", "properties": { "gid": 279, "nazwa": "Odamoisan [Tebenkov]", "ostatnia_erupcja": "brak danych", "kraj": "Japonia", "typ": "stratowulkan", "rodzaj_erupcji": "brak dowodów na wybuch", "materiał": "-", "tektonika": "strefa subdukcji / skorupa oceaniczna (< 15 km)", "legenda": "Wulkan", "źródło": "Global Volcanism Program, 2013. Volcanoes of the World, v. 4.11.0. Venzke, E (ed.). Smithsonian Institution. Downloaded 20 Jun 2022. https://doi.org/10.5479/si.GVP.VOTW4-2013" }, "geometry": { "type": "Point", "coordinates": [ 147.91800000000012, 45.028 ] } },
{ "type": "Feature", "properties": { "gid": 789, "nazwa": "Cherny", "ostatnia_erupcja": "brak danych", "kraj": "Rosja", "typ": "stratowulkan", "rodzaj_erupcji": "brak dowodów na wybuch", "materiał": "bazalt / pikryt", "tektonika": "strefa subdukcji / skorupa kontynentalna (>25 km)", "legenda": "Wulkan", "źródło": "Global Volcanism Program, 2013. Volcanoes of the World, v. 4.11.0. Venzke, E (ed.). Smithsonian Institution. Downloaded 20 Jun 2022. https://doi.org/10.5479/si.GVP.VOTW4-2013" }, "geometry": { "type": "Point", "coordinates": [ 159.67, 56.82 ] } },
{ "type": "Feature", "properties": { "gid": 792, "nazwa": "Bliznets", "ostatnia_erupcja": "brak danych", "kraj": "Rosja", "typ": "stratowulkan", "rodzaj_erupcji": "brak dowodów na wybuch", "materiał": "bazalt / pikryt", "tektonika": "strefa subdukcji / skorupa kontynentalna (>25 km)", "legenda": "Wulkan", "źródło": "Global Volcanism Program, 2013. Volcanoes of the World, v. 4.11.0. Venzke, E (ed.). Smithsonian Institution. Downloaded 20 Jun 2022. https://doi.org/10.5479/si.GVP.VOTW4-2013" }, "geometry": { "type": "Point", "coordinates": [ 159.78, 56.97 ] } },
{ "type": "Feature", "properties": { "gid": 807, "nazwa": "Alngey", "ostatnia_erupcja": "brak danych", "kraj": "Rosja", "typ": "stratowulkan", "rodzaj_erupcji": "brak dowodów na wybuch", "materiał": "bazalt / pikryt", "tektonika": "strefa subdukcji / skorupa kontynentalna (>25 km)", "legenda": "Wulkan", "źródło": "Global Volcanism Program, 2013. Volcanoes of the World, v. 4.11.0. Venzke, E (ed.). Smithsonian Institution. Downloaded 20 Jun 2022. https://doi.org/10.5479/si.GVP.VOTW4-2013" }, "geometry": { "type": "Point", "coordinates": [ 160.41800000000012, 57.702 ] } },
{ "type": "Feature", "properties": { "gid": 835, "nazwa": "NE Shepherd Islands", "ostatnia_erupcja": "brak danych", "kraj": "Vanuatu", "typ": "stratowulkan", "rodzaj_erupcji": "brak dowodów na wybuch", "materiał": "bazalt / pikryt", "tektonika": "strefa subdukcji / skorupa oceaniczna (< 15 km)", "legenda": "Wulkan", "źródło": "Global Volcanism Program, 2013. Volcanoes of the World, v. 4.11.0. Venzke, E (ed.). Smithsonian Institution. Downloaded 20 Jun 2022. https://doi.org/10.5479/si.GVP.VOTW4-2013" }, "geometry": { "type": "Point", "coordinates": [ 168.592, -16.992 ] } },
{ "type": "Feature", "properties": { "gid": 839, "nazwa": "Aneityum", "ostatnia_erupcja": "brak danych", "kraj": "Vanuatu", "typ": "stratowulkan", "rodzaj_erupcji": "brak dowodów na wybuch", "materiał": "bazalt / pikryt", "tektonika": "strefa subdukcji / skorupa oceaniczna (< 15 km)", "legenda": "Wulkan", "źródło": "Global Volcanism Program, 2013. Volcanoes of the World, v. 4.11.0. Venzke, E (ed.). Smithsonian Institution. Downloaded 20 Jun 2022. https://doi.org/10.5479/si.GVP.VOTW4-2013" }, "geometry": { "type": "Point", "coordinates": [ 169.78, -20.2 ] } },
{ "type": "Feature", "properties": { "gid": 852, "nazwa": "Sibualbuali", "ostatnia_erupcja": "brak danych", "kraj": "Indonezja", "typ": "stratowulkan", "rodzaj_erupcji": "brak dowodów na wybuch", "materiał": "dacyt", "tektonika": "strefa subdukcji / skorupa kontynentalna (>25 km)", "legenda": "Wulkan", "źródło": "Global Volcanism Program, 2013. Volcanoes of the World, v. 4.11.0. Venzke, E (ed.). Smithsonian Institution. Downloaded 20 Jun 2022. https://doi.org/10.5479/si.GVP.VOTW4-2013" }, "geometry": { "type": "Point", "coordinates": [ 99.255, 1.556 ] } },
{ "type": "Feature", "properties": { "gid": 853, "nazwa": "Lubukraya", "ostatnia_erupcja": "brak danych", "kraj": "Indonezja", "typ": "stratowulkan", "rodzaj_erupcji": "brak dowodów na wybuch", "materiał": "andezyt / andezyt bazaltowy", "tektonika": "strefa subdukcji / skorupa kontynentalna (>25 km)", "legenda": "Wulkan", "źródło": "Global Volcanism Program, 2013. Volcanoes of the World, v. 4.11.0. Venzke, E (ed.). Smithsonian Institution. Downloaded 20 Jun 2022. https://doi.org/10.5479/si.GVP.VOTW4-2013" }, "geometry": { "type": "Point", "coordinates": [ 99.209, 1.478 ] } },
{ "type": "Feature", "properties": { "gid": 1224, "nazwa": "Miniques", "ostatnia_erupcja": "brak danych", "kraj": "Chile", "typ": "stratowulkan", "rodzaj_erupcji": "brak dowodów na wybuch", "materiał": "andezyt / andezyt bazaltowy", "tektonika": "strefa subdukcji / skorupa kontynentalna (>25 km)", "legenda": "Wulkan", "źródło": "Global Volcanism Program, 2013. Volcanoes of the World, v. 4.11.0. Venzke, E (ed.). Smithsonian Institution. Downloaded 20 Jun 2022. https://doi.org/10.5479/si.GVP.VOTW4-2013" }, "geometry": { "type": "Point", "coordinates": [ -67.77, -23.82 ] } },
{ "type": "Feature", "properties": { "gid": 1253, "nazwa": "Tres Virgenes", "ostatnia_erupcja": "brak danych", "kraj": "Meksyk", "typ": "stratowulkan", "rodzaj_erupcji": "brak dowodów na wybuch", "materiał": "andezyt / andezyt bazaltowy", "tektonika": "strefa ryftowa / skorupa kontynentalna (>25 km)", "legenda": "Wulkan", "źródło": "Global Volcanism Program, 2013. Volcanoes of the World, v. 4.11.0. Venzke, E (ed.). Smithsonian Institution. Downloaded 20 Jun 2022. https://doi.org/10.5479/si.GVP.VOTW4-2013" }, "geometry": { "type": "Point", "coordinates": [ -112.591, 27.47 ] } },
{ "type": "Feature", "properties": { "gid": 1314, "nazwa": "Guazapa", "ostatnia_erupcja": "brak danych", "kraj": "Salwador", "typ": "stratowulkan", "rodzaj_erupcji": "brak dowodów na wybuch", "materiał": "bazalt / pikryt", "tektonika": "strefa subdukcji / skorupa kontynentalna (>25 km)", "legenda": "Wulkan", "źródło": "Global Volcanism Program, 2013. Volcanoes of the World, v. 4.11.0. Venzke, E (ed.). Smithsonian Institution. Downloaded 20 Jun 2022. https://doi.org/10.5479/si.GVP.VOTW4-2013" }, "geometry": { "type": "Point", "coordinates": [ -89.12, 13.9 ] } },
{ "type": "Feature", "properties": { "gid": 1318, "nazwa": "Taburete", "ostatnia_erupcja": "brak danych", "kraj": "Salwador", "typ": "stratowulkan", "rodzaj_erupcji": "brak dowodów na wybuch", "materiał": "bazalt / pikryt", "tektonika": "strefa subdukcji / skorupa kontynentalna (>25 km)", "legenda": "Wulkan", "źródło": "Global Volcanism Program, 2013. Volcanoes of the World, v. 4.11.0. Venzke, E (ed.). Smithsonian Institution. Downloaded 20 Jun 2022. https://doi.org/10.5479/si.GVP.VOTW4-2013" }, "geometry": { "type": "Point", "coordinates": [ -88.532, 13.435 ] } },
{ "type": "Feature", "properties": { "gid": 1334, "nazwa": "Caichinque", "ostatnia_erupcja": "brak danych", "kraj": "Chile", "typ": "stratowulkan", "rodzaj_erupcji": "brak dowodów na wybuch", "materiał": "andezyt / andezyt bazaltowy", "tektonika": "strefa subdukcji / skorupa kontynentalna (>25 km)", "legenda": "Wulkan", "źródło": "Global Volcanism Program, 2013. Volcanoes of the World, v. 4.11.0. Venzke, E (ed.). Smithsonian Institution. Downloaded 20 Jun 2022. https://doi.org/10.5479/si.GVP.VOTW4-2013" }, "geometry": { "type": "Point", "coordinates": [ -67.74, -23.949 ] } },
{ "type": "Feature", "properties": { "gid": 1335, "nazwa": "Tilocalar", "ostatnia_erupcja": "brak danych", "kraj": "Chile", "typ": "stratowulkan", "rodzaj_erupcji": "brak dowodów na wybuch", "materiał": "andezyt / andezyt bazaltowy", "tektonika": "strefa subdukcji / skorupa kontynentalna (>25 km)", "legenda": "Wulkan", "źródło": "Global Volcanism Program, 2013. Volcanoes of the World, v. 4.11.0. Venzke, E (ed.). Smithsonian Institution. Downloaded 20 Jun 2022. https://doi.org/10.5479/si.GVP.VOTW4-2013" }, "geometry": { "type": "Point", "coordinates": [ -68.13, -23.97 ] } },
{ "type": "Feature", "properties": { "gid": 1337, "nazwa": "Pular", "ostatnia_erupcja": "brak danych", "kraj": "Chile", "typ": "stratowulkan", "rodzaj_erupcji": "brak dowodów na wybuch", "materiał": "andezyt / andezyt bazaltowy", "tektonika": "strefa subdukcji / skorupa kontynentalna (>25 km)", "legenda": "Wulkan", "źródło": "Global Volcanism Program, 2013. Volcanoes of the World, v. 4.11.0. Venzke, E (ed.). Smithsonian Institution. Downloaded 20 Jun 2022. https://doi.org/10.5479/si.GVP.VOTW4-2013" }, "geometry": { "type": "Point", "coordinates": [ -68.054, -24.188 ] } },
{ "type": "Feature", "properties": { "gid": 1341, "nazwa": "Escorial", "ostatnia_erupcja": "brak danych", "kraj": "Chile - Argentyna", "typ": "stratowulkan", "rodzaj_erupcji": "brak dowodów na wybuch", "materiał": "andezyt / andezyt bazaltowy", "tektonika": "strefa subdukcji / skorupa kontynentalna (>25 km)", "legenda": "Wulkan", "źródło": "Global Volcanism Program, 2013. Volcanoes of the World, v. 4.11.0. Venzke, E (ed.). Smithsonian Institution. Downloaded 20 Jun 2022. https://doi.org/10.5479/si.GVP.VOTW4-2013" }, "geometry": { "type": "Point", "coordinates": [ -68.367, -25.083 ] } },
{ "type": "Feature", "properties": { "gid": 1347, "nazwa": "Incahuasi, Nevado de", "ostatnia_erupcja": "brak danych", "kraj": "Chile - Argentyna", "typ": "stratowulkan", "rodzaj_erupcji": "brak dowodów na wybuch", "materiał": "dacyt", "tektonika": "strefa subdukcji / skorupa kontynentalna (>25 km)", "legenda": "Wulkan", "źródło": "Global Volcanism Program, 2013. Volcanoes of the World, v. 4.11.0. Venzke, E (ed.). Smithsonian Institution. Downloaded 20 Jun 2022. https://doi.org/10.5479/si.GVP.VOTW4-2013" }, "geometry": { "type": "Point", "coordinates": [ -68.296, -27.033 ] } },
{ "type": "Feature", "properties": { "gid": 377, "nazwa": "Voon, Tarso", "ostatnia_erupcja": "brak danych", "kraj": "Czad", "typ": "stratowulkan", "rodzaj_erupcji": "holocen", "materiał": "trachit", "tektonika": "strefa subdukcji / skorupa kontynentalna (>25 km)", "legenda": "Wulkan", "źródło": "Global Volcanism Program, 2013. Volcanoes of the World, v. 4.11.0. Venzke, E (ed.). Smithsonian Institution. Downloaded 20 Jun 2022. https://doi.org/10.5479/si.GVP.VOTW4-2013" }, "geometry": { "type": "Point", "coordinates": [ 17.28, 20.92 ] } },
{ "type": "Feature", "properties": { "gid": 571, "nazwa": "Metis Shoal", "ostatnia_erupcja": "1995", "kraj": "Tonga", "typ": "podwodny", "rodzaj_erupcji": "erupcja zaobserwowana", "materiał": "dacyt", "tektonika": "strefa subdukcji / skorupa oceaniczna (< 15 km)", "legenda": "Wulkan", "źródło": "Global Volcanism Program, 2013. Volcanoes of the World, v. 4.11.0. Venzke, E (ed.). Smithsonian Institution. Downloaded 20 Jun 2022. https://doi.org/10.5479/si.GVP.VOTW4-2013" }, "geometry": { "type": "Point", "coordinates": [ -174.87, -19.18 ] } },
{ "type": "Feature", "properties": { "gid": 999, "nazwa": "Loihi", "ostatnia_erupcja": "1996", "kraj": "Stany Zjednoczone", "typ": "podwodny", "rodzaj_erupcji": "erupcja zaobserwowana", "materiał": "bazalt / pikryt", "tektonika": "strefa subdukcji / skorupa oceaniczna (< 15 km)", "legenda": "Wulkan", "źródło": "Global Volcanism Program, 2013. Volcanoes of the World, v. 4.11.0. Venzke, E (ed.). Smithsonian Institution. Downloaded 20 Jun 2022. https://doi.org/10.5479/si.GVP.VOTW4-2013" }, "geometry": { "type": "Point", "coordinates": [ -155.27, 18.92 ] } },
{ "type": "Feature", "properties": { "gid": 923, "nazwa": "Alligator Lake", "ostatnia_erupcja": "brak danych", "kraj": "Kanada", "typ": "pole wulkaniczne", "rodzaj_erupcji": "nieznana data wybuchu", "materiał": "bazalt / pikryt", "tektonika": "strefa subdukcji / skorupa kontynentalna (>25 km)", "legenda": "Wulkan", "źródło": "Global Volcanism Program, 2013. Volcanoes of the World, v. 4.11.0. Venzke, E (ed.). Smithsonian Institution. Downloaded 20 Jun 2022. https://doi.org/10.5479/si.GVP.VOTW4-2013" }, "geometry": { "type": "Point", "coordinates": [ -135.42, 60.42 ] } },
{ "type": "Feature", "properties": { "gid": 326, "nazwa": "Central Island", "ostatnia_erupcja": "brak danych", "kraj": "Kenia", "typ": "stożkowy", "rodzaj_erupcji": "nieznana data wybuchu", "materiał": "bazalt / pikryt", "tektonika": "strefa ryftowa / skorupa kontynentalna (>25 km)", "legenda": "Wulkan", "źródło": "Global Volcanism Program, 2013. Volcanoes of the World, v. 4.11.0. Venzke, E (ed.). Smithsonian Institution. Downloaded 20 Jun 2022. https://doi.org/10.5479/si.GVP.VOTW4-2013" }, "geometry": { "type": "Point", "coordinates": [ 36.04, 3.496 ] } },
{ "type": "Feature", "properties": { "gid": 652, "nazwa": "Sukaria Caldera", "ostatnia_erupcja": "brak danych", "kraj": "Indonezja", "typ": "kaldera", "rodzaj_erupcji": "holocen", "materiał": "-", "tektonika": "strefa subdukcji / grubość skorupy nieznana", "legenda": "Wulkan", "źródło": "Global Volcanism Program, 2013. Volcanoes of the World, v. 4.11.0. Venzke, E (ed.). Smithsonian Institution. Downloaded 20 Jun 2022. https://doi.org/10.5479/si.GVP.VOTW4-2013" }, "geometry": { "type": "Point", "coordinates": [ 121.77, -8.792 ] } },
{ "type": "Feature", "properties": { "gid": 502, "nazwa": "Stepovak Bay 2", "ostatnia_erupcja": "brak danych", "kraj": "Stany Zjednoczone", "typ": "stożkowy", "rodzaj_erupcji": "nieznana data wybuchu", "materiał": "andezyt / andezyt bazaltowy", "tektonika": "strefa subdukcji / skorupa kontynentalna (>25 km)", "legenda": "Wulkan", "źródło": "Global Volcanism Program, 2013. Volcanoes of the World, v. 4.11.0. Venzke, E (ed.). Smithsonian Institution. Downloaded 20 Jun 2022. https://doi.org/10.5479/si.GVP.VOTW4-2013" }, "geometry": { "type": "Point", "coordinates": [ -160.041, 55.913 ] } },
{ "type": "Feature", "properties": { "gid": 104, "nazwa": "Vernadskii Ridge", "ostatnia_erupcja": "brak danych", "kraj": "Rosja", "typ": "stożkowy", "rodzaj_erupcji": "nieznana data wybuchu", "materiał": "andezyt / andezyt bazaltowy", "tektonika": "strefa subdukcji / skorupa kontynentalna (>25 km)", "legenda": "Wulkan", "źródło": "Global Volcanism Program, 2013. Volcanoes of the World, v. 4.11.0. Venzke, E (ed.). Smithsonian Institution. Downloaded 20 Jun 2022. https://doi.org/10.5479/si.GVP.VOTW4-2013" }, "geometry": { "type": "Point", "coordinates": [ 155.97, 50.55 ] } },
{ "type": "Feature", "properties": { "gid": 340, "nazwa": "Elmenteita Badlands", "ostatnia_erupcja": "brak danych", "kraj": "Kenia", "typ": "stożkowy", "rodzaj_erupcji": "nieznana data wybuchu", "materiał": "bazalt / pikryt", "tektonika": "strefa ryftowa / skorupa kontynentalna (>25 km)", "legenda": "Wulkan", "źródło": "Global Volcanism Program, 2013. Volcanoes of the World, v. 4.11.0. Venzke, E (ed.). Smithsonian Institution. Downloaded 20 Jun 2022. https://doi.org/10.5479/si.GVP.VOTW4-2013" }, "geometry": { "type": "Point", "coordinates": [ 36.27, -0.52 ] } },
{ "type": "Feature", "properties": { "gid": 92, "nazwa": "Sodore", "ostatnia_erupcja": "brak danych", "kraj": "Etiopia", "typ": "stożkowy", "rodzaj_erupcji": "nieznana data wybuchu", "materiał": "bazalt / pikryt", "tektonika": "strefa subdukcji / skorupa kontynentalna (>25 km)", "legenda": "Wulkan", "źródło": "Global Volcanism Program, 2013. Volcanoes of the World, v. 4.11.0. Venzke, E (ed.). Smithsonian Institution. Downloaded 20 Jun 2022. https://doi.org/10.5479/si.GVP.VOTW4-2013" }, "geometry": { "type": "Point", "coordinates": [ 39.35, 8.43 ] } },
{ "type": "Feature", "properties": { "gid": 94, "nazwa": "Bora-Bericcio", "ostatnia_erupcja": "brak danych", "kraj": "Etiopia", "typ": "stożkowy", "rodzaj_erupcji": "nieznana data wybuchu", "materiał": "ryolit", "tektonika": "strefa ryftowa / skorupa kontynentalna (>25 km)", "legenda": "Wulkan", "źródło": "Global Volcanism Program, 2013. Volcanoes of the World, v. 4.11.0. Venzke, E (ed.). Smithsonian Institution. Downloaded 20 Jun 2022. https://doi.org/10.5479/si.GVP.VOTW4-2013" }, "geometry": { "type": "Point", "coordinates": [ 39.05, 8.221 ] } },
{ "type": "Feature", "properties": { "gid": 285, "nazwa": "Ivao Group", "ostatnia_erupcja": "brak danych", "kraj": "Rosja", "typ": "stożkowy", "rodzaj_erupcji": "nieznana data wybuchu", "materiał": "-", "tektonika": "strefa subdukcji / skorupa oceaniczna (< 15 km)", "legenda": "Wulkan", "źródło": "Global Volcanism Program, 2013. Volcanoes of the World, v. 4.11.0. Venzke, E (ed.). Smithsonian Institution. Downloaded 20 Jun 2022. https://doi.org/10.5479/si.GVP.VOTW4-2013" }, "geometry": { "type": "Point", "coordinates": [ 149.68, 45.77 ] } },
{ "type": "Feature", "properties": { "gid": 1188, "nazwa": "Santa Cruz", "ostatnia_erupcja": "brak danych", "kraj": "Ekwador", "typ": "tarczowy", "rodzaj_erupcji": "nieznana data wybuchu", "materiał": "bazalt / pikryt", "tektonika": "strefa ryftowa / skorupa oceaniczna (< 15 km)", "legenda": "Wulkan", "źródło": "Global Volcanism Program, 2013. Volcanoes of the World, v. 4.11.0. Venzke, E (ed.). Smithsonian Institution. Downloaded 20 Jun 2022. https://doi.org/10.5479/si.GVP.VOTW4-2013" }, "geometry": { "type": "Point", "coordinates": [ -90.33, -0.62 ] } },
{ "type": "Feature", "properties": { "gid": 1189, "nazwa": "San Cristobal", "ostatnia_erupcja": "brak danych", "kraj": "Ekwador", "typ": "tarczowy", "rodzaj_erupcji": "nieznana data wybuchu", "materiał": "bazalt / pikryt", "tektonika": "strefa ryftowa / skorupa oceaniczna (< 15 km)", "legenda": "Wulkan", "źródło": "Global Volcanism Program, 2013. Volcanoes of the World, v. 4.11.0. Venzke, E (ed.). Smithsonian Institution. Downloaded 20 Jun 2022. https://doi.org/10.5479/si.GVP.VOTW4-2013" }, "geometry": { "type": "Point", "coordinates": [ -89.5, -0.88 ] } },
{ "type": "Feature", "properties": { "gid": 1251, "nazwa": "Guadalupe", "ostatnia_erupcja": "brak danych", "kraj": "Meksyk", "typ": "tarczowy", "rodzaj_erupcji": "nieznana data wybuchu", "materiał": "trachyandezyt / bazaltowy trachyandezyt", "tektonika": "strefa ryftowa / skorupa oceaniczna (< 15 km)", "legenda": "Wulkan", "źródło": "Global Volcanism Program, 2013. Volcanoes of the World, v. 4.11.0. Venzke, E (ed.). Smithsonian Institution. Downloaded 20 Jun 2022. https://doi.org/10.5479/si.GVP.VOTW4-2013" }, "geometry": { "type": "Point", "coordinates": [ -118.28, 29.07 ] } },
{ "type": "Feature", "properties": { "gid": 1254, "nazwa": "Tortuga, Isla", "ostatnia_erupcja": "brak danych", "kraj": "Meksyk", "typ": "tarczowy", "rodzaj_erupcji": "nieznana data wybuchu", "materiał": "bazalt / pikryt", "tektonika": "strefa ryftowa / skorupa kontynentalna (>25 km)", "legenda": "Wulkan", "źródło": "Global Volcanism Program, 2013. Volcanoes of the World, v. 4.11.0. Venzke, E (ed.). Smithsonian Institution. Downloaded 20 Jun 2022. https://doi.org/10.5479/si.GVP.VOTW4-2013" }, "geometry": { "type": "Point", "coordinates": [ -111.881, 27.438 ] } },
{ "type": "Feature", "properties": { "gid": 1275, "nazwa": "Atlixcos, Los", "ostatnia_erupcja": "brak danych", "kraj": "Meksyk", "typ": "tarczowy", "rodzaj_erupcji": "nieznana data wybuchu", "materiał": "bazalt / pikryt", "tektonika": "strefa subdukcji / skorupa kontynentalna (>25 km)", "legenda": "Wulkan", "źródło": "Global Volcanism Program, 2013. Volcanoes of the World, v. 4.11.0. Venzke, E (ed.). Smithsonian Institution. Downloaded 20 Jun 2022. https://doi.org/10.5479/si.GVP.VOTW4-2013" }, "geometry": { "type": "Point", "coordinates": [ -96.526, 19.809 ] } },
{ "type": "Feature", "properties": { "gid": 1358, "nazwa": "Easter Island", "ostatnia_erupcja": "brak danych", "kraj": "Chile", "typ": "tarczowy", "rodzaj_erupcji": "nieznana data wybuchu", "materiał": "bazalt / pikryt", "tektonika": "strefa ryftowa / skorupa oceaniczna (< 15 km)", "legenda": "Wulkan", "źródło": "Global Volcanism Program, 2013. Volcanoes of the World, v. 4.11.0. Venzke, E (ed.). Smithsonian Institution. Downloaded 20 Jun 2022. https://doi.org/10.5479/si.GVP.VOTW4-2013" }, "geometry": { "type": "Point", "coordinates": [ -109.38, -27.15 ] } },
{ "type": "Feature", "properties": { "gid": 314, "nazwa": "Tepi", "ostatnia_erupcja": "brak danych", "kraj": "Etiopia", "typ": "tarczowy", "rodzaj_erupcji": "holocen", "materiał": "bazalt / pikryt", "tektonika": "strefa subdukcji / skorupa kontynentalna (>25 km)", "legenda": "Wulkan", "źródło": "Global Volcanism Program, 2013. Volcanoes of the World, v. 4.11.0. Venzke, E (ed.). Smithsonian Institution. Downloaded 20 Jun 2022. https://doi.org/10.5479/si.GVP.VOTW4-2013" }, "geometry": { "type": "Point", "coordinates": [ 35.43, 7.42 ] } },
{ "type": "Feature", "properties": { "gid": 15, "nazwa": "Vulcano", "ostatnia_erupcja": "1890", "kraj": "Włochy", "typ": "stratowulkan", "rodzaj_erupcji": "erupcja zaobserwowana", "materiał": "tefryt / trachybazalt", "tektonika": "strefa subdukcji / skorupa kontynentalna (>25 km)", "legenda": "Wulkan", "źródło": "Global Volcanism Program, 2013. Volcanoes of the World, v. 4.11.0. Venzke, E (ed.). Smithsonian Institution. Downloaded 20 Jun 2022. https://doi.org/10.5479/si.GVP.VOTW4-2013" }, "geometry": { "type": "Point", "coordinates": [ 14.962, 38.404 ] } },
{ "type": "Feature", "properties": { "gid": 1285, "nazwa": "Santa Maria", "ostatnia_erupcja": "2018", "kraj": "Gwatemala", "typ": "stratowulkan", "rodzaj_erupcji": "erupcja zaobserwowana", "materiał": "dacyt", "tektonika": "strefa subdukcji / skorupa kontynentalna (>25 km)", "legenda": "Wulkan", "źródło": "Global Volcanism Program, 2013. Volcanoes of the World, v. 4.11.0. Venzke, E (ed.). Smithsonian Institution. Downloaded 20 Jun 2022. https://doi.org/10.5479/si.GVP.VOTW4-2013" }, "geometry": { "type": "Point", "coordinates": [ -91.552, 14.757 ] } },
{ "type": "Feature", "properties": { "gid": 894, "nazwa": "Merbabu", "ostatnia_erupcja": "1797", "kraj": "Indonezja", "typ": "stratowulkan", "rodzaj_erupcji": "erupcja zaobserwowana", "materiał": "bazalt / pikryt", "tektonika": "strefa subdukcji / skorupa kontynentalna (>25 km)", "legenda": "Wulkan", "źródło": "Global Volcanism Program, 2013. Volcanoes of the World, v. 4.11.0. Venzke, E (ed.). Smithsonian Institution. Downloaded 20 Jun 2022. https://doi.org/10.5479/si.GVP.VOTW4-2013" }, "geometry": { "type": "Point", "coordinates": [ 110.44, -7.454 ] } },
{ "type": "Feature", "properties": { "gid": 896, "nazwa": "Muria", "ostatnia_erupcja": "160 p.n.e.", "kraj": "Indonezja", "typ": "stratowulkan", "rodzaj_erupcji": "erupcja datowana", "materiał": "tefryt / trachybazalt", "tektonika": "strefa subdukcji / skorupa kontynentalna (>25 km)", "legenda": "Wulkan", "źródło": "Global Volcanism Program, 2013. Volcanoes of the World, v. 4.11.0. Venzke, E (ed.). Smithsonian Institution. Downloaded 20 Jun 2022. https://doi.org/10.5479/si.GVP.VOTW4-2013" }, "geometry": { "type": "Point", "coordinates": [ 110.88, -6.62 ] } },
{ "type": "Feature", "properties": { "gid": 904, "nazwa": "Fourpeaked", "ostatnia_erupcja": "2006", "kraj": "Stany Zjednoczone", "typ": "stratowulkan", "rodzaj_erupcji": "erupcja zaobserwowana", "materiał": "andezyt / andezyt bazaltowy", "tektonika": "strefa subdukcji / skorupa kontynentalna (>25 km)", "legenda": "Wulkan", "źródło": "Global Volcanism Program, 2013. Volcanoes of the World, v. 4.11.0. Venzke, E (ed.). Smithsonian Institution. Downloaded 20 Jun 2022. https://doi.org/10.5479/si.GVP.VOTW4-2013" }, "geometry": { "type": "Point", "coordinates": [ -153.672, 58.77 ] } },
{ "type": "Feature", "properties": { "gid": 907, "nazwa": "Iliamna", "ostatnia_erupcja": "1876", "kraj": "Stany Zjednoczone", "typ": "stratowulkan", "rodzaj_erupcji": "erupcja zaobserwowana", "materiał": "andezyt / andezyt bazaltowy", "tektonika": "strefa subdukcji / skorupa kontynentalna (>25 km)", "legenda": "Wulkan", "źródło": "Global Volcanism Program, 2013. Volcanoes of the World, v. 4.11.0. Venzke, E (ed.). Smithsonian Institution. Downloaded 20 Jun 2022. https://doi.org/10.5479/si.GVP.VOTW4-2013" }, "geometry": { "type": "Point", "coordinates": [ -153.09, 60.032 ] } },
{ "type": "Feature", "properties": { "gid": 908, "nazwa": "Redoubt", "ostatnia_erupcja": "2009", "kraj": "Stany Zjednoczone", "typ": "stratowulkan", "rodzaj_erupcji": "erupcja zaobserwowana", "materiał": "andezyt / andezyt bazaltowy", "tektonika": "strefa subdukcji / skorupa kontynentalna (>25 km)", "legenda": "Wulkan", "źródło": "Global Volcanism Program, 2013. Volcanoes of the World, v. 4.11.0. Venzke, E (ed.). Smithsonian Institution. Downloaded 20 Jun 2022. https://doi.org/10.5479/si.GVP.VOTW4-2013" }, "geometry": { "type": "Point", "coordinates": [ -152.742, 60.485 ] } },
{ "type": "Feature", "properties": { "gid": 909, "nazwa": "Spurr", "ostatnia_erupcja": "1992", "kraj": "Stany Zjednoczone", "typ": "stratowulkan", "rodzaj_erupcji": "erupcja zaobserwowana", "materiał": "andezyt / andezyt bazaltowy", "tektonika": "strefa subdukcji / skorupa kontynentalna (>25 km)", "legenda": "Wulkan", "źródło": "Global Volcanism Program, 2013. Volcanoes of the World, v. 4.11.0. Venzke, E (ed.). Smithsonian Institution. Downloaded 20 Jun 2022. https://doi.org/10.5479/si.GVP.VOTW4-2013" }, "geometry": { "type": "Point", "coordinates": [ -152.251, 61.299 ] } },
{ "type": "Feature", "properties": { "gid": 910, "nazwa": "Hayes", "ostatnia_erupcja": "1200", "kraj": "Stany Zjednoczone", "typ": "stratowulkan", "rodzaj_erupcji": "erupcja datowana", "materiał": "dacyt", "tektonika": "strefa subdukcji / skorupa kontynentalna (>25 km)", "legenda": "Wulkan", "źródło": "Global Volcanism Program, 2013. Volcanoes of the World, v. 4.11.0. Venzke, E (ed.). Smithsonian Institution. Downloaded 20 Jun 2022. https://doi.org/10.5479/si.GVP.VOTW4-2013" }, "geometry": { "type": "Point", "coordinates": [ -152.411, 61.64 ] } },
{ "type": "Feature", "properties": { "gid": 142, "nazwa": "Kuchinoerabujima", "ostatnia_erupcja": "2015", "kraj": "Japonia", "typ": "stratowulkan", "rodzaj_erupcji": "erupcja zaobserwowana", "materiał": "andezyt / andezyt bazaltowy", "tektonika": "strefa subdukcji / skorupa oceaniczna (< 15 km)", "legenda": "Wulkan", "źródło": "Global Volcanism Program, 2013. Volcanoes of the World, v. 4.11.0. Venzke, E (ed.). Smithsonian Institution. Downloaded 20 Jun 2022. https://doi.org/10.5479/si.GVP.VOTW4-2013" }, "geometry": { "type": "Point", "coordinates": [ 130.217, 30.443 ] } },
{ "type": "Feature", "properties": { "gid": 197, "nazwa": "Osorezan", "ostatnia_erupcja": "1787", "kraj": "Japonia", "typ": "stratowulkan", "rodzaj_erupcji": "erupcja zaobserwowana", "materiał": "andezyt / andezyt bazaltowy", "tektonika": "strefa subdukcji / skorupa kontynentalna (>25 km)", "legenda": "Wulkan", "źródło": "Global Volcanism Program, 2013. Volcanoes of the World, v. 4.11.0. Venzke, E (ed.). Smithsonian Institution. Downloaded 20 Jun 2022. https://doi.org/10.5479/si.GVP.VOTW4-2013" }, "geometry": { "type": "Point", "coordinates": [ 141.120000000000118, 41.279 ] } },
{ "type": "Feature", "properties": { "gid": 199, "nazwa": "Toshima", "ostatnia_erupcja": "4550 p.n.e.", "kraj": "Japonia", "typ": "stratowulkan", "rodzaj_erupcji": "erupcja datowana", "materiał": "bazalt / pikryt", "tektonika": "strefa subdukcji / skorupa oceaniczna (< 15 km)", "legenda": "Wulkan", "źródło": "Global Volcanism Program, 2013. Volcanoes of the World, v. 4.11.0. Venzke, E (ed.). Smithsonian Institution. Downloaded 20 Jun 2022. https://doi.org/10.5479/si.GVP.VOTW4-2013" }, "geometry": { "type": "Point", "coordinates": [ 139.27900000000011, 34.52 ] } },
{ "type": "Feature", "properties": { "gid": 151, "nazwa": "Kujusan", "ostatnia_erupcja": "1996", "kraj": "Japonia", "typ": "stratowulkan", "rodzaj_erupcji": "erupcja zaobserwowana", "materiał": "andezyt / andezyt bazaltowy", "tektonika": "strefa subdukcji / skorupa kontynentalna (>25 km)", "legenda": "Wulkan", "źródło": "Global Volcanism Program, 2013. Volcanoes of the World, v. 4.11.0. Venzke, E (ed.). Smithsonian Institution. Downloaded 20 Jun 2022. https://doi.org/10.5479/si.GVP.VOTW4-2013" }, "geometry": { "type": "Point", "coordinates": [ 131.249, 33.086 ] } },
{ "type": "Feature", "properties": { "gid": 154, "nazwa": "Sanbesan", "ostatnia_erupcja": "650", "kraj": "Japonia", "typ": "stratowulkan", "rodzaj_erupcji": "erupcja datowana", "materiał": "dacyt", "tektonika": "strefa subdukcji / skorupa kontynentalna (>25 km)", "legenda": "Wulkan", "źródło": "Global Volcanism Program, 2013. Volcanoes of the World, v. 4.11.0. Venzke, E (ed.). Smithsonian Institution. Downloaded 20 Jun 2022. https://doi.org/10.5479/si.GVP.VOTW4-2013" }, "geometry": { "type": "Point", "coordinates": [ 132.622, 35.141 ] } },
{ "type": "Feature", "properties": { "gid": 158, "nazwa": "Fujisan", "ostatnia_erupcja": "1708", "kraj": "Japonia", "typ": "stratowulkan", "rodzaj_erupcji": "erupcja zaobserwowana", "materiał": "bazalt / pikryt", "tektonika": "strefa subdukcji / skorupa kontynentalna (>25 km)", "legenda": "Wulkan", "źródło": "Global Volcanism Program, 2013. Volcanoes of the World, v. 4.11.0. Venzke, E (ed.). Smithsonian Institution. Downloaded 20 Jun 2022. https://doi.org/10.5479/si.GVP.VOTW4-2013" }, "geometry": { "type": "Point", "coordinates": [ 138.728, 35.361 ] } },
{ "type": "Feature", "properties": { "gid": 159, "nazwa": "Yokodake", "ostatnia_erupcja": "1200", "kraj": "Japonia", "typ": "stratowulkan", "rodzaj_erupcji": "erupcja datowana", "materiał": "andezyt / andezyt bazaltowy", "tektonika": "strefa subdukcji / skorupa kontynentalna (>25 km)", "legenda": "Wulkan", "źródło": "Global Volcanism Program, 2013. Volcanoes of the World, v. 4.11.0. Venzke, E (ed.). Smithsonian Institution. Downloaded 20 Jun 2022. https://doi.org/10.5479/si.GVP.VOTW4-2013" }, "geometry": { "type": "Point", "coordinates": [ 138.32, 36.087 ] } },
{ "type": "Feature", "properties": { "gid": 161, "nazwa": "Hakusan", "ostatnia_erupcja": "1659", "kraj": "Japonia", "typ": "stratowulkan", "rodzaj_erupcji": "erupcja zaobserwowana", "materiał": "andezyt / andezyt bazaltowy", "tektonika": "strefa subdukcji / skorupa kontynentalna (>25 km)", "legenda": "Wulkan", "źródło": "Global Volcanism Program, 2013. Volcanoes of the World, v. 4.11.0. Venzke, E (ed.). Smithsonian Institution. Downloaded 20 Jun 2022. https://doi.org/10.5479/si.GVP.VOTW4-2013" }, "geometry": { "type": "Point", "coordinates": [ 136.771, 36.155 ] } },
{ "type": "Feature", "properties": { "gid": 164, "nazwa": "Yakedake", "ostatnia_erupcja": "1995", "kraj": "Japonia", "typ": "stratowulkan", "rodzaj_erupcji": "erupcja zaobserwowana", "materiał": "andezyt / andezyt bazaltowy", "tektonika": "strefa subdukcji / skorupa kontynentalna (>25 km)", "legenda": "Wulkan", "źródło": "Global Volcanism Program, 2013. Volcanoes of the World, v. 4.11.0. Venzke, E (ed.). Smithsonian Institution. Downloaded 20 Jun 2022. https://doi.org/10.5479/si.GVP.VOTW4-2013" }, "geometry": { "type": "Point", "coordinates": [ 137.587000000000103, 36.227 ] } },
{ "type": "Feature", "properties": { "gid": 168, "nazwa": "Myokosan", "ostatnia_erupcja": "750 p.n.e.", "kraj": "Japonia", "typ": "stratowulkan", "rodzaj_erupcji": "erupcja datowana", "materiał": "andezyt / andezyt bazaltowy", "tektonika": "strefa subdukcji / skorupa kontynentalna (>25 km)", "legenda": "Wulkan", "źródło": "Global Volcanism Program, 2013. Volcanoes of the World, v. 4.11.0. Venzke, E (ed.). Smithsonian Institution. Downloaded 20 Jun 2022. https://doi.org/10.5479/si.GVP.VOTW4-2013" }, "geometry": { "type": "Point", "coordinates": [ 138.114, 36.891 ] } },
{ "type": "Feature", "properties": { "gid": 917, "nazwa": "Churchill", "ostatnia_erupcja": "847", "kraj": "Stany Zjednoczone", "typ": "stratowulkan", "rodzaj_erupcji": "erupcja datowana", "materiał": "dacyt", "tektonika": "strefa subdukcji / skorupa kontynentalna (>25 km)", "legenda": "Wulkan", "źródło": "Global Volcanism Program, 2013. Volcanoes of the World, v. 4.11.0. Venzke, E (ed.). Smithsonian Institution. Downloaded 20 Jun 2022. https://doi.org/10.5479/si.GVP.VOTW4-2013" }, "geometry": { "type": "Point", "coordinates": [ -141.75, 61.38 ] } },
{ "type": "Feature", "properties": { "gid": 918, "nazwa": "Edgecumbe", "ostatnia_erupcja": "2220 p.n.e.", "kraj": "Stany Zjednoczone", "typ": "stratowulkan", "rodzaj_erupcji": "erupcja datowana", "materiał": "andezyt / andezyt bazaltowy", "tektonika": "strefa subdukcji / skorupa kontynentalna (>25 km)", "legenda": "Wulkan", "źródło": "Global Volcanism Program, 2013. Volcanoes of the World, v. 4.11.0. Venzke, E (ed.). Smithsonian Institution. Downloaded 20 Jun 2022. https://doi.org/10.5479/si.GVP.VOTW4-2013" }, "geometry": { "type": "Point", "coordinates": [ -135.75, 57.05 ] } },
{ "type": "Feature", "properties": { "gid": 928, "nazwa": "Edziza", "ostatnia_erupcja": "950", "kraj": "Kanada", "typ": "stratowulkan", "rodzaj_erupcji": "erupcja datowana", "materiał": "trachit", "tektonika": "strefa subdukcji / skorupa kontynentalna (>25 km)", "legenda": "Wulkan", "źródło": "Global Volcanism Program, 2013. Volcanoes of the World, v. 4.11.0. Venzke, E (ed.). Smithsonian Institution. Downloaded 20 Jun 2022. https://doi.org/10.5479/si.GVP.VOTW4-2013" }, "geometry": { "type": "Point", "coordinates": [ -130.63, 57.72 ] } },
{ "type": "Feature", "properties": { "gid": 174, "nazwa": "Hiuchigatake", "ostatnia_erupcja": "1544", "kraj": "Japonia", "typ": "stratowulkan", "rodzaj_erupcji": "erupcja zaobserwowana", "materiał": "andezyt / andezyt bazaltowy", "tektonika": "strefa subdukcji / skorupa kontynentalna (>25 km)", "legenda": "Wulkan", "źródło": "Global Volcanism Program, 2013. Volcanoes of the World, v. 4.11.0. Venzke, E (ed.). Smithsonian Institution. Downloaded 20 Jun 2022. https://doi.org/10.5479/si.GVP.VOTW4-2013" }, "geometry": { "type": "Point", "coordinates": [ 139.285, 36.955 ] } },
{ "type": "Feature", "properties": { "gid": 176, "nazwa": "Nantaisan", "ostatnia_erupcja": "9540 p.n.e.", "kraj": "Japonia", "typ": "stratowulkan", "rodzaj_erupcji": "erupcja datowana", "materiał": "andezyt / andezyt bazaltowy", "tektonika": "strefa subdukcji / skorupa kontynentalna (>25 km)", "legenda": "Wulkan", "źródło": "Global Volcanism Program, 2013. Volcanoes of the World, v. 4.11.0. Venzke, E (ed.). Smithsonian Institution. Downloaded 20 Jun 2022. https://doi.org/10.5479/si.GVP.VOTW4-2013" }, "geometry": { "type": "Point", "coordinates": [ 139.491, 36.765 ] } },
{ "type": "Feature", "properties": { "gid": 181, "nazwa": "Bandaisan", "ostatnia_erupcja": "1888", "kraj": "Japonia", "typ": "stratowulkan", "rodzaj_erupcji": "erupcja zaobserwowana", "materiał": "andezyt / andezyt bazaltowy", "tektonika": "strefa subdukcji / skorupa kontynentalna (>25 km)", "legenda": "Wulkan", "źródło": "Global Volcanism Program, 2013. Volcanoes of the World, v. 4.11.0. Venzke, E (ed.). Smithsonian Institution. Downloaded 20 Jun 2022. https://doi.org/10.5479/si.GVP.VOTW4-2013" }, "geometry": { "type": "Point", "coordinates": [ 140.072000000000116, 37.601 ] } },
{ "type": "Feature", "properties": { "gid": 183, "nazwa": "Azumayama", "ostatnia_erupcja": "1977", "kraj": "Japonia", "typ": "stratowulkan", "rodzaj_erupcji": "erupcja zaobserwowana", "materiał": "andezyt / andezyt bazaltowy", "tektonika": "strefa subdukcji / skorupa kontynentalna (>25 km)", "legenda": "Wulkan", "źródło": "Global Volcanism Program, 2013. Volcanoes of the World, v. 4.11.0. Venzke, E (ed.). Smithsonian Institution. Downloaded 20 Jun 2022. https://doi.org/10.5479/si.GVP.VOTW4-2013" }, "geometry": { "type": "Point", "coordinates": [ 140.244, 37.735 ] } },
{ "type": "Feature", "properties": { "gid": 187, "nazwa": "Kurikomayama", "ostatnia_erupcja": "1950", "kraj": "Japonia", "typ": "stratowulkan", "rodzaj_erupcji": "erupcja zaobserwowana", "materiał": "andezyt / andezyt bazaltowy", "tektonika": "strefa subdukcji / skorupa kontynentalna (>25 km)", "legenda": "Wulkan", "źródło": "Global Volcanism Program, 2013. Volcanoes of the World, v. 4.11.0. Venzke, E (ed.). Smithsonian Institution. Downloaded 20 Jun 2022. https://doi.org/10.5479/si.GVP.VOTW4-2013" }, "geometry": { "type": "Point", "coordinates": [ 140.788, 38.961 ] } },
{ "type": "Feature", "properties": { "gid": 188, "nazwa": "Chokaisan", "ostatnia_erupcja": "1974", "kraj": "Japonia", "typ": "stratowulkan", "rodzaj_erupcji": "erupcja zaobserwowana", "materiał": "andezyt / andezyt bazaltowy", "tektonika": "strefa subdukcji / skorupa kontynentalna (>25 km)", "legenda": "Wulkan", "źródło": "Global Volcanism Program, 2013. Volcanoes of the World, v. 4.11.0. Venzke, E (ed.). Smithsonian Institution. Downloaded 20 Jun 2022. https://doi.org/10.5479/si.GVP.VOTW4-2013" }, "geometry": { "type": "Point", "coordinates": [ 140.049, 39.099 ] } },
{ "type": "Feature", "properties": { "gid": 189, "nazwa": "Akita-Komagatake", "ostatnia_erupcja": "1971", "kraj": "Japonia", "typ": "stratowulkan", "rodzaj_erupcji": "erupcja zaobserwowana", "materiał": "bazalt / pikryt", "tektonika": "strefa subdukcji / skorupa kontynentalna (>25 km)", "legenda": "Wulkan", "źródło": "Global Volcanism Program, 2013. Volcanoes of the World, v. 4.11.0. Venzke, E (ed.). Smithsonian Institution. Downloaded 20 Jun 2022. https://doi.org/10.5479/si.GVP.VOTW4-2013" }, "geometry": { "type": "Point", "coordinates": [ 140.799, 39.761 ] } },
{ "type": "Feature", "properties": { "gid": 236, "nazwa": "Agrigan", "ostatnia_erupcja": "1917", "kraj": "Stany Zjednoczone", "typ": "stratowulkan", "rodzaj_erupcji": "erupcja zaobserwowana", "materiał": "bazalt / pikryt", "tektonika": "strefa subdukcji / grubość skorupy nieznana", "legenda": "Wulkan", "źródło": "Global Volcanism Program, 2013. Volcanoes of the World, v. 4.11.0. Venzke, E (ed.). Smithsonian Institution. Downloaded 20 Jun 2022. https://doi.org/10.5479/si.GVP.VOTW4-2013" }, "geometry": { "type": "Point", "coordinates": [ 145.67, 18.77 ] } },
{ "type": "Feature", "properties": { "gid": 237, "nazwa": "Pagan", "ostatnia_erupcja": "2012", "kraj": "Stany Zjednoczone", "typ": "stratowulkan", "rodzaj_erupcji": "erupcja zaobserwowana", "materiał": "bazalt / pikryt", "tektonika": "strefa subdukcji / grubość skorupy nieznana", "legenda": "Wulkan", "źródło": "Global Volcanism Program, 2013. Volcanoes of the World, v. 4.11.0. Venzke, E (ed.). Smithsonian Institution. Downloaded 20 Jun 2022. https://doi.org/10.5479/si.GVP.VOTW4-2013" }, "geometry": { "type": "Point", "coordinates": [ 145.8, 18.13 ] } },
{ "type": "Feature", "properties": { "gid": 238, "nazwa": "Alamagan", "ostatnia_erupcja": "870", "kraj": "Stany Zjednoczone", "typ": "stratowulkan", "rodzaj_erupcji": "erupcja datowana", "materiał": "andezyt / andezyt bazaltowy", "tektonika": "strefa subdukcji / grubość skorupy nieznana", "legenda": "Wulkan", "źródło": "Global Volcanism Program, 2013. Volcanoes of the World, v. 4.11.0. Venzke, E (ed.). Smithsonian Institution. Downloaded 20 Jun 2022. https://doi.org/10.5479/si.GVP.VOTW4-2013" }, "geometry": { "type": "Point", "coordinates": [ 145.83, 17.6 ] } },
{ "type": "Feature", "properties": { "gid": 239, "nazwa": "Guguan", "ostatnia_erupcja": "1883", "kraj": "Stany Zjednoczone", "typ": "stratowulkan", "rodzaj_erupcji": "erupcja zaobserwowana", "materiał": "andezyt / andezyt bazaltowy", "tektonika": "strefa subdukcji / grubość skorupy nieznana", "legenda": "Wulkan", "źródło": "Global Volcanism Program, 2013. Volcanoes of the World, v. 4.11.0. Venzke, E (ed.). Smithsonian Institution. Downloaded 20 Jun 2022. https://doi.org/10.5479/si.GVP.VOTW4-2013" }, "geometry": { "type": "Point", "coordinates": [ 145.845, 17.307 ] } },
{ "type": "Feature", "properties": { "gid": 243, "nazwa": "Anatahan", "ostatnia_erupcja": "2008", "kraj": "Stany Zjednoczone", "typ": "stratowulkan", "rodzaj_erupcji": "erupcja zaobserwowana", "materiał": "andezyt / andezyt bazaltowy", "tektonika": "strefa subdukcji / grubość skorupy nieznana", "legenda": "Wulkan", "źródło": "Global Volcanism Program, 2013. Volcanoes of the World, v. 4.11.0. Venzke, E (ed.). Smithsonian Institution. Downloaded 20 Jun 2022. https://doi.org/10.5479/si.GVP.VOTW4-2013" }, "geometry": { "type": "Point", "coordinates": [ 145.67, 16.35 ] } },
{ "type": "Feature", "properties": { "gid": 579, "nazwa": "Dugong", "ostatnia_erupcja": "brak danych", "kraj": "Tonga", "typ": "podwodny", "rodzaj_erupcji": "brak dowodów na wybuch", "materiał": "-", "tektonika": "-", "legenda": "Wulkan", "źródło": "Global Volcanism Program, 2013. Volcanoes of the World, v. 4.11.0. Venzke, E (ed.). Smithsonian Institution. Downloaded 20 Jun 2022. https://doi.org/10.5479/si.GVP.VOTW4-2013" }, "geometry": { "type": "Point", "coordinates": [ -175.725, -15.431 ] } },
{ "type": "Feature", "properties": { "gid": 943, "nazwa": "Baker", "ostatnia_erupcja": "1880", "kraj": "Stany Zjednoczone", "typ": "stratowulkan", "rodzaj_erupcji": "erupcja zaobserwowana", "materiał": "andezyt / andezyt bazaltowy", "tektonika": "strefa subdukcji / skorupa kontynentalna (>25 km)", "legenda": "Wulkan", "źródło": "Global Volcanism Program, 2013. Volcanoes of the World, v. 4.11.0. Venzke, E (ed.). Smithsonian Institution. Downloaded 20 Jun 2022. https://doi.org/10.5479/si.GVP.VOTW4-2013" }, "geometry": { "type": "Point", "coordinates": [ -121.813, 48.777 ] } },
{ "type": "Feature", "properties": { "gid": 944, "nazwa": "Glacier Peak", "ostatnia_erupcja": "1700", "kraj": "Stany Zjednoczone", "typ": "stratowulkan", "rodzaj_erupcji": "erupcja datowana", "materiał": "dacyt", "tektonika": "strefa subdukcji / skorupa kontynentalna (>25 km)", "legenda": "Wulkan", "źródło": "Global Volcanism Program, 2013. Volcanoes of the World, v. 4.11.0. Venzke, E (ed.). Smithsonian Institution. Downloaded 20 Jun 2022. https://doi.org/10.5479/si.GVP.VOTW4-2013" }, "geometry": { "type": "Point", "coordinates": [ -121.113, 48.112 ] } },
{ "type": "Feature", "properties": { "gid": 209, "nazwa": "Yavinsky", "ostatnia_erupcja": "4050 p.n.e.", "kraj": "Rosja", "typ": "stratowulkan", "rodzaj_erupcji": "erupcja datowana", "materiał": "bazalt / pikryt", "tektonika": "strefa subdukcji / skorupa kontynentalna (>25 km)", "legenda": "Wulkan", "źródło": "Global Volcanism Program, 2013. Volcanoes of the World, v. 4.11.0. Venzke, E (ed.). Smithsonian Institution. Downloaded 20 Jun 2022. https://doi.org/10.5479/si.GVP.VOTW4-2013" }, "geometry": { "type": "Point", "coordinates": [ 156.629, 51.533 ] } },
{ "type": "Feature", "properties": { "gid": 212, "nazwa": "Izu-Torishima", "ostatnia_erupcja": "2002", "kraj": "Japonia", "typ": "stratowulkan", "rodzaj_erupcji": "erupcja zaobserwowana", "materiał": "bazalt / pikryt", "tektonika": "strefa subdukcji / skorupa oceaniczna (< 15 km)", "legenda": "Wulkan", "źródło": "Global Volcanism Program, 2013. Volcanoes of the World, v. 4.11.0. Venzke, E (ed.). Smithsonian Institution. Downloaded 20 Jun 2022. https://doi.org/10.5479/si.GVP.VOTW4-2013" }, "geometry": { "type": "Point", "coordinates": [ 140.303000000000111, 30.484 ] } },
{ "type": "Feature", "properties": { "gid": 945, "nazwa": "Rainier", "ostatnia_erupcja": "1450", "kraj": "Stany Zjednoczone", "typ": "stratowulkan", "rodzaj_erupcji": "erupcja datowana", "materiał": "andezyt / andezyt bazaltowy", "tektonika": "strefa subdukcji / skorupa kontynentalna (>25 km)", "legenda": "Wulkan", "źródło": "Global Volcanism Program, 2013. Volcanoes of the World, v. 4.11.0. Venzke, E (ed.). Smithsonian Institution. Downloaded 20 Jun 2022. https://doi.org/10.5479/si.GVP.VOTW4-2013" }, "geometry": { "type": "Point", "coordinates": [ -121.76, 46.853 ] } },
{ "type": "Feature", "properties": { "gid": 946, "nazwa": "Adams", "ostatnia_erupcja": "950", "kraj": "Stany Zjednoczone", "typ": "stratowulkan", "rodzaj_erupcji": "erupcja datowana", "materiał": "andezyt / andezyt bazaltowy", "tektonika": "strefa subdukcji / skorupa kontynentalna (>25 km)", "legenda": "Wulkan", "źródło": "Global Volcanism Program, 2013. Volcanoes of the World, v. 4.11.0. Venzke, E (ed.). Smithsonian Institution. Downloaded 20 Jun 2022. https://doi.org/10.5479/si.GVP.VOTW4-2013" }, "geometry": { "type": "Point", "coordinates": [ -121.49, 46.206 ] } },
{ "type": "Feature", "properties": { "gid": 947, "nazwa": "St. Helens", "ostatnia_erupcja": "2008", "kraj": "Stany Zjednoczone", "typ": "stratowulkan", "rodzaj_erupcji": "erupcja zaobserwowana", "materiał": "dacyt", "tektonika": "strefa subdukcji / skorupa kontynentalna (>25 km)", "legenda": "Wulkan", "źródło": "Global Volcanism Program, 2013. Volcanoes of the World, v. 4.11.0. Venzke, E (ed.). Smithsonian Institution. Downloaded 20 Jun 2022. https://doi.org/10.5479/si.GVP.VOTW4-2013" }, "geometry": { "type": "Point", "coordinates": [ -122.18, 46.2 ] } },
{ "type": "Feature", "properties": { "gid": 950, "nazwa": "Hood", "ostatnia_erupcja": "1866", "kraj": "Stany Zjednoczone", "typ": "stratowulkan", "rodzaj_erupcji": "erupcja zaobserwowana", "materiał": "andezyt / andezyt bazaltowy", "tektonika": "strefa subdukcji / skorupa kontynentalna (>25 km)", "legenda": "Wulkan", "źródło": "Global Volcanism Program, 2013. Volcanoes of the World, v. 4.11.0. Venzke, E (ed.). Smithsonian Institution. Downloaded 20 Jun 2022. https://doi.org/10.5479/si.GVP.VOTW4-2013" }, "geometry": { "type": "Point", "coordinates": [ -121.695, 45.374 ] } },
{ "type": "Feature", "properties": { "gid": 951, "nazwa": "Jefferson", "ostatnia_erupcja": "950", "kraj": "Stany Zjednoczone", "typ": "stratowulkan", "rodzaj_erupcji": "erupcja datowana", "materiał": "andezyt / andezyt bazaltowy", "tektonika": "strefa subdukcji / skorupa kontynentalna (>25 km)", "legenda": "Wulkan", "źródło": "Global Volcanism Program, 2013. Volcanoes of the World, v. 4.11.0. Venzke, E (ed.). Smithsonian Institution. Downloaded 20 Jun 2022. https://doi.org/10.5479/si.GVP.VOTW4-2013" }, "geometry": { "type": "Point", "coordinates": [ -121.8, 44.674 ] } },
{ "type": "Feature", "properties": { "gid": 956, "nazwa": "Bachelor", "ostatnia_erupcja": "5800 p.n.e.", "kraj": "Stany Zjednoczone", "typ": "stratowulkan", "rodzaj_erupcji": "erupcja datowana", "materiał": "andezyt / andezyt bazaltowy", "tektonika": "strefa subdukcji / skorupa kontynentalna (>25 km)", "legenda": "Wulkan", "źródło": "Global Volcanism Program, 2013. Volcanoes of the World, v. 4.11.0. Venzke, E (ed.). Smithsonian Institution. Downloaded 20 Jun 2022. https://doi.org/10.5479/si.GVP.VOTW4-2013" }, "geometry": { "type": "Point", "coordinates": [ -121.688, 43.979 ] } },
{ "type": "Feature", "properties": { "gid": 274, "nazwa": "Moekeshiwan [Lvinaya Past]", "ostatnia_erupcja": "7480 p.n.e.", "kraj": "Japonia", "typ": "stratowulkan", "rodzaj_erupcji": "erupcja datowana", "materiał": "andezyt / andezyt bazaltowy", "tektonika": "strefa subdukcji / skorupa oceaniczna (< 15 km)", "legenda": "Wulkan", "źródło": "Global Volcanism Program, 2013. Volcanoes of the World, v. 4.11.0. Venzke, E (ed.). Smithsonian Institution. Downloaded 20 Jun 2022. https://doi.org/10.5479/si.GVP.VOTW4-2013" }, "geometry": { "type": "Point", "coordinates": [ 146.994, 44.608 ] } },
{ "type": "Feature", "properties": { "gid": 275, "nazwa": "Etorofu-Atosanupuri [Atosanupuri]", "ostatnia_erupcja": "1932", "kraj": "Japonia", "typ": "stratowulkan", "rodzaj_erupcji": "erupcja zaobserwowana", "materiał": "andezyt / andezyt bazaltowy", "tektonika": "strefa subdukcji / skorupa oceaniczna (< 15 km)", "legenda": "Wulkan", "źródło": "Global Volcanism Program, 2013. Volcanoes of the World, v. 4.11.0. Venzke, E (ed.). Smithsonian Institution. Downloaded 20 Jun 2022. https://doi.org/10.5479/si.GVP.VOTW4-2013" }, "geometry": { "type": "Point", "coordinates": [ 147.131, 44.808 ] } },
{ "type": "Feature", "properties": { "gid": 964, "nazwa": "Shasta", "ostatnia_erupcja": "1786", "kraj": "Stany Zjednoczone", "typ": "stratowulkan", "rodzaj_erupcji": "erupcja zaobserwowana", "materiał": "andezyt / andezyt bazaltowy", "tektonika": "strefa subdukcji / skorupa kontynentalna (>25 km)", "legenda": "Wulkan", "źródło": "Global Volcanism Program, 2013. Volcanoes of the World, v. 4.11.0. Venzke, E (ed.). Smithsonian Institution. Downloaded 20 Jun 2022. https://doi.org/10.5479/si.GVP.VOTW4-2013" }, "geometry": { "type": "Point", "coordinates": [ -122.193, 41.409 ] } },
{ "type": "Feature", "properties": { "gid": 966, "nazwa": "Lassen Volcanic Center", "ostatnia_erupcja": "1917", "kraj": "Stany Zjednoczone", "typ": "stratowulkan", "rodzaj_erupcji": "erupcja zaobserwowana", "materiał": "andezyt / andezyt bazaltowy", "tektonika": "strefa subdukcji / skorupa kontynentalna (>25 km)", "legenda": "Wulkan", "źródło": "Global Volcanism Program, 2013. Volcanoes of the World, v. 4.11.0. Venzke, E (ed.). Smithsonian Institution. Downloaded 20 Jun 2022. https://doi.org/10.5479/si.GVP.VOTW4-2013" }, "geometry": { "type": "Point", "coordinates": [ -121.508, 40.492 ] } },
{ "type": "Feature", "properties": { "gid": 231, "nazwa": "Farallon de Pajaros", "ostatnia_erupcja": "1967", "kraj": "Stany Zjednoczone", "typ": "stratowulkan", "rodzaj_erupcji": "erupcja zaobserwowana", "materiał": "andezyt / andezyt bazaltowy", "tektonika": "strefa subdukcji / grubość skorupy nieznana", "legenda": "Wulkan", "źródło": "Global Volcanism Program, 2013. Volcanoes of the World, v. 4.11.0. Venzke, E (ed.). Smithsonian Institution. Downloaded 20 Jun 2022. https://doi.org/10.5479/si.GVP.VOTW4-2013" }, "geometry": { "type": "Point", "coordinates": [ 144.893, 20.546 ] } },
{ "type": "Feature", "properties": { "gid": 235, "nazwa": "Asuncion", "ostatnia_erupcja": "1906", "kraj": "Stany Zjednoczone", "typ": "stratowulkan", "rodzaj_erupcji": "erupcja zaobserwowana", "materiał": "andezyt / andezyt bazaltowy", "tektonika": "strefa subdukcji / grubość skorupy nieznana", "legenda": "Wulkan", "źródło": "Global Volcanism Program, 2013. Volcanoes of the World, v. 4.11.0. Venzke, E (ed.). Smithsonian Institution. Downloaded 20 Jun 2022. https://doi.org/10.5479/si.GVP.VOTW4-2013" }, "geometry": { "type": "Point", "coordinates": [ 145.406, 19.671 ] } },
{ "type": "Feature", "properties": { "gid": 251, "nazwa": "Oshima-Oshima", "ostatnia_erupcja": "1790", "kraj": "Japonia", "typ": "stratowulkan", "rodzaj_erupcji": "erupcja zaobserwowana", "materiał": "bazalt / pikryt", "tektonika": "strefa subdukcji / skorupa kontynentalna (>25 km)", "legenda": "Wulkan", "źródło": "Global Volcanism Program, 2013. Volcanoes of the World, v. 4.11.0. Venzke, E (ed.). Smithsonian Institution. Downloaded 20 Jun 2022. https://doi.org/10.5479/si.GVP.VOTW4-2013" }, "geometry": { "type": "Point", "coordinates": [ 139.367, 41.51 ] } },
{ "type": "Feature", "properties": { "gid": 253, "nazwa": "Hokkaido-Komagatake", "ostatnia_erupcja": "2000", "kraj": "Japonia", "typ": "stratowulkan", "rodzaj_erupcji": "erupcja zaobserwowana", "materiał": "andezyt / andezyt bazaltowy", "tektonika": "strefa subdukcji / skorupa kontynentalna (>25 km)", "legenda": "Wulkan", "źródło": "Global Volcanism Program, 2013. Volcanoes of the World, v. 4.11.0. Venzke, E (ed.). Smithsonian Institution. Downloaded 20 Jun 2022. https://doi.org/10.5479/si.GVP.VOTW4-2013" }, "geometry": { "type": "Point", "coordinates": [ 140.677, 42.063 ] } },
{ "type": "Feature", "properties": { "gid": 254, "nazwa": "Toya", "ostatnia_erupcja": "2001", "kraj": "Japonia", "typ": "stratowulkan", "rodzaj_erupcji": "erupcja zaobserwowana", "materiał": "bazalt / pikryt", "tektonika": "strefa subdukcji / skorupa kontynentalna (>25 km)", "legenda": "Wulkan", "źródło": "Global Volcanism Program, 2013. Volcanoes of the World, v. 4.11.0. Venzke, E (ed.). Smithsonian Institution. Downloaded 20 Jun 2022. https://doi.org/10.5479/si.GVP.VOTW4-2013" }, "geometry": { "type": "Point", "coordinates": [ 140.839, 42.544 ] } },
{ "type": "Feature", "properties": { "gid": 313, "nazwa": "Iliinsky", "ostatnia_erupcja": "1901", "kraj": "Rosja", "typ": "stratowulkan", "rodzaj_erupcji": "erupcja zaobserwowana", "materiał": "andezyt / andezyt bazaltowy", "tektonika": "strefa subdukcji / skorupa kontynentalna (>25 km)", "legenda": "Wulkan", "źródło": "Global Volcanism Program, 2013. Volcanoes of the World, v. 4.11.0. Venzke, E (ed.). Smithsonian Institution. Downloaded 20 Jun 2022. https://doi.org/10.5479/si.GVP.VOTW4-2013" }, "geometry": { "type": "Point", "coordinates": [ 157.203, 51.498 ] } },
{ "type": "Feature", "properties": { "gid": 315, "nazwa": "Zheltovsky", "ostatnia_erupcja": "1923", "kraj": "Rosja", "typ": "stratowulkan", "rodzaj_erupcji": "erupcja zaobserwowana", "materiał": "bazalt / pikryt", "tektonika": "strefa subdukcji / skorupa kontynentalna (>25 km)", "legenda": "Wulkan", "źródło": "Global Volcanism Program, 2013. Volcanoes of the World, v. 4.11.0. Venzke, E (ed.). Smithsonian Institution. Downloaded 20 Jun 2022. https://doi.org/10.5479/si.GVP.VOTW4-2013" }, "geometry": { "type": "Point", "coordinates": [ 157.328, 51.577 ] } },
{ "type": "Feature", "properties": { "gid": 255, "nazwa": "Niseko", "ostatnia_erupcja": "4900 p.n.e.", "kraj": "Japonia", "typ": "stratowulkan", "rodzaj_erupcji": "erupcja datowana", "materiał": "andezyt / andezyt bazaltowy", "tektonika": "strefa subdukcji / skorupa kontynentalna (>25 km)", "legenda": "Wulkan", "źródło": "Global Volcanism Program, 2013. Volcanoes of the World, v. 4.11.0. Venzke, E (ed.). Smithsonian Institution. Downloaded 20 Jun 2022. https://doi.org/10.5479/si.GVP.VOTW4-2013" }, "geometry": { "type": "Point", "coordinates": [ 140.659000000000106, 42.875 ] } },
{ "type": "Feature", "properties": { "gid": 256, "nazwa": "Yoteizan", "ostatnia_erupcja": "1050 p.n.e.", "kraj": "Japonia", "typ": "stratowulkan", "rodzaj_erupcji": "erupcja datowana", "materiał": "andezyt / andezyt bazaltowy", "tektonika": "strefa subdukcji / skorupa kontynentalna (>25 km)", "legenda": "Wulkan", "źródło": "Global Volcanism Program, 2013. Volcanoes of the World, v. 4.11.0. Venzke, E (ed.). Smithsonian Institution. Downloaded 20 Jun 2022. https://doi.org/10.5479/si.GVP.VOTW4-2013" }, "geometry": { "type": "Point", "coordinates": [ 140.812, 42.827 ] } },
{ "type": "Feature", "properties": { "gid": 257, "nazwa": "Kuttara", "ostatnia_erupcja": "1820", "kraj": "Japonia", "typ": "stratowulkan", "rodzaj_erupcji": "erupcja datowana", "materiał": "bazalt / pikryt", "tektonika": "strefa subdukcji / skorupa kontynentalna (>25 km)", "legenda": "Wulkan", "źródło": "Global Volcanism Program, 2013. Volcanoes of the World, v. 4.11.0. Venzke, E (ed.). Smithsonian Institution. Downloaded 20 Jun 2022. https://doi.org/10.5479/si.GVP.VOTW4-2013" }, "geometry": { "type": "Point", "coordinates": [ 141.16, 42.491 ] } },
{ "type": "Feature", "properties": { "gid": 259, "nazwa": "Rishirizan", "ostatnia_erupcja": "5830 p.n.e.", "kraj": "Japonia", "typ": "stratowulkan", "rodzaj_erupcji": "erupcja datowana", "materiał": "andezyt / andezyt bazaltowy", "tektonika": "strefa subdukcji / skorupa kontynentalna (>25 km)", "legenda": "Wulkan", "źródło": "Global Volcanism Program, 2013. Volcanoes of the World, v. 4.11.0. Venzke, E (ed.). Smithsonian Institution. Downloaded 20 Jun 2022. https://doi.org/10.5479/si.GVP.VOTW4-2013" }, "geometry": { "type": "Point", "coordinates": [ 141.242, 45.179 ] } },
{ "type": "Feature", "properties": { "gid": 260, "nazwa": "Tokachidake", "ostatnia_erupcja": "2004", "kraj": "Japonia", "typ": "stratowulkan", "rodzaj_erupcji": "erupcja zaobserwowana", "materiał": "andezyt / andezyt bazaltowy", "tektonika": "strefa subdukcji / skorupa kontynentalna (>25 km)", "legenda": "Wulkan", "źródło": "Global Volcanism Program, 2013. Volcanoes of the World, v. 4.11.0. Venzke, E (ed.). Smithsonian Institution. Downloaded 20 Jun 2022. https://doi.org/10.5479/si.GVP.VOTW4-2013" }, "geometry": { "type": "Point", "coordinates": [ 142.686, 43.418 ] } },
{ "type": "Feature", "properties": { "gid": 261, "nazwa": "Taisetsuzan", "ostatnia_erupcja": "1739", "kraj": "Japonia", "typ": "stratowulkan", "rodzaj_erupcji": "erupcja datowana", "materiał": "andezyt / andezyt bazaltowy", "tektonika": "strefa subdukcji / skorupa kontynentalna (>25 km)", "legenda": "Wulkan", "źródło": "Global Volcanism Program, 2013. Volcanoes of the World, v. 4.11.0. Venzke, E (ed.). Smithsonian Institution. Downloaded 20 Jun 2022. https://doi.org/10.5479/si.GVP.VOTW4-2013" }, "geometry": { "type": "Point", "coordinates": [ 142.854, 43.664 ] } },
{ "type": "Feature", "properties": { "gid": 262, "nazwa": "Maruyama", "ostatnia_erupcja": "1898", "kraj": "Japonia", "typ": "stratowulkan", "rodzaj_erupcji": "erupcja zaobserwowana", "materiał": "andezyt / andezyt bazaltowy", "tektonika": "strefa subdukcji / skorupa kontynentalna (>25 km)", "legenda": "Wulkan", "źródło": "Global Volcanism Program, 2013. Volcanoes of the World, v. 4.11.0. Venzke, E (ed.). Smithsonian Institution. Downloaded 20 Jun 2022. https://doi.org/10.5479/si.GVP.VOTW4-2013" }, "geometry": { "type": "Point", "coordinates": [ 143.031, 43.418 ] } },
{ "type": "Feature", "properties": { "gid": 266, "nazwa": "Rausudake", "ostatnia_erupcja": "1800", "kraj": "Japonia", "typ": "stratowulkan", "rodzaj_erupcji": "erupcja datowana", "materiał": "andezyt / andezyt bazaltowy", "tektonika": "strefa subdukcji / skorupa kontynentalna (>25 km)", "legenda": "Wulkan", "źródło": "Global Volcanism Program, 2013. Volcanoes of the World, v. 4.11.0. Venzke, E (ed.). Smithsonian Institution. Downloaded 20 Jun 2022. https://doi.org/10.5479/si.GVP.VOTW4-2013" }, "geometry": { "type": "Point", "coordinates": [ 145.122, 44.076 ] } },
{ "type": "Feature", "properties": { "gid": 268, "nazwa": "Shiretoko-Iozan", "ostatnia_erupcja": "1936", "kraj": "Japonia", "typ": "stratowulkan", "rodzaj_erupcji": "erupcja zaobserwowana", "materiał": "andezyt / andezyt bazaltowy", "tektonika": "strefa subdukcji / skorupa kontynentalna (>25 km)", "legenda": "Wulkan", "źródło": "Global Volcanism Program, 2013. Volcanoes of the World, v. 4.11.0. Venzke, E (ed.). Smithsonian Institution. Downloaded 20 Jun 2022. https://doi.org/10.5479/si.GVP.VOTW4-2013" }, "geometry": { "type": "Point", "coordinates": [ 145.161, 44.133 ] } },
{ "type": "Feature", "properties": { "gid": 270, "nazwa": "Raususan [Mendeleev]", "ostatnia_erupcja": "1880", "kraj": "Japonia", "typ": "stratowulkan", "rodzaj_erupcji": "erupcja zaobserwowana", "materiał": "andezyt / andezyt bazaltowy", "tektonika": "strefa subdukcji / skorupa oceaniczna (< 15 km)", "legenda": "Wulkan", "źródło": "Global Volcanism Program, 2013. Volcanoes of the World, v. 4.11.0. Venzke, E (ed.). Smithsonian Institution. Downloaded 20 Jun 2022. https://doi.org/10.5479/si.GVP.VOTW4-2013" }, "geometry": { "type": "Point", "coordinates": [ 145.733, 43.979 ] } },
{ "type": "Feature", "properties": { "gid": 272, "nazwa": "Chachadake [Tiatia]", "ostatnia_erupcja": "1981", "kraj": "Japonia", "typ": "stratowulkan", "rodzaj_erupcji": "erupcja zaobserwowana", "materiał": "bazalt / pikryt", "tektonika": "strefa subdukcji / skorupa oceaniczna (< 15 km)", "legenda": "Wulkan", "źródło": "Global Volcanism Program, 2013. Volcanoes of the World, v. 4.11.0. Venzke, E (ed.). Smithsonian Institution. Downloaded 20 Jun 2022. https://doi.org/10.5479/si.GVP.VOTW4-2013" }, "geometry": { "type": "Point", "coordinates": [ 146.252, 44.353 ] } },
{ "type": "Feature", "properties": { "gid": 280, "nazwa": "Sashiusudake [Baransky]", "ostatnia_erupcja": "1951", "kraj": "Japonia", "typ": "stratowulkan", "rodzaj_erupcji": "erupcja zaobserwowana", "materiał": "andezyt / andezyt bazaltowy", "tektonika": "strefa subdukcji / skorupa oceaniczna (< 15 km)", "legenda": "Wulkan", "źródło": "Global Volcanism Program, 2013. Volcanoes of the World, v. 4.11.0. Venzke, E (ed.). Smithsonian Institution. Downloaded 20 Jun 2022. https://doi.org/10.5479/si.GVP.VOTW4-2013" }, "geometry": { "type": "Point", "coordinates": [ 148.019000000000119, 45.1 ] } },
{ "type": "Feature", "properties": { "gid": 281, "nazwa": "Chirippusan [Chirip]", "ostatnia_erupcja": "1860", "kraj": "Japonia", "typ": "stratowulkan", "rodzaj_erupcji": "erupcja zaobserwowana", "materiał": "bazalt / pikryt", "tektonika": "strefa subdukcji / skorupa oceaniczna (< 15 km)", "legenda": "Wulkan", "źródło": "Global Volcanism Program, 2013. Volcanoes of the World, v. 4.11.0. Venzke, E (ed.). Smithsonian Institution. Downloaded 20 Jun 2022. https://doi.org/10.5479/si.GVP.VOTW4-2013" }, "geometry": { "type": "Point", "coordinates": [ 147.92, 45.338 ] } },
{ "type": "Feature", "properties": { "gid": 283, "nazwa": "Moyorodake [Medvezhia]", "ostatnia_erupcja": "1999", "kraj": "Japonia", "typ": "stratowulkan", "rodzaj_erupcji": "erupcja zaobserwowana", "materiał": "andezyt / andezyt bazaltowy", "tektonika": "strefa subdukcji / skorupa oceaniczna (< 15 km)", "legenda": "Wulkan", "źródło": "Global Volcanism Program, 2013. Volcanoes of the World, v. 4.11.0. Venzke, E (ed.). Smithsonian Institution. Downloaded 20 Jun 2022. https://doi.org/10.5479/si.GVP.VOTW4-2013" }, "geometry": { "type": "Point", "coordinates": [ 148.838, 45.389 ] } },
{ "type": "Feature", "properties": { "gid": 360, "nazwa": "Visoke", "ostatnia_erupcja": "1957", "kraj": "Demokratyczna Republika Konga - Rwanda", "typ": "stratowulkan", "rodzaj_erupcji": "erupcja zaobserwowana", "materiał": "trachyandezyt / bazaltowy trachyandezyt", "tektonika": "strefa ryftowa / skorupa kontynentalna (>25 km)", "legenda": "Wulkan", "źródło": "Global Volcanism Program, 2013. Volcanoes of the World, v. 4.11.0. Venzke, E (ed.). Smithsonian Institution. Downloaded 20 Jun 2022. https://doi.org/10.5479/si.GVP.VOTW4-2013" }, "geometry": { "type": "Point", "coordinates": [ 29.485, -1.458 ] } },
{ "type": "Feature", "properties": { "gid": 288, "nazwa": "Kolokol Group", "ostatnia_erupcja": "1973", "kraj": "Rosja", "typ": "stratowulkan", "rodzaj_erupcji": "erupcja zaobserwowana", "materiał": "andezyt / andezyt bazaltowy", "tektonika": "strefa subdukcji / skorupa oceaniczna (< 15 km)", "legenda": "Wulkan", "źródło": "Global Volcanism Program, 2013. Volcanoes of the World, v. 4.11.0. Venzke, E (ed.). Smithsonian Institution. Downloaded 20 Jun 2022. https://doi.org/10.5479/si.GVP.VOTW4-2013" }, "geometry": { "type": "Point", "coordinates": [ 150.083, 46.042 ] } },
{ "type": "Feature", "properties": { "gid": 1003, "nazwa": "Soufriere Hills", "ostatnia_erupcja": "2013", "kraj": "Wielka Brytania", "typ": "stratowulkan", "rodzaj_erupcji": "erupcja zaobserwowana", "materiał": "andezyt / andezyt bazaltowy", "tektonika": "strefa subdukcji / skorupa oceaniczna (< 15 km)", "legenda": "Wulkan", "źródło": "Global Volcanism Program, 2013. Volcanoes of the World, v. 4.11.0. Venzke, E (ed.). Smithsonian Institution. Downloaded 20 Jun 2022. https://doi.org/10.5479/si.GVP.VOTW4-2013" }, "geometry": { "type": "Point", "coordinates": [ -62.18, 16.72 ] } },
{ "type": "Feature", "properties": { "gid": 1005, "nazwa": "Soufriere Guadeloupe", "ostatnia_erupcja": "1977", "kraj": "Francja", "typ": "stratowulkan", "rodzaj_erupcji": "erupcja zaobserwowana", "materiał": "andezyt / andezyt bazaltowy", "tektonika": "strefa subdukcji / skorupa oceaniczna (< 15 km)", "legenda": "Wulkan", "źródło": "Global Volcanism Program, 2013. Volcanoes of the World, v. 4.11.0. Venzke, E (ed.). Smithsonian Institution. Downloaded 20 Jun 2022. https://doi.org/10.5479/si.GVP.VOTW4-2013" }, "geometry": { "type": "Point", "coordinates": [ -61.664, 16.044 ] } },
{ "type": "Feature", "properties": { "gid": 1012, "nazwa": "Lascar", "ostatnia_erupcja": "2017", "kraj": "Chile", "typ": "stratowulkan", "rodzaj_erupcji": "erupcja zaobserwowana", "materiał": "andezyt / andezyt bazaltowy", "tektonika": "strefa subdukcji / skorupa kontynentalna (>25 km)", "legenda": "Wulkan", "źródło": "Global Volcanism Program, 2013. Volcanoes of the World, v. 4.11.0. Venzke, E (ed.). Smithsonian Institution. Downloaded 20 Jun 2022. https://doi.org/10.5479/si.GVP.VOTW4-2013" }, "geometry": { "type": "Point", "coordinates": [ -67.73, -23.37 ] } },
{ "type": "Feature", "properties": { "gid": 1013, "nazwa": "Watt, Morne", "ostatnia_erupcja": "1997", "kraj": "Dominika", "typ": "stratowulkan", "rodzaj_erupcji": "erupcja zaobserwowana", "materiał": "andezyt / andezyt bazaltowy", "tektonika": "strefa subdukcji / skorupa oceaniczna (< 15 km)", "legenda": "Wulkan", "źródło": "Global Volcanism Program, 2013. Volcanoes of the World, v. 4.11.0. Venzke, E (ed.). Smithsonian Institution. Downloaded 20 Jun 2022. https://doi.org/10.5479/si.GVP.VOTW4-2013" }, "geometry": { "type": "Point", "coordinates": [ -61.305, 15.307 ] } },
{ "type": "Feature", "properties": { "gid": 220, "nazwa": "Kita-Ioto", "ostatnia_erupcja": "2022", "kraj": "Japonia", "typ": "stratowulkan", "rodzaj_erupcji": "erupcja zaobserwowana", "materiał": "bazalt / pikryt", "tektonika": "strefa subdukcji / grubość skorupy nieznana", "legenda": "Wulkan", "źródło": "Global Volcanism Program, 2013. Volcanoes of the World, v. 4.11.0. Venzke, E (ed.). Smithsonian Institution. Downloaded 20 Jun 2022. https://doi.org/10.5479/si.GVP.VOTW4-2013" }, "geometry": { "type": "Point", "coordinates": [ 141.284000000000106, 25.424 ] } },
{ "type": "Feature", "properties": { "gid": 1017, "nazwa": "Pelee", "ostatnia_erupcja": "1932", "kraj": "Francja", "typ": "stratowulkan", "rodzaj_erupcji": "erupcja zaobserwowana", "materiał": "andezyt / andezyt bazaltowy", "tektonika": "strefa subdukcji / skorupa oceaniczna (< 15 km)", "legenda": "Wulkan", "źródło": "Global Volcanism Program, 2013. Volcanoes of the World, v. 4.11.0. Venzke, E (ed.). Smithsonian Institution. Downloaded 20 Jun 2022. https://doi.org/10.5479/si.GVP.VOTW4-2013" }, "geometry": { "type": "Point", "coordinates": [ -61.165, 14.809 ] } },
{ "type": "Feature", "properties": { "gid": 345, "nazwa": "Lengai, Ol Doinyo", "ostatnia_erupcja": "2017", "kraj": "Tanzania", "typ": "stratowulkan", "rodzaj_erupcji": "erupcja zaobserwowana", "materiał": "foidyt", "tektonika": "strefa ryftowa / skorupa kontynentalna (>25 km)", "legenda": "Wulkan", "źródło": "Global Volcanism Program, 2013. Volcanoes of the World, v. 4.11.0. Venzke, E (ed.). Smithsonian Institution. Downloaded 20 Jun 2022. https://doi.org/10.5479/si.GVP.VOTW4-2013" }, "geometry": { "type": "Point", "coordinates": [ 35.914, -2.764 ] } },
{ "type": "Feature", "properties": { "gid": 1022, "nazwa": "Snaefellsjokull", "ostatnia_erupcja": "200", "kraj": "Islandia", "typ": "stratowulkan", "rodzaj_erupcji": "erupcja datowana", "materiał": "-", "tektonika": "strefa ryftowa / skorupa oceaniczna (< 15 km)", "legenda": "Wulkan", "źródło": "Global Volcanism Program, 2013. Volcanoes of the World, v. 4.11.0. Venzke, E (ed.). Smithsonian Institution. Downloaded 20 Jun 2022. https://doi.org/10.5479/si.GVP.VOTW4-2013" }, "geometry": { "type": "Point", "coordinates": [ -23.783, 64.8 ] } },
{ "type": "Feature", "properties": { "gid": 1036, "nazwa": "Eyjafjallajokull", "ostatnia_erupcja": "2010", "kraj": "Islandia", "typ": "stratowulkan", "rodzaj_erupcji": "erupcja zaobserwowana", "materiał": "bazalt / pikryt", "tektonika": "strefa ryftowa / skorupa oceaniczna (< 15 km)", "legenda": "Wulkan", "źródło": "Global Volcanism Program, 2013. Volcanoes of the World, v. 4.11.0. Venzke, E (ed.). Smithsonian Institution. Downloaded 20 Jun 2022. https://doi.org/10.5479/si.GVP.VOTW4-2013" }, "geometry": { "type": "Point", "coordinates": [ -19.633, 63.633 ] } },
{ "type": "Feature", "properties": { "gid": 291, "nazwa": "Milna", "ostatnia_erupcja": "1914", "kraj": "Rosja", "typ": "stratowulkan", "rodzaj_erupcji": "erupcja zaobserwowana", "materiał": "andezyt / andezyt bazaltowy", "tektonika": "strefa subdukcji / skorupa oceaniczna (< 15 km)", "legenda": "Wulkan", "źródło": "Global Volcanism Program, 2013. Volcanoes of the World, v. 4.11.0. Venzke, E (ed.). Smithsonian Institution. Downloaded 20 Jun 2022. https://doi.org/10.5479/si.GVP.VOTW4-2013" }, "geometry": { "type": "Point", "coordinates": [ 151.786, 46.815 ] } },
{ "type": "Feature", "properties": { "gid": 293, "nazwa": "Prevo Peak", "ostatnia_erupcja": "1825", "kraj": "Rosja", "typ": "stratowulkan", "rodzaj_erupcji": "erupcja zaobserwowana", "materiał": "bazalt / pikryt", "tektonika": "strefa subdukcji / skorupa oceaniczna (< 15 km)", "legenda": "Wulkan", "źródło": "Global Volcanism Program, 2013. Volcanoes of the World, v. 4.11.0. Venzke, E (ed.). Smithsonian Institution. Downloaded 20 Jun 2022. https://doi.org/10.5479/si.GVP.VOTW4-2013" }, "geometry": { "type": "Point", "coordinates": [ 152.120000000000118, 47.02 ] } },
{ "type": "Feature", "properties": { "gid": 295, "nazwa": "Ketoi", "ostatnia_erupcja": "1960", "kraj": "Rosja", "typ": "stratowulkan", "rodzaj_erupcji": "erupcja zaobserwowana", "materiał": "andezyt / andezyt bazaltowy", "tektonika": "strefa subdukcji / skorupa oceaniczna (< 15 km)", "legenda": "Wulkan", "źródło": "Global Volcanism Program, 2013. Volcanoes of the World, v. 4.11.0. Venzke, E (ed.). Smithsonian Institution. Downloaded 20 Jun 2022. https://doi.org/10.5479/si.GVP.VOTW4-2013" }, "geometry": { "type": "Point", "coordinates": [ 152.475, 47.35 ] } },
{ "type": "Feature", "properties": { "gid": 298, "nazwa": "Rasshua", "ostatnia_erupcja": "1957", "kraj": "Rosja", "typ": "stratowulkan", "rodzaj_erupcji": "erupcja zaobserwowana", "materiał": "andezyt / andezyt bazaltowy", "tektonika": "strefa subdukcji / skorupa oceaniczna (< 15 km)", "legenda": "Wulkan", "źródło": "Global Volcanism Program, 2013. Volcanoes of the World, v. 4.11.0. Venzke, E (ed.). Smithsonian Institution. Downloaded 20 Jun 2022. https://doi.org/10.5479/si.GVP.VOTW4-2013" }, "geometry": { "type": "Point", "coordinates": [ 153.02, 47.77 ] } },
{ "type": "Feature", "properties": { "gid": 299, "nazwa": "Sarychev Peak", "ostatnia_erupcja": "2009", "kraj": "Rosja", "typ": "stratowulkan", "rodzaj_erupcji": "erupcja zaobserwowana", "materiał": "andezyt / andezyt bazaltowy", "tektonika": "strefa subdukcji / skorupa oceaniczna (< 15 km)", "legenda": "Wulkan", "źródło": "Global Volcanism Program, 2013. Volcanoes of the World, v. 4.11.0. Venzke, E (ed.). Smithsonian Institution. Downloaded 20 Jun 2022. https://doi.org/10.5479/si.GVP.VOTW4-2013" }, "geometry": { "type": "Point", "coordinates": [ 153.2, 48.092 ] } },
{ "type": "Feature", "properties": { "gid": 300, "nazwa": "Raikoke", "ostatnia_erupcja": "1924", "kraj": "Rosja", "typ": "stratowulkan", "rodzaj_erupcji": "erupcja zaobserwowana", "materiał": "bazalt / pikryt", "tektonika": "strefa subdukcji / skorupa oceaniczna (< 15 km)", "legenda": "Wulkan", "źródło": "Global Volcanism Program, 2013. Volcanoes of the World, v. 4.11.0. Venzke, E (ed.). Smithsonian Institution. Downloaded 20 Jun 2022. https://doi.org/10.5479/si.GVP.VOTW4-2013" }, "geometry": { "type": "Point", "coordinates": [ 153.250000000000114, 48.292 ] } },
{ "type": "Feature", "properties": { "gid": 301, "nazwa": "Chirinkotan", "ostatnia_erupcja": "2017", "kraj": "Rosja", "typ": "stratowulkan", "rodzaj_erupcji": "erupcja zaobserwowana", "materiał": "andezyt / andezyt bazaltowy", "tektonika": "strefa subdukcji / skorupa oceaniczna (< 15 km)", "legenda": "Wulkan", "źródło": "Global Volcanism Program, 2013. Volcanoes of the World, v. 4.11.0. Venzke, E (ed.). Smithsonian Institution. Downloaded 20 Jun 2022. https://doi.org/10.5479/si.GVP.VOTW4-2013" }, "geometry": { "type": "Point", "coordinates": [ 153.48, 48.98 ] } },
{ "type": "Feature", "properties": { "gid": 302, "nazwa": "Ekarma", "ostatnia_erupcja": "2010", "kraj": "Rosja", "typ": "stratowulkan", "rodzaj_erupcji": "erupcja zaobserwowana", "materiał": "andezyt / andezyt bazaltowy", "tektonika": "strefa subdukcji / skorupa oceaniczna (< 15 km)", "legenda": "Wulkan", "źródło": "Global Volcanism Program, 2013. Volcanoes of the World, v. 4.11.0. Venzke, E (ed.). Smithsonian Institution. Downloaded 20 Jun 2022. https://doi.org/10.5479/si.GVP.VOTW4-2013" }, "geometry": { "type": "Point", "coordinates": [ 153.93, 48.958 ] } },
{ "type": "Feature", "properties": { "gid": 1156, "nazwa": "Soche", "ostatnia_erupcja": "6650 p.n.e.", "kraj": "Ekwador", "typ": "stratowulkan", "rodzaj_erupcji": "erupcja datowana", "materiał": "dacyt", "tektonika": "strefa subdukcji / skorupa kontynentalna (>25 km)", "legenda": "Wulkan", "źródło": "Global Volcanism Program, 2013. Volcanoes of the World, v. 4.11.0. Venzke, E (ed.). Smithsonian Institution. Downloaded 20 Jun 2022. https://doi.org/10.5479/si.GVP.VOTW4-2013" }, "geometry": { "type": "Point", "coordinates": [ -77.58, 0.552 ] } },
{ "type": "Feature", "properties": { "gid": 1039, "nazwa": "Torfajokull", "ostatnia_erupcja": "1477", "kraj": "Islandia", "typ": "stratowulkan", "rodzaj_erupcji": "erupcja zaobserwowana", "materiał": "ryolit", "tektonika": "strefa ryftowa / skorupa oceaniczna (< 15 km)", "legenda": "Wulkan", "źródło": "Global Volcanism Program, 2013. Volcanoes of the World, v. 4.11.0. Venzke, E (ed.). Smithsonian Institution. Downloaded 20 Jun 2022. https://doi.org/10.5479/si.GVP.VOTW4-2013" }, "geometry": { "type": "Point", "coordinates": [ -19.122, 63.892 ] } },
{ "type": "Feature", "properties": { "gid": 1040, "nazwa": "Hekla", "ostatnia_erupcja": "2000", "kraj": "Islandia", "typ": "stratowulkan", "rodzaj_erupcji": "erupcja zaobserwowana", "materiał": "andezyt / andezyt bazaltowy", "tektonika": "strefa ryftowa / skorupa oceaniczna (< 15 km)", "legenda": "Wulkan", "źródło": "Global Volcanism Program, 2013. Volcanoes of the World, v. 4.11.0. Venzke, E (ed.). Smithsonian Institution. Downloaded 20 Jun 2022. https://doi.org/10.5479/si.GVP.VOTW4-2013" }, "geometry": { "type": "Point", "coordinates": [ -19.666, 63.983 ] } },
{ "type": "Feature", "properties": { "gid": 1042, "nazwa": "Bardarbunga", "ostatnia_erupcja": "2015", "kraj": "Islandia", "typ": "stratowulkan", "rodzaj_erupcji": "erupcja zaobserwowana", "materiał": "bazalt / pikryt", "tektonika": "strefa ryftowa / skorupa oceaniczna (< 15 km)", "legenda": "Wulkan", "źródło": "Global Volcanism Program, 2013. Volcanoes of the World, v. 4.11.0. Venzke, E (ed.). Smithsonian Institution. Downloaded 20 Jun 2022. https://doi.org/10.5479/si.GVP.VOTW4-2013" }, "geometry": { "type": "Point", "coordinates": [ -17.516, 64.633 ] } },
{ "type": "Feature", "properties": { "gid": 1044, "nazwa": "Kverkfjoll", "ostatnia_erupcja": "1968", "kraj": "Islandia", "typ": "stratowulkan", "rodzaj_erupcji": "erupcja zaobserwowana", "materiał": "bazalt / pikryt", "tektonika": "strefa ryftowa / skorupa oceaniczna (< 15 km)", "legenda": "Wulkan", "źródło": "Global Volcanism Program, 2013. Volcanoes of the World, v. 4.11.0. Venzke, E (ed.). Smithsonian Institution. Downloaded 20 Jun 2022. https://doi.org/10.5479/si.GVP.VOTW4-2013" }, "geometry": { "type": "Point", "coordinates": [ -16.647, 64.653 ] } },
{ "type": "Feature", "properties": { "gid": 1045, "nazwa": "Askja", "ostatnia_erupcja": "1961", "kraj": "Islandia", "typ": "stratowulkan", "rodzaj_erupcji": "erupcja zaobserwowana", "materiał": "bazalt / pikryt", "tektonika": "strefa ryftowa / skorupa oceaniczna (< 15 km)", "legenda": "Wulkan", "źródło": "Global Volcanism Program, 2013. Volcanoes of the World, v. 4.11.0. Venzke, E (ed.). Smithsonian Institution. Downloaded 20 Jun 2022. https://doi.org/10.5479/si.GVP.VOTW4-2013" }, "geometry": { "type": "Point", "coordinates": [ -16.783, 65.033 ] } },
{ "type": "Feature", "properties": { "gid": 1046, "nazwa": "Fremrinamar", "ostatnia_erupcja": "1200 p.n.e.", "kraj": "Islandia", "typ": "stratowulkan", "rodzaj_erupcji": "erupcja datowana", "materiał": "bazalt / pikryt", "tektonika": "strefa ryftowa / skorupa oceaniczna (< 15 km)", "legenda": "Wulkan", "źródło": "Global Volcanism Program, 2013. Volcanoes of the World, v. 4.11.0. Venzke, E (ed.). Smithsonian Institution. Downloaded 20 Jun 2022. https://doi.org/10.5479/si.GVP.VOTW4-2013" }, "geometry": { "type": "Point", "coordinates": [ -16.666, 65.416 ] } },
{ "type": "Feature", "properties": { "gid": 1050, "nazwa": "Oraefajokull", "ostatnia_erupcja": "1728", "kraj": "Islandia", "typ": "stratowulkan", "rodzaj_erupcji": "erupcja zaobserwowana", "materiał": "bazalt / pikryt", "tektonika": "strefa ryftowa / skorupa oceaniczna (< 15 km)", "legenda": "Wulkan", "źródło": "Global Volcanism Program, 2013. Volcanoes of the World, v. 4.11.0. Venzke, E (ed.). Smithsonian Institution. Downloaded 20 Jun 2022. https://doi.org/10.5479/si.GVP.VOTW4-2013" }, "geometry": { "type": "Point", "coordinates": [ -16.633, 64.05 ] } },
{ "type": "Feature", "properties": { "gid": 1053, "nazwa": "Jan Mayen", "ostatnia_erupcja": "1985", "kraj": "Norwegia", "typ": "stratowulkan", "rodzaj_erupcji": "erupcja zaobserwowana", "materiał": "bazalt / pikryt", "tektonika": "strefa ryftowa / skorupa oceaniczna (< 15 km)", "legenda": "Wulkan", "źródło": "Global Volcanism Program, 2013. Volcanoes of the World, v. 4.11.0. Venzke, E (ed.). Smithsonian Institution. Downloaded 20 Jun 2022. https://doi.org/10.5479/si.GVP.VOTW4-2013" }, "geometry": { "type": "Point", "coordinates": [ -8.146, 71.087 ] } },
{ "type": "Feature", "properties": { "gid": 303, "nazwa": "Sinarka", "ostatnia_erupcja": "1878", "kraj": "Rosja", "typ": "stratowulkan", "rodzaj_erupcji": "erupcja zaobserwowana", "materiał": "andezyt / andezyt bazaltowy", "tektonika": "strefa subdukcji / skorupa oceaniczna (< 15 km)", "legenda": "Wulkan", "źródło": "Global Volcanism Program, 2013. Volcanoes of the World, v. 4.11.0. Venzke, E (ed.). Smithsonian Institution. Downloaded 20 Jun 2022. https://doi.org/10.5479/si.GVP.VOTW4-2013" }, "geometry": { "type": "Point", "coordinates": [ 154.182, 48.873 ] } },
{ "type": "Feature", "properties": { "gid": 304, "nazwa": "Kharimkotan", "ostatnia_erupcja": "1933", "kraj": "Rosja", "typ": "stratowulkan", "rodzaj_erupcji": "erupcja zaobserwowana", "materiał": "andezyt / andezyt bazaltowy", "tektonika": "strefa subdukcji / skorupa oceaniczna (< 15 km)", "legenda": "Wulkan", "źródło": "Global Volcanism Program, 2013. Volcanoes of the World, v. 4.11.0. Venzke, E (ed.). Smithsonian Institution. Downloaded 20 Jun 2022. https://doi.org/10.5479/si.GVP.VOTW4-2013" }, "geometry": { "type": "Point", "coordinates": [ 154.508, 49.12 ] } },
{ "type": "Feature", "properties": { "gid": 305, "nazwa": "Tao-Rusyr Caldera", "ostatnia_erupcja": "1952", "kraj": "Rosja", "typ": "stratowulkan", "rodzaj_erupcji": "erupcja zaobserwowana", "materiał": "andezyt / andezyt bazaltowy", "tektonika": "strefa subdukcji / skorupa oceaniczna (< 15 km)", "legenda": "Wulkan", "źródło": "Global Volcanism Program, 2013. Volcanoes of the World, v. 4.11.0. Venzke, E (ed.). Smithsonian Institution. Downloaded 20 Jun 2022. https://doi.org/10.5479/si.GVP.VOTW4-2013" }, "geometry": { "type": "Point", "coordinates": [ 154.7, 49.35 ] } },
{ "type": "Feature", "properties": { "gid": 308, "nazwa": "Fuss Peak", "ostatnia_erupcja": "1854", "kraj": "Rosja", "typ": "stratowulkan", "rodzaj_erupcji": "erupcja zaobserwowana", "materiał": "andezyt / andezyt bazaltowy", "tektonika": "strefa subdukcji / skorupa kontynentalna (>25 km)", "legenda": "Wulkan", "źródło": "Global Volcanism Program, 2013. Volcanoes of the World, v. 4.11.0. Venzke, E (ed.). Smithsonian Institution. Downloaded 20 Jun 2022. https://doi.org/10.5479/si.GVP.VOTW4-2013" }, "geometry": { "type": "Point", "coordinates": [ 155.246, 50.267 ] } },
{ "type": "Feature", "properties": { "gid": 327, "nazwa": "South Island", "ostatnia_erupcja": "1888", "kraj": "Kenia", "typ": "stratowulkan", "rodzaj_erupcji": "erupcja zaobserwowana", "materiał": "bazalt / pikryt", "tektonika": "strefa ryftowa / skorupa kontynentalna (>25 km)", "legenda": "Wulkan", "źródło": "Global Volcanism Program, 2013. Volcanoes of the World, v. 4.11.0. Venzke, E (ed.). Smithsonian Institution. Downloaded 20 Jun 2022. https://doi.org/10.5479/si.GVP.VOTW4-2013" }, "geometry": { "type": "Point", "coordinates": [ 36.6, 2.63 ] } },
{ "type": "Feature", "properties": { "gid": 343, "nazwa": "Longonot", "ostatnia_erupcja": "1863", "kraj": "Kenia", "typ": "stratowulkan", "rodzaj_erupcji": "erupcja datowana", "materiał": "trachit", "tektonika": "strefa ryftowa / skorupa kontynentalna (>25 km)", "legenda": "Wulkan", "źródło": "Global Volcanism Program, 2013. Volcanoes of the World, v. 4.11.0. Venzke, E (ed.). Smithsonian Institution. Downloaded 20 Jun 2022. https://doi.org/10.5479/si.GVP.VOTW4-2013" }, "geometry": { "type": "Point", "coordinates": [ 36.446, -0.914 ] } },
{ "type": "Feature", "properties": { "gid": 347, "nazwa": "Meru", "ostatnia_erupcja": "1910", "kraj": "Tanzania", "typ": "stratowulkan", "rodzaj_erupcji": "erupcja zaobserwowana", "materiał": "fonolit", "tektonika": "strefa ryftowa / skorupa kontynentalna (>25 km)", "legenda": "Wulkan", "źródło": "Global Volcanism Program, 2013. Volcanoes of the World, v. 4.11.0. Venzke, E (ed.). Smithsonian Institution. Downloaded 20 Jun 2022. https://doi.org/10.5479/si.GVP.VOTW4-2013" }, "geometry": { "type": "Point", "coordinates": [ 36.75, -3.25 ] } },
{ "type": "Feature", "properties": { "gid": 1055, "nazwa": "Flores", "ostatnia_erupcja": "950 p.n.e.", "kraj": "Portugalia", "typ": "stratowulkan", "rodzaj_erupcji": "erupcja datowana", "materiał": "bazalt / pikryt", "tektonika": "strefa subdukcji / skorupa kontynentalna (>25 km)", "legenda": "Wulkan", "źródło": "Global Volcanism Program, 2013. Volcanoes of the World, v. 4.11.0. Venzke, E (ed.). Smithsonian Institution. Downloaded 20 Jun 2022. https://doi.org/10.5479/si.GVP.VOTW4-2013" }, "geometry": { "type": "Point", "coordinates": [ -31.216, 39.462 ] } },
{ "type": "Feature", "properties": { "gid": 1057, "nazwa": "Fayal", "ostatnia_erupcja": "1958", "kraj": "Portugalia", "typ": "stratowulkan", "rodzaj_erupcji": "erupcja zaobserwowana", "materiał": "andezyt / andezyt bazaltowy", "tektonika": "strefa ryftowa / skorupa oceaniczna (< 15 km)", "legenda": "Wulkan", "źródło": "Global Volcanism Program, 2013. Volcanoes of the World, v. 4.11.0. Venzke, E (ed.). Smithsonian Institution. Downloaded 20 Jun 2022. https://doi.org/10.5479/si.GVP.VOTW4-2013" }, "geometry": { "type": "Point", "coordinates": [ -28.73, 38.6 ] } },
{ "type": "Feature", "properties": { "gid": 1058, "nazwa": "Pico", "ostatnia_erupcja": "1720", "kraj": "Portugalia", "typ": "stratowulkan", "rodzaj_erupcji": "erupcja zaobserwowana", "materiał": "bazalt / pikryt", "tektonika": "strefa ryftowa / skorupa oceaniczna (< 15 km)", "legenda": "Wulkan", "źródło": "Global Volcanism Program, 2013. Volcanoes of the World, v. 4.11.0. Venzke, E (ed.). Smithsonian Institution. Downloaded 20 Jun 2022. https://doi.org/10.5479/si.GVP.VOTW4-2013" }, "geometry": { "type": "Point", "coordinates": [ -28.4, 38.47 ] } },
{ "type": "Feature", "properties": { "gid": 1060, "nazwa": "Graciosa", "ostatnia_erupcja": "1950 p.n.e.", "kraj": "Portugalia", "typ": "stratowulkan", "rodzaj_erupcji": "erupcja datowana", "materiał": "bazalt / pikryt", "tektonika": "strefa ryftowa / skorupa oceaniczna (< 15 km)", "legenda": "Wulkan", "źródło": "Global Volcanism Program, 2013. Volcanoes of the World, v. 4.11.0. Venzke, E (ed.). Smithsonian Institution. Downloaded 20 Jun 2022. https://doi.org/10.5479/si.GVP.VOTW4-2013" }, "geometry": { "type": "Point", "coordinates": [ -27.97, 39.02 ] } },
{ "type": "Feature", "properties": { "gid": 1061, "nazwa": "Terceira", "ostatnia_erupcja": "2000", "kraj": "Portugalia", "typ": "stratowulkan", "rodzaj_erupcji": "erupcja zaobserwowana", "materiał": "bazalt / pikryt", "tektonika": "strefa ryftowa / skorupa oceaniczna (< 15 km)", "legenda": "Wulkan", "źródło": "Global Volcanism Program, 2013. Volcanoes of the World, v. 4.11.0. Venzke, E (ed.). Smithsonian Institution. Downloaded 20 Jun 2022. https://doi.org/10.5479/si.GVP.VOTW4-2013" }, "geometry": { "type": "Point", "coordinates": [ -27.32, 38.73 ] } },
{ "type": "Feature", "properties": { "gid": 1063, "nazwa": "Sete Cidades", "ostatnia_erupcja": "1880", "kraj": "Portugalia", "typ": "stratowulkan", "rodzaj_erupcji": "erupcja zaobserwowana", "materiał": "trachit", "tektonika": "strefa ryftowa / skorupa oceaniczna (< 15 km)", "legenda": "Wulkan", "źródło": "Global Volcanism Program, 2013. Volcanoes of the World, v. 4.11.0. Venzke, E (ed.). Smithsonian Institution. Downloaded 20 Jun 2022. https://doi.org/10.5479/si.GVP.VOTW4-2013" }, "geometry": { "type": "Point", "coordinates": [ -25.78, 37.87 ] } },
{ "type": "Feature", "properties": { "gid": 1065, "nazwa": "Agua de Pau", "ostatnia_erupcja": "1564", "kraj": "Portugalia", "typ": "stratowulkan", "rodzaj_erupcji": "erupcja zaobserwowana", "materiał": "trachit", "tektonika": "strefa ryftowa / skorupa oceaniczna (< 15 km)", "legenda": "Wulkan", "źródło": "Global Volcanism Program, 2013. Volcanoes of the World, v. 4.11.0. Venzke, E (ed.). Smithsonian Institution. Downloaded 20 Jun 2022. https://doi.org/10.5479/si.GVP.VOTW4-2013" }, "geometry": { "type": "Point", "coordinates": [ -25.47, 37.77 ] } },
{ "type": "Feature", "properties": { "gid": 1083, "nazwa": "Buckle Island", "ostatnia_erupcja": "1899", "kraj": "Antarktyda", "typ": "stratowulkan", "rodzaj_erupcji": "erupcja zaobserwowana", "materiał": "tefryt / trachybazalt", "tektonika": "strefa ryftowa / skorupa oceaniczna (< 15 km)", "legenda": "Wulkan", "źródło": "Global Volcanism Program, 2013. Volcanoes of the World, v. 4.11.0. Venzke, E (ed.). Smithsonian Institution. Downloaded 20 Jun 2022. https://doi.org/10.5479/si.GVP.VOTW4-2013" }, "geometry": { "type": "Point", "coordinates": [ 163.250000000000114, -66.78 ] } },
{ "type": "Feature", "properties": { "gid": 1086, "nazwa": "Pleiades, The", "ostatnia_erupcja": "1050 p.n.e.", "kraj": "Antarktyda", "typ": "stratowulkan", "rodzaj_erupcji": "erupcja datowana", "materiał": "trachyandezyt / bazaltowy trachyandezyt", "tektonika": "strefa subdukcji / skorupa kontynentalna (>25 km)", "legenda": "Wulkan", "źródło": "Global Volcanism Program, 2013. Volcanoes of the World, v. 4.11.0. Venzke, E (ed.). Smithsonian Institution. Downloaded 20 Jun 2022. https://doi.org/10.5479/si.GVP.VOTW4-2013" }, "geometry": { "type": "Point", "coordinates": [ 165.500000000000114, -72.67 ] } },
{ "type": "Feature", "properties": { "gid": 1087, "nazwa": "Melbourne", "ostatnia_erupcja": "1892", "kraj": "Antarktyda", "typ": "stratowulkan", "rodzaj_erupcji": "erupcja datowana", "materiał": "trachit", "tektonika": "strefa subdukcji / skorupa kontynentalna (>25 km)", "legenda": "Wulkan", "źródło": "Global Volcanism Program, 2013. Volcanoes of the World, v. 4.11.0. Venzke, E (ed.). Smithsonian Institution. Downloaded 20 Jun 2022. https://doi.org/10.5479/si.GVP.VOTW4-2013" }, "geometry": { "type": "Point", "coordinates": [ 164.7, -74.35 ] } },
{ "type": "Feature", "properties": { "gid": 1090, "nazwa": "Erebus", "ostatnia_erupcja": "2018", "kraj": "Antarktyda", "typ": "stratowulkan", "rodzaj_erupcji": "erupcja zaobserwowana", "materiał": "fonolit", "tektonika": "strefa subdukcji / skorupa kontynentalna (>25 km)", "legenda": "Wulkan", "źródło": "Global Volcanism Program, 2013. Volcanoes of the World, v. 4.11.0. Venzke, E (ed.). Smithsonian Institution. Downloaded 20 Jun 2022. https://doi.org/10.5479/si.GVP.VOTW4-2013" }, "geometry": { "type": "Point", "coordinates": [ 167.17, -77.53 ] } },
{ "type": "Feature", "properties": { "gid": 1098, "nazwa": "Hudson Mountains", "ostatnia_erupcja": "210 p.n.e.", "kraj": "Antarktyda", "typ": "stratowulkan", "rodzaj_erupcji": "erupcja datowana", "materiał": "bazalt / pikryt", "tektonika": "strefa subdukcji / skorupa kontynentalna (>25 km)", "legenda": "Wulkan", "źródło": "Global Volcanism Program, 2013. Volcanoes of the World, v. 4.11.0. Venzke, E (ed.). Smithsonian Institution. Downloaded 20 Jun 2022. https://doi.org/10.5479/si.GVP.VOTW4-2013" }, "geometry": { "type": "Point", "coordinates": [ -99.42, -74.33 ] } },
{ "type": "Feature", "properties": { "gid": 358, "nazwa": "Nyiragongo", "ostatnia_erupcja": "2021", "kraj": "Demokratyczna Republika Konga", "typ": "stratowulkan", "rodzaj_erupcji": "erupcja zaobserwowana", "materiał": "foidyt", "tektonika": "strefa ryftowa / skorupa kontynentalna (>25 km)", "legenda": "Wulkan", "źródło": "Global Volcanism Program, 2013. Volcanoes of the World, v. 4.11.0. Venzke, E (ed.). Smithsonian Institution. Downloaded 20 Jun 2022. https://doi.org/10.5479/si.GVP.VOTW4-2013" }, "geometry": { "type": "Point", "coordinates": [ 29.25, -1.52 ] } },
{ "type": "Feature", "properties": { "gid": 403, "nazwa": "Damavand", "ostatnia_erupcja": "5350 p.n.e.", "kraj": "Iran", "typ": "stratowulkan", "rodzaj_erupcji": "erupcja datowana", "materiał": "trachyandezyt / bazaltowy trachyandezyt", "tektonika": "strefa subdukcji / skorupa kontynentalna (>25 km)", "legenda": "Wulkan", "źródło": "Global Volcanism Program, 2013. Volcanoes of the World, v. 4.11.0. Venzke, E (ed.). Smithsonian Institution. Downloaded 20 Jun 2022. https://doi.org/10.5479/si.GVP.VOTW4-2013" }, "geometry": { "type": "Point", "coordinates": [ 52.109, 35.951 ] } },
{ "type": "Feature", "properties": { "gid": 505, "nazwa": "Kupreanof", "ostatnia_erupcja": "1987", "kraj": "Stany Zjednoczone", "typ": "stratowulkan", "rodzaj_erupcji": "erupcja zaobserwowana", "materiał": "andezyt / andezyt bazaltowy", "tektonika": "strefa subdukcji / skorupa kontynentalna (>25 km)", "legenda": "Wulkan", "źródło": "Global Volcanism Program, 2013. Volcanoes of the World, v. 4.11.0. Venzke, E (ed.). Smithsonian Institution. Downloaded 20 Jun 2022. https://doi.org/10.5479/si.GVP.VOTW4-2013" }, "geometry": { "type": "Point", "coordinates": [ -159.797, 56.011 ] } },
{ "type": "Feature", "properties": { "gid": 506, "nazwa": "Veniaminof", "ostatnia_erupcja": "2013", "kraj": "Stany Zjednoczone", "typ": "stratowulkan", "rodzaj_erupcji": "erupcja zaobserwowana", "materiał": "andezyt / andezyt bazaltowy", "tektonika": "strefa subdukcji / skorupa kontynentalna (>25 km)", "legenda": "Wulkan", "źródło": "Global Volcanism Program, 2013. Volcanoes of the World, v. 4.11.0. Venzke, E (ed.). Smithsonian Institution. Downloaded 20 Jun 2022. https://doi.org/10.5479/si.GVP.VOTW4-2013" }, "geometry": { "type": "Point", "coordinates": [ -159.38, 56.17 ] } },
{ "type": "Feature", "properties": { "gid": 1101, "nazwa": "Penguin Island", "ostatnia_erupcja": "1905", "kraj": "Antarktyda", "typ": "stratowulkan", "rodzaj_erupcji": "erupcja zaobserwowana", "materiał": "bazalt / pikryt", "tektonika": "strefa subdukcji / skorupa kontynentalna (>25 km)", "legenda": "Wulkan", "źródło": "Global Volcanism Program, 2013. Volcanoes of the World, v. 4.11.0. Venzke, E (ed.). Smithsonian Institution. Downloaded 20 Jun 2022. https://doi.org/10.5479/si.GVP.VOTW4-2013" }, "geometry": { "type": "Point", "coordinates": [ -57.93, -62.1 ] } },
{ "type": "Feature", "properties": { "gid": 1105, "nazwa": "Southern Thule", "ostatnia_erupcja": "1975", "kraj": "Wielka Brytania", "typ": "stratowulkan", "rodzaj_erupcji": "erupcja zaobserwowana", "materiał": "andezyt / andezyt bazaltowy", "tektonika": "strefa subdukcji / skorupa oceaniczna (< 15 km)", "legenda": "Wulkan", "źródło": "Global Volcanism Program, 2013. Volcanoes of the World, v. 4.11.0. Venzke, E (ed.). Smithsonian Institution. Downloaded 20 Jun 2022. https://doi.org/10.5479/si.GVP.VOTW4-2013" }, "geometry": { "type": "Point", "coordinates": [ -27.225, -59.442 ] } },
{ "type": "Feature", "properties": { "gid": 1106, "nazwa": "Bristol Island", "ostatnia_erupcja": "2016", "kraj": "Wielka Brytania", "typ": "stratowulkan", "rodzaj_erupcji": "erupcja zaobserwowana", "materiał": "bazalt / pikryt", "tektonika": "strefa subdukcji / skorupa oceaniczna (< 15 km)", "legenda": "Wulkan", "źródło": "Global Volcanism Program, 2013. Volcanoes of the World, v. 4.11.0. Venzke, E (ed.). Smithsonian Institution. Downloaded 20 Jun 2022. https://doi.org/10.5479/si.GVP.VOTW4-2013" }, "geometry": { "type": "Point", "coordinates": [ -26.533, -59.017 ] } },
{ "type": "Feature", "properties": { "gid": 1108, "nazwa": "Saunders", "ostatnia_erupcja": "2018", "kraj": "Wielka Brytania", "typ": "stratowulkan", "rodzaj_erupcji": "erupcja zaobserwowana", "materiał": "bazalt / pikryt", "tektonika": "strefa subdukcji / skorupa oceaniczna (< 15 km)", "legenda": "Wulkan", "źródło": "Global Volcanism Program, 2013. Volcanoes of the World, v. 4.11.0. Venzke, E (ed.). Smithsonian Institution. Downloaded 20 Jun 2022. https://doi.org/10.5479/si.GVP.VOTW4-2013" }, "geometry": { "type": "Point", "coordinates": [ -26.483, -57.8 ] } },
{ "type": "Feature", "properties": { "gid": 1109, "nazwa": "Candlemas Island", "ostatnia_erupcja": "1911", "kraj": "Wielka Brytania", "typ": "stratowulkan", "rodzaj_erupcji": "erupcja zaobserwowana", "materiał": "bazalt / pikryt", "tektonika": "strefa subdukcji / skorupa oceaniczna (< 15 km)", "legenda": "Wulkan", "źródło": "Global Volcanism Program, 2013. Volcanoes of the World, v. 4.11.0. Venzke, E (ed.). Smithsonian Institution. Downloaded 20 Jun 2022. https://doi.org/10.5479/si.GVP.VOTW4-2013" }, "geometry": { "type": "Point", "coordinates": [ -26.67, -57.08 ] } },
{ "type": "Feature", "properties": { "gid": 1112, "nazwa": "Zavodovski", "ostatnia_erupcja": "2016", "kraj": "Wielka Brytania", "typ": "stratowulkan", "rodzaj_erupcji": "erupcja zaobserwowana", "materiał": "bazalt / pikryt", "tektonika": "strefa subdukcji / skorupa oceaniczna (< 15 km)", "legenda": "Wulkan", "źródło": "Global Volcanism Program, 2013. Volcanoes of the World, v. 4.11.0. Venzke, E (ed.). Smithsonian Institution. Downloaded 20 Jun 2022. https://doi.org/10.5479/si.GVP.VOTW4-2013" }, "geometry": { "type": "Point", "coordinates": [ -27.57, -56.3 ] } },
{ "type": "Feature", "properties": { "gid": 1117, "nazwa": "Momotombo", "ostatnia_erupcja": "2016", "kraj": "Nikaragua", "typ": "stratowulkan", "rodzaj_erupcji": "erupcja zaobserwowana", "materiał": "bazalt / pikryt", "tektonika": "strefa subdukcji / skorupa kontynentalna (>25 km)", "legenda": "Wulkan", "źródło": "Global Volcanism Program, 2013. Volcanoes of the World, v. 4.11.0. Venzke, E (ed.). Smithsonian Institution. Downloaded 20 Jun 2022. https://doi.org/10.5479/si.GVP.VOTW4-2013" }, "geometry": { "type": "Point", "coordinates": [ -86.539, 12.423 ] } },
{ "type": "Feature", "properties": { "gid": 419, "nazwa": "Ksudach", "ostatnia_erupcja": "1907", "kraj": "Rosja", "typ": "stratowulkan", "rodzaj_erupcji": "erupcja zaobserwowana", "materiał": "andezyt / andezyt bazaltowy", "tektonika": "strefa subdukcji / skorupa kontynentalna (>25 km)", "legenda": "Wulkan", "źródło": "Global Volcanism Program, 2013. Volcanoes of the World, v. 4.11.0. Venzke, E (ed.). Smithsonian Institution. Downloaded 20 Jun 2022. https://doi.org/10.5479/si.GVP.VOTW4-2013" }, "geometry": { "type": "Point", "coordinates": [ 157.572000000000116, 51.844 ] } },
{ "type": "Feature", "properties": { "gid": 425, "nazwa": "Khodutka", "ostatnia_erupcja": "300 p.n.e.", "kraj": "Rosja", "typ": "stratowulkan", "rodzaj_erupcji": "erupcja datowana", "materiał": "andezyt / andezyt bazaltowy", "tektonika": "strefa subdukcji / skorupa kontynentalna (>25 km)", "legenda": "Wulkan", "źródło": "Global Volcanism Program, 2013. Volcanoes of the World, v. 4.11.0. Venzke, E (ed.). Smithsonian Institution. Downloaded 20 Jun 2022. https://doi.org/10.5479/si.GVP.VOTW4-2013" }, "geometry": { "type": "Point", "coordinates": [ 157.711, 52.062 ] } },
{ "type": "Feature", "properties": { "gid": 426, "nazwa": "Spokoiny", "ostatnia_erupcja": "3450 p.n.e.", "kraj": "Rosja", "typ": "stratowulkan", "rodzaj_erupcji": "erupcja datowana", "materiał": "dacyt", "tektonika": "strefa subdukcji / skorupa kontynentalna (>25 km)", "legenda": "Wulkan", "źródło": "Global Volcanism Program, 2013. Volcanoes of the World, v. 4.11.0. Venzke, E (ed.). Smithsonian Institution. Downloaded 20 Jun 2022. https://doi.org/10.5479/si.GVP.VOTW4-2013" }, "geometry": { "type": "Point", "coordinates": [ 160.82, 58.13 ] } },
{ "type": "Feature", "properties": { "gid": 428, "nazwa": "Ostry", "ostatnia_erupcja": "2050 p.n.e.", "kraj": "Rosja", "typ": "stratowulkan", "rodzaj_erupcji": "erupcja datowana", "materiał": "bazalt / pikryt", "tektonika": "strefa subdukcji / skorupa kontynentalna (>25 km)", "legenda": "Wulkan", "źródło": "Global Volcanism Program, 2013. Volcanoes of the World, v. 4.11.0. Venzke, E (ed.). Smithsonian Institution. Downloaded 20 Jun 2022. https://doi.org/10.5479/si.GVP.VOTW4-2013" }, "geometry": { "type": "Point", "coordinates": [ 160.82, 58.18 ] } },
{ "type": "Feature", "properties": { "gid": 446, "nazwa": "Arjuno-Welirang", "ostatnia_erupcja": "1952", "kraj": "Indonezja", "typ": "stratowulkan", "rodzaj_erupcji": "erupcja zaobserwowana", "materiał": "andezyt / andezyt bazaltowy", "tektonika": "strefa subdukcji / skorupa kontynentalna (>25 km)", "legenda": "Wulkan", "źródło": "Global Volcanism Program, 2013. Volcanoes of the World, v. 4.11.0. Venzke, E (ed.). Smithsonian Institution. Downloaded 20 Jun 2022. https://doi.org/10.5479/si.GVP.VOTW4-2013" }, "geometry": { "type": "Point", "coordinates": [ 112.575, -7.733 ] } },
{ "type": "Feature", "properties": { "gid": 453, "nazwa": "Changbaishan", "ostatnia_erupcja": "1903", "kraj": "Chiny - Północna Korea", "typ": "stratowulkan", "rodzaj_erupcji": "erupcja zaobserwowana", "materiał": "trachit", "tektonika": "strefa subdukcji / skorupa kontynentalna (>25 km)", "legenda": "Wulkan", "źródło": "Global Volcanism Program, 2013. Volcanoes of the World, v. 4.11.0. Venzke, E (ed.). Smithsonian Institution. Downloaded 20 Jun 2022. https://doi.org/10.5479/si.GVP.VOTW4-2013" }, "geometry": { "type": "Point", "coordinates": [ 128.08, 41.98 ] } },
{ "type": "Feature", "properties": { "gid": 1124, "nazwa": "Concepcion", "ostatnia_erupcja": "2011", "kraj": "Nikaragua", "typ": "stratowulkan", "rodzaj_erupcji": "erupcja zaobserwowana", "materiał": "andezyt / andezyt bazaltowy", "tektonika": "strefa subdukcji / skorupa kontynentalna (>25 km)", "legenda": "Wulkan", "źródło": "Global Volcanism Program, 2013. Volcanoes of the World, v. 4.11.0. Venzke, E (ed.). Smithsonian Institution. Downloaded 20 Jun 2022. https://doi.org/10.5479/si.GVP.VOTW4-2013" }, "geometry": { "type": "Point", "coordinates": [ -85.622, 11.538 ] } },
{ "type": "Feature", "properties": { "gid": 455, "nazwa": "Ulreung", "ostatnia_erupcja": "2990 p.n.e.", "kraj": "Korea Południowa", "typ": "stratowulkan", "rodzaj_erupcji": "erupcja datowana", "materiał": "trachyandezyt / bazaltowy trachyandezyt", "tektonika": "strefa subdukcji / skorupa kontynentalna (>25 km)", "legenda": "Wulkan", "źródło": "Global Volcanism Program, 2013. Volcanoes of the World, v. 4.11.0. Venzke, E (ed.). Smithsonian Institution. Downloaded 20 Jun 2022. https://doi.org/10.5479/si.GVP.VOTW4-2013" }, "geometry": { "type": "Point", "coordinates": [ 130.870000000000118, 37.5 ] } },
{ "type": "Feature", "properties": { "gid": 458, "nazwa": "Kiska", "ostatnia_erupcja": "1990", "kraj": "Stany Zjednoczone", "typ": "stratowulkan", "rodzaj_erupcji": "erupcja zaobserwowana", "materiał": "andezyt / andezyt bazaltowy", "tektonika": "strefa subdukcji / skorupa oceaniczna (< 15 km)", "legenda": "Wulkan", "źródło": "Global Volcanism Program, 2013. Volcanoes of the World, v. 4.11.0. Venzke, E (ed.). Smithsonian Institution. Downloaded 20 Jun 2022. https://doi.org/10.5479/si.GVP.VOTW4-2013" }, "geometry": { "type": "Point", "coordinates": [ 177.602, 52.103 ] } },
{ "type": "Feature", "properties": { "gid": 461, "nazwa": "Little Sitkin", "ostatnia_erupcja": "1830", "kraj": "Stany Zjednoczone", "typ": "stratowulkan", "rodzaj_erupcji": "erupcja zaobserwowana", "materiał": "andezyt / andezyt bazaltowy", "tektonika": "strefa subdukcji / skorupa oceaniczna (< 15 km)", "legenda": "Wulkan", "źródło": "Global Volcanism Program, 2013. Volcanoes of the World, v. 4.11.0. Venzke, E (ed.). Smithsonian Institution. Downloaded 20 Jun 2022. https://doi.org/10.5479/si.GVP.VOTW4-2013" }, "geometry": { "type": "Point", "coordinates": [ 178.54300000000012, 51.95 ] } },
{ "type": "Feature", "properties": { "gid": 463, "nazwa": "Gareloi", "ostatnia_erupcja": "1989", "kraj": "Stany Zjednoczone", "typ": "stratowulkan", "rodzaj_erupcji": "erupcja zaobserwowana", "materiał": "bazalt / pikryt", "tektonika": "strefa subdukcji / skorupa oceaniczna (< 15 km)", "legenda": "Wulkan", "źródło": "Global Volcanism Program, 2013. Volcanoes of the World, v. 4.11.0. Venzke, E (ed.). Smithsonian Institution. Downloaded 20 Jun 2022. https://doi.org/10.5479/si.GVP.VOTW4-2013" }, "geometry": { "type": "Point", "coordinates": [ -178.794, 51.79 ] } },
{ "type": "Feature", "properties": { "gid": 464, "nazwa": "Tanaga", "ostatnia_erupcja": "1914", "kraj": "Stany Zjednoczone", "typ": "stratowulkan", "rodzaj_erupcji": "erupcja zaobserwowana", "materiał": "bazalt / pikryt", "tektonika": "strefa subdukcji / skorupa oceaniczna (< 15 km)", "legenda": "Wulkan", "źródło": "Global Volcanism Program, 2013. Volcanoes of the World, v. 4.11.0. Venzke, E (ed.). Smithsonian Institution. Downloaded 20 Jun 2022. https://doi.org/10.5479/si.GVP.VOTW4-2013" }, "geometry": { "type": "Point", "coordinates": [ -178.146, 51.885 ] } },
{ "type": "Feature", "properties": { "gid": 465, "nazwa": "Takawangha", "ostatnia_erupcja": "1550", "kraj": "Stany Zjednoczone", "typ": "stratowulkan", "rodzaj_erupcji": "erupcja datowana", "materiał": "bazalt / pikryt", "tektonika": "strefa subdukcji / skorupa oceaniczna (< 15 km)", "legenda": "Wulkan", "źródło": "Global Volcanism Program, 2013. Volcanoes of the World, v. 4.11.0. Venzke, E (ed.). Smithsonian Institution. Downloaded 20 Jun 2022. https://doi.org/10.5479/si.GVP.VOTW4-2013" }, "geometry": { "type": "Point", "coordinates": [ -178.006, 51.873 ] } },
{ "type": "Feature", "properties": { "gid": 1131, "nazwa": "Miravalles", "ostatnia_erupcja": "1946", "kraj": "Kostaryka", "typ": "stratowulkan", "rodzaj_erupcji": "erupcja zaobserwowana", "materiał": "andezyt / andezyt bazaltowy", "tektonika": "strefa subdukcji / skorupa kontynentalna (>25 km)", "legenda": "Wulkan", "źródło": "Global Volcanism Program, 2013. Volcanoes of the World, v. 4.11.0. Venzke, E (ed.). Smithsonian Institution. Downloaded 20 Jun 2022. https://doi.org/10.5479/si.GVP.VOTW4-2013" }, "geometry": { "type": "Point", "coordinates": [ -85.153, 10.748 ] } },
{ "type": "Feature", "properties": { "gid": 1133, "nazwa": "Arenal", "ostatnia_erupcja": "2010", "kraj": "Kostaryka", "typ": "stratowulkan", "rodzaj_erupcji": "erupcja zaobserwowana", "materiał": "andezyt / andezyt bazaltowy", "tektonika": "strefa subdukcji / skorupa kontynentalna (>25 km)", "legenda": "Wulkan", "źródło": "Global Volcanism Program, 2013. Volcanoes of the World, v. 4.11.0. Venzke, E (ed.). Smithsonian Institution. Downloaded 20 Jun 2022. https://doi.org/10.5479/si.GVP.VOTW4-2013" }, "geometry": { "type": "Point", "coordinates": [ -84.703, 10.463 ] } },
{ "type": "Feature", "properties": { "gid": 1137, "nazwa": "Irazu", "ostatnia_erupcja": "1994", "kraj": "Kostaryka", "typ": "stratowulkan", "rodzaj_erupcji": "erupcja zaobserwowana", "materiał": "andezyt / andezyt bazaltowy", "tektonika": "strefa subdukcji / skorupa kontynentalna (>25 km)", "legenda": "Wulkan", "źródło": "Global Volcanism Program, 2013. Volcanoes of the World, v. 4.11.0. Venzke, E (ed.). Smithsonian Institution. Downloaded 20 Jun 2022. https://doi.org/10.5479/si.GVP.VOTW4-2013" }, "geometry": { "type": "Point", "coordinates": [ -83.852, 9.979 ] } },
{ "type": "Feature", "properties": { "gid": 1138, "nazwa": "Turrialba", "ostatnia_erupcja": "2018", "kraj": "Kostaryka", "typ": "stratowulkan", "rodzaj_erupcji": "erupcja zaobserwowana", "materiał": "andezyt / andezyt bazaltowy", "tektonika": "strefa subdukcji / skorupa kontynentalna (>25 km)", "legenda": "Wulkan", "źródło": "Global Volcanism Program, 2013. Volcanoes of the World, v. 4.11.0. Venzke, E (ed.). Smithsonian Institution. Downloaded 20 Jun 2022. https://doi.org/10.5479/si.GVP.VOTW4-2013" }, "geometry": { "type": "Point", "coordinates": [ -83.767, 10.025 ] } },
{ "type": "Feature", "properties": { "gid": 1139, "nazwa": "Baru", "ostatnia_erupcja": "1550", "kraj": "Panama", "typ": "stratowulkan", "rodzaj_erupcji": "erupcja zaobserwowana", "materiał": "andezyt / andezyt bazaltowy", "tektonika": "strefa subdukcji / skorupa kontynentalna (>25 km)", "legenda": "Wulkan", "źródło": "Global Volcanism Program, 2013. Volcanoes of the World, v. 4.11.0. Venzke, E (ed.). Smithsonian Institution. Downloaded 20 Jun 2022. https://doi.org/10.5479/si.GVP.VOTW4-2013" }, "geometry": { "type": "Point", "coordinates": [ -82.543, 8.808 ] } },
{ "type": "Feature", "properties": { "gid": 1141, "nazwa": "Romeral", "ostatnia_erupcja": "5390 p.n.e.", "kraj": "Kolumbia", "typ": "stratowulkan", "rodzaj_erupcji": "erupcja datowana", "materiał": "andezyt / andezyt bazaltowy", "tektonika": "strefa subdukcji / skorupa kontynentalna (>25 km)", "legenda": "Wulkan", "źródło": "Global Volcanism Program, 2013. Volcanoes of the World, v. 4.11.0. Venzke, E (ed.). Smithsonian Institution. Downloaded 20 Jun 2022. https://doi.org/10.5479/si.GVP.VOTW4-2013" }, "geometry": { "type": "Point", "coordinates": [ -75.363, 5.203 ] } },
{ "type": "Feature", "properties": { "gid": 470, "nazwa": "Kasatochi", "ostatnia_erupcja": "2008", "kraj": "Stany Zjednoczone", "typ": "stratowulkan", "rodzaj_erupcji": "erupcja zaobserwowana", "materiał": "bazalt / pikryt", "tektonika": "strefa subdukcji / skorupa oceaniczna (< 15 km)", "legenda": "Wulkan", "źródło": "Global Volcanism Program, 2013. Volcanoes of the World, v. 4.11.0. Venzke, E (ed.). Smithsonian Institution. Downloaded 20 Jun 2022. https://doi.org/10.5479/si.GVP.VOTW4-2013" }, "geometry": { "type": "Point", "coordinates": [ -175.508, 52.177 ] } },
{ "type": "Feature", "properties": { "gid": 471, "nazwa": "Koniuji", "ostatnia_erupcja": "1150 p.n.e.", "kraj": "Stany Zjednoczone", "typ": "stratowulkan", "rodzaj_erupcji": "erupcja datowana", "materiał": "andezyt / andezyt bazaltowy", "tektonika": "strefa subdukcji / skorupa oceaniczna (< 15 km)", "legenda": "Wulkan", "źródło": "Global Volcanism Program, 2013. Volcanoes of the World, v. 4.11.0. Venzke, E (ed.). Smithsonian Institution. Downloaded 20 Jun 2022. https://doi.org/10.5479/si.GVP.VOTW4-2013" }, "geometry": { "type": "Point", "coordinates": [ -175.13, 52.22 ] } },
{ "type": "Feature", "properties": { "gid": 472, "nazwa": "Atka", "ostatnia_erupcja": "1812", "kraj": "Stany Zjednoczone", "typ": "stratowulkan", "rodzaj_erupcji": "erupcja zaobserwowana", "materiał": "bazalt / pikryt", "tektonika": "strefa subdukcji / skorupa oceaniczna (< 15 km)", "legenda": "Wulkan", "źródło": "Global Volcanism Program, 2013. Volcanoes of the World, v. 4.11.0. Venzke, E (ed.). Smithsonian Institution. Downloaded 20 Jun 2022. https://doi.org/10.5479/si.GVP.VOTW4-2013" }, "geometry": { "type": "Point", "coordinates": [ -174.139, 52.331 ] } },
{ "type": "Feature", "properties": { "gid": 473, "nazwa": "Korovin", "ostatnia_erupcja": "2007", "kraj": "Stany Zjednoczone", "typ": "stratowulkan", "rodzaj_erupcji": "erupcja zaobserwowana", "materiał": "bazalt / pikryt", "tektonika": "strefa subdukcji / skorupa kontynentalna (>25 km)", "legenda": "Wulkan", "źródło": "Global Volcanism Program, 2013. Volcanoes of the World, v. 4.11.0. Venzke, E (ed.). Smithsonian Institution. Downloaded 20 Jun 2022. https://doi.org/10.5479/si.GVP.VOTW4-2013" }, "geometry": { "type": "Point", "coordinates": [ -174.166, 52.381 ] } },
{ "type": "Feature", "properties": { "gid": 474, "nazwa": "Seguam", "ostatnia_erupcja": "1993", "kraj": "Stany Zjednoczone", "typ": "stratowulkan", "rodzaj_erupcji": "erupcja zaobserwowana", "materiał": "andezyt / andezyt bazaltowy", "tektonika": "strefa subdukcji / skorupa oceaniczna (< 15 km)", "legenda": "Wulkan", "źródło": "Global Volcanism Program, 2013. Volcanoes of the World, v. 4.11.0. Venzke, E (ed.). Smithsonian Institution. Downloaded 20 Jun 2022. https://doi.org/10.5479/si.GVP.VOTW4-2013" }, "geometry": { "type": "Point", "coordinates": [ -172.51, 52.315 ] } },
{ "type": "Feature", "properties": { "gid": 475, "nazwa": "Amukta", "ostatnia_erupcja": "1997", "kraj": "Stany Zjednoczone", "typ": "stratowulkan", "rodzaj_erupcji": "erupcja zaobserwowana", "materiał": "andezyt / andezyt bazaltowy", "tektonika": "strefa subdukcji / skorupa oceaniczna (< 15 km)", "legenda": "Wulkan", "źródło": "Global Volcanism Program, 2013. Volcanoes of the World, v. 4.11.0. Venzke, E (ed.). Smithsonian Institution. Downloaded 20 Jun 2022. https://doi.org/10.5479/si.GVP.VOTW4-2013" }, "geometry": { "type": "Point", "coordinates": [ -171.252, 52.5 ] } },
{ "type": "Feature", "properties": { "gid": 462, "nazwa": "Semisopochnoi", "ostatnia_erupcja": "2021", "kraj": "Stany Zjednoczone", "typ": "stratowulkan", "rodzaj_erupcji": "erupcja zaobserwowana", "materiał": "bazalt / pikryt", "tektonika": "strefa subdukcji / skorupa oceaniczna (< 15 km)", "legenda": "Wulkan", "źródło": "Global Volcanism Program, 2013. Volcanoes of the World, v. 4.11.0. Venzke, E (ed.). Smithsonian Institution. Downloaded 20 Jun 2022. https://doi.org/10.5479/si.GVP.VOTW4-2013" }, "geometry": { "type": "Point", "coordinates": [ 179.58, 51.93 ] } },
{ "type": "Feature", "properties": { "gid": 1135, "nazwa": "Poas", "ostatnia_erupcja": "2022", "kraj": "Kostaryka", "typ": "stratowulkan", "rodzaj_erupcji": "erupcja zaobserwowana", "materiał": "andezyt / andezyt bazaltowy", "tektonika": "strefa subdukcji / skorupa kontynentalna (>25 km)", "legenda": "Wulkan", "źródło": "Global Volcanism Program, 2013. Volcanoes of the World, v. 4.11.0. Venzke, E (ed.). Smithsonian Institution. Downloaded 20 Jun 2022. https://doi.org/10.5479/si.GVP.VOTW4-2013" }, "geometry": { "type": "Point", "coordinates": [ -84.233, 10.2 ] } },
{ "type": "Feature", "properties": { "gid": 1143, "nazwa": "Ruiz, Nevado del", "ostatnia_erupcja": "2017", "kraj": "Kolumbia", "typ": "stratowulkan", "rodzaj_erupcji": "erupcja zaobserwowana", "materiał": "andezyt / andezyt bazaltowy", "tektonika": "strefa subdukcji / skorupa kontynentalna (>25 km)", "legenda": "Wulkan", "źródło": "Global Volcanism Program, 2013. Volcanoes of the World, v. 4.11.0. Venzke, E (ed.). Smithsonian Institution. Downloaded 20 Jun 2022. https://doi.org/10.5479/si.GVP.VOTW4-2013" }, "geometry": { "type": "Point", "coordinates": [ -75.324, 4.892 ] } },
{ "type": "Feature", "properties": { "gid": 1145, "nazwa": "Tolima, Nevado del", "ostatnia_erupcja": "1943", "kraj": "Kolumbia", "typ": "stratowulkan", "rodzaj_erupcji": "erupcja zaobserwowana", "materiał": "andezyt / andezyt bazaltowy", "tektonika": "strefa subdukcji / skorupa kontynentalna (>25 km)", "legenda": "Wulkan", "źródło": "Global Volcanism Program, 2013. Volcanoes of the World, v. 4.11.0. Venzke, E (ed.). Smithsonian Institution. Downloaded 20 Jun 2022. https://doi.org/10.5479/si.GVP.VOTW4-2013" }, "geometry": { "type": "Point", "coordinates": [ -75.33, 4.658 ] } },
{ "type": "Feature", "properties": { "gid": 1147, "nazwa": "Huila, Nevado del", "ostatnia_erupcja": "2012", "kraj": "Kolumbia", "typ": "stratowulkan", "rodzaj_erupcji": "erupcja zaobserwowana", "materiał": "andezyt / andezyt bazaltowy", "tektonika": "strefa subdukcji / skorupa kontynentalna (>25 km)", "legenda": "Wulkan", "źródło": "Global Volcanism Program, 2013. Volcanoes of the World, v. 4.11.0. Venzke, E (ed.). Smithsonian Institution. Downloaded 20 Jun 2022. https://doi.org/10.5479/si.GVP.VOTW4-2013" }, "geometry": { "type": "Point", "coordinates": [ -76.03, 2.93 ] } },
{ "type": "Feature", "properties": { "gid": 1151, "nazwa": "Dona Juana", "ostatnia_erupcja": "1906", "kraj": "Kolumbia", "typ": "stratowulkan", "rodzaj_erupcji": "erupcja zaobserwowana", "materiał": "andezyt / andezyt bazaltowy", "tektonika": "strefa subdukcji / skorupa kontynentalna (>25 km)", "legenda": "Wulkan", "źródło": "Global Volcanism Program, 2013. Volcanoes of the World, v. 4.11.0. Venzke, E (ed.). Smithsonian Institution. Downloaded 20 Jun 2022. https://doi.org/10.5479/si.GVP.VOTW4-2013" }, "geometry": { "type": "Point", "coordinates": [ -76.936, 1.5 ] } },
{ "type": "Feature", "properties": { "gid": 1153, "nazwa": "Azufral", "ostatnia_erupcja": "930 p.n.e.", "kraj": "Kolumbia", "typ": "stratowulkan", "rodzaj_erupcji": "erupcja datowana", "materiał": "dacyt", "tektonika": "strefa subdukcji / skorupa kontynentalna (>25 km)", "legenda": "Wulkan", "źródło": "Global Volcanism Program, 2013. Volcanoes of the World, v. 4.11.0. Venzke, E (ed.). Smithsonian Institution. Downloaded 20 Jun 2022. https://doi.org/10.5479/si.GVP.VOTW4-2013" }, "geometry": { "type": "Point", "coordinates": [ -77.68, 1.08 ] } },
{ "type": "Feature", "properties": { "gid": 1154, "nazwa": "Cumbal", "ostatnia_erupcja": "1926", "kraj": "Kolumbia", "typ": "stratowulkan", "rodzaj_erupcji": "erupcja zaobserwowana", "materiał": "andezyt / andezyt bazaltowy", "tektonika": "strefa subdukcji / skorupa kontynentalna (>25 km)", "legenda": "Wulkan", "źródło": "Global Volcanism Program, 2013. Volcanoes of the World, v. 4.11.0. Venzke, E (ed.). Smithsonian Institution. Downloaded 20 Jun 2022. https://doi.org/10.5479/si.GVP.VOTW4-2013" }, "geometry": { "type": "Point", "coordinates": [ -77.87, 0.95 ] } },
{ "type": "Feature", "properties": { "gid": 1157, "nazwa": "Chachimbiro", "ostatnia_erupcja": "3740 p.n.e.", "kraj": "Ekwador", "typ": "stratowulkan", "rodzaj_erupcji": "erupcja datowana", "materiał": "dacyt", "tektonika": "strefa subdukcji / skorupa kontynentalna (>25 km)", "legenda": "Wulkan", "źródło": "Global Volcanism Program, 2013. Volcanoes of the World, v. 4.11.0. Venzke, E (ed.). Smithsonian Institution. Downloaded 20 Jun 2022. https://doi.org/10.5479/si.GVP.VOTW4-2013" }, "geometry": { "type": "Point", "coordinates": [ -78.287, 0.468 ] } },
{ "type": "Feature", "properties": { "gid": 479, "nazwa": "Carlisle", "ostatnia_erupcja": "1828", "kraj": "Stany Zjednoczone", "typ": "stratowulkan", "rodzaj_erupcji": "erupcja zaobserwowana", "materiał": "andezyt / andezyt bazaltowy", "tektonika": "strefa subdukcji / skorupa oceaniczna (< 15 km)", "legenda": "Wulkan", "źródło": "Global Volcanism Program, 2013. Volcanoes of the World, v. 4.11.0. Venzke, E (ed.). Smithsonian Institution. Downloaded 20 Jun 2022. https://doi.org/10.5479/si.GVP.VOTW4-2013" }, "geometry": { "type": "Point", "coordinates": [ -170.054, 52.894 ] } },
{ "type": "Feature", "properties": { "gid": 480, "nazwa": "Cleveland", "ostatnia_erupcja": "2018", "kraj": "Stany Zjednoczone", "typ": "stratowulkan", "rodzaj_erupcji": "erupcja zaobserwowana", "materiał": "andezyt / andezyt bazaltowy", "tektonika": "strefa subdukcji / skorupa oceaniczna (< 15 km)", "legenda": "Wulkan", "źródło": "Global Volcanism Program, 2013. Volcanoes of the World, v. 4.11.0. Venzke, E (ed.). Smithsonian Institution. Downloaded 20 Jun 2022. https://doi.org/10.5479/si.GVP.VOTW4-2013" }, "geometry": { "type": "Point", "coordinates": [ -169.944, 52.825 ] } },
{ "type": "Feature", "properties": { "gid": 483, "nazwa": "Kagamil", "ostatnia_erupcja": "1929", "kraj": "Stany Zjednoczone", "typ": "stratowulkan", "rodzaj_erupcji": "erupcja zaobserwowana", "materiał": "-", "tektonika": "strefa subdukcji / skorupa oceaniczna (< 15 km)", "legenda": "Wulkan", "źródło": "Global Volcanism Program, 2013. Volcanoes of the World, v. 4.11.0. Venzke, E (ed.). Smithsonian Institution. Downloaded 20 Jun 2022. https://doi.org/10.5479/si.GVP.VOTW4-2013" }, "geometry": { "type": "Point", "coordinates": [ -169.72, 52.974 ] } },
{ "type": "Feature", "properties": { "gid": 1162, "nazwa": "Reventador", "ostatnia_erupcja": "2018", "kraj": "Ekwador", "typ": "stratowulkan", "rodzaj_erupcji": "erupcja zaobserwowana", "materiał": "andezyt / andezyt bazaltowy", "tektonika": "strefa subdukcji / skorupa kontynentalna (>25 km)", "legenda": "Wulkan", "źródło": "Global Volcanism Program, 2013. Volcanoes of the World, v. 4.11.0. Venzke, E (ed.). Smithsonian Institution. Downloaded 20 Jun 2022. https://doi.org/10.5479/si.GVP.VOTW4-2013" }, "geometry": { "type": "Point", "coordinates": [ -77.656, -0.077 ] } },
{ "type": "Feature", "properties": { "gid": 1164, "nazwa": "Guagua Pichincha", "ostatnia_erupcja": "2002", "kraj": "Ekwador", "typ": "stratowulkan", "rodzaj_erupcji": "erupcja zaobserwowana", "materiał": "andezyt / andezyt bazaltowy", "tektonika": "strefa subdukcji / skorupa kontynentalna (>25 km)", "legenda": "Wulkan", "źródło": "Global Volcanism Program, 2013. Volcanoes of the World, v. 4.11.0. Venzke, E (ed.). Smithsonian Institution. Downloaded 20 Jun 2022. https://doi.org/10.5479/si.GVP.VOTW4-2013" }, "geometry": { "type": "Point", "coordinates": [ -78.598, -0.171 ] } },
{ "type": "Feature", "properties": { "gid": 1165, "nazwa": "Atacazo", "ostatnia_erupcja": "320 p.n.e.", "kraj": "Ekwador", "typ": "stratowulkan", "rodzaj_erupcji": "erupcja datowana", "materiał": "andezyt / andezyt bazaltowy", "tektonika": "strefa subdukcji / skorupa kontynentalna (>25 km)", "legenda": "Wulkan", "źródło": "Global Volcanism Program, 2013. Volcanoes of the World, v. 4.11.0. Venzke, E (ed.). Smithsonian Institution. Downloaded 20 Jun 2022. https://doi.org/10.5479/si.GVP.VOTW4-2013" }, "geometry": { "type": "Point", "coordinates": [ -78.617, -0.353 ] } },
{ "type": "Feature", "properties": { "gid": 1167, "nazwa": "Antisana", "ostatnia_erupcja": "1802", "kraj": "Ekwador", "typ": "stratowulkan", "rodzaj_erupcji": "erupcja zaobserwowana", "materiał": "andezyt / andezyt bazaltowy", "tektonika": "strefa subdukcji / skorupa kontynentalna (>25 km)", "legenda": "Wulkan", "źródło": "Global Volcanism Program, 2013. Volcanoes of the World, v. 4.11.0. Venzke, E (ed.). Smithsonian Institution. Downloaded 20 Jun 2022. https://doi.org/10.5479/si.GVP.VOTW4-2013" }, "geometry": { "type": "Point", "coordinates": [ -78.141, -0.481 ] } },
{ "type": "Feature", "properties": { "gid": 1168, "nazwa": "Aliso", "ostatnia_erupcja": "2450 p.n.e.", "kraj": "Ekwador", "typ": "stratowulkan", "rodzaj_erupcji": "erupcja datowana", "materiał": "andezyt / andezyt bazaltowy", "tektonika": "strefa subdukcji / skorupa kontynentalna (>25 km)", "legenda": "Wulkan", "źródło": "Global Volcanism Program, 2013. Volcanoes of the World, v. 4.11.0. Venzke, E (ed.). Smithsonian Institution. Downloaded 20 Jun 2022. https://doi.org/10.5479/si.GVP.VOTW4-2013" }, "geometry": { "type": "Point", "coordinates": [ -78.0, -0.53 ] } },
{ "type": "Feature", "properties": { "gid": 1171, "nazwa": "Cotopaxi", "ostatnia_erupcja": "2016", "kraj": "Ekwador", "typ": "stratowulkan", "rodzaj_erupcji": "erupcja zaobserwowana", "materiał": "andezyt / andezyt bazaltowy", "tektonika": "strefa subdukcji / skorupa kontynentalna (>25 km)", "legenda": "Wulkan", "źródło": "Global Volcanism Program, 2013. Volcanoes of the World, v. 4.11.0. Venzke, E (ed.). Smithsonian Institution. Downloaded 20 Jun 2022. https://doi.org/10.5479/si.GVP.VOTW4-2013" }, "geometry": { "type": "Point", "coordinates": [ -78.436, -0.677 ] } },
{ "type": "Feature", "properties": { "gid": 1173, "nazwa": "Chimborazo", "ostatnia_erupcja": "550", "kraj": "Ekwador", "typ": "stratowulkan", "rodzaj_erupcji": "erupcja datowana", "materiał": "andezyt / andezyt bazaltowy", "tektonika": "strefa subdukcji / skorupa kontynentalna (>25 km)", "legenda": "Wulkan", "źródło": "Global Volcanism Program, 2013. Volcanoes of the World, v. 4.11.0. Venzke, E (ed.). Smithsonian Institution. Downloaded 20 Jun 2022. https://doi.org/10.5479/si.GVP.VOTW4-2013" }, "geometry": { "type": "Point", "coordinates": [ -78.815, -1.464 ] } },
{ "type": "Feature", "properties": { "gid": 1174, "nazwa": "Tungurahua", "ostatnia_erupcja": "2016", "kraj": "Ekwador", "typ": "stratowulkan", "rodzaj_erupcji": "erupcja zaobserwowana", "materiał": "andezyt / andezyt bazaltowy", "tektonika": "strefa subdukcji / skorupa kontynentalna (>25 km)", "legenda": "Wulkan", "źródło": "Global Volcanism Program, 2013. Volcanoes of the World, v. 4.11.0. Venzke, E (ed.). Smithsonian Institution. Downloaded 20 Jun 2022. https://doi.org/10.5479/si.GVP.VOTW4-2013" }, "geometry": { "type": "Point", "coordinates": [ -78.442, -1.467 ] } },
{ "type": "Feature", "properties": { "gid": 484, "nazwa": "Vsevidof", "ostatnia_erupcja": "1878", "kraj": "Stany Zjednoczone", "typ": "stratowulkan", "rodzaj_erupcji": "erupcja zaobserwowana", "materiał": "andezyt / andezyt bazaltowy", "tektonika": "strefa subdukcji / skorupa oceaniczna (< 15 km)", "legenda": "Wulkan", "źródło": "Global Volcanism Program, 2013. Volcanoes of the World, v. 4.11.0. Venzke, E (ed.). Smithsonian Institution. Downloaded 20 Jun 2022. https://doi.org/10.5479/si.GVP.VOTW4-2013" }, "geometry": { "type": "Point", "coordinates": [ -168.693, 53.13 ] } },
{ "type": "Feature", "properties": { "gid": 488, "nazwa": "Makushin", "ostatnia_erupcja": "1995", "kraj": "Stany Zjednoczone", "typ": "stratowulkan", "rodzaj_erupcji": "erupcja zaobserwowana", "materiał": "andezyt / andezyt bazaltowy", "tektonika": "strefa subdukcji / skorupa oceaniczna (< 15 km)", "legenda": "Wulkan", "źródło": "Global Volcanism Program, 2013. Volcanoes of the World, v. 4.11.0. Venzke, E (ed.). Smithsonian Institution. Downloaded 20 Jun 2022. https://doi.org/10.5479/si.GVP.VOTW4-2013" }, "geometry": { "type": "Point", "coordinates": [ -166.923, 53.891 ] } },
{ "type": "Feature", "properties": { "gid": 489, "nazwa": "Akutan", "ostatnia_erupcja": "1992", "kraj": "Stany Zjednoczone", "typ": "stratowulkan", "rodzaj_erupcji": "erupcja zaobserwowana", "materiał": "bazalt / pikryt", "tektonika": "strefa subdukcji / skorupa oceaniczna (< 15 km)", "legenda": "Wulkan", "źródło": "Global Volcanism Program, 2013. Volcanoes of the World, v. 4.11.0. Venzke, E (ed.). Smithsonian Institution. Downloaded 20 Jun 2022. https://doi.org/10.5479/si.GVP.VOTW4-2013" }, "geometry": { "type": "Point", "coordinates": [ -165.986, 54.134 ] } },
{ "type": "Feature", "properties": { "gid": 490, "nazwa": "Westdahl", "ostatnia_erupcja": "1992", "kraj": "Stany Zjednoczone", "typ": "stratowulkan", "rodzaj_erupcji": "erupcja zaobserwowana", "materiał": "bazalt / pikryt", "tektonika": "strefa subdukcji / skorupa kontynentalna (>25 km)", "legenda": "Wulkan", "źródło": "Global Volcanism Program, 2013. Volcanoes of the World, v. 4.11.0. Venzke, E (ed.). Smithsonian Institution. Downloaded 20 Jun 2022. https://doi.org/10.5479/si.GVP.VOTW4-2013" }, "geometry": { "type": "Point", "coordinates": [ -164.65, 54.516 ] } },
{ "type": "Feature", "properties": { "gid": 491, "nazwa": "Fisher", "ostatnia_erupcja": "1830", "kraj": "Stany Zjednoczone", "typ": "stratowulkan", "rodzaj_erupcji": "erupcja zaobserwowana", "materiał": "andezyt / andezyt bazaltowy", "tektonika": "strefa subdukcji / skorupa kontynentalna (>25 km)", "legenda": "Wulkan", "źródło": "Global Volcanism Program, 2013. Volcanoes of the World, v. 4.11.0. Venzke, E (ed.). Smithsonian Institution. Downloaded 20 Jun 2022. https://doi.org/10.5479/si.GVP.VOTW4-2013" }, "geometry": { "type": "Point", "coordinates": [ -164.43, 54.65 ] } },
{ "type": "Feature", "properties": { "gid": 492, "nazwa": "Shishaldin", "ostatnia_erupcja": "2015", "kraj": "Stany Zjednoczone", "typ": "stratowulkan", "rodzaj_erupcji": "erupcja zaobserwowana", "materiał": "bazalt / pikryt", "tektonika": "strefa subdukcji / skorupa kontynentalna (>25 km)", "legenda": "Wulkan", "źródło": "Global Volcanism Program, 2013. Volcanoes of the World, v. 4.11.0. Venzke, E (ed.). Smithsonian Institution. Downloaded 20 Jun 2022. https://doi.org/10.5479/si.GVP.VOTW4-2013" }, "geometry": { "type": "Point", "coordinates": [ -163.97, 54.756 ] } },
{ "type": "Feature", "properties": { "gid": 494, "nazwa": "Roundtop", "ostatnia_erupcja": "7600 p.n.e.", "kraj": "Stany Zjednoczone", "typ": "stratowulkan", "rodzaj_erupcji": "erupcja datowana", "materiał": "ryolit", "tektonika": "strefa subdukcji / skorupa kontynentalna (>25 km)", "legenda": "Wulkan", "źródło": "Global Volcanism Program, 2013. Volcanoes of the World, v. 4.11.0. Venzke, E (ed.). Smithsonian Institution. Downloaded 20 Jun 2022. https://doi.org/10.5479/si.GVP.VOTW4-2013" }, "geometry": { "type": "Point", "coordinates": [ -163.589, 54.8 ] } },
{ "type": "Feature", "properties": { "gid": 495, "nazwa": "Amak", "ostatnia_erupcja": "1796", "kraj": "Stany Zjednoczone", "typ": "stratowulkan", "rodzaj_erupcji": "erupcja zaobserwowana", "materiał": "andezyt / andezyt bazaltowy", "tektonika": "strefa subdukcji / skorupa kontynentalna (>25 km)", "legenda": "Wulkan", "źródło": "Global Volcanism Program, 2013. Volcanoes of the World, v. 4.11.0. Venzke, E (ed.). Smithsonian Institution. Downloaded 20 Jun 2022. https://doi.org/10.5479/si.GVP.VOTW4-2013" }, "geometry": { "type": "Point", "coordinates": [ -163.149, 55.424 ] } },
{ "type": "Feature", "properties": { "gid": 501, "nazwa": "Dana", "ostatnia_erupcja": "1890 p.n.e.", "kraj": "Stany Zjednoczone", "typ": "stratowulkan", "rodzaj_erupcji": "erupcja datowana", "materiał": "andezyt / andezyt bazaltowy", "tektonika": "strefa subdukcji / skorupa kontynentalna (>25 km)", "legenda": "Wulkan", "źródło": "Global Volcanism Program, 2013. Volcanoes of the World, v. 4.11.0. Venzke, E (ed.). Smithsonian Institution. Downloaded 20 Jun 2022. https://doi.org/10.5479/si.GVP.VOTW4-2013" }, "geometry": { "type": "Point", "coordinates": [ -161.214, 55.641 ] } },
{ "type": "Feature", "properties": { "gid": 507, "nazwa": "Black Peak", "ostatnia_erupcja": "1900 p.n.e.", "kraj": "Stany Zjednoczone", "typ": "stratowulkan", "rodzaj_erupcji": "erupcja datowana", "materiał": "andezyt / andezyt bazaltowy", "tektonika": "strefa subdukcji / skorupa kontynentalna (>25 km)", "legenda": "Wulkan", "źródło": "Global Volcanism Program, 2013. Volcanoes of the World, v. 4.11.0. Venzke, E (ed.). Smithsonian Institution. Downloaded 20 Jun 2022. https://doi.org/10.5479/si.GVP.VOTW4-2013" }, "geometry": { "type": "Point", "coordinates": [ -158.785, 56.552 ] } },
{ "type": "Feature", "properties": { "gid": 1196, "nazwa": "Sabancaya", "ostatnia_erupcja": "2018", "kraj": "Peru", "typ": "stratowulkan", "rodzaj_erupcji": "erupcja zaobserwowana", "materiał": "andezyt / andezyt bazaltowy", "tektonika": "strefa subdukcji / skorupa kontynentalna (>25 km)", "legenda": "Wulkan", "źródło": "Global Volcanism Program, 2013. Volcanoes of the World, v. 4.11.0. Venzke, E (ed.). Smithsonian Institution. Downloaded 20 Jun 2022. https://doi.org/10.5479/si.GVP.VOTW4-2013" }, "geometry": { "type": "Point", "coordinates": [ -71.857, -15.787 ] } },
{ "type": "Feature", "properties": { "gid": 1199, "nazwa": "Misti, El", "ostatnia_erupcja": "1985", "kraj": "Peru", "typ": "stratowulkan", "rodzaj_erupcji": "erupcja zaobserwowana", "materiał": "andezyt / andezyt bazaltowy", "tektonika": "strefa subdukcji / skorupa kontynentalna (>25 km)", "legenda": "Wulkan", "źródło": "Global Volcanism Program, 2013. Volcanoes of the World, v. 4.11.0. Venzke, E (ed.). Smithsonian Institution. Downloaded 20 Jun 2022. https://doi.org/10.5479/si.GVP.VOTW4-2013" }, "geometry": { "type": "Point", "coordinates": [ -71.409, -16.294 ] } },
{ "type": "Feature", "properties": { "gid": 1200, "nazwa": "Ubinas", "ostatnia_erupcja": "2017", "kraj": "Peru", "typ": "stratowulkan", "rodzaj_erupcji": "erupcja zaobserwowana", "materiał": "andezyt / andezyt bazaltowy", "tektonika": "strefa subdukcji / skorupa kontynentalna (>25 km)", "legenda": "Wulkan", "źródło": "Global Volcanism Program, 2013. Volcanoes of the World, v. 4.11.0. Venzke, E (ed.). Smithsonian Institution. Downloaded 20 Jun 2022. https://doi.org/10.5479/si.GVP.VOTW4-2013" }, "geometry": { "type": "Point", "coordinates": [ -70.903, -16.355 ] } },
{ "type": "Feature", "properties": { "gid": 1201, "nazwa": "Huaynaputina", "ostatnia_erupcja": "1600", "kraj": "Peru", "typ": "stratowulkan", "rodzaj_erupcji": "erupcja zaobserwowana", "materiał": "dacyt", "tektonika": "strefa subdukcji / skorupa kontynentalna (>25 km)", "legenda": "Wulkan", "źródło": "Global Volcanism Program, 2013. Volcanoes of the World, v. 4.11.0. Venzke, E (ed.). Smithsonian Institution. Downloaded 20 Jun 2022. https://doi.org/10.5479/si.GVP.VOTW4-2013" }, "geometry": { "type": "Point", "coordinates": [ -70.85, -16.608 ] } },
{ "type": "Feature", "properties": { "gid": 1176, "nazwa": "Sangay", "ostatnia_erupcja": "2019", "kraj": "Ekwador", "typ": "stratowulkan", "rodzaj_erupcji": "erupcja zaobserwowana", "materiał": "andezyt / andezyt bazaltowy", "tektonika": "strefa subdukcji / skorupa kontynentalna (>25 km)", "legenda": "Wulkan", "źródło": "Global Volcanism Program, 2013. Volcanoes of the World, v. 4.11.0. Venzke, E (ed.). Smithsonian Institution. Downloaded 20 Jun 2022. https://doi.org/10.5479/si.GVP.VOTW4-2013" }, "geometry": { "type": "Point", "coordinates": [ -78.341, -2.005 ] } },
{ "type": "Feature", "properties": { "gid": 1148, "nazwa": "Purace", "ostatnia_erupcja": "2022", "kraj": "Kolumbia", "typ": "stratowulkan", "rodzaj_erupcji": "erupcja zaobserwowana", "materiał": "andezyt / andezyt bazaltowy", "tektonika": "strefa subdukcji / skorupa kontynentalna (>25 km)", "legenda": "Wulkan", "źródło": "Global Volcanism Program, 2013. Volcanoes of the World, v. 4.11.0. Venzke, E (ed.). Smithsonian Institution. Downloaded 20 Jun 2022. https://doi.org/10.5479/si.GVP.VOTW4-2013" }, "geometry": { "type": "Point", "coordinates": [ -76.4, 2.32 ] } },
{ "type": "Feature", "properties": { "gid": 1203, "nazwa": "Tutupaca", "ostatnia_erupcja": "1802", "kraj": "Peru", "typ": "stratowulkan", "rodzaj_erupcji": "erupcja zaobserwowana", "materiał": "andezyt / andezyt bazaltowy", "tektonika": "strefa subdukcji / skorupa kontynentalna (>25 km)", "legenda": "Wulkan", "źródło": "Global Volcanism Program, 2013. Volcanoes of the World, v. 4.11.0. Venzke, E (ed.). Smithsonian Institution. Downloaded 20 Jun 2022. https://doi.org/10.5479/si.GVP.VOTW4-2013" }, "geometry": { "type": "Point", "coordinates": [ -70.372, -17.026 ] } },
{ "type": "Feature", "properties": { "gid": 1204, "nazwa": "Yucamane", "ostatnia_erupcja": "1320 p.n.e.", "kraj": "Peru", "typ": "stratowulkan", "rodzaj_erupcji": "erupcja zaobserwowana", "materiał": "andezyt / andezyt bazaltowy", "tektonika": "strefa subdukcji / skorupa kontynentalna (>25 km)", "legenda": "Wulkan", "źródło": "Global Volcanism Program, 2013. Volcanoes of the World, v. 4.11.0. Venzke, E (ed.). Smithsonian Institution. Downloaded 20 Jun 2022. https://doi.org/10.5479/si.GVP.VOTW4-2013" }, "geometry": { "type": "Point", "coordinates": [ -70.196, -17.184 ] } },
{ "type": "Feature", "properties": { "gid": 509, "nazwa": "Yantarni", "ostatnia_erupcja": "800 p.n.e.", "kraj": "Stany Zjednoczone", "typ": "stratowulkan", "rodzaj_erupcji": "erupcja datowana", "materiał": "andezyt / andezyt bazaltowy", "tektonika": "strefa subdukcji / skorupa kontynentalna (>25 km)", "legenda": "Wulkan", "źródło": "Global Volcanism Program, 2013. Volcanoes of the World, v. 4.11.0. Venzke, E (ed.). Smithsonian Institution. Downloaded 20 Jun 2022. https://doi.org/10.5479/si.GVP.VOTW4-2013" }, "geometry": { "type": "Point", "coordinates": [ -157.185, 57.019 ] } },
{ "type": "Feature", "properties": { "gid": 510, "nazwa": "Chiginagak", "ostatnia_erupcja": "1998", "kraj": "Stany Zjednoczone", "typ": "stratowulkan", "rodzaj_erupcji": "erupcja zaobserwowana", "materiał": "andezyt / andezyt bazaltowy", "tektonika": "strefa subdukcji / skorupa kontynentalna (>25 km)", "legenda": "Wulkan", "źródło": "Global Volcanism Program, 2013. Volcanoes of the World, v. 4.11.0. Venzke, E (ed.). Smithsonian Institution. Downloaded 20 Jun 2022. https://doi.org/10.5479/si.GVP.VOTW4-2013" }, "geometry": { "type": "Point", "coordinates": [ -156.99, 57.135 ] } },
{ "type": "Feature", "properties": { "gid": 512, "nazwa": "Ugashik-Peulik", "ostatnia_erupcja": "1814", "kraj": "Stany Zjednoczone", "typ": "stratowulkan", "rodzaj_erupcji": "erupcja zaobserwowana", "materiał": "andezyt / andezyt bazaltowy", "tektonika": "strefa subdukcji / skorupa kontynentalna (>25 km)", "legenda": "Wulkan", "źródło": "Global Volcanism Program, 2013. Volcanoes of the World, v. 4.11.0. Venzke, E (ed.). Smithsonian Institution. Downloaded 20 Jun 2022. https://doi.org/10.5479/si.GVP.VOTW4-2013" }, "geometry": { "type": "Point", "coordinates": [ -156.368, 57.751 ] } },
{ "type": "Feature", "properties": { "gid": 1208, "nazwa": "Parinacota", "ostatnia_erupcja": "290", "kraj": "Chile - Boliwia", "typ": "stratowulkan", "rodzaj_erupcji": "erupcja datowana", "materiał": "andezyt / andezyt bazaltowy", "tektonika": "strefa subdukcji / skorupa kontynentalna (>25 km)", "legenda": "Wulkan", "źródło": "Global Volcanism Program, 2013. Volcanoes of the World, v. 4.11.0. Venzke, E (ed.). Smithsonian Institution. Downloaded 20 Jun 2022. https://doi.org/10.5479/si.GVP.VOTW4-2013" }, "geometry": { "type": "Point", "coordinates": [ -69.142, -18.166 ] } },
{ "type": "Feature", "properties": { "gid": 1209, "nazwa": "Guallatiri", "ostatnia_erupcja": "1960", "kraj": "Chile", "typ": "stratowulkan", "rodzaj_erupcji": "erupcja zaobserwowana", "materiał": "andezyt / andezyt bazaltowy", "tektonika": "strefa subdukcji / skorupa kontynentalna (>25 km)", "legenda": "Wulkan", "źródło": "Global Volcanism Program, 2013. Volcanoes of the World, v. 4.11.0. Venzke, E (ed.). Smithsonian Institution. Downloaded 20 Jun 2022. https://doi.org/10.5479/si.GVP.VOTW4-2013" }, "geometry": { "type": "Point", "coordinates": [ -69.092, -18.42 ] } },
{ "type": "Feature", "properties": { "gid": 1211, "nazwa": "Isluga", "ostatnia_erupcja": "1913", "kraj": "Chile", "typ": "stratowulkan", "rodzaj_erupcji": "erupcja zaobserwowana", "materiał": "andezyt / andezyt bazaltowy", "tektonika": "strefa subdukcji / skorupa kontynentalna (>25 km)", "legenda": "Wulkan", "źródło": "Global Volcanism Program, 2013. Volcanoes of the World, v. 4.11.0. Venzke, E (ed.). Smithsonian Institution. Downloaded 20 Jun 2022. https://doi.org/10.5479/si.GVP.VOTW4-2013" }, "geometry": { "type": "Point", "coordinates": [ -68.83, -19.15 ] } },
{ "type": "Feature", "properties": { "gid": 1215, "nazwa": "Irruputuncu", "ostatnia_erupcja": "1995", "kraj": "Chile - Boliwia", "typ": "stratowulkan", "rodzaj_erupcji": "erupcja zaobserwowana", "materiał": "andezyt / andezyt bazaltowy", "tektonika": "strefa subdukcji / skorupa kontynentalna (>25 km)", "legenda": "Wulkan", "źródło": "Global Volcanism Program, 2013. Volcanoes of the World, v. 4.11.0. Venzke, E (ed.). Smithsonian Institution. Downloaded 20 Jun 2022. https://doi.org/10.5479/si.GVP.VOTW4-2013" }, "geometry": { "type": "Point", "coordinates": [ -68.55, -20.73 ] } },
{ "type": "Feature", "properties": { "gid": 1217, "nazwa": "Olca-Paruma", "ostatnia_erupcja": "1867", "kraj": "Chile - Boliwia", "typ": "stratowulkan", "rodzaj_erupcji": "erupcja zaobserwowana", "materiał": "andezyt / andezyt bazaltowy", "tektonika": "strefa subdukcji / skorupa kontynentalna (>25 km)", "legenda": "Wulkan", "źródło": "Global Volcanism Program, 2013. Volcanoes of the World, v. 4.11.0. Venzke, E (ed.). Smithsonian Institution. Downloaded 20 Jun 2022. https://doi.org/10.5479/si.GVP.VOTW4-2013" }, "geometry": { "type": "Point", "coordinates": [ -68.413, -20.939 ] } },
{ "type": "Feature", "properties": { "gid": 1219, "nazwa": "San Pedro-San Pablo", "ostatnia_erupcja": "1960", "kraj": "Chile", "typ": "stratowulkan", "rodzaj_erupcji": "erupcja zaobserwowana", "materiał": "andezyt / andezyt bazaltowy", "tektonika": "strefa subdukcji / skorupa kontynentalna (>25 km)", "legenda": "Wulkan", "źródło": "Global Volcanism Program, 2013. Volcanoes of the World, v. 4.11.0. Venzke, E (ed.). Smithsonian Institution. Downloaded 20 Jun 2022. https://doi.org/10.5479/si.GVP.VOTW4-2013" }, "geometry": { "type": "Point", "coordinates": [ -68.391, -21.888 ] } },
{ "type": "Feature", "properties": { "gid": 1220, "nazwa": "Putana", "ostatnia_erupcja": "1810", "kraj": "Chile", "typ": "stratowulkan", "rodzaj_erupcji": "erupcja zaobserwowana", "materiał": "dacyt", "tektonika": "strefa subdukcji / skorupa kontynentalna (>25 km)", "legenda": "Wulkan", "źródło": "Global Volcanism Program, 2013. Volcanoes of the World, v. 4.11.0. Venzke, E (ed.). Smithsonian Institution. Downloaded 20 Jun 2022. https://doi.org/10.5479/si.GVP.VOTW4-2013" }, "geometry": { "type": "Point", "coordinates": [ -67.853, -22.557 ] } },
{ "type": "Feature", "properties": { "gid": 1261, "nazwa": "Ceboruco", "ostatnia_erupcja": "1875", "kraj": "Meksyk", "typ": "stratowulkan", "rodzaj_erupcji": "erupcja zaobserwowana", "materiał": "andezyt / andezyt bazaltowy", "tektonika": "strefa subdukcji / skorupa kontynentalna (>25 km)", "legenda": "Wulkan", "źródło": "Global Volcanism Program, 2013. Volcanoes of the World, v. 4.11.0. Venzke, E (ed.). Smithsonian Institution. Downloaded 20 Jun 2022. https://doi.org/10.5479/si.GVP.VOTW4-2013" }, "geometry": { "type": "Point", "coordinates": [ -104.508, 21.125 ] } },
{ "type": "Feature", "properties": { "gid": 1263, "nazwa": "Colima", "ostatnia_erupcja": "2017", "kraj": "Meksyk", "typ": "stratowulkan", "rodzaj_erupcji": "erupcja zaobserwowana", "materiał": "andezyt / andezyt bazaltowy", "tektonika": "strefa subdukcji / skorupa kontynentalna (>25 km)", "legenda": "Wulkan", "źródło": "Global Volcanism Program, 2013. Volcanoes of the World, v. 4.11.0. Venzke, E (ed.). Smithsonian Institution. Downloaded 20 Jun 2022. https://doi.org/10.5479/si.GVP.VOTW4-2013" }, "geometry": { "type": "Point", "coordinates": [ -103.62, 19.514 ] } },
{ "type": "Feature", "properties": { "gid": 1266, "nazwa": "Jocotitlan", "ostatnia_erupcja": "1270", "kraj": "Meksyk", "typ": "stratowulkan", "rodzaj_erupcji": "erupcja datowana", "materiał": "dacyt", "tektonika": "strefa subdukcji / skorupa kontynentalna (>25 km)", "legenda": "Wulkan", "źródło": "Global Volcanism Program, 2013. Volcanoes of the World, v. 4.11.0. Venzke, E (ed.). Smithsonian Institution. Downloaded 20 Jun 2022. https://doi.org/10.5479/si.GVP.VOTW4-2013" }, "geometry": { "type": "Point", "coordinates": [ -99.758, 19.73 ] } },
{ "type": "Feature", "properties": { "gid": 619, "nazwa": "Bamus", "ostatnia_erupcja": "1886", "kraj": "Papua - Nowa Gwinea", "typ": "stratowulkan", "rodzaj_erupcji": "erupcja zaobserwowana", "materiał": "andezyt / andezyt bazaltowy", "tektonika": "strefa subdukcji / skorupa kontynentalna (>25 km)", "legenda": "Wulkan", "źródło": "Global Volcanism Program, 2013. Volcanoes of the World, v. 4.11.0. Venzke, E (ed.). Smithsonian Institution. Downloaded 20 Jun 2022. https://doi.org/10.5479/si.GVP.VOTW4-2013" }, "geometry": { "type": "Point", "coordinates": [ 151.23, -5.2 ] } },
{ "type": "Feature", "properties": { "gid": 626, "nazwa": "Lamington", "ostatnia_erupcja": "1956", "kraj": "Papua - Nowa Gwinea", "typ": "stratowulkan", "rodzaj_erupcji": "erupcja zaobserwowana", "materiał": "andezyt / andezyt bazaltowy", "tektonika": "strefa subdukcji / skorupa kontynentalna (>25 km)", "legenda": "Wulkan", "źródło": "Global Volcanism Program, 2013. Volcanoes of the World, v. 4.11.0. Venzke, E (ed.). Smithsonian Institution. Downloaded 20 Jun 2022. https://doi.org/10.5479/si.GVP.VOTW4-2013" }, "geometry": { "type": "Point", "coordinates": [ 148.15, -8.95 ] } },
{ "type": "Feature", "properties": { "gid": 635, "nazwa": "Lamongan", "ostatnia_erupcja": "1898", "kraj": "Indonezja", "typ": "stratowulkan", "rodzaj_erupcji": "erupcja zaobserwowana", "materiał": "bazalt / pikryt", "tektonika": "strefa subdukcji / skorupa kontynentalna (>25 km)", "legenda": "Wulkan", "źródło": "Global Volcanism Program, 2013. Volcanoes of the World, v. 4.11.0. Venzke, E (ed.). Smithsonian Institution. Downloaded 20 Jun 2022. https://doi.org/10.5479/si.GVP.VOTW4-2013" }, "geometry": { "type": "Point", "coordinates": [ 113.342, -7.979 ] } },
{ "type": "Feature", "properties": { "gid": 515, "nazwa": "Martin", "ostatnia_erupcja": "1953", "kraj": "Stany Zjednoczone", "typ": "stratowulkan", "rodzaj_erupcji": "erupcja datowana", "materiał": "dacyt", "tektonika": "strefa subdukcji / skorupa kontynentalna (>25 km)", "legenda": "Wulkan", "źródło": "Global Volcanism Program, 2013. Volcanoes of the World, v. 4.11.0. Venzke, E (ed.). Smithsonian Institution. Downloaded 20 Jun 2022. https://doi.org/10.5479/si.GVP.VOTW4-2013" }, "geometry": { "type": "Point", "coordinates": [ -155.361, 58.172 ] } },
{ "type": "Feature", "properties": { "gid": 516, "nazwa": "Mageik", "ostatnia_erupcja": "500 p.n.e.", "kraj": "Stany Zjednoczone", "typ": "stratowulkan", "rodzaj_erupcji": "erupcja datowana", "materiał": "andezyt / andezyt bazaltowy", "tektonika": "strefa subdukcji / skorupa kontynentalna (>25 km)", "legenda": "Wulkan", "źródło": "Global Volcanism Program, 2013. Volcanoes of the World, v. 4.11.0. Venzke, E (ed.). Smithsonian Institution. Downloaded 20 Jun 2022. https://doi.org/10.5479/si.GVP.VOTW4-2013" }, "geometry": { "type": "Point", "coordinates": [ -155.253, 58.195 ] } },
{ "type": "Feature", "properties": { "gid": 517, "nazwa": "Trident", "ostatnia_erupcja": "1974", "kraj": "Stany Zjednoczone", "typ": "stratowulkan", "rodzaj_erupcji": "erupcja zaobserwowana", "materiał": "andezyt / andezyt bazaltowy", "tektonika": "strefa subdukcji / skorupa kontynentalna (>25 km)", "legenda": "Wulkan", "źródło": "Global Volcanism Program, 2013. Volcanoes of the World, v. 4.11.0. Venzke, E (ed.). Smithsonian Institution. Downloaded 20 Jun 2022. https://doi.org/10.5479/si.GVP.VOTW4-2013" }, "geometry": { "type": "Point", "coordinates": [ -155.1, 58.236 ] } },
{ "type": "Feature", "properties": { "gid": 518, "nazwa": "Katmai", "ostatnia_erupcja": "1912", "kraj": "Stany Zjednoczone", "typ": "stratowulkan", "rodzaj_erupcji": "erupcja zaobserwowana", "materiał": "andezyt / andezyt bazaltowy", "tektonika": "strefa subdukcji / skorupa kontynentalna (>25 km)", "legenda": "Wulkan", "źródło": "Global Volcanism Program, 2013. Volcanoes of the World, v. 4.11.0. Venzke, E (ed.). Smithsonian Institution. Downloaded 20 Jun 2022. https://doi.org/10.5479/si.GVP.VOTW4-2013" }, "geometry": { "type": "Point", "coordinates": [ -154.963, 58.28 ] } },
{ "type": "Feature", "properties": { "gid": 520, "nazwa": "Griggs", "ostatnia_erupcja": "1790 p.n.e.", "kraj": "Stany Zjednoczone", "typ": "stratowulkan", "rodzaj_erupcji": "erupcja datowana", "materiał": "andezyt / andezyt bazaltowy", "tektonika": "strefa subdukcji / skorupa kontynentalna (>25 km)", "legenda": "Wulkan", "źródło": "Global Volcanism Program, 2013. Volcanoes of the World, v. 4.11.0. Venzke, E (ed.). Smithsonian Institution. Downloaded 20 Jun 2022. https://doi.org/10.5479/si.GVP.VOTW4-2013" }, "geometry": { "type": "Point", "coordinates": [ -155.092, 58.354 ] } },
{ "type": "Feature", "properties": { "gid": 521, "nazwa": "Snowy Mountain", "ostatnia_erupcja": "1710", "kraj": "Stany Zjednoczone", "typ": "stratowulkan", "rodzaj_erupcji": "erupcja datowana", "materiał": "andezyt / andezyt bazaltowy", "tektonika": "strefa subdukcji / skorupa kontynentalna (>25 km)", "legenda": "Wulkan", "źródło": "Global Volcanism Program, 2013. Volcanoes of the World, v. 4.11.0. Venzke, E (ed.). Smithsonian Institution. Downloaded 20 Jun 2022. https://doi.org/10.5479/si.GVP.VOTW4-2013" }, "geometry": { "type": "Point", "coordinates": [ -154.682, 58.336 ] } },
{ "type": "Feature", "properties": { "gid": 524, "nazwa": "St. Paul", "ostatnia_erupcja": "1793", "kraj": "Francja", "typ": "stratowulkan", "rodzaj_erupcji": "erupcja zaobserwowana", "materiał": "bazalt / pikryt", "tektonika": "strefa ryftowa / skorupa oceaniczna (< 15 km)", "legenda": "Wulkan", "źródło": "Global Volcanism Program, 2013. Volcanoes of the World, v. 4.11.0. Venzke, E (ed.). Smithsonian Institution. Downloaded 20 Jun 2022. https://doi.org/10.5479/si.GVP.VOTW4-2013" }, "geometry": { "type": "Point", "coordinates": [ 77.53, -38.72 ] } },
{ "type": "Feature", "properties": { "gid": 526, "nazwa": "Heard", "ostatnia_erupcja": "2018", "kraj": "Australia", "typ": "stratowulkan", "rodzaj_erupcji": "erupcja zaobserwowana", "materiał": "tefryt / trachybazalt", "tektonika": "strefa subdukcji / skorupa oceaniczna (< 15 km)", "legenda": "Wulkan", "źródło": "Global Volcanism Program, 2013. Volcanoes of the World, v. 4.11.0. Venzke, E (ed.). Smithsonian Institution. Downloaded 20 Jun 2022. https://doi.org/10.5479/si.GVP.VOTW4-2013" }, "geometry": { "type": "Point", "coordinates": [ 73.513, -53.106 ] } },
{ "type": "Feature", "properties": { "gid": 1287, "nazwa": "Atitlan", "ostatnia_erupcja": "1853", "kraj": "Gwatemala", "typ": "stratowulkan", "rodzaj_erupcji": "erupcja zaobserwowana", "materiał": "andezyt / andezyt bazaltowy", "tektonika": "strefa subdukcji / skorupa kontynentalna (>25 km)", "legenda": "Wulkan", "źródło": "Global Volcanism Program, 2013. Volcanoes of the World, v. 4.11.0. Venzke, E (ed.). Smithsonian Institution. Downloaded 20 Jun 2022. https://doi.org/10.5479/si.GVP.VOTW4-2013" }, "geometry": { "type": "Point", "coordinates": [ -91.186, 14.583 ] } },
{ "type": "Feature", "properties": { "gid": 1289, "nazwa": "Acatenango", "ostatnia_erupcja": "1972", "kraj": "Gwatemala", "typ": "stratowulkan", "rodzaj_erupcji": "erupcja zaobserwowana", "materiał": "andezyt / andezyt bazaltowy", "tektonika": "strefa subdukcji / skorupa kontynentalna (>25 km)", "legenda": "Wulkan", "źródło": "Global Volcanism Program, 2013. Volcanoes of the World, v. 4.11.0. Venzke, E (ed.). Smithsonian Institution. Downloaded 20 Jun 2022. https://doi.org/10.5479/si.GVP.VOTW4-2013" }, "geometry": { "type": "Point", "coordinates": [ -90.876, 14.501 ] } },
{ "type": "Feature", "properties": { "gid": 1290, "nazwa": "Fuego", "ostatnia_erupcja": "2018", "kraj": "Gwatemala", "typ": "stratowulkan", "rodzaj_erupcji": "erupcja zaobserwowana", "materiał": "bazalt / pikryt", "tektonika": "strefa subdukcji / skorupa kontynentalna (>25 km)", "legenda": "Wulkan", "źródło": "Global Volcanism Program, 2013. Volcanoes of the World, v. 4.11.0. Venzke, E (ed.). Smithsonian Institution. Downloaded 20 Jun 2022. https://doi.org/10.5479/si.GVP.VOTW4-2013" }, "geometry": { "type": "Point", "coordinates": [ -90.88, 14.473 ] } },
{ "type": "Feature", "properties": { "gid": 539, "nazwa": "Taranaki [Egmont]", "ostatnia_erupcja": "1854", "kraj": "Nowa Zelandia", "typ": "stratowulkan", "rodzaj_erupcji": "erupcja zaobserwowana", "materiał": "andezyt / andezyt bazaltowy", "tektonika": "strefa subdukcji / skorupa kontynentalna (>25 km)", "legenda": "Wulkan", "źródło": "Global Volcanism Program, 2013. Volcanoes of the World, v. 4.11.0. Venzke, E (ed.). Smithsonian Institution. Downloaded 20 Jun 2022. https://doi.org/10.5479/si.GVP.VOTW4-2013" }, "geometry": { "type": "Point", "coordinates": [ 174.07, -39.3 ] } },
{ "type": "Feature", "properties": { "gid": 540, "nazwa": "White Island", "ostatnia_erupcja": "2016", "kraj": "Nowa Zelandia", "typ": "stratowulkan", "rodzaj_erupcji": "erupcja zaobserwowana", "materiał": "andezyt / andezyt bazaltowy", "tektonika": "strefa subdukcji / skorupa kontynentalna (>25 km)", "legenda": "Wulkan", "źródło": "Global Volcanism Program, 2013. Volcanoes of the World, v. 4.11.0. Venzke, E (ed.). Smithsonian Institution. Downloaded 20 Jun 2022. https://doi.org/10.5479/si.GVP.VOTW4-2013" }, "geometry": { "type": "Point", "coordinates": [ 177.18, -37.52 ] } },
{ "type": "Feature", "properties": { "gid": 1294, "nazwa": "Tecuamburro", "ostatnia_erupcja": "960 p.n.e.", "kraj": "Gwatemala", "typ": "stratowulkan", "rodzaj_erupcji": "erupcja datowana", "materiał": "andezyt / andezyt bazaltowy", "tektonika": "strefa subdukcji / skorupa kontynentalna (>25 km)", "legenda": "Wulkan", "źródło": "Global Volcanism Program, 2013. Volcanoes of the World, v. 4.11.0. Venzke, E (ed.). Smithsonian Institution. Downloaded 20 Jun 2022. https://doi.org/10.5479/si.GVP.VOTW4-2013" }, "geometry": { "type": "Point", "coordinates": [ -90.407, 14.156 ] } },
{ "type": "Feature", "properties": { "gid": 1423, "nazwa": "Lautaro", "ostatnia_erupcja": "1979", "kraj": "Chile", "typ": "stratowulkan", "rodzaj_erupcji": "erupcja zaobserwowana", "materiał": "dacyt", "tektonika": "strefa subdukcji / skorupa kontynentalna (>25 km)", "legenda": "Wulkan", "źródło": "Global Volcanism Program, 2013. Volcanoes of the World, v. 4.11.0. Venzke, E (ed.). Smithsonian Institution. Downloaded 20 Jun 2022. https://doi.org/10.5479/si.GVP.VOTW4-2013" }, "geometry": { "type": "Point", "coordinates": [ -73.55, -49.02 ] } },
{ "type": "Feature", "properties": { "gid": 1425, "nazwa": "Aguilera", "ostatnia_erupcja": "1250 p.n.e.", "kraj": "Chile", "typ": "stratowulkan", "rodzaj_erupcji": "erupcja datowana", "materiał": "dacyt", "tektonika": "strefa subdukcji / skorupa kontynentalna (>25 km)", "legenda": "Wulkan", "źródło": "Global Volcanism Program, 2013. Volcanoes of the World, v. 4.11.0. Venzke, E (ed.). Smithsonian Institution. Downloaded 20 Jun 2022. https://doi.org/10.5479/si.GVP.VOTW4-2013" }, "geometry": { "type": "Point", "coordinates": [ -73.75, -50.33 ] } },
{ "type": "Feature", "properties": { "gid": 1428, "nazwa": "Burney, Monte", "ostatnia_erupcja": "1910", "kraj": "Chile", "typ": "stratowulkan", "rodzaj_erupcji": "erupcja zaobserwowana", "materiał": "andezyt / andezyt bazaltowy", "tektonika": "strefa subdukcji / skorupa kontynentalna (>25 km)", "legenda": "Wulkan", "źródło": "Global Volcanism Program, 2013. Volcanoes of the World, v. 4.11.0. Venzke, E (ed.). Smithsonian Institution. Downloaded 20 Jun 2022. https://doi.org/10.5479/si.GVP.VOTW4-2013" }, "geometry": { "type": "Point", "coordinates": [ -73.4, -52.33 ] } },
{ "type": "Feature", "properties": { "gid": 1431, "nazwa": "Saba", "ostatnia_erupcja": "1640", "kraj": "Niderlandy", "typ": "stratowulkan", "rodzaj_erupcji": "erupcja zaobserwowana", "materiał": "andezyt / andezyt bazaltowy", "tektonika": "strefa subdukcji / skorupa oceaniczna (< 15 km)", "legenda": "Wulkan", "źródło": "Global Volcanism Program, 2013. Volcanoes of the World, v. 4.11.0. Venzke, E (ed.). Smithsonian Institution. Downloaded 20 Jun 2022. https://doi.org/10.5479/si.GVP.VOTW4-2013" }, "geometry": { "type": "Point", "coordinates": [ -63.23, 17.63 ] } },
{ "type": "Feature", "properties": { "gid": 1432, "nazwa": "Quill, The", "ostatnia_erupcja": "250", "kraj": "Niderlandy", "typ": "stratowulkan", "rodzaj_erupcji": "erupcja datowana", "materiał": "andezyt / andezyt bazaltowy", "tektonika": "strefa subdukcji / skorupa oceaniczna (< 15 km)", "legenda": "Wulkan", "źródło": "Global Volcanism Program, 2013. Volcanoes of the World, v. 4.11.0. Venzke, E (ed.). Smithsonian Institution. Downloaded 20 Jun 2022. https://doi.org/10.5479/si.GVP.VOTW4-2013" }, "geometry": { "type": "Point", "coordinates": [ -62.96, 17.478 ] } },
{ "type": "Feature", "properties": { "gid": 1433, "nazwa": "Liamuiga", "ostatnia_erupcja": "160", "kraj": "Saint Kitts i Nevis", "typ": "stratowulkan", "rodzaj_erupcji": "erupcja datowana", "materiał": "andezyt / andezyt bazaltowy", "tektonika": "strefa subdukcji / skorupa oceaniczna (< 15 km)", "legenda": "Wulkan", "źródło": "Global Volcanism Program, 2013. Volcanoes of the World, v. 4.11.0. Venzke, E (ed.). Smithsonian Institution. Downloaded 20 Jun 2022. https://doi.org/10.5479/si.GVP.VOTW4-2013" }, "geometry": { "type": "Point", "coordinates": [ -62.8, 17.37 ] } },
{ "type": "Feature", "properties": { "gid": 1309, "nazwa": "Santa Ana", "ostatnia_erupcja": "2005", "kraj": "Salwador", "typ": "stratowulkan", "rodzaj_erupcji": "erupcja zaobserwowana", "materiał": "andezyt / andezyt bazaltowy", "tektonika": "strefa subdukcji / skorupa kontynentalna (>25 km)", "legenda": "Wulkan", "źródło": "Global Volcanism Program, 2013. Volcanoes of the World, v. 4.11.0. Venzke, E (ed.). Smithsonian Institution. Downloaded 20 Jun 2022. https://doi.org/10.5479/si.GVP.VOTW4-2013" }, "geometry": { "type": "Point", "coordinates": [ -89.63, 13.853 ] } },
{ "type": "Feature", "properties": { "gid": 1310, "nazwa": "Izalco", "ostatnia_erupcja": "1966", "kraj": "Salwador", "typ": "stratowulkan", "rodzaj_erupcji": "erupcja zaobserwowana", "materiał": "andezyt / andezyt bazaltowy", "tektonika": "strefa subdukcji / skorupa kontynentalna (>25 km)", "legenda": "Wulkan", "źródło": "Global Volcanism Program, 2013. Volcanoes of the World, v. 4.11.0. Venzke, E (ed.). Smithsonian Institution. Downloaded 20 Jun 2022. https://doi.org/10.5479/si.GVP.VOTW4-2013" }, "geometry": { "type": "Point", "coordinates": [ -89.633, 13.813 ] } },
{ "type": "Feature", "properties": { "gid": 1312, "nazwa": "San Salvador", "ostatnia_erupcja": "1917", "kraj": "Salwador", "typ": "stratowulkan", "rodzaj_erupcji": "erupcja zaobserwowana", "materiał": "andezyt / andezyt bazaltowy", "tektonika": "strefa subdukcji / skorupa kontynentalna (>25 km)", "legenda": "Wulkan", "źródło": "Global Volcanism Program, 2013. Volcanoes of the World, v. 4.11.0. Venzke, E (ed.). Smithsonian Institution. Downloaded 20 Jun 2022. https://doi.org/10.5479/si.GVP.VOTW4-2013" }, "geometry": { "type": "Point", "coordinates": [ -89.294, 13.734 ] } },
{ "type": "Feature", "properties": { "gid": 1323, "nazwa": "San Miguel", "ostatnia_erupcja": "2018", "kraj": "Salwador", "typ": "stratowulkan", "rodzaj_erupcji": "erupcja zaobserwowana", "materiał": "andezyt / andezyt bazaltowy", "tektonika": "strefa subdukcji / skorupa kontynentalna (>25 km)", "legenda": "Wulkan", "źródło": "Global Volcanism Program, 2013. Volcanoes of the World, v. 4.11.0. Venzke, E (ed.). Smithsonian Institution. Downloaded 20 Jun 2022. https://doi.org/10.5479/si.GVP.VOTW4-2013" }, "geometry": { "type": "Point", "coordinates": [ -88.269, 13.434 ] } },
{ "type": "Feature", "properties": { "gid": 546, "nazwa": "Tongariro", "ostatnia_erupcja": "2012", "kraj": "Nowa Zelandia", "typ": "stratowulkan", "rodzaj_erupcji": "erupcja zaobserwowana", "materiał": "andezyt / andezyt bazaltowy", "tektonika": "strefa subdukcji / skorupa kontynentalna (>25 km)", "legenda": "Wulkan", "źródło": "Global Volcanism Program, 2013. Volcanoes of the World, v. 4.11.0. Venzke, E (ed.). Smithsonian Institution. Downloaded 20 Jun 2022. https://doi.org/10.5479/si.GVP.VOTW4-2013" }, "geometry": { "type": "Point", "coordinates": [ 175.632, -39.157 ] } },
{ "type": "Feature", "properties": { "gid": 547, "nazwa": "Ruapehu", "ostatnia_erupcja": "2007", "kraj": "Nowa Zelandia", "typ": "stratowulkan", "rodzaj_erupcji": "erupcja zaobserwowana", "materiał": "andezyt / andezyt bazaltowy", "tektonika": "strefa subdukcji / skorupa kontynentalna (>25 km)", "legenda": "Wulkan", "źródło": "Global Volcanism Program, 2013. Volcanoes of the World, v. 4.11.0. Venzke, E (ed.). Smithsonian Institution. Downloaded 20 Jun 2022. https://doi.org/10.5479/si.GVP.VOTW4-2013" }, "geometry": { "type": "Point", "coordinates": [ 175.57, -39.28 ] } },
{ "type": "Feature", "properties": { "gid": 561, "nazwa": "Raoul Island", "ostatnia_erupcja": "2006", "kraj": "Nowa Zelandia", "typ": "stratowulkan", "rodzaj_erupcji": "erupcja zaobserwowana", "materiał": "andezyt / andezyt bazaltowy", "tektonika": "strefa subdukcji / skorupa oceaniczna (< 15 km)", "legenda": "Wulkan", "źródło": "Global Volcanism Program, 2013. Volcanoes of the World, v. 4.11.0. Venzke, E (ed.). Smithsonian Institution. Downloaded 20 Jun 2022. https://doi.org/10.5479/si.GVP.VOTW4-2013" }, "geometry": { "type": "Point", "coordinates": [ -177.92, -29.27 ] } },
{ "type": "Feature", "properties": { "gid": 570, "nazwa": "Kao", "ostatnia_erupcja": "1847", "kraj": "Tonga", "typ": "stratowulkan", "rodzaj_erupcji": "erupcja zaobserwowana", "materiał": "andezyt / andezyt bazaltowy", "tektonika": "strefa subdukcji / skorupa oceaniczna (< 15 km)", "legenda": "Wulkan", "źródło": "Global Volcanism Program, 2013. Volcanoes of the World, v. 4.11.0. Venzke, E (ed.). Smithsonian Institution. Downloaded 20 Jun 2022. https://doi.org/10.5479/si.GVP.VOTW4-2013" }, "geometry": { "type": "Point", "coordinates": [ -175.016, -19.668 ] } },
{ "type": "Feature", "properties": { "gid": 573, "nazwa": "Late", "ostatnia_erupcja": "1854", "kraj": "Tonga", "typ": "stratowulkan", "rodzaj_erupcji": "erupcja zaobserwowana", "materiał": "andezyt / andezyt bazaltowy", "tektonika": "strefa subdukcji / skorupa oceaniczna (< 15 km)", "legenda": "Wulkan", "źródło": "Global Volcanism Program, 2013. Volcanoes of the World, v. 4.11.0. Venzke, E (ed.). Smithsonian Institution. Downloaded 20 Jun 2022. https://doi.org/10.5479/si.GVP.VOTW4-2013" }, "geometry": { "type": "Point", "coordinates": [ -174.65, -18.806 ] } },
{ "type": "Feature", "properties": { "gid": 1329, "nazwa": "Cosiguina", "ostatnia_erupcja": "1859", "kraj": "Nikaragua", "typ": "stratowulkan", "rodzaj_erupcji": "erupcja zaobserwowana", "materiał": "andezyt / andezyt bazaltowy", "tektonika": "strefa subdukcji / skorupa kontynentalna (>25 km)", "legenda": "Wulkan", "źródło": "Global Volcanism Program, 2013. Volcanoes of the World, v. 4.11.0. Venzke, E (ed.). Smithsonian Institution. Downloaded 20 Jun 2022. https://doi.org/10.5479/si.GVP.VOTW4-2013" }, "geometry": { "type": "Point", "coordinates": [ -87.57, 12.98 ] } },
{ "type": "Feature", "properties": { "gid": 599, "nazwa": "Bam", "ostatnia_erupcja": "1960", "kraj": "Papua - Nowa Gwinea", "typ": "stratowulkan", "rodzaj_erupcji": "erupcja zaobserwowana", "materiał": "andezyt / andezyt bazaltowy", "tektonika": "strefa subdukcji / skorupa kontynentalna (>25 km)", "legenda": "Wulkan", "źródło": "Global Volcanism Program, 2013. Volcanoes of the World, v. 4.11.0. Venzke, E (ed.). Smithsonian Institution. Downloaded 20 Jun 2022. https://doi.org/10.5479/si.GVP.VOTW4-2013" }, "geometry": { "type": "Point", "coordinates": [ 144.818, -3.613 ] } },
{ "type": "Feature", "properties": { "gid": 601, "nazwa": "Manam", "ostatnia_erupcja": "2018", "kraj": "Papua - Nowa Gwinea", "typ": "stratowulkan", "rodzaj_erupcji": "erupcja zaobserwowana", "materiał": "bazalt / pikryt", "tektonika": "strefa subdukcji / skorupa kontynentalna (>25 km)", "legenda": "Wulkan", "źródło": "Global Volcanism Program, 2013. Volcanoes of the World, v. 4.11.0. Venzke, E (ed.). Smithsonian Institution. Downloaded 20 Jun 2022. https://doi.org/10.5479/si.GVP.VOTW4-2013" }, "geometry": { "type": "Point", "coordinates": [ 145.037, -4.08 ] } },
{ "type": "Feature", "properties": { "gid": 602, "nazwa": "Karkar", "ostatnia_erupcja": "2014", "kraj": "Papua - Nowa Gwinea", "typ": "stratowulkan", "rodzaj_erupcji": "erupcja zaobserwowana", "materiał": "andezyt / andezyt bazaltowy", "tektonika": "strefa subdukcji / skorupa kontynentalna (>25 km)", "legenda": "Wulkan", "źródło": "Global Volcanism Program, 2013. Volcanoes of the World, v. 4.11.0. Venzke, E (ed.). Smithsonian Institution. Downloaded 20 Jun 2022. https://doi.org/10.5479/si.GVP.VOTW4-2013" }, "geometry": { "type": "Point", "coordinates": [ 145.964, -4.649 ] } },
{ "type": "Feature", "properties": { "gid": 606, "nazwa": "Ritter Island", "ostatnia_erupcja": "2007", "kraj": "Papua - Nowa Gwinea", "typ": "stratowulkan", "rodzaj_erupcji": "erupcja zaobserwowana", "materiał": "bazalt / pikryt", "tektonika": "strefa subdukcji / skorupa kontynentalna (>25 km)", "legenda": "Wulkan", "źródło": "Global Volcanism Program, 2013. Volcanoes of the World, v. 4.11.0. Venzke, E (ed.). Smithsonian Institution. Downloaded 20 Jun 2022. https://doi.org/10.5479/si.GVP.VOTW4-2013" }, "geometry": { "type": "Point", "coordinates": [ 148.115, -5.519 ] } },
{ "type": "Feature", "properties": { "gid": 614, "nazwa": "Krummel-Garbuna-Welcker", "ostatnia_erupcja": "2008", "kraj": "Papua - Nowa Gwinea", "typ": "stratowulkan", "rodzaj_erupcji": "erupcja zaobserwowana", "materiał": "andezyt / andezyt bazaltowy", "tektonika": "strefa subdukcji / skorupa kontynentalna (>25 km)", "legenda": "Wulkan", "źródło": "Global Volcanism Program, 2013. Volcanoes of the World, v. 4.11.0. Venzke, E (ed.). Smithsonian Institution. Downloaded 20 Jun 2022. https://doi.org/10.5479/si.GVP.VOTW4-2013" }, "geometry": { "type": "Point", "coordinates": [ 150.027, -5.416 ] } },
{ "type": "Feature", "properties": { "gid": 618, "nazwa": "Hargy", "ostatnia_erupcja": "950", "kraj": "Papua - Nowa Gwinea", "typ": "stratowulkan", "rodzaj_erupcji": "erupcja datowana", "materiał": "dacyt", "tektonika": "strefa subdukcji / skorupa kontynentalna (>25 km)", "legenda": "Wulkan", "źródło": "Global Volcanism Program, 2013. Volcanoes of the World, v. 4.11.0. Venzke, E (ed.). Smithsonian Institution. Downloaded 20 Jun 2022. https://doi.org/10.5479/si.GVP.VOTW4-2013" }, "geometry": { "type": "Point", "coordinates": [ 151.1, -5.33 ] } },
{ "type": "Feature", "properties": { "gid": 634, "nazwa": "Tengger Caldera", "ostatnia_erupcja": "2016", "kraj": "Indonezja", "typ": "stratowulkan", "rodzaj_erupcji": "erupcja zaobserwowana", "materiał": "trachyandezyt / bazaltowy trachyandezyt", "tektonika": "strefa subdukcji / skorupa kontynentalna (>25 km)", "legenda": "Wulkan", "źródło": "Global Volcanism Program, 2013. Volcanoes of the World, v. 4.11.0. Venzke, E (ed.). Smithsonian Institution. Downloaded 20 Jun 2022. https://doi.org/10.5479/si.GVP.VOTW4-2013" }, "geometry": { "type": "Point", "coordinates": [ 112.95, -7.942 ] } },
{ "type": "Feature", "properties": { "gid": 637, "nazwa": "Raung", "ostatnia_erupcja": "2015", "kraj": "Indonezja", "typ": "stratowulkan", "rodzaj_erupcji": "erupcja zaobserwowana", "materiał": "andezyt / andezyt bazaltowy", "tektonika": "strefa subdukcji / skorupa kontynentalna (>25 km)", "legenda": "Wulkan", "źródło": "Global Volcanism Program, 2013. Volcanoes of the World, v. 4.11.0. Venzke, E (ed.). Smithsonian Institution. Downloaded 20 Jun 2022. https://doi.org/10.5479/si.GVP.VOTW4-2013" }, "geometry": { "type": "Point", "coordinates": [ 114.056, -8.119 ] } },
{ "type": "Feature", "properties": { "gid": 638, "nazwa": "Ijen", "ostatnia_erupcja": "1999", "kraj": "Indonezja", "typ": "stratowulkan", "rodzaj_erupcji": "erupcja zaobserwowana", "materiał": "andezyt / andezyt bazaltowy", "tektonika": "strefa subdukcji / skorupa kontynentalna (>25 km)", "legenda": "Wulkan", "źródło": "Global Volcanism Program, 2013. Volcanoes of the World, v. 4.11.0. Venzke, E (ed.). Smithsonian Institution. Downloaded 20 Jun 2022. https://doi.org/10.5479/si.GVP.VOTW4-2013" }, "geometry": { "type": "Point", "coordinates": [ 114.242, -8.058 ] } },
{ "type": "Feature", "properties": { "gid": 642, "nazwa": "Agung", "ostatnia_erupcja": "2018", "kraj": "Indonezja", "typ": "stratowulkan", "rodzaj_erupcji": "erupcja zaobserwowana", "materiał": "andezyt / andezyt bazaltowy", "tektonika": "strefa subdukcji / skorupa kontynentalna (>25 km)", "legenda": "Wulkan", "źródło": "Global Volcanism Program, 2013. Volcanoes of the World, v. 4.11.0. Venzke, E (ed.). Smithsonian Institution. Downloaded 20 Jun 2022. https://doi.org/10.5479/si.GVP.VOTW4-2013" }, "geometry": { "type": "Point", "coordinates": [ 115.508, -8.343 ] } },
{ "type": "Feature", "properties": { "gid": 643, "nazwa": "Rinjani", "ostatnia_erupcja": "2016", "kraj": "Indonezja", "typ": "stratowulkan", "rodzaj_erupcji": "erupcja zaobserwowana", "materiał": "andezyt / andezyt bazaltowy", "tektonika": "strefa subdukcji / skorupa kontynentalna (>25 km)", "legenda": "Wulkan", "źródło": "Global Volcanism Program, 2013. Volcanoes of the World, v. 4.11.0. Venzke, E (ed.). Smithsonian Institution. Downloaded 20 Jun 2022. https://doi.org/10.5479/si.GVP.VOTW4-2013" }, "geometry": { "type": "Point", "coordinates": [ 116.47, -8.42 ] } },
{ "type": "Feature", "properties": { "gid": 644, "nazwa": "Tambora", "ostatnia_erupcja": "1967", "kraj": "Indonezja", "typ": "stratowulkan", "rodzaj_erupcji": "erupcja zaobserwowana", "materiał": "tefryt / trachybazalt", "tektonika": "strefa subdukcji / skorupa kontynentalna (>25 km)", "legenda": "Wulkan", "źródło": "Global Volcanism Program, 2013. Volcanoes of the World, v. 4.11.0. Venzke, E (ed.). Smithsonian Institution. Downloaded 20 Jun 2022. https://doi.org/10.5479/si.GVP.VOTW4-2013" }, "geometry": { "type": "Point", "coordinates": [ 118.000000000000114, -8.25 ] } },
{ "type": "Feature", "properties": { "gid": 648, "nazwa": "Inierie", "ostatnia_erupcja": "8050 p.n.e.", "kraj": "Indonezja", "typ": "stratowulkan", "rodzaj_erupcji": "erupcja datowana", "materiał": "andezyt / andezyt bazaltowy", "tektonika": "strefa subdukcji / grubość skorupy nieznana", "legenda": "Wulkan", "źródło": "Global Volcanism Program, 2013. Volcanoes of the World, v. 4.11.0. Venzke, E (ed.). Smithsonian Institution. Downloaded 20 Jun 2022. https://doi.org/10.5479/si.GVP.VOTW4-2013" }, "geometry": { "type": "Point", "coordinates": [ 120.95, -8.875 ] } },
{ "type": "Feature", "properties": { "gid": 650, "nazwa": "Ebulobo", "ostatnia_erupcja": "1969", "kraj": "Indonezja", "typ": "stratowulkan", "rodzaj_erupcji": "erupcja zaobserwowana", "materiał": "andezyt / andezyt bazaltowy", "tektonika": "strefa subdukcji / grubość skorupy nieznana", "legenda": "Wulkan", "źródło": "Global Volcanism Program, 2013. Volcanoes of the World, v. 4.11.0. Venzke, E (ed.). Smithsonian Institution. Downloaded 20 Jun 2022. https://doi.org/10.5479/si.GVP.VOTW4-2013" }, "geometry": { "type": "Point", "coordinates": [ 121.18, -8.82 ] } },
{ "type": "Feature", "properties": { "gid": 654, "nazwa": "Paluweh", "ostatnia_erupcja": "2013", "kraj": "Indonezja", "typ": "stratowulkan", "rodzaj_erupcji": "erupcja zaobserwowana", "materiał": "andezyt / andezyt bazaltowy", "tektonika": "strefa subdukcji / grubość skorupy nieznana", "legenda": "Wulkan", "źródło": "Global Volcanism Program, 2013. Volcanoes of the World, v. 4.11.0. Venzke, E (ed.). Smithsonian Institution. Downloaded 20 Jun 2022. https://doi.org/10.5479/si.GVP.VOTW4-2013" }, "geometry": { "type": "Point", "coordinates": [ 121.708, -8.32 ] } },
{ "type": "Feature", "properties": { "gid": 655, "nazwa": "Egon", "ostatnia_erupcja": "2008", "kraj": "Indonezja", "typ": "stratowulkan", "rodzaj_erupcji": "erupcja zaobserwowana", "materiał": "andezyt / andezyt bazaltowy", "tektonika": "strefa subdukcji / grubość skorupy nieznana", "legenda": "Wulkan", "źródło": "Global Volcanism Program, 2013. Volcanoes of the World, v. 4.11.0. Venzke, E (ed.). Smithsonian Institution. Downloaded 20 Jun 2022. https://doi.org/10.5479/si.GVP.VOTW4-2013" }, "geometry": { "type": "Point", "coordinates": [ 122.455, -8.676 ] } },
{ "type": "Feature", "properties": { "gid": 657, "nazwa": "Lewotobi", "ostatnia_erupcja": "2003", "kraj": "Indonezja", "typ": "stratowulkan", "rodzaj_erupcji": "erupcja zaobserwowana", "materiał": "andezyt / andezyt bazaltowy", "tektonika": "strefa subdukcji / grubość skorupy nieznana", "legenda": "Wulkan", "źródło": "Global Volcanism Program, 2013. Volcanoes of the World, v. 4.11.0. Venzke, E (ed.). Smithsonian Institution. Downloaded 20 Jun 2022. https://doi.org/10.5479/si.GVP.VOTW4-2013" }, "geometry": { "type": "Point", "coordinates": [ 122.775, -8.542 ] } },
{ "type": "Feature", "properties": { "gid": 659, "nazwa": "Iliboleng", "ostatnia_erupcja": "1993", "kraj": "Indonezja", "typ": "stratowulkan", "rodzaj_erupcji": "erupcja zaobserwowana", "materiał": "bazalt / pikryt", "tektonika": "strefa subdukcji / grubość skorupy nieznana", "legenda": "Wulkan", "źródło": "Global Volcanism Program, 2013. Volcanoes of the World, v. 4.11.0. Venzke, E (ed.). Smithsonian Institution. Downloaded 20 Jun 2022. https://doi.org/10.5479/si.GVP.VOTW4-2013" }, "geometry": { "type": "Point", "coordinates": [ 123.258, -8.342 ] } },
{ "type": "Feature", "properties": { "gid": 660, "nazwa": "Lewotolo", "ostatnia_erupcja": "2012", "kraj": "Indonezja", "typ": "stratowulkan", "rodzaj_erupcji": "erupcja zaobserwowana", "materiał": "andezyt / andezyt bazaltowy", "tektonika": "strefa subdukcji / grubość skorupy nieznana", "legenda": "Wulkan", "źródło": "Global Volcanism Program, 2013. Volcanoes of the World, v. 4.11.0. Venzke, E (ed.). Smithsonian Institution. Downloaded 20 Jun 2022. https://doi.org/10.5479/si.GVP.VOTW4-2013" }, "geometry": { "type": "Point", "coordinates": [ 123.505000000000109, -8.272 ] } },
{ "type": "Feature", "properties": { "gid": 772, "nazwa": "Ichinsky", "ostatnia_erupcja": "1740", "kraj": "Rosja", "typ": "stratowulkan", "rodzaj_erupcji": "erupcja zaobserwowana", "materiał": "bazalt / pikryt", "tektonika": "strefa subdukcji / skorupa kontynentalna (>25 km)", "legenda": "Wulkan", "źródło": "Global Volcanism Program, 2013. Volcanoes of the World, v. 4.11.0. Venzke, E (ed.). Smithsonian Institution. Downloaded 20 Jun 2022. https://doi.org/10.5479/si.GVP.VOTW4-2013" }, "geometry": { "type": "Point", "coordinates": [ 157.718, 55.678 ] } },
{ "type": "Feature", "properties": { "gid": 633, "nazwa": "Semeru", "ostatnia_erupcja": "2021", "kraj": "Indonezja", "typ": "stratowulkan", "rodzaj_erupcji": "erupcja zaobserwowana", "materiał": "andezyt / andezyt bazaltowy", "tektonika": "strefa subdukcji / skorupa kontynentalna (>25 km)", "legenda": "Wulkan", "źródło": "Global Volcanism Program, 2013. Volcanoes of the World, v. 4.11.0. Venzke, E (ed.). Smithsonian Institution. Downloaded 20 Jun 2022. https://doi.org/10.5479/si.GVP.VOTW4-2013" }, "geometry": { "type": "Point", "coordinates": [ 112.922, -8.108 ] } },
{ "type": "Feature", "properties": { "gid": 620, "nazwa": "Ulawun", "ostatnia_erupcja": "2022", "kraj": "Papua - Nowa Gwinea", "typ": "stratowulkan", "rodzaj_erupcji": "erupcja zaobserwowana", "materiał": "bazalt / pikryt", "tektonika": "strefa subdukcji / skorupa kontynentalna (>25 km)", "legenda": "Wulkan", "źródło": "Global Volcanism Program, 2013. Volcanoes of the World, v. 4.11.0. Venzke, E (ed.). Smithsonian Institution. Downloaded 20 Jun 2022. https://doi.org/10.5479/si.GVP.VOTW4-2013" }, "geometry": { "type": "Point", "coordinates": [ 151.33, -5.05 ] } },
{ "type": "Feature", "properties": { "gid": 1331, "nazwa": "Telica", "ostatnia_erupcja": "2021", "kraj": "Nikaragua", "typ": "stratowulkan", "rodzaj_erupcji": "erupcja zaobserwowana", "materiał": "bazalt / pikryt", "tektonika": "strefa subdukcji / skorupa kontynentalna (>25 km)", "legenda": "Wulkan", "źródło": "Global Volcanism Program, 2013. Volcanoes of the World, v. 4.11.0. Venzke, E (ed.). Smithsonian Institution. Downloaded 20 Jun 2022. https://doi.org/10.5479/si.GVP.VOTW4-2013" }, "geometry": { "type": "Point", "coordinates": [ -86.84, 12.606 ] } },
{ "type": "Feature", "properties": { "gid": 1379, "nazwa": "Tromen", "ostatnia_erupcja": "1822", "kraj": "Argentyna", "typ": "stratowulkan", "rodzaj_erupcji": "erupcja zaobserwowana", "materiał": "andezyt / andezyt bazaltowy", "tektonika": "strefa subdukcji / skorupa kontynentalna (>25 km)", "legenda": "Wulkan", "źródło": "Global Volcanism Program, 2013. Volcanoes of the World, v. 4.11.0. Venzke, E (ed.). Smithsonian Institution. Downloaded 20 Jun 2022. https://doi.org/10.5479/si.GVP.VOTW4-2013" }, "geometry": { "type": "Point", "coordinates": [ -70.033, -37.144 ] } },
{ "type": "Feature", "properties": { "gid": 1380, "nazwa": "Antuco", "ostatnia_erupcja": "1869", "kraj": "Chile", "typ": "stratowulkan", "rodzaj_erupcji": "erupcja zaobserwowana", "materiał": "bazalt / pikryt", "tektonika": "strefa subdukcji / skorupa kontynentalna (>25 km)", "legenda": "Wulkan", "źródło": "Global Volcanism Program, 2013. Volcanoes of the World, v. 4.11.0. Venzke, E (ed.). Smithsonian Institution. Downloaded 20 Jun 2022. https://doi.org/10.5479/si.GVP.VOTW4-2013" }, "geometry": { "type": "Point", "coordinates": [ -71.349, -37.406 ] } },
{ "type": "Feature", "properties": { "gid": 1382, "nazwa": "Copahue", "ostatnia_erupcja": "2018", "kraj": "Chile - Argentyna", "typ": "stratowulkan", "rodzaj_erupcji": "erupcja zaobserwowana", "materiał": "tefryt / trachybazalt", "tektonika": "strefa subdukcji / skorupa kontynentalna (>25 km)", "legenda": "Wulkan", "źródło": "Global Volcanism Program, 2013. Volcanoes of the World, v. 4.11.0. Venzke, E (ed.). Smithsonian Institution. Downloaded 20 Jun 2022. https://doi.org/10.5479/si.GVP.VOTW4-2013" }, "geometry": { "type": "Point", "coordinates": [ -71.183, -37.856 ] } },
{ "type": "Feature", "properties": { "gid": 1383, "nazwa": "Callaqui", "ostatnia_erupcja": "1980", "kraj": "Chile", "typ": "stratowulkan", "rodzaj_erupcji": "erupcja zaobserwowana", "materiał": "andezyt / andezyt bazaltowy", "tektonika": "strefa subdukcji / skorupa kontynentalna (>25 km)", "legenda": "Wulkan", "źródło": "Global Volcanism Program, 2013. Volcanoes of the World, v. 4.11.0. Venzke, E (ed.). Smithsonian Institution. Downloaded 20 Jun 2022. https://doi.org/10.5479/si.GVP.VOTW4-2013" }, "geometry": { "type": "Point", "coordinates": [ -71.45, -37.92 ] } },
{ "type": "Feature", "properties": { "gid": 1386, "nazwa": "Lonquimay", "ostatnia_erupcja": "1990", "kraj": "Chile", "typ": "stratowulkan", "rodzaj_erupcji": "erupcja zaobserwowana", "materiał": "andezyt / andezyt bazaltowy", "tektonika": "strefa subdukcji / skorupa kontynentalna (>25 km)", "legenda": "Wulkan", "źródło": "Global Volcanism Program, 2013. Volcanoes of the World, v. 4.11.0. Venzke, E (ed.). Smithsonian Institution. Downloaded 20 Jun 2022. https://doi.org/10.5479/si.GVP.VOTW4-2013" }, "geometry": { "type": "Point", "coordinates": [ -71.586, -38.379 ] } },
{ "type": "Feature", "properties": { "gid": 1392, "nazwa": "Villarrica", "ostatnia_erupcja": "2018", "kraj": "Chile", "typ": "stratowulkan", "rodzaj_erupcji": "erupcja zaobserwowana", "materiał": "bazalt / pikryt", "tektonika": "strefa subdukcji / skorupa kontynentalna (>25 km)", "legenda": "Wulkan", "źródło": "Global Volcanism Program, 2013. Volcanoes of the World, v. 4.11.0. Venzke, E (ed.). Smithsonian Institution. Downloaded 20 Jun 2022. https://doi.org/10.5479/si.GVP.VOTW4-2013" }, "geometry": { "type": "Point", "coordinates": [ -71.93, -39.42 ] } },
{ "type": "Feature", "properties": { "gid": 1393, "nazwa": "Quetrupillan", "ostatnia_erupcja": "1872", "kraj": "Chile", "typ": "stratowulkan", "rodzaj_erupcji": "erupcja zaobserwowana", "materiał": "andezyt / andezyt bazaltowy", "tektonika": "strefa subdukcji / skorupa kontynentalna (>25 km)", "legenda": "Wulkan", "źródło": "Global Volcanism Program, 2013. Volcanoes of the World, v. 4.11.0. Venzke, E (ed.). Smithsonian Institution. Downloaded 20 Jun 2022. https://doi.org/10.5479/si.GVP.VOTW4-2013" }, "geometry": { "type": "Point", "coordinates": [ -71.7, -39.5 ] } },
{ "type": "Feature", "properties": { "gid": 1394, "nazwa": "Lanin", "ostatnia_erupcja": "560", "kraj": "Chile - Argentyna", "typ": "stratowulkan", "rodzaj_erupcji": "erupcja datowana", "materiał": "trachyandezyt / bazaltowy trachyandezyt", "tektonika": "strefa subdukcji / skorupa kontynentalna (>25 km)", "legenda": "Wulkan", "źródło": "Global Volcanism Program, 2013. Volcanoes of the World, v. 4.11.0. Venzke, E (ed.). Smithsonian Institution. Downloaded 20 Jun 2022. https://doi.org/10.5479/si.GVP.VOTW4-2013" }, "geometry": { "type": "Point", "coordinates": [ -71.502, -39.637 ] } },
{ "type": "Feature", "properties": { "gid": 1395, "nazwa": "Huanquihue Group", "ostatnia_erupcja": "1750", "kraj": "Argentyna", "typ": "stratowulkan", "rodzaj_erupcji": "erupcja datowana", "materiał": "bazalt / pikryt", "tektonika": "strefa subdukcji / skorupa kontynentalna (>25 km)", "legenda": "Wulkan", "źródło": "Global Volcanism Program, 2013. Volcanoes of the World, v. 4.11.0. Venzke, E (ed.). Smithsonian Institution. Downloaded 20 Jun 2022. https://doi.org/10.5479/si.GVP.VOTW4-2013" }, "geometry": { "type": "Point", "coordinates": [ -71.58, -39.887 ] } },
{ "type": "Feature", "properties": { "gid": 9, "nazwa": "Vesuvius", "ostatnia_erupcja": "1944", "kraj": "Włochy", "typ": "stratowulkan", "rodzaj_erupcji": "erupcja zaobserwowana", "materiał": "fonolitowy tefryt", "tektonika": "strefa subdukcji / skorupa kontynentalna (>25 km)", "legenda": "Wulkan", "źródło": "Global Volcanism Program, 2013. Volcanoes of the World, v. 4.11.0. Venzke, E (ed.). Smithsonian Institution. Downloaded 20 Jun 2022. https://doi.org/10.5479/si.GVP.VOTW4-2013" }, "geometry": { "type": "Point", "coordinates": [ 14.426, 40.821 ] } },
{ "type": "Feature", "properties": { "gid": 12, "nazwa": "Stromboli", "ostatnia_erupcja": "2018", "kraj": "Włochy", "typ": "stratowulkan", "rodzaj_erupcji": "erupcja zaobserwowana", "materiał": "trachyandezyt / bazaltowy trachyandezyt", "tektonika": "strefa subdukcji / skorupa kontynentalna (>25 km)", "legenda": "Wulkan", "źródło": "Global Volcanism Program, 2013. Volcanoes of the World, v. 4.11.0. Venzke, E (ed.). Smithsonian Institution. Downloaded 20 Jun 2022. https://doi.org/10.5479/si.GVP.VOTW4-2013" }, "geometry": { "type": "Point", "coordinates": [ 15.213, 38.789 ] } },
{ "type": "Feature", "properties": { "gid": 16, "nazwa": "Etna", "ostatnia_erupcja": "2018", "kraj": "Włochy", "typ": "stratowulkan", "rodzaj_erupcji": "erupcja zaobserwowana", "materiał": "tefryt / trachybazalt", "tektonika": "strefa subdukcji / skorupa kontynentalna (>25 km)", "legenda": "Wulkan", "źródło": "Global Volcanism Program, 2013. Volcanoes of the World, v. 4.11.0. Venzke, E (ed.). Smithsonian Institution. Downloaded 20 Jun 2022. https://doi.org/10.5479/si.GVP.VOTW4-2013" }, "geometry": { "type": "Point", "coordinates": [ 14.999, 37.748 ] } },
{ "type": "Feature", "properties": { "gid": 23, "nazwa": "Nisyros", "ostatnia_erupcja": "1888", "kraj": "Grecja", "typ": "stratowulkan", "rodzaj_erupcji": "erupcja zaobserwowana", "materiał": "dacyt", "tektonika": "strefa subdukcji / skorupa kontynentalna (>25 km)", "legenda": "Wulkan", "źródło": "Global Volcanism Program, 2013. Volcanoes of the World, v. 4.11.0. Venzke, E (ed.). Smithsonian Institution. Downloaded 20 Jun 2022. https://doi.org/10.5479/si.GVP.VOTW4-2013" }, "geometry": { "type": "Point", "coordinates": [ 27.16, 36.586 ] } },
{ "type": "Feature", "properties": { "gid": 710, "nazwa": "Ragang", "ostatnia_erupcja": "1873", "kraj": "Filipiny", "typ": "stratowulkan", "rodzaj_erupcji": "erupcja zaobserwowana", "materiał": "bazalt / pikryt", "tektonika": "strefa subdukcji / skorupa kontynentalna (>25 km)", "legenda": "Wulkan", "źródło": "Global Volcanism Program, 2013. Volcanoes of the World, v. 4.11.0. Venzke, E (ed.). Smithsonian Institution. Downloaded 20 Jun 2022. https://doi.org/10.5479/si.GVP.VOTW4-2013" }, "geometry": { "type": "Point", "coordinates": [ 124.500000000000114, 7.7 ] } },
{ "type": "Feature", "properties": { "gid": 598, "nazwa": "Kadovar", "ostatnia_erupcja": "2018", "kraj": "Papua - Nowa Gwinea", "typ": "stratowulkan", "rodzaj_erupcji": "nieznana data wybuchu", "materiał": "andezyt / andezyt bazaltowy", "tektonika": "strefa subdukcji / skorupa kontynentalna (>25 km)", "legenda": "Wulkan", "źródło": "Global Volcanism Program, 2013. Volcanoes of the World, v. 4.11.0. Venzke, E (ed.). Smithsonian Institution. Downloaded 20 Jun 2022. https://doi.org/10.5479/si.GVP.VOTW4-2013" }, "geometry": { "type": "Point", "coordinates": [ 144.588, -3.608 ] } },
{ "type": "Feature", "properties": { "gid": 1385, "nazwa": "Tolhuaca", "ostatnia_erupcja": "4000 p.n.e.", "kraj": "Chile", "typ": "stratowulkan", "rodzaj_erupcji": "nieznana data wybuchu", "materiał": "andezyt / andezyt bazaltowy", "tektonika": "strefa subdukcji / skorupa kontynentalna (>25 km)", "legenda": "Wulkan", "źródło": "Global Volcanism Program, 2013. Volcanoes of the World, v. 4.11.0. Venzke, E (ed.). Smithsonian Institution. Downloaded 20 Jun 2022. https://doi.org/10.5479/si.GVP.VOTW4-2013" }, "geometry": { "type": "Point", "coordinates": [ -71.645, -38.31 ] } },
{ "type": "Feature", "properties": { "gid": 13, "nazwa": "Panarea", "ostatnia_erupcja": "brak danych", "kraj": "Włochy", "typ": "stratowulkan", "rodzaj_erupcji": "brak dowodów na wybuch", "materiał": "andezyt / andezyt bazaltowy", "tektonika": "strefa subdukcji / skorupa kontynentalna (>25 km)", "legenda": "Wulkan", "źródło": "Global Volcanism Program, 2013. Volcanoes of the World, v. 4.11.0. Venzke, E (ed.). Smithsonian Institution. Downloaded 20 Jun 2022. https://doi.org/10.5479/si.GVP.VOTW4-2013" }, "geometry": { "type": "Point", "coordinates": [ 15.064, 38.638 ] } },
{ "type": "Feature", "properties": { "gid": 59, "nazwa": "Mallahle", "ostatnia_erupcja": "brak danych", "kraj": "Etiopia - Erytrea", "typ": "stratowulkan", "rodzaj_erupcji": "brak dowodów na wybuch", "materiał": "trachit", "tektonika": "strefa ryftowa / skorupa pośrednia (15-25 km)", "legenda": "Wulkan", "źródło": "Global Volcanism Program, 2013. Volcanoes of the World, v. 4.11.0. Venzke, E (ed.). Smithsonian Institution. Downloaded 20 Jun 2022. https://doi.org/10.5479/si.GVP.VOTW4-2013" }, "geometry": { "type": "Point", "coordinates": [ 41.65, 13.27 ] } },
{ "type": "Feature", "properties": { "gid": 60, "nazwa": "Sork Ale", "ostatnia_erupcja": "brak danych", "kraj": "Etiopia - Erytrea", "typ": "stratowulkan", "rodzaj_erupcji": "brak dowodów na wybuch", "materiał": "bazalt / pikryt", "tektonika": "strefa ryftowa / skorupa pośrednia (15-25 km)", "legenda": "Wulkan", "źródło": "Global Volcanism Program, 2013. Volcanoes of the World, v. 4.11.0. Venzke, E (ed.). Smithsonian Institution. Downloaded 20 Jun 2022. https://doi.org/10.5479/si.GVP.VOTW4-2013" }, "geometry": { "type": "Point", "coordinates": [ 41.725, 13.18 ] } },
{ "type": "Feature", "properties": { "gid": 65, "nazwa": "Afdera", "ostatnia_erupcja": "brak danych", "kraj": "Etiopia", "typ": "stratowulkan", "rodzaj_erupcji": "brak dowodów na wybuch", "materiał": "ryolit", "tektonika": "strefa ryftowa / skorupa pośrednia (15-25 km)", "legenda": "Wulkan", "źródło": "Global Volcanism Program, 2013. Volcanoes of the World, v. 4.11.0. Venzke, E (ed.). Smithsonian Institution. Downloaded 20 Jun 2022. https://doi.org/10.5479/si.GVP.VOTW4-2013" }, "geometry": { "type": "Point", "coordinates": [ 40.853, 13.088 ] } },
{ "type": "Feature", "properties": { "gid": 457, "nazwa": "Buldir", "ostatnia_erupcja": "brak danych", "kraj": "Stany Zjednoczone", "typ": "stratowulkan", "rodzaj_erupcji": "brak dowodów na wybuch", "materiał": "bazalt / pikryt", "tektonika": "strefa subdukcji / skorupa oceaniczna (< 15 km)", "legenda": "Wulkan", "źródło": "Global Volcanism Program, 2013. Volcanoes of the World, v. 4.11.0. Venzke, E (ed.). Smithsonian Institution. Downloaded 20 Jun 2022. https://doi.org/10.5479/si.GVP.VOTW4-2013" }, "geometry": { "type": "Point", "coordinates": [ 175.911, 52.35 ] } },
{ "type": "Feature", "properties": { "gid": 460, "nazwa": "Davidof", "ostatnia_erupcja": "brak danych", "kraj": "Stany Zjednoczone", "typ": "stratowulkan", "rodzaj_erupcji": "brak dowodów na wybuch", "materiał": "-", "tektonika": "strefa subdukcji / skorupa oceaniczna (< 15 km)", "legenda": "Wulkan", "źródło": "Global Volcanism Program, 2013. Volcanoes of the World, v. 4.11.0. Venzke, E (ed.). Smithsonian Institution. Downloaded 20 Jun 2022. https://doi.org/10.5479/si.GVP.VOTW4-2013" }, "geometry": { "type": "Point", "coordinates": [ 178.33, 51.97 ] } },
{ "type": "Feature", "properties": { "gid": 466, "nazwa": "Bobrof", "ostatnia_erupcja": "brak danych", "kraj": "Stany Zjednoczone", "typ": "stratowulkan", "rodzaj_erupcji": "brak dowodów na wybuch", "materiał": "bazalt / pikryt", "tektonika": "strefa subdukcji / skorupa oceaniczna (< 15 km)", "legenda": "Wulkan", "źródło": "Global Volcanism Program, 2013. Volcanoes of the World, v. 4.11.0. Venzke, E (ed.). Smithsonian Institution. Downloaded 20 Jun 2022. https://doi.org/10.5479/si.GVP.VOTW4-2013" }, "geometry": { "type": "Point", "coordinates": [ -177.438, 51.91 ] } },
{ "type": "Feature", "properties": { "gid": 493, "nazwa": "Isanotski", "ostatnia_erupcja": "brak danych", "kraj": "Stany Zjednoczone", "typ": "stratowulkan", "rodzaj_erupcji": "brak dowodów na wybuch", "materiał": "-", "tektonika": "strefa subdukcji / skorupa kontynentalna (>25 km)", "legenda": "Wulkan", "źródło": "Global Volcanism Program, 2013. Volcanoes of the World, v. 4.11.0. Venzke, E (ed.). Smithsonian Institution. Downloaded 20 Jun 2022. https://doi.org/10.5479/si.GVP.VOTW4-2013" }, "geometry": { "type": "Point", "coordinates": [ -163.723, 54.765 ] } },
{ "type": "Feature", "properties": { "gid": 522, "nazwa": "Denison", "ostatnia_erupcja": "brak danych", "kraj": "Stany Zjednoczone", "typ": "stratowulkan", "rodzaj_erupcji": "brak dowodów na wybuch", "materiał": "andezyt / andezyt bazaltowy", "tektonika": "strefa subdukcji / skorupa kontynentalna (>25 km)", "legenda": "Wulkan", "źródło": "Global Volcanism Program, 2013. Volcanoes of the World, v. 4.11.0. Venzke, E (ed.). Smithsonian Institution. Downloaded 20 Jun 2022. https://doi.org/10.5479/si.GVP.VOTW4-2013" }, "geometry": { "type": "Point", "coordinates": [ -154.449, 58.418 ] } },
{ "type": "Feature", "properties": { "gid": 286, "nazwa": "Rudakov", "ostatnia_erupcja": "brak danych", "kraj": "Rosja", "typ": "stratowulkan", "rodzaj_erupcji": "brak dowodów na wybuch", "materiał": "andezyt / andezyt bazaltowy", "tektonika": "strefa subdukcji / skorupa oceaniczna (< 15 km)", "legenda": "Wulkan", "źródło": "Global Volcanism Program, 2013. Volcanoes of the World, v. 4.11.0. Venzke, E (ed.). Smithsonian Institution. Downloaded 20 Jun 2022. https://doi.org/10.5479/si.GVP.VOTW4-2013" }, "geometry": { "type": "Point", "coordinates": [ 149.819, 45.874 ] } },
{ "type": "Feature", "properties": { "gid": 287, "nazwa": "Tri Sestry", "ostatnia_erupcja": "brak danych", "kraj": "Rosja", "typ": "stratowulkan", "rodzaj_erupcji": "brak dowodów na wybuch", "materiał": "andezyt / andezyt bazaltowy", "tektonika": "strefa subdukcji / skorupa oceaniczna (< 15 km)", "legenda": "Wulkan", "źródło": "Global Volcanism Program, 2013. Volcanoes of the World, v. 4.11.0. Venzke, E (ed.). Smithsonian Institution. Downloaded 20 Jun 2022. https://doi.org/10.5479/si.GVP.VOTW4-2013" }, "geometry": { "type": "Point", "coordinates": [ 149.92, 45.93 ] } },
{ "type": "Feature", "properties": { "gid": 320, "nazwa": "Chiracha", "ostatnia_erupcja": "brak danych", "kraj": "Etiopia", "typ": "stratowulkan", "rodzaj_erupcji": "brak dowodów na wybuch", "materiał": "ryolit", "tektonika": "strefa ryftowa / skorupa kontynentalna (>25 km)", "legenda": "Wulkan", "źródło": "Global Volcanism Program, 2013. Volcanoes of the World, v. 4.11.0. Venzke, E (ed.). Smithsonian Institution. Downloaded 20 Jun 2022. https://doi.org/10.5479/si.GVP.VOTW4-2013" }, "geometry": { "type": "Point", "coordinates": [ 38.085, 6.712 ] } },
{ "type": "Feature", "properties": { "gid": 369, "nazwa": "Oku Volcanic Field", "ostatnia_erupcja": "brak danych", "kraj": "Kamerun", "typ": "stratowulkan", "rodzaj_erupcji": "brak dowodów na wybuch", "materiał": "bazalt / pikryt", "tektonika": "strefa subdukcji / skorupa kontynentalna (>25 km)", "legenda": "Wulkan", "źródło": "Global Volcanism Program, 2013. Volcanoes of the World, v. 4.11.0. Venzke, E (ed.). Smithsonian Institution. Downloaded 20 Jun 2022. https://doi.org/10.5479/si.GVP.VOTW4-2013" }, "geometry": { "type": "Point", "coordinates": [ 10.5, 6.25 ] } },
{ "type": "Feature", "properties": { "gid": 576, "nazwa": "Tafahi", "ostatnia_erupcja": "brak danych", "kraj": "Tonga", "typ": "stratowulkan", "rodzaj_erupcji": "brak dowodów na wybuch", "materiał": "andezyt / andezyt bazaltowy", "tektonika": "strefa subdukcji / skorupa oceaniczna (< 15 km)", "legenda": "Wulkan", "źródło": "Global Volcanism Program, 2013. Volcanoes of the World, v. 4.11.0. Venzke, E (ed.). Smithsonian Institution. Downloaded 20 Jun 2022. https://doi.org/10.5479/si.GVP.VOTW4-2013" }, "geometry": { "type": "Point", "coordinates": [ -173.72, -15.85 ] } },
{ "type": "Feature", "properties": { "gid": 595, "nazwa": "Baluan", "ostatnia_erupcja": "brak danych", "kraj": "Papua - Nowa Gwinea", "typ": "stratowulkan", "rodzaj_erupcji": "brak dowodów na wybuch", "materiał": "bazalt / pikryt", "tektonika": "strefa subdukcji / skorupa kontynentalna (>25 km)", "legenda": "Wulkan", "źródło": "Global Volcanism Program, 2013. Volcanoes of the World, v. 4.11.0. Venzke, E (ed.). Smithsonian Institution. Downloaded 20 Jun 2022. https://doi.org/10.5479/si.GVP.VOTW4-2013" }, "geometry": { "type": "Point", "coordinates": [ 147.28, -2.57 ] } },
{ "type": "Feature", "properties": { "gid": 600, "nazwa": "Boisa", "ostatnia_erupcja": "brak danych", "kraj": "Papua - Nowa Gwinea", "typ": "stratowulkan", "rodzaj_erupcji": "brak dowodów na wybuch", "materiał": "bazalt / pikryt", "tektonika": "strefa subdukcji / skorupa kontynentalna (>25 km)", "legenda": "Wulkan", "źródło": "Global Volcanism Program, 2013. Volcanoes of the World, v. 4.11.0. Venzke, E (ed.). Smithsonian Institution. Downloaded 20 Jun 2022. https://doi.org/10.5479/si.GVP.VOTW4-2013" }, "geometry": { "type": "Point", "coordinates": [ 144.963, -3.994 ] } },
{ "type": "Feature", "properties": { "gid": 607, "nazwa": "Sakar", "ostatnia_erupcja": "brak danych", "kraj": "Papua - Nowa Gwinea", "typ": "stratowulkan", "rodzaj_erupcji": "brak dowodów na wybuch", "materiał": "bazalt / pikryt", "tektonika": "strefa subdukcji / skorupa kontynentalna (>25 km)", "legenda": "Wulkan", "źródło": "Global Volcanism Program, 2013. Volcanoes of the World, v. 4.11.0. Venzke, E (ed.). Smithsonian Institution. Downloaded 20 Jun 2022. https://doi.org/10.5479/si.GVP.VOTW4-2013" }, "geometry": { "type": "Point", "coordinates": [ 148.094, -5.414 ] } },
{ "type": "Feature", "properties": { "gid": 615, "nazwa": "Lolo", "ostatnia_erupcja": "brak danych", "kraj": "Papua - Nowa Gwinea", "typ": "stratowulkan", "rodzaj_erupcji": "brak dowodów na wybuch", "materiał": "andezyt / andezyt bazaltowy", "tektonika": "strefa subdukcji / skorupa kontynentalna (>25 km)", "legenda": "Wulkan", "źródło": "Global Volcanism Program, 2013. Volcanoes of the World, v. 4.11.0. Venzke, E (ed.). Smithsonian Institution. Downloaded 20 Jun 2022. https://doi.org/10.5479/si.GVP.VOTW4-2013" }, "geometry": { "type": "Point", "coordinates": [ 150.509, -5.466 ] } },
{ "type": "Feature", "properties": { "gid": 639, "nazwa": "Baluran", "ostatnia_erupcja": "brak danych", "kraj": "Indonezja", "typ": "stratowulkan", "rodzaj_erupcji": "brak dowodów na wybuch", "materiał": "andezyt / andezyt bazaltowy", "tektonika": "strefa subdukcji / skorupa kontynentalna (>25 km)", "legenda": "Wulkan", "źródło": "Global Volcanism Program, 2013. Volcanoes of the World, v. 4.11.0. Venzke, E (ed.). Smithsonian Institution. Downloaded 20 Jun 2022. https://doi.org/10.5479/si.GVP.VOTW4-2013" }, "geometry": { "type": "Point", "coordinates": [ 114.37, -7.85 ] } },
{ "type": "Feature", "properties": { "gid": 709, "nazwa": "Latukan", "ostatnia_erupcja": "brak danych", "kraj": "Filipiny", "typ": "stratowulkan", "rodzaj_erupcji": "brak dowodów na wybuch", "materiał": "bazalt / pikryt", "tektonika": "strefa subdukcji / skorupa kontynentalna (>25 km)", "legenda": "Wulkan", "źródło": "Global Volcanism Program, 2013. Volcanoes of the World, v. 4.11.0. Venzke, E (ed.). Smithsonian Institution. Downloaded 20 Jun 2022. https://doi.org/10.5479/si.GVP.VOTW4-2013" }, "geometry": { "type": "Point", "coordinates": [ 124.45, 7.65 ] } },
{ "type": "Feature", "properties": { "gid": 711, "nazwa": "Kalatungan", "ostatnia_erupcja": "brak danych", "kraj": "Filipiny", "typ": "stratowulkan", "rodzaj_erupcji": "brak dowodów na wybuch", "materiał": "bazalt / pikryt", "tektonika": "strefa subdukcji / skorupa kontynentalna (>25 km)", "legenda": "Wulkan", "źródło": "Global Volcanism Program, 2013. Volcanoes of the World, v. 4.11.0. Venzke, E (ed.). Smithsonian Institution. Downloaded 20 Jun 2022. https://doi.org/10.5479/si.GVP.VOTW4-2013" }, "geometry": { "type": "Point", "coordinates": [ 124.8, 7.95 ] } },
{ "type": "Feature", "properties": { "gid": 778, "nazwa": "Romanovka", "ostatnia_erupcja": "brak danych", "kraj": "Rosja", "typ": "stratowulkan", "rodzaj_erupcji": "brak dowodów na wybuch", "materiał": "bazalt / pikryt", "tektonika": "strefa subdukcji / skorupa kontynentalna (>25 km)", "legenda": "Wulkan", "źródło": "Global Volcanism Program, 2013. Volcanoes of the World, v. 4.11.0. Venzke, E (ed.). Smithsonian Institution. Downloaded 20 Jun 2022. https://doi.org/10.5479/si.GVP.VOTW4-2013" }, "geometry": { "type": "Point", "coordinates": [ 158.8, 55.65 ] } },
{ "type": "Feature", "properties": { "gid": 875, "nazwa": "Karang", "ostatnia_erupcja": "brak danych", "kraj": "Indonezja", "typ": "stratowulkan", "rodzaj_erupcji": "brak dowodów na wybuch", "materiał": "andezyt / andezyt bazaltowy", "tektonika": "strefa subdukcji / skorupa kontynentalna (>25 km)", "legenda": "Wulkan", "źródło": "Global Volcanism Program, 2013. Volcanoes of the World, v. 4.11.0. Venzke, E (ed.). Smithsonian Institution. Downloaded 20 Jun 2022. https://doi.org/10.5479/si.GVP.VOTW4-2013" }, "geometry": { "type": "Point", "coordinates": [ 106.05, -6.268 ] } },
{ "type": "Feature", "properties": { "gid": 1001, "nazwa": "Nevis Peak", "ostatnia_erupcja": "brak danych", "kraj": "Saint Kitts i Nevis", "typ": "stratowulkan", "rodzaj_erupcji": "brak dowodów na wybuch", "materiał": "andezyt / andezyt bazaltowy", "tektonika": "strefa subdukcji / skorupa oceaniczna (< 15 km)", "legenda": "Wulkan", "źródło": "Global Volcanism Program, 2013. Volcanoes of the World, v. 4.11.0. Venzke, E (ed.). Smithsonian Institution. Downloaded 20 Jun 2022. https://doi.org/10.5479/si.GVP.VOTW4-2013" }, "geometry": { "type": "Point", "coordinates": [ -62.58, 17.15 ] } },
{ "type": "Feature", "properties": { "gid": 1009, "nazwa": "Diablotins, Morne", "ostatnia_erupcja": "brak danych", "kraj": "Dominika", "typ": "stratowulkan", "rodzaj_erupcji": "brak dowodów na wybuch", "materiał": "andezyt / andezyt bazaltowy", "tektonika": "strefa subdukcji / skorupa oceaniczna (< 15 km)", "legenda": "Wulkan", "źródło": "Global Volcanism Program, 2013. Volcanoes of the World, v. 4.11.0. Venzke, E (ed.). Smithsonian Institution. Downloaded 20 Jun 2022. https://doi.org/10.5479/si.GVP.VOTW4-2013" }, "geometry": { "type": "Point", "coordinates": [ -61.397, 15.503 ] } },
{ "type": "Feature", "properties": { "gid": 1010, "nazwa": "Chiliques", "ostatnia_erupcja": "brak danych", "kraj": "Chile", "typ": "stratowulkan", "rodzaj_erupcji": "brak dowodów na wybuch", "materiał": "andezyt / andezyt bazaltowy", "tektonika": "strefa subdukcji / skorupa kontynentalna (>25 km)", "legenda": "Wulkan", "źródło": "Global Volcanism Program, 2013. Volcanoes of the World, v. 4.11.0. Venzke, E (ed.). Smithsonian Institution. Downloaded 20 Jun 2022. https://doi.org/10.5479/si.GVP.VOTW4-2013" }, "geometry": { "type": "Point", "coordinates": [ -67.7, -23.58 ] } },
{ "type": "Feature", "properties": { "gid": 1029, "nazwa": "Hromundartindur", "ostatnia_erupcja": "brak danych", "kraj": "Islandia", "typ": "stratowulkan", "rodzaj_erupcji": "brak dowodów na wybuch", "materiał": "bazalt / pikryt", "tektonika": "strefa ryftowa / skorupa oceaniczna (< 15 km)", "legenda": "Wulkan", "źródło": "Global Volcanism Program, 2013. Volcanoes of the World, v. 4.11.0. Venzke, E (ed.). Smithsonian Institution. Downloaded 20 Jun 2022. https://doi.org/10.5479/si.GVP.VOTW4-2013" }, "geometry": { "type": "Point", "coordinates": [ -21.333, 64.083 ] } },
{ "type": "Feature", "properties": { "gid": 1038, "nazwa": "Tindfjallajokull", "ostatnia_erupcja": "brak danych", "kraj": "Islandia", "typ": "stratowulkan", "rodzaj_erupcji": "brak dowodów na wybuch", "materiał": "bazalt / pikryt", "tektonika": "strefa ryftowa / skorupa oceaniczna (< 15 km)", "legenda": "Wulkan", "źródło": "Global Volcanism Program, 2013. Volcanoes of the World, v. 4.11.0. Venzke, E (ed.). Smithsonian Institution. Downloaded 20 Jun 2022. https://doi.org/10.5479/si.GVP.VOTW4-2013" }, "geometry": { "type": "Point", "coordinates": [ -19.716, 63.783 ] } },
{ "type": "Feature", "properties": { "gid": 1084, "nazwa": "Young Island", "ostatnia_erupcja": "brak danych", "kraj": "Antarktyda", "typ": "stratowulkan", "rodzaj_erupcji": "brak dowodów na wybuch", "materiał": "tefryt / trachybazalt", "tektonika": "strefa ryftowa / skorupa oceaniczna (< 15 km)", "legenda": "Wulkan", "źródło": "Global Volcanism Program, 2013. Volcanoes of the World, v. 4.11.0. Venzke, E (ed.). Smithsonian Institution. Downloaded 20 Jun 2022. https://doi.org/10.5479/si.GVP.VOTW4-2013" }, "geometry": { "type": "Point", "coordinates": [ 162.47, -66.42 ] } },
{ "type": "Feature", "properties": { "gid": 1085, "nazwa": "Sturge Island", "ostatnia_erupcja": "brak danych", "kraj": "Antarktyda", "typ": "stratowulkan", "rodzaj_erupcji": "brak dowodów na wybuch", "materiał": "tefryt / trachybazalt", "tektonika": "strefa ryftowa / skorupa oceaniczna (< 15 km)", "legenda": "Wulkan", "źródło": "Global Volcanism Program, 2013. Volcanoes of the World, v. 4.11.0. Venzke, E (ed.). Smithsonian Institution. Downloaded 20 Jun 2022. https://doi.org/10.5479/si.GVP.VOTW4-2013" }, "geometry": { "type": "Point", "coordinates": [ 164.83, -67.4 ] } },
{ "type": "Feature", "properties": { "gid": 1102, "nazwa": "Bridgeman Island", "ostatnia_erupcja": "brak danych", "kraj": "Antarktyda", "typ": "stratowulkan", "rodzaj_erupcji": "brak dowodów na wybuch", "materiał": "andezyt / andezyt bazaltowy", "tektonika": "strefa subdukcji / skorupa kontynentalna (>25 km)", "legenda": "Wulkan", "źródło": "Global Volcanism Program, 2013. Volcanoes of the World, v. 4.11.0. Venzke, E (ed.). Smithsonian Institution. Downloaded 20 Jun 2022. https://doi.org/10.5479/si.GVP.VOTW4-2013" }, "geometry": { "type": "Point", "coordinates": [ -56.717, -62.061 ] } },
{ "type": "Feature", "properties": { "gid": 1115, "nazwa": "Melville", "ostatnia_erupcja": "brak danych", "kraj": "Antarktyda", "typ": "stratowulkan", "rodzaj_erupcji": "brak dowodów na wybuch", "materiał": "-", "tektonika": "strefa subdukcji / skorupa kontynentalna (>25 km)", "legenda": "Wulkan", "źródło": "Global Volcanism Program, 2013. Volcanoes of the World, v. 4.11.0. Venzke, E (ed.). Smithsonian Institution. Downloaded 20 Jun 2022. https://doi.org/10.5479/si.GVP.VOTW4-2013" }, "geometry": { "type": "Point", "coordinates": [ -57.67, -62.02 ] } },
{ "type": "Feature", "properties": { "gid": 1126, "nazwa": "Ciguatepe, Cerro el", "ostatnia_erupcja": "brak danych", "kraj": "Nikaragua", "typ": "stratowulkan", "rodzaj_erupcji": "brak dowodów na wybuch", "materiał": "bazalt / pikryt", "tektonika": "strefa subdukcji / skorupa kontynentalna (>25 km)", "legenda": "Wulkan", "źródło": "Global Volcanism Program, 2013. Volcanoes of the World, v. 4.11.0. Venzke, E (ed.). Smithsonian Institution. Downloaded 20 Jun 2022. https://doi.org/10.5479/si.GVP.VOTW4-2013" }, "geometry": { "type": "Point", "coordinates": [ -86.142, 12.53 ] } },
{ "type": "Feature", "properties": { "gid": 1129, "nazwa": "Orosi", "ostatnia_erupcja": "brak danych", "kraj": "Kostaryka", "typ": "stratowulkan", "rodzaj_erupcji": "brak dowodów na wybuch", "materiał": "andezyt / andezyt bazaltowy", "tektonika": "strefa subdukcji / skorupa kontynentalna (>25 km)", "legenda": "Wulkan", "źródło": "Global Volcanism Program, 2013. Volcanoes of the World, v. 4.11.0. Venzke, E (ed.). Smithsonian Institution. Downloaded 20 Jun 2022. https://doi.org/10.5479/si.GVP.VOTW4-2013" }, "geometry": { "type": "Point", "coordinates": [ -85.473, 10.98 ] } },
{ "type": "Feature", "properties": { "gid": 1140, "nazwa": "Valle, El", "ostatnia_erupcja": "brak danych", "kraj": "Panama", "typ": "stratowulkan", "rodzaj_erupcji": "brak dowodów na wybuch", "materiał": "dacyt", "tektonika": "strefa subdukcji / skorupa kontynentalna (>25 km)", "legenda": "Wulkan", "źródło": "Global Volcanism Program, 2013. Volcanoes of the World, v. 4.11.0. Venzke, E (ed.). Smithsonian Institution. Downloaded 20 Jun 2022. https://doi.org/10.5479/si.GVP.VOTW4-2013" }, "geometry": { "type": "Point", "coordinates": [ -80.17, 8.58 ] } },
{ "type": "Feature", "properties": { "gid": 1160, "nazwa": "Mojanda", "ostatnia_erupcja": "brak danych", "kraj": "Ekwador", "typ": "stratowulkan", "rodzaj_erupcji": "brak dowodów na wybuch", "materiał": "andezyt / andezyt bazaltowy", "tektonika": "strefa subdukcji / skorupa kontynentalna (>25 km)", "legenda": "Wulkan", "źródło": "Global Volcanism Program, 2013. Volcanoes of the World, v. 4.11.0. Venzke, E (ed.). Smithsonian Institution. Downloaded 20 Jun 2022. https://doi.org/10.5479/si.GVP.VOTW4-2013" }, "geometry": { "type": "Point", "coordinates": [ -78.27, 0.13 ] } },
{ "type": "Feature", "properties": { "gid": 1197, "nazwa": "Chachani, Nevado", "ostatnia_erupcja": "brak danych", "kraj": "Peru", "typ": "stratowulkan", "rodzaj_erupcji": "brak dowodów na wybuch", "materiał": "andezyt / andezyt bazaltowy", "tektonika": "strefa subdukcji / skorupa kontynentalna (>25 km)", "legenda": "Wulkan", "źródło": "Global Volcanism Program, 2013. Volcanoes of the World, v. 4.11.0. Venzke, E (ed.). Smithsonian Institution. Downloaded 20 Jun 2022. https://doi.org/10.5479/si.GVP.VOTW4-2013" }, "geometry": { "type": "Point", "coordinates": [ -71.53, -16.191 ] } },
{ "type": "Feature", "properties": { "gid": 1218, "nazwa": "Azufre, Cerro del", "ostatnia_erupcja": "brak danych", "kraj": "Chile", "typ": "stratowulkan", "rodzaj_erupcji": "brak dowodów na wybuch", "materiał": "andezyt / andezyt bazaltowy", "tektonika": "strefa subdukcji / skorupa kontynentalna (>25 km)", "legenda": "Wulkan", "źródło": "Global Volcanism Program, 2013. Volcanoes of the World, v. 4.11.0. Venzke, E (ed.). Smithsonian Institution. Downloaded 20 Jun 2022. https://doi.org/10.5479/si.GVP.VOTW4-2013" }, "geometry": { "type": "Point", "coordinates": [ -68.237, -21.787 ] } },
{ "type": "Feature", "properties": { "gid": 1377, "nazwa": "Domuyo", "ostatnia_erupcja": "brak danych", "kraj": "Argentyna", "typ": "stratowulkan", "rodzaj_erupcji": "brak dowodów na wybuch", "materiał": "dacyt", "tektonika": "strefa subdukcji / skorupa kontynentalna (>25 km)", "legenda": "Wulkan", "źródło": "Global Volcanism Program, 2013. Volcanoes of the World, v. 4.11.0. Venzke, E (ed.). Smithsonian Institution. Downloaded 20 Jun 2022. https://doi.org/10.5479/si.GVP.VOTW4-2013" }, "geometry": { "type": "Point", "coordinates": [ -70.432, -36.638 ] } },
{ "type": "Feature", "properties": { "gid": 1403, "nazwa": "Tronador", "ostatnia_erupcja": "brak danych", "kraj": "Chile - Argentyna", "typ": "stratowulkan", "rodzaj_erupcji": "brak dowodów na wybuch", "materiał": "andezyt / andezyt bazaltowy", "tektonika": "strefa subdukcji / skorupa kontynentalna (>25 km)", "legenda": "Wulkan", "źródło": "Global Volcanism Program, 2013. Volcanoes of the World, v. 4.11.0. Venzke, E (ed.). Smithsonian Institution. Downloaded 20 Jun 2022. https://doi.org/10.5479/si.GVP.VOTW4-2013" }, "geometry": { "type": "Point", "coordinates": [ -71.885, -41.157 ] } },
{ "type": "Feature", "properties": { "gid": 1295, "nazwa": "Jumaytepeque", "ostatnia_erupcja": "brak danych", "kraj": "Gwatemala", "typ": "stratowulkan", "rodzaj_erupcji": "brak dowodów na wybuch", "materiał": "bazalt / pikryt", "tektonika": "strefa subdukcji / skorupa kontynentalna (>25 km)", "legenda": "Wulkan", "źródło": "Global Volcanism Program, 2013. Volcanoes of the World, v. 4.11.0. Venzke, E (ed.). Smithsonian Institution. Downloaded 20 Jun 2022. https://doi.org/10.5479/si.GVP.VOTW4-2013" }, "geometry": { "type": "Point", "coordinates": [ -90.269, 14.336 ] } },
{ "type": "Feature", "properties": { "gid": 900, "nazwa": "Kawi-Butak", "ostatnia_erupcja": "brak danych", "kraj": "Indonezja", "typ": "stratowulkan", "rodzaj_erupcji": "nieznana data wybuchu", "materiał": "-", "tektonika": "strefa subdukcji / skorupa kontynentalna (>25 km)", "legenda": "Wulkan", "źródło": "Global Volcanism Program, 2013. Volcanoes of the World, v. 4.11.0. Venzke, E (ed.). Smithsonian Institution. Downloaded 20 Jun 2022. https://doi.org/10.5479/si.GVP.VOTW4-2013" }, "geometry": { "type": "Point", "coordinates": [ 112.45, -7.92 ] } },
{ "type": "Feature", "properties": { "gid": 1419, "nazwa": "Cay", "ostatnia_erupcja": "brak danych", "kraj": "Chile", "typ": "stratowulkan", "rodzaj_erupcji": "brak dowodów na wybuch", "materiał": "andezyt / andezyt bazaltowy", "tektonika": "strefa subdukcji / skorupa kontynentalna (>25 km)", "legenda": "Wulkan", "źródło": "Global Volcanism Program, 2013. Volcanoes of the World, v. 4.11.0. Venzke, E (ed.). Smithsonian Institution. Downloaded 20 Jun 2022. https://doi.org/10.5479/si.GVP.VOTW4-2013" }, "geometry": { "type": "Point", "coordinates": [ -72.984, -45.059 ] } },
{ "type": "Feature", "properties": { "gid": 1350, "nazwa": "Tuzgle", "ostatnia_erupcja": "brak danych", "kraj": "Argentyna", "typ": "stratowulkan", "rodzaj_erupcji": "brak dowodów na wybuch", "materiał": "dacyt", "tektonika": "strefa subdukcji / skorupa kontynentalna (>25 km)", "legenda": "Wulkan", "źródło": "Global Volcanism Program, 2013. Volcanoes of the World, v. 4.11.0. Venzke, E (ed.). Smithsonian Institution. Downloaded 20 Jun 2022. https://doi.org/10.5479/si.GVP.VOTW4-2013" }, "geometry": { "type": "Point", "coordinates": [ -66.48, -24.05 ] } },
{ "type": "Feature", "properties": { "gid": 1364, "nazwa": "Risco Plateado", "ostatnia_erupcja": "brak danych", "kraj": "Argentyna", "typ": "stratowulkan", "rodzaj_erupcji": "brak dowodów na wybuch", "materiał": "andezyt / andezyt bazaltowy", "tektonika": "strefa subdukcji / skorupa kontynentalna (>25 km)", "legenda": "Wulkan", "źródło": "Global Volcanism Program, 2013. Volcanoes of the World, v. 4.11.0. Venzke, E (ed.). Smithsonian Institution. Downloaded 20 Jun 2022. https://doi.org/10.5479/si.GVP.VOTW4-2013" }, "geometry": { "type": "Point", "coordinates": [ -69.981, -34.917 ] } },
{ "type": "Feature", "properties": { "gid": 80, "nazwa": "Gabillema", "ostatnia_erupcja": "brak danych", "kraj": "Etiopia", "typ": "stratowulkan", "rodzaj_erupcji": "nieznana data wybuchu", "materiał": "ryolit", "tektonika": "strefa ryftowa / skorupa pośrednia (15-25 km)", "legenda": "Wulkan", "źródło": "Global Volcanism Program, 2013. Volcanoes of the World, v. 4.11.0. Venzke, E (ed.). Smithsonian Institution. Downloaded 20 Jun 2022. https://doi.org/10.5479/si.GVP.VOTW4-2013" }, "geometry": { "type": "Point", "coordinates": [ 41.27, 11.08 ] } },
{ "type": "Feature", "properties": { "gid": 417, "nazwa": "Belenkaya", "ostatnia_erupcja": "brak danych", "kraj": "Rosja", "typ": "stratowulkan", "rodzaj_erupcji": "nieznana data wybuchu", "materiał": "bazalt / pikryt", "tektonika": "strefa subdukcji / skorupa kontynentalna (>25 km)", "legenda": "Wulkan", "źródło": "Global Volcanism Program, 2013. Volcanoes of the World, v. 4.11.0. Venzke, E (ed.). Smithsonian Institution. Downloaded 20 Jun 2022. https://doi.org/10.5479/si.GVP.VOTW4-2013" }, "geometry": { "type": "Point", "coordinates": [ 157.27, 51.75 ] } },
{ "type": "Feature", "properties": { "gid": 427, "nazwa": "Piratkovsky", "ostatnia_erupcja": "brak danych", "kraj": "Rosja", "typ": "stratowulkan", "rodzaj_erupcji": "nieznana data wybuchu", "materiał": "-", "tektonika": "strefa subdukcji / skorupa kontynentalna (>25 km)", "legenda": "Wulkan", "źródło": "Global Volcanism Program, 2013. Volcanoes of the World, v. 4.11.0. Venzke, E (ed.). Smithsonian Institution. Downloaded 20 Jun 2022. https://doi.org/10.5479/si.GVP.VOTW4-2013" }, "geometry": { "type": "Point", "coordinates": [ 157.849, 52.113 ] } },
{ "type": "Feature", "properties": { "gid": 38, "nazwa": "Aragats", "ostatnia_erupcja": "brak danych", "kraj": "Armenia", "typ": "stratowulkan", "rodzaj_erupcji": "nieznana data wybuchu", "materiał": "andezyt / andezyt bazaltowy", "tektonika": "strefa subdukcji / skorupa kontynentalna (>25 km)", "legenda": "Wulkan", "źródło": "Global Volcanism Program, 2013. Volcanoes of the World, v. 4.11.0. Venzke, E (ed.). Smithsonian Institution. Downloaded 20 Jun 2022. https://doi.org/10.5479/si.GVP.VOTW4-2013" }, "geometry": { "type": "Point", "coordinates": [ 44.2, 40.53 ] } },
{ "type": "Feature", "properties": { "gid": 55, "nazwa": "Ale Bagu", "ostatnia_erupcja": "brak danych", "kraj": "Etiopia", "typ": "stratowulkan", "rodzaj_erupcji": "nieznana data wybuchu", "materiał": "bazalt / pikryt", "tektonika": "strefa ryftowa / skorupa pośrednia (15-25 km)", "legenda": "Wulkan", "źródło": "Global Volcanism Program, 2013. Volcanoes of the World, v. 4.11.0. Venzke, E (ed.). Smithsonian Institution. Downloaded 20 Jun 2022. https://doi.org/10.5479/si.GVP.VOTW4-2013" }, "geometry": { "type": "Point", "coordinates": [ 40.631, 13.512 ] } },
{ "type": "Feature", "properties": { "gid": 64, "nazwa": "Borawli", "ostatnia_erupcja": "brak danych", "kraj": "Etiopia", "typ": "stratowulkan", "rodzaj_erupcji": "nieznana data wybuchu", "materiał": "bazalt / pikryt", "tektonika": "strefa ryftowa / skorupa pośrednia (15-25 km)", "legenda": "Wulkan", "źródło": "Global Volcanism Program, 2013. Volcanoes of the World, v. 4.11.0. Venzke, E (ed.). Smithsonian Institution. Downloaded 20 Jun 2022. https://doi.org/10.5479/si.GVP.VOTW4-2013" }, "geometry": { "type": "Point", "coordinates": [ 40.987, 13.304 ] } },
{ "type": "Feature", "properties": { "gid": 66, "nazwa": "Ma Alalta", "ostatnia_erupcja": "brak danych", "kraj": "Etiopia", "typ": "stratowulkan", "rodzaj_erupcji": "nieznana data wybuchu", "materiał": "ryolit", "tektonika": "strefa ryftowa / skorupa pośrednia (15-25 km)", "legenda": "Wulkan", "źródło": "Global Volcanism Program, 2013. Volcanoes of the World, v. 4.11.0. Venzke, E (ed.). Smithsonian Institution. Downloaded 20 Jun 2022. https://doi.org/10.5479/si.GVP.VOTW4-2013" }, "geometry": { "type": "Point", "coordinates": [ 40.185, 13.013 ] } },
{ "type": "Feature", "properties": { "gid": 445, "nazwa": "Amsterdam Island", "ostatnia_erupcja": "brak danych", "kraj": "Francja", "typ": "stratowulkan", "rodzaj_erupcji": "nieznana data wybuchu", "materiał": "bazalt / pikryt", "tektonika": "strefa ryftowa / skorupa oceaniczna (< 15 km)", "legenda": "Wulkan", "źródło": "Global Volcanism Program, 2013. Volcanoes of the World, v. 4.11.0. Venzke, E (ed.). Smithsonian Institution. Downloaded 20 Jun 2022. https://doi.org/10.5479/si.GVP.VOTW4-2013" }, "geometry": { "type": "Point", "coordinates": [ 77.52, -37.83 ] } },
{ "type": "Feature", "properties": { "gid": 459, "nazwa": "Segula", "ostatnia_erupcja": "brak danych", "kraj": "Stany Zjednoczone", "typ": "stratowulkan", "rodzaj_erupcji": "nieznana data wybuchu", "materiał": "andezyt / andezyt bazaltowy", "tektonika": "strefa subdukcji / skorupa oceaniczna (< 15 km)", "legenda": "Wulkan", "źródło": "Global Volcanism Program, 2013. Volcanoes of the World, v. 4.11.0. Venzke, E (ed.). Smithsonian Institution. Downloaded 20 Jun 2022. https://doi.org/10.5479/si.GVP.VOTW4-2013" }, "geometry": { "type": "Point", "coordinates": [ 178.136, 52.015 ] } },
{ "type": "Feature", "properties": { "gid": 476, "nazwa": "Chagulak", "ostatnia_erupcja": "brak danych", "kraj": "Stany Zjednoczone", "typ": "stratowulkan", "rodzaj_erupcji": "nieznana data wybuchu", "materiał": "andezyt / andezyt bazaltowy", "tektonika": "strefa subdukcji / skorupa oceaniczna (< 15 km)", "legenda": "Wulkan", "źródło": "Global Volcanism Program, 2013. Volcanoes of the World, v. 4.11.0. Venzke, E (ed.). Smithsonian Institution. Downloaded 20 Jun 2022. https://doi.org/10.5479/si.GVP.VOTW4-2013" }, "geometry": { "type": "Point", "coordinates": [ -171.13, 52.577 ] } },
{ "type": "Feature", "properties": { "gid": 481, "nazwa": "Tana", "ostatnia_erupcja": "brak danych", "kraj": "Stany Zjednoczone", "typ": "stratowulkan", "rodzaj_erupcji": "nieznana data wybuchu", "materiał": "ryolit", "tektonika": "strefa subdukcji / skorupa oceaniczna (< 15 km)", "legenda": "Wulkan", "źródło": "Global Volcanism Program, 2013. Volcanoes of the World, v. 4.11.0. Venzke, E (ed.). Smithsonian Institution. Downloaded 20 Jun 2022. https://doi.org/10.5479/si.GVP.VOTW4-2013" }, "geometry": { "type": "Point", "coordinates": [ -169.77, 52.83 ] } },
{ "type": "Feature", "properties": { "gid": 482, "nazwa": "Uliaga", "ostatnia_erupcja": "brak danych", "kraj": "Stany Zjednoczone", "typ": "stratowulkan", "rodzaj_erupcji": "nieznana data wybuchu", "materiał": "-", "tektonika": "strefa subdukcji / skorupa oceaniczna (< 15 km)", "legenda": "Wulkan", "źródło": "Global Volcanism Program, 2013. Volcanoes of the World, v. 4.11.0. Venzke, E (ed.). Smithsonian Institution. Downloaded 20 Jun 2022. https://doi.org/10.5479/si.GVP.VOTW4-2013" }, "geometry": { "type": "Point", "coordinates": [ -169.77, 53.065 ] } },
{ "type": "Feature", "properties": { "gid": 485, "nazwa": "Recheschnoi", "ostatnia_erupcja": "brak danych", "kraj": "Stany Zjednoczone", "typ": "stratowulkan", "rodzaj_erupcji": "nieznana data wybuchu", "materiał": "andezyt / andezyt bazaltowy", "tektonika": "strefa subdukcji / skorupa oceaniczna (< 15 km)", "legenda": "Wulkan", "źródło": "Global Volcanism Program, 2013. Volcanoes of the World, v. 4.11.0. Venzke, E (ed.). Smithsonian Institution. Downloaded 20 Jun 2022. https://doi.org/10.5479/si.GVP.VOTW4-2013" }, "geometry": { "type": "Point", "coordinates": [ -168.539, 53.157 ] } },
{ "type": "Feature", "properties": { "gid": 496, "nazwa": "Frosty", "ostatnia_erupcja": "brak danych", "kraj": "Stany Zjednoczone", "typ": "stratowulkan", "rodzaj_erupcji": "nieznana data wybuchu", "materiał": "andezyt / andezyt bazaltowy", "tektonika": "strefa subdukcji / skorupa kontynentalna (>25 km)", "legenda": "Wulkan", "źródło": "Global Volcanism Program, 2013. Volcanoes of the World, v. 4.11.0. Venzke, E (ed.). Smithsonian Institution. Downloaded 20 Jun 2022. https://doi.org/10.5479/si.GVP.VOTW4-2013" }, "geometry": { "type": "Point", "coordinates": [ -162.835, 55.067 ] } },
{ "type": "Feature", "properties": { "gid": 497, "nazwa": "Dutton", "ostatnia_erupcja": "brak danych", "kraj": "Stany Zjednoczone", "typ": "stratowulkan", "rodzaj_erupcji": "nieznana data wybuchu", "materiał": "andezyt / andezyt bazaltowy", "tektonika": "strefa subdukcji / skorupa kontynentalna (>25 km)", "legenda": "Wulkan", "źródło": "Global Volcanism Program, 2013. Volcanoes of the World, v. 4.11.0. Venzke, E (ed.). Smithsonian Institution. Downloaded 20 Jun 2022. https://doi.org/10.5479/si.GVP.VOTW4-2013" }, "geometry": { "type": "Point", "coordinates": [ -162.276, 55.183 ] } },
{ "type": "Feature", "properties": { "gid": 500, "nazwa": "Pavlof Sister", "ostatnia_erupcja": "brak danych", "kraj": "Stany Zjednoczone", "typ": "stratowulkan", "rodzaj_erupcji": "nieznana data wybuchu", "materiał": "bazalt / pikryt", "tektonika": "strefa subdukcji / skorupa kontynentalna (>25 km)", "legenda": "Wulkan", "źródło": "Global Volcanism Program, 2013. Volcanoes of the World, v. 4.11.0. Venzke, E (ed.). Smithsonian Institution. Downloaded 20 Jun 2022. https://doi.org/10.5479/si.GVP.VOTW4-2013" }, "geometry": { "type": "Point", "coordinates": [ -161.854, 55.457 ] } },
{ "type": "Feature", "properties": { "gid": 71, "nazwa": "Groppo", "ostatnia_erupcja": "brak danych", "kraj": "Etiopia", "typ": "stratowulkan", "rodzaj_erupcji": "nieznana data wybuchu", "materiał": "ryolit", "tektonika": "strefa ryftowa / skorupa pośrednia (15-25 km)", "legenda": "Wulkan", "źródło": "Global Volcanism Program, 2013. Volcanoes of the World, v. 4.11.0. Venzke, E (ed.). Smithsonian Institution. Downloaded 20 Jun 2022. https://doi.org/10.5479/si.GVP.VOTW4-2013" }, "geometry": { "type": "Point", "coordinates": [ 40.242, 11.816 ] } },
{ "type": "Feature", "properties": { "gid": 74, "nazwa": "Mousa Alli", "ostatnia_erupcja": "brak danych", "kraj": "Etiopia - Erytrea - Dżibuti", "typ": "stratowulkan", "rodzaj_erupcji": "nieznana data wybuchu", "materiał": "ryolit", "tektonika": "strefa ryftowa / skorupa pośrednia (15-25 km)", "legenda": "Wulkan", "źródło": "Global Volcanism Program, 2013. Volcanoes of the World, v. 4.11.0. Venzke, E (ed.). Smithsonian Institution. Downloaded 20 Jun 2022. https://doi.org/10.5479/si.GVP.VOTW4-2013" }, "geometry": { "type": "Point", "coordinates": [ 42.404, 12.469 ] } },
{ "type": "Feature", "properties": { "gid": 504, "nazwa": "Stepovak Bay 4", "ostatnia_erupcja": "brak danych", "kraj": "Stany Zjednoczone", "typ": "stratowulkan", "rodzaj_erupcji": "nieznana data wybuchu", "materiał": "-", "tektonika": "strefa subdukcji / skorupa kontynentalna (>25 km)", "legenda": "Wulkan", "źródło": "Global Volcanism Program, 2013. Volcanoes of the World, v. 4.11.0. Venzke, E (ed.). Smithsonian Institution. Downloaded 20 Jun 2022. https://doi.org/10.5479/si.GVP.VOTW4-2013" }, "geometry": { "type": "Point", "coordinates": [ -159.954, 55.954 ] } },
{ "type": "Feature", "properties": { "gid": 511, "nazwa": "Kialagvik", "ostatnia_erupcja": "brak danych", "kraj": "Stany Zjednoczone", "typ": "stratowulkan", "rodzaj_erupcji": "nieznana data wybuchu", "materiał": "andezyt / andezyt bazaltowy", "tektonika": "strefa subdukcji / skorupa kontynentalna (>25 km)", "legenda": "Wulkan", "źródło": "Global Volcanism Program, 2013. Volcanoes of the World, v. 4.11.0. Venzke, E (ed.). Smithsonian Institution. Downloaded 20 Jun 2022. https://doi.org/10.5479/si.GVP.VOTW4-2013" }, "geometry": { "type": "Point", "coordinates": [ -156.745, 57.203 ] } },
{ "type": "Feature", "properties": { "gid": 525, "nazwa": "Golaya", "ostatnia_erupcja": "brak danych", "kraj": "Rosja", "typ": "stratowulkan", "rodzaj_erupcji": "nieznana data wybuchu", "materiał": "bazalt / pikryt", "tektonika": "strefa subdukcji / skorupa kontynentalna (>25 km)", "legenda": "Wulkan", "źródło": "Global Volcanism Program, 2013. Volcanoes of the World, v. 4.11.0. Venzke, E (ed.). Smithsonian Institution. Downloaded 20 Jun 2022. https://doi.org/10.5479/si.GVP.VOTW4-2013" }, "geometry": { "type": "Point", "coordinates": [ 157.787, 52.263 ] } },
{ "type": "Feature", "properties": { "gid": 531, "nazwa": "Possession, Ile de la", "ostatnia_erupcja": "brak danych", "kraj": "Francja", "typ": "stratowulkan", "rodzaj_erupcji": "nieznana data wybuchu", "materiał": "bazalt / pikryt", "tektonika": "strefa ryftowa / skorupa oceaniczna (< 15 km)", "legenda": "Wulkan", "źródło": "Global Volcanism Program, 2013. Volcanoes of the World, v. 4.11.0. Venzke, E (ed.). Smithsonian Institution. Downloaded 20 Jun 2022. https://doi.org/10.5479/si.GVP.VOTW4-2013" }, "geometry": { "type": "Point", "coordinates": [ 51.75, -46.42 ] } },
{ "type": "Feature", "properties": { "gid": 82, "nazwa": "Ayelu", "ostatnia_erupcja": "brak danych", "kraj": "Etiopia", "typ": "stratowulkan", "rodzaj_erupcji": "nieznana data wybuchu", "materiał": "ryolit", "tektonika": "strefa ryftowa / skorupa pośrednia (15-25 km)", "legenda": "Wulkan", "źródło": "Global Volcanism Program, 2013. Volcanoes of the World, v. 4.11.0. Venzke, E (ed.). Smithsonian Institution. Downloaded 20 Jun 2022. https://doi.org/10.5479/si.GVP.VOTW4-2013" }, "geometry": { "type": "Point", "coordinates": [ 40.702, 10.082 ] } },
{ "type": "Feature", "properties": { "gid": 83, "nazwa": "Adwa", "ostatnia_erupcja": "brak danych", "kraj": "Etiopia", "typ": "stratowulkan", "rodzaj_erupcji": "nieznana data wybuchu", "materiał": "ryolit", "tektonika": "strefa ryftowa / skorupa pośrednia (15-25 km)", "legenda": "Wulkan", "źródło": "Global Volcanism Program, 2013. Volcanoes of the World, v. 4.11.0. Venzke, E (ed.). Smithsonian Institution. Downloaded 20 Jun 2022. https://doi.org/10.5479/si.GVP.VOTW4-2013" }, "geometry": { "type": "Point", "coordinates": [ 40.84, 10.07 ] } },
{ "type": "Feature", "properties": { "gid": 532, "nazwa": "Cochons, Ile aux", "ostatnia_erupcja": "brak danych", "kraj": "Francja", "typ": "stratowulkan", "rodzaj_erupcji": "nieznana data wybuchu", "materiał": "bazalt / pikryt", "tektonika": "strefa ryftowa / skorupa oceaniczna (< 15 km)", "legenda": "Wulkan", "źródło": "Global Volcanism Program, 2013. Volcanoes of the World, v. 4.11.0. Venzke, E (ed.). Smithsonian Institution. Downloaded 20 Jun 2022. https://doi.org/10.5479/si.GVP.VOTW4-2013" }, "geometry": { "type": "Point", "coordinates": [ 50.23, -46.1 ] } },
{ "type": "Feature", "properties": { "gid": 90, "nazwa": "Boset-Bericha", "ostatnia_erupcja": "brak danych", "kraj": "Etiopia", "typ": "stratowulkan", "rodzaj_erupcji": "nieznana data wybuchu", "materiał": "ryolit", "tektonika": "strefa ryftowa / skorupa kontynentalna (>25 km)", "legenda": "Wulkan", "źródło": "Global Volcanism Program, 2013. Volcanoes of the World, v. 4.11.0. Venzke, E (ed.). Smithsonian Institution. Downloaded 20 Jun 2022. https://doi.org/10.5479/si.GVP.VOTW4-2013" }, "geometry": { "type": "Point", "coordinates": [ 39.475, 8.558 ] } },
{ "type": "Feature", "properties": { "gid": 110, "nazwa": "Mashkovtsev", "ostatnia_erupcja": "brak danych", "kraj": "Rosja", "typ": "stratowulkan", "rodzaj_erupcji": "nieznana data wybuchu", "materiał": "bazalt / pikryt", "tektonika": "strefa subdukcji / skorupa kontynentalna (>25 km)", "legenda": "Wulkan", "źródło": "Global Volcanism Program, 2013. Volcanoes of the World, v. 4.11.0. Venzke, E (ed.). Smithsonian Institution. Downloaded 20 Jun 2022. https://doi.org/10.5479/si.GVP.VOTW4-2013" }, "geometry": { "type": "Point", "coordinates": [ 156.72, 51.1 ] } },
{ "type": "Feature", "properties": { "gid": 241, "nazwa": "Sarigan", "ostatnia_erupcja": "brak danych", "kraj": "Stany Zjednoczone", "typ": "stratowulkan", "rodzaj_erupcji": "nieznana data wybuchu", "materiał": "andezyt / andezyt bazaltowy", "tektonika": "strefa subdukcji / grubość skorupy nieznana", "legenda": "Wulkan", "źródło": "Global Volcanism Program, 2013. Volcanoes of the World, v. 4.11.0. Venzke, E (ed.). Smithsonian Institution. Downloaded 20 Jun 2022. https://doi.org/10.5479/si.GVP.VOTW4-2013" }, "geometry": { "type": "Point", "coordinates": [ 145.78, 16.708 ] } },
{ "type": "Feature", "properties": { "gid": 271, "nazwa": "Ruruidake [Smirnov]", "ostatnia_erupcja": "brak danych", "kraj": "Japonia", "typ": "stratowulkan", "rodzaj_erupcji": "nieznana data wybuchu", "materiał": "andezyt / andezyt bazaltowy", "tektonika": "strefa subdukcji / skorupa oceaniczna (< 15 km)", "legenda": "Wulkan", "źródło": "Global Volcanism Program, 2013. Volcanoes of the World, v. 4.11.0. Venzke, E (ed.). Smithsonian Institution. Downloaded 20 Jun 2022. https://doi.org/10.5479/si.GVP.VOTW4-2013" }, "geometry": { "type": "Point", "coordinates": [ 146.139, 44.454 ] } },
{ "type": "Feature", "properties": { "gid": 273, "nazwa": "Berutarubesan [Berutarube]", "ostatnia_erupcja": "brak danych", "kraj": "Japonia", "typ": "stratowulkan", "rodzaj_erupcji": "nieznana data wybuchu", "materiał": "andezyt / andezyt bazaltowy", "tektonika": "strefa subdukcji / skorupa oceaniczna (< 15 km)", "legenda": "Wulkan", "źródło": "Global Volcanism Program, 2013. Volcanoes of the World, v. 4.11.0. Venzke, E (ed.). Smithsonian Institution. Downloaded 20 Jun 2022. https://doi.org/10.5479/si.GVP.VOTW4-2013" }, "geometry": { "type": "Point", "coordinates": [ 146.932, 44.462 ] } },
{ "type": "Feature", "properties": { "gid": 276, "nazwa": "Nishihitokappuyama [Bogatyr Ridge]", "ostatnia_erupcja": "brak danych", "kraj": "Japonia", "typ": "stratowulkan", "rodzaj_erupcji": "nieznana data wybuchu", "materiał": "andezyt / andezyt bazaltowy", "tektonika": "strefa subdukcji / skorupa oceaniczna (< 15 km)", "legenda": "Wulkan", "źródło": "Global Volcanism Program, 2013. Volcanoes of the World, v. 4.11.0. Venzke, E (ed.). Smithsonian Institution. Downloaded 20 Jun 2022. https://doi.org/10.5479/si.GVP.VOTW4-2013" }, "geometry": { "type": "Point", "coordinates": [ 147.342, 44.833 ] } },
{ "type": "Feature", "properties": { "gid": 284, "nazwa": "Rakkibetsudake [Demon]", "ostatnia_erupcja": "brak danych", "kraj": "Japonia", "typ": "stratowulkan", "rodzaj_erupcji": "nieznana data wybuchu", "materiał": "-", "tektonika": "strefa subdukcji / skorupa oceaniczna (< 15 km)", "legenda": "Wulkan", "źródło": "Global Volcanism Program, 2013. Volcanoes of the World, v. 4.11.0. Venzke, E (ed.). Smithsonian Institution. Downloaded 20 Jun 2022. https://doi.org/10.5479/si.GVP.VOTW4-2013" }, "geometry": { "type": "Point", "coordinates": [ 148.85, 45.5 ] } },
{ "type": "Feature", "properties": { "gid": 294, "nazwa": "Uratman", "ostatnia_erupcja": "brak danych", "kraj": "Rosja", "typ": "stratowulkan", "rodzaj_erupcji": "nieznana data wybuchu", "materiał": "andezyt / andezyt bazaltowy", "tektonika": "strefa subdukcji / skorupa oceaniczna (< 15 km)", "legenda": "Wulkan", "źródło": "Global Volcanism Program, 2013. Volcanoes of the World, v. 4.11.0. Venzke, E (ed.). Smithsonian Institution. Downloaded 20 Jun 2022. https://doi.org/10.5479/si.GVP.VOTW4-2013" }, "geometry": { "type": "Point", "coordinates": [ 152.250000000000114, 47.12 ] } },
{ "type": "Feature", "properties": { "gid": 307, "nazwa": "Shirinki", "ostatnia_erupcja": "brak danych", "kraj": "Rosja", "typ": "stratowulkan", "rodzaj_erupcji": "nieznana data wybuchu", "materiał": "andezyt / andezyt bazaltowy", "tektonika": "strefa subdukcji / skorupa kontynentalna (>25 km)", "legenda": "Wulkan", "źródło": "Global Volcanism Program, 2013. Volcanoes of the World, v. 4.11.0. Venzke, E (ed.). Smithsonian Institution. Downloaded 20 Jun 2022. https://doi.org/10.5479/si.GVP.VOTW4-2013" }, "geometry": { "type": "Point", "coordinates": [ 154.98, 50.2 ] } },
{ "type": "Feature", "properties": { "gid": 318, "nazwa": "Kell", "ostatnia_erupcja": "brak danych", "kraj": "Rosja", "typ": "stratowulkan", "rodzaj_erupcji": "nieznana data wybuchu", "materiał": "bazalt / pikryt", "tektonika": "strefa subdukcji / skorupa kontynentalna (>25 km)", "legenda": "Wulkan", "źródło": "Global Volcanism Program, 2013. Volcanoes of the World, v. 4.11.0. Venzke, E (ed.). Smithsonian Institution. Downloaded 20 Jun 2022. https://doi.org/10.5479/si.GVP.VOTW4-2013" }, "geometry": { "type": "Point", "coordinates": [ 157.35, 51.65 ] } },
{ "type": "Feature", "properties": { "gid": 478, "nazwa": "Herbert", "ostatnia_erupcja": "brak danych", "kraj": "Stany Zjednoczone", "typ": "stratowulkan", "rodzaj_erupcji": "nieznana data wybuchu", "materiał": "andezyt / andezyt bazaltowy", "tektonika": "strefa subdukcji / skorupa oceaniczna (< 15 km)", "legenda": "Wulkan", "źródło": "Global Volcanism Program, 2013. Volcanoes of the World, v. 4.11.0. Venzke, E (ed.). Smithsonian Institution. Downloaded 20 Jun 2022. https://doi.org/10.5479/si.GVP.VOTW4-2013" }, "geometry": { "type": "Point", "coordinates": [ -170.111, 52.742 ] } },
{ "type": "Feature", "properties": { "gid": 361, "nazwa": "Muhavura", "ostatnia_erupcja": "brak danych", "kraj": "Uganda - Rwanda", "typ": "stratowulkan", "rodzaj_erupcji": "nieznana data wybuchu", "materiał": "tefryt / trachybazalt", "tektonika": "strefa ryftowa / skorupa kontynentalna (>25 km)", "legenda": "Wulkan", "źródło": "Global Volcanism Program, 2013. Volcanoes of the World, v. 4.11.0. Venzke, E (ed.). Smithsonian Institution. Downloaded 20 Jun 2022. https://doi.org/10.5479/si.GVP.VOTW4-2013" }, "geometry": { "type": "Point", "coordinates": [ 29.678, -1.383 ] } },
{ "type": "Feature", "properties": { "gid": 27, "nazwa": "Hasan Dagi", "ostatnia_erupcja": "brak danych", "kraj": "Turcja", "typ": "stratowulkan", "rodzaj_erupcji": "nieznana data wybuchu", "materiał": "dacyt", "tektonika": "strefa subdukcji / skorupa kontynentalna (>25 km)", "legenda": "Wulkan", "źródło": "Global Volcanism Program, 2013. Volcanoes of the World, v. 4.11.0. Venzke, E (ed.). Smithsonian Institution. Downloaded 20 Jun 2022. https://doi.org/10.5479/si.GVP.VOTW4-2013" }, "geometry": { "type": "Point", "coordinates": [ 34.17, 38.13 ] } },
{ "type": "Feature", "properties": { "gid": 376, "nazwa": "Tousside, Tarso", "ostatnia_erupcja": "brak danych", "kraj": "Czad", "typ": "stratowulkan", "rodzaj_erupcji": "nieznana data wybuchu", "materiał": "trachit", "tektonika": "strefa subdukcji / skorupa kontynentalna (>25 km)", "legenda": "Wulkan", "źródło": "Global Volcanism Program, 2013. Volcanoes of the World, v. 4.11.0. Venzke, E (ed.). Smithsonian Institution. Downloaded 20 Jun 2022. https://doi.org/10.5479/si.GVP.VOTW4-2013" }, "geometry": { "type": "Point", "coordinates": [ 16.45, 21.03 ] } },
{ "type": "Feature", "properties": { "gid": 1205, "nazwa": "Casiri, Nevados", "ostatnia_erupcja": "brak danych", "kraj": "Peru", "typ": "stratowulkan", "rodzaj_erupcji": "nieznana data wybuchu", "materiał": "trachit", "tektonika": "strefa subdukcji / skorupa kontynentalna (>25 km)", "legenda": "Wulkan", "źródło": "Global Volcanism Program, 2013. Volcanoes of the World, v. 4.11.0. Venzke, E (ed.). Smithsonian Institution. Downloaded 20 Jun 2022. https://doi.org/10.5479/si.GVP.VOTW4-2013" }, "geometry": { "type": "Point", "coordinates": [ -69.813, -17.47 ] } },
{ "type": "Feature", "properties": { "gid": 401, "nazwa": "Sahand", "ostatnia_erupcja": "brak danych", "kraj": "Iran", "typ": "stratowulkan", "rodzaj_erupcji": "nieznana data wybuchu", "materiał": "andezyt / andezyt bazaltowy", "tektonika": "strefa subdukcji / skorupa kontynentalna (>25 km)", "legenda": "Wulkan", "źródło": "Global Volcanism Program, 2013. Volcanoes of the World, v. 4.11.0. Venzke, E (ed.). Smithsonian Institution. Downloaded 20 Jun 2022. https://doi.org/10.5479/si.GVP.VOTW4-2013" }, "geometry": { "type": "Point", "coordinates": [ 46.43, 37.75 ] } },
{ "type": "Feature", "properties": { "gid": 402, "nazwa": "Sabalan", "ostatnia_erupcja": "brak danych", "kraj": "Iran", "typ": "stratowulkan", "rodzaj_erupcji": "nieznana data wybuchu", "materiał": "andezyt / andezyt bazaltowy", "tektonika": "strefa subdukcji / skorupa kontynentalna (>25 km)", "legenda": "Wulkan", "źródło": "Global Volcanism Program, 2013. Volcanoes of the World, v. 4.11.0. Venzke, E (ed.). Smithsonian Institution. Downloaded 20 Jun 2022. https://doi.org/10.5479/si.GVP.VOTW4-2013" }, "geometry": { "type": "Point", "coordinates": [ 47.835, 38.268 ] } },
{ "type": "Feature", "properties": { "gid": 406, "nazwa": "Taftan", "ostatnia_erupcja": "brak danych", "kraj": "Iran", "typ": "stratowulkan", "rodzaj_erupcji": "nieznana data wybuchu", "materiał": "andezyt / andezyt bazaltowy", "tektonika": "strefa subdukcji / skorupa kontynentalna (>25 km)", "legenda": "Wulkan", "źródło": "Global Volcanism Program, 2013. Volcanoes of the World, v. 4.11.0. Venzke, E (ed.). Smithsonian Institution. Downloaded 20 Jun 2022. https://doi.org/10.5479/si.GVP.VOTW4-2013" }, "geometry": { "type": "Point", "coordinates": [ 61.13, 28.6 ] } },
{ "type": "Feature", "properties": { "gid": 543, "nazwa": "Penanggungan", "ostatnia_erupcja": "brak danych", "kraj": "Indonezja", "typ": "stratowulkan", "rodzaj_erupcji": "nieznana data wybuchu", "materiał": "andezyt / andezyt bazaltowy", "tektonika": "strefa subdukcji / skorupa kontynentalna (>25 km)", "legenda": "Wulkan", "źródło": "Global Volcanism Program, 2013. Volcanoes of the World, v. 4.11.0. Venzke, E (ed.). Smithsonian Institution. Downloaded 20 Jun 2022. https://doi.org/10.5479/si.GVP.VOTW4-2013" }, "geometry": { "type": "Point", "coordinates": [ 112.62, -7.616 ] } },
{ "type": "Feature", "properties": { "gid": 597, "nazwa": "Blup Blup", "ostatnia_erupcja": "brak danych", "kraj": "Papua - Nowa Gwinea", "typ": "stratowulkan", "rodzaj_erupcji": "nieznana data wybuchu", "materiał": "andezyt / andezyt bazaltowy", "tektonika": "strefa subdukcji / skorupa kontynentalna (>25 km)", "legenda": "Wulkan", "źródło": "Global Volcanism Program, 2013. Volcanoes of the World, v. 4.11.0. Venzke, E (ed.). Smithsonian Institution. Downloaded 20 Jun 2022. https://doi.org/10.5479/si.GVP.VOTW4-2013" }, "geometry": { "type": "Point", "coordinates": [ 144.605, -3.507 ] } },
{ "type": "Feature", "properties": { "gid": 610, "nazwa": "Garove", "ostatnia_erupcja": "brak danych", "kraj": "Papua - Nowa Gwinea", "typ": "stratowulkan", "rodzaj_erupcji": "nieznana data wybuchu", "materiał": "andezyt / andezyt bazaltowy", "tektonika": "strefa subdukcji / skorupa oceaniczna (< 15 km)", "legenda": "Wulkan", "źródło": "Global Volcanism Program, 2013. Volcanoes of the World, v. 4.11.0. Venzke, E (ed.). Smithsonian Institution. Downloaded 20 Jun 2022. https://doi.org/10.5479/si.GVP.VOTW4-2013" }, "geometry": { "type": "Point", "coordinates": [ 149.500000000000114, -4.692 ] } },
{ "type": "Feature", "properties": { "gid": 612, "nazwa": "Bola", "ostatnia_erupcja": "brak danych", "kraj": "Papua - Nowa Gwinea", "typ": "stratowulkan", "rodzaj_erupcji": "nieznana data wybuchu", "materiał": "andezyt / andezyt bazaltowy", "tektonika": "strefa subdukcji / skorupa kontynentalna (>25 km)", "legenda": "Wulkan", "źródło": "Global Volcanism Program, 2013. Volcanoes of the World, v. 4.11.0. Venzke, E (ed.). Smithsonian Institution. Downloaded 20 Jun 2022. https://doi.org/10.5479/si.GVP.VOTW4-2013" }, "geometry": { "type": "Point", "coordinates": [ 150.038, -5.141 ] } },
{ "type": "Feature", "properties": { "gid": 627, "nazwa": "Visokiy", "ostatnia_erupcja": "brak danych", "kraj": "Rosja", "typ": "stratowulkan", "rodzaj_erupcji": "nieznana data wybuchu", "materiał": "bazalt / pikryt", "tektonika": "strefa subdukcji / skorupa kontynentalna (>25 km)", "legenda": "Wulkan", "źródło": "Global Volcanism Program, 2013. Volcanoes of the World, v. 4.11.0. Venzke, E (ed.). Smithsonian Institution. Downloaded 20 Jun 2022. https://doi.org/10.5479/si.GVP.VOTW4-2013" }, "geometry": { "type": "Point", "coordinates": [ 157.93, 52.43 ] } },
{ "type": "Feature", "properties": { "gid": 630, "nazwa": "Hydrographers Range", "ostatnia_erupcja": "brak danych", "kraj": "Papua - Nowa Gwinea", "typ": "stratowulkan", "rodzaj_erupcji": "nieznana data wybuchu", "materiał": "andezyt / andezyt bazaltowy", "tektonika": "strefa subdukcji / skorupa kontynentalna (>25 km)", "legenda": "Wulkan", "źródło": "Global Volcanism Program, 2013. Volcanoes of the World, v. 4.11.0. Venzke, E (ed.). Smithsonian Institution. Downloaded 20 Jun 2022. https://doi.org/10.5479/si.GVP.VOTW4-2013" }, "geometry": { "type": "Point", "coordinates": [ 148.370000000000118, -9.0 ] } },
{ "type": "Feature", "properties": { "gid": 693, "nazwa": "Jailolo", "ostatnia_erupcja": "brak danych", "kraj": "Indonezja", "typ": "stratowulkan", "rodzaj_erupcji": "nieznana data wybuchu", "materiał": "andezyt / andezyt bazaltowy", "tektonika": "strefa subdukcji / skorupa oceaniczna (< 15 km)", "legenda": "Wulkan", "źródło": "Global Volcanism Program, 2013. Volcanoes of the World, v. 4.11.0. Venzke, E (ed.). Smithsonian Institution. Downloaded 20 Jun 2022. https://doi.org/10.5479/si.GVP.VOTW4-2013" }, "geometry": { "type": "Point", "coordinates": [ 127.439, 1.08 ] } },
{ "type": "Feature", "properties": { "gid": 694, "nazwa": "Hiri", "ostatnia_erupcja": "brak danych", "kraj": "Indonezja", "typ": "stratowulkan", "rodzaj_erupcji": "nieznana data wybuchu", "materiał": "bazalt / pikryt", "tektonika": "strefa subdukcji / skorupa oceaniczna (< 15 km)", "legenda": "Wulkan", "źródło": "Global Volcanism Program, 2013. Volcanoes of the World, v. 4.11.0. Venzke, E (ed.). Smithsonian Institution. Downloaded 20 Jun 2022. https://doi.org/10.5479/si.GVP.VOTW4-2013" }, "geometry": { "type": "Point", "coordinates": [ 127.32, 0.9 ] } },
{ "type": "Feature", "properties": { "gid": 696, "nazwa": "Tidore", "ostatnia_erupcja": "brak danych", "kraj": "Indonezja", "typ": "stratowulkan", "rodzaj_erupcji": "nieznana data wybuchu", "materiał": "andezyt / andezyt bazaltowy", "tektonika": "strefa subdukcji / skorupa oceaniczna (< 15 km)", "legenda": "Wulkan", "źródło": "Global Volcanism Program, 2013. Volcanoes of the World, v. 4.11.0. Venzke, E (ed.). Smithsonian Institution. Downloaded 20 Jun 2022. https://doi.org/10.5479/si.GVP.VOTW4-2013" }, "geometry": { "type": "Point", "coordinates": [ 127.4, 0.658 ] } },
{ "type": "Feature", "properties": { "gid": 697, "nazwa": "Mare", "ostatnia_erupcja": "brak danych", "kraj": "Indonezja", "typ": "stratowulkan", "rodzaj_erupcji": "nieznana data wybuchu", "materiał": "andezyt / andezyt bazaltowy", "tektonika": "strefa subdukcji / skorupa oceaniczna (< 15 km)", "legenda": "Wulkan", "źródło": "Global Volcanism Program, 2013. Volcanoes of the World, v. 4.11.0. Venzke, E (ed.). Smithsonian Institution. Downloaded 20 Jun 2022. https://doi.org/10.5479/si.GVP.VOTW4-2013" }, "geometry": { "type": "Point", "coordinates": [ 127.4, 0.57 ] } },
{ "type": "Feature", "properties": { "gid": 698, "nazwa": "Moti", "ostatnia_erupcja": "brak danych", "kraj": "Indonezja", "typ": "stratowulkan", "rodzaj_erupcji": "nieznana data wybuchu", "materiał": "andezyt / andezyt bazaltowy", "tektonika": "strefa subdukcji / skorupa oceaniczna (< 15 km)", "legenda": "Wulkan", "źródło": "Global Volcanism Program, 2013. Volcanoes of the World, v. 4.11.0. Venzke, E (ed.). Smithsonian Institution. Downloaded 20 Jun 2022. https://doi.org/10.5479/si.GVP.VOTW4-2013" }, "geometry": { "type": "Point", "coordinates": [ 127.411, 0.454 ] } },
{ "type": "Feature", "properties": { "gid": 700, "nazwa": "Tigalalu", "ostatnia_erupcja": "brak danych", "kraj": "Indonezja", "typ": "stratowulkan", "rodzaj_erupcji": "nieznana data wybuchu", "materiał": "andezyt / andezyt bazaltowy", "tektonika": "strefa subdukcji / skorupa oceaniczna (< 15 km)", "legenda": "Wulkan", "źródło": "Global Volcanism Program, 2013. Volcanoes of the World, v. 4.11.0. Venzke, E (ed.). Smithsonian Institution. Downloaded 20 Jun 2022. https://doi.org/10.5479/si.GVP.VOTW4-2013" }, "geometry": { "type": "Point", "coordinates": [ 127.42, 0.07 ] } },
{ "type": "Feature", "properties": { "gid": 701, "nazwa": "Amasing", "ostatnia_erupcja": "brak danych", "kraj": "Indonezja", "typ": "stratowulkan", "rodzaj_erupcji": "nieznana data wybuchu", "materiał": "andezyt / andezyt bazaltowy", "tektonika": "strefa subdukcji / skorupa oceaniczna (< 15 km)", "legenda": "Wulkan", "źródło": "Global Volcanism Program, 2013. Volcanoes of the World, v. 4.11.0. Venzke, E (ed.). Smithsonian Institution. Downloaded 20 Jun 2022. https://doi.org/10.5479/si.GVP.VOTW4-2013" }, "geometry": { "type": "Point", "coordinates": [ 127.48, -0.53 ] } },
{ "type": "Feature", "properties": { "gid": 352, "nazwa": "Fort Portal", "ostatnia_erupcja": "2120 p.n.e.", "kraj": "Uganda", "typ": "stożkowy", "rodzaj_erupcji": "erupcja datowana", "materiał": "foidyt", "tektonika": "strefa ryftowa / skorupa kontynentalna (>25 km)", "legenda": "Wulkan", "źródło": "Global Volcanism Program, 2013. Volcanoes of the World, v. 4.11.0. Venzke, E (ed.). Smithsonian Institution. Downloaded 20 Jun 2022. https://doi.org/10.5479/si.GVP.VOTW4-2013" }, "geometry": { "type": "Point", "coordinates": [ 30.25, 0.7 ] } },
{ "type": "Feature", "properties": { "gid": 702, "nazwa": "Bibinoi", "ostatnia_erupcja": "brak danych", "kraj": "Indonezja", "typ": "stratowulkan", "rodzaj_erupcji": "nieznana data wybuchu", "materiał": "andezyt / andezyt bazaltowy", "tektonika": "strefa subdukcji / skorupa oceaniczna (< 15 km)", "legenda": "Wulkan", "źródło": "Global Volcanism Program, 2013. Volcanoes of the World, v. 4.11.0. Venzke, E (ed.). Smithsonian Institution. Downloaded 20 Jun 2022. https://doi.org/10.5479/si.GVP.VOTW4-2013" }, "geometry": { "type": "Point", "coordinates": [ 127.725, -0.761 ] } },
{ "type": "Feature", "properties": { "gid": 713, "nazwa": "Malindang", "ostatnia_erupcja": "brak danych", "kraj": "Filipiny", "typ": "stratowulkan", "rodzaj_erupcji": "nieznana data wybuchu", "materiał": "bazalt / pikryt", "tektonika": "strefa subdukcji / skorupa kontynentalna (>25 km)", "legenda": "Wulkan", "źródło": "Global Volcanism Program, 2013. Volcanoes of the World, v. 4.11.0. Venzke, E (ed.). Smithsonian Institution. Downloaded 20 Jun 2022. https://doi.org/10.5479/si.GVP.VOTW4-2013" }, "geometry": { "type": "Point", "coordinates": [ 123.630000000000109, 8.22 ] } },
{ "type": "Feature", "properties": { "gid": 725, "nazwa": "Masaraga", "ostatnia_erupcja": "brak danych", "kraj": "Filipiny", "typ": "stratowulkan", "rodzaj_erupcji": "nieznana data wybuchu", "materiał": "andezyt / andezyt bazaltowy", "tektonika": "strefa subdukcji / skorupa kontynentalna (>25 km)", "legenda": "Wulkan", "źródło": "Global Volcanism Program, 2013. Volcanoes of the World, v. 4.11.0. Venzke, E (ed.). Smithsonian Institution. Downloaded 20 Jun 2022. https://doi.org/10.5479/si.GVP.VOTW4-2013" }, "geometry": { "type": "Point", "coordinates": [ 123.6, 13.32 ] } },
{ "type": "Feature", "properties": { "gid": 726, "nazwa": "Iriga", "ostatnia_erupcja": "brak danych", "kraj": "Filipiny", "typ": "stratowulkan", "rodzaj_erupcji": "nieznana data wybuchu", "materiał": "andezyt / andezyt bazaltowy", "tektonika": "strefa subdukcji / skorupa kontynentalna (>25 km)", "legenda": "Wulkan", "źródło": "Global Volcanism Program, 2013. Volcanoes of the World, v. 4.11.0. Venzke, E (ed.). Smithsonian Institution. Downloaded 20 Jun 2022. https://doi.org/10.5479/si.GVP.VOTW4-2013" }, "geometry": { "type": "Point", "coordinates": [ 123.451, 13.458 ] } },
{ "type": "Feature", "properties": { "gid": 728, "nazwa": "Malindig", "ostatnia_erupcja": "brak danych", "kraj": "Filipiny", "typ": "stratowulkan", "rodzaj_erupcji": "nieznana data wybuchu", "materiał": "andezyt / andezyt bazaltowy", "tektonika": "strefa subdukcji / skorupa kontynentalna (>25 km)", "legenda": "Wulkan", "źródło": "Global Volcanism Program, 2013. Volcanoes of the World, v. 4.11.0. Venzke, E (ed.). Smithsonian Institution. Downloaded 20 Jun 2022. https://doi.org/10.5479/si.GVP.VOTW4-2013" }, "geometry": { "type": "Point", "coordinates": [ 122.018, 13.24 ] } },
{ "type": "Feature", "properties": { "gid": 762, "nazwa": "Udina", "ostatnia_erupcja": "brak danych", "kraj": "Rosja", "typ": "stratowulkan", "rodzaj_erupcji": "nieznana data wybuchu", "materiał": "andezyt / andezyt bazaltowy", "tektonika": "strefa subdukcji / skorupa kontynentalna (>25 km)", "legenda": "Wulkan", "źródło": "Global Volcanism Program, 2013. Volcanoes of the World, v. 4.11.0. Venzke, E (ed.). Smithsonian Institution. Downloaded 20 Jun 2022. https://doi.org/10.5479/si.GVP.VOTW4-2013" }, "geometry": { "type": "Point", "coordinates": [ 160.527, 55.758 ] } },
{ "type": "Feature", "properties": { "gid": 763, "nazwa": "Zimina", "ostatnia_erupcja": "brak danych", "kraj": "Rosja", "typ": "stratowulkan", "rodzaj_erupcji": "nieznana data wybuchu", "materiał": "andezyt / andezyt bazaltowy", "tektonika": "strefa subdukcji / skorupa kontynentalna (>25 km)", "legenda": "Wulkan", "źródło": "Global Volcanism Program, 2013. Volcanoes of the World, v. 4.11.0. Venzke, E (ed.). Smithsonian Institution. Downloaded 20 Jun 2022. https://doi.org/10.5479/si.GVP.VOTW4-2013" }, "geometry": { "type": "Point", "coordinates": [ 160.603, 55.862 ] } },
{ "type": "Feature", "properties": { "gid": 765, "nazwa": "Kamen", "ostatnia_erupcja": "brak danych", "kraj": "Rosja", "typ": "stratowulkan", "rodzaj_erupcji": "nieznana data wybuchu", "materiał": "bazalt / pikryt", "tektonika": "strefa subdukcji / skorupa kontynentalna (>25 km)", "legenda": "Wulkan", "źródło": "Global Volcanism Program, 2013. Volcanoes of the World, v. 4.11.0. Venzke, E (ed.). Smithsonian Institution. Downloaded 20 Jun 2022. https://doi.org/10.5479/si.GVP.VOTW4-2013" }, "geometry": { "type": "Point", "coordinates": [ 160.593, 56.02 ] } },
{ "type": "Feature", "properties": { "gid": 813, "nazwa": "Balbi", "ostatnia_erupcja": "brak danych", "kraj": "Papua - Nowa Gwinea", "typ": "stratowulkan", "rodzaj_erupcji": "nieznana data wybuchu", "materiał": "andezyt / andezyt bazaltowy", "tektonika": "strefa subdukcji / grubość skorupy nieznana", "legenda": "Wulkan", "źródło": "Global Volcanism Program, 2013. Volcanoes of the World, v. 4.11.0. Venzke, E (ed.). Smithsonian Institution. Downloaded 20 Jun 2022. https://doi.org/10.5479/si.GVP.VOTW4-2013" }, "geometry": { "type": "Point", "coordinates": [ 154.98, -5.92 ] } },
{ "type": "Feature", "properties": { "gid": 829, "nazwa": "Mere Lava", "ostatnia_erupcja": "brak danych", "kraj": "Vanuatu", "typ": "stratowulkan", "rodzaj_erupcji": "nieznana data wybuchu", "materiał": "bazalt / pikryt", "tektonika": "strefa subdukcji / skorupa oceaniczna (< 15 km)", "legenda": "Wulkan", "źródło": "Global Volcanism Program, 2013. Volcanoes of the World, v. 4.11.0. Venzke, E (ed.). Smithsonian Institution. Downloaded 20 Jun 2022. https://doi.org/10.5479/si.GVP.VOTW4-2013" }, "geometry": { "type": "Point", "coordinates": [ 168.05, -14.45 ] } },
{ "type": "Feature", "properties": { "gid": 836, "nazwa": "North Vate", "ostatnia_erupcja": "brak danych", "kraj": "Vanuatu", "typ": "stratowulkan", "rodzaj_erupcji": "nieznana data wybuchu", "materiał": "bazalt / pikryt", "tektonika": "strefa subdukcji / skorupa oceaniczna (< 15 km)", "legenda": "Wulkan", "źródło": "Global Volcanism Program, 2013. Volcanoes of the World, v. 4.11.0. Venzke, E (ed.). Smithsonian Institution. Downloaded 20 Jun 2022. https://doi.org/10.5479/si.GVP.VOTW4-2013" }, "geometry": { "type": "Point", "coordinates": [ 168.353, -17.47 ] } },
{ "type": "Feature", "properties": { "gid": 844, "nazwa": "Narcondum", "ostatnia_erupcja": "brak danych", "kraj": "Indie", "typ": "stratowulkan", "rodzaj_erupcji": "nieznana data wybuchu", "materiał": "andezyt / andezyt bazaltowy", "tektonika": "strefa subdukcji / skorupa kontynentalna (>25 km)", "legenda": "Wulkan", "źródło": "Global Volcanism Program, 2013. Volcanoes of the World, v. 4.11.0. Venzke, E (ed.). Smithsonian Institution. Downloaded 20 Jun 2022. https://doi.org/10.5479/si.GVP.VOTW4-2013" }, "geometry": { "type": "Point", "coordinates": [ 94.28, 13.43 ] } },
{ "type": "Feature", "properties": { "gid": 855, "nazwa": "Malintang", "ostatnia_erupcja": "brak danych", "kraj": "Indonezja", "typ": "stratowulkan", "rodzaj_erupcji": "nieznana data wybuchu", "materiał": "andezyt / andezyt bazaltowy", "tektonika": "strefa subdukcji / skorupa kontynentalna (>25 km)", "legenda": "Wulkan", "źródło": "Global Volcanism Program, 2013. Volcanoes of the World, v. 4.11.0. Venzke, E (ed.). Smithsonian Institution. Downloaded 20 Jun 2022. https://doi.org/10.5479/si.GVP.VOTW4-2013" }, "geometry": { "type": "Point", "coordinates": [ 99.67, 0.47 ] } },
{ "type": "Feature", "properties": { "gid": 874, "nazwa": "Pulosari", "ostatnia_erupcja": "brak danych", "kraj": "Indonezja", "typ": "stratowulkan", "rodzaj_erupcji": "nieznana data wybuchu", "materiał": "andezyt / andezyt bazaltowy", "tektonika": "strefa subdukcji / skorupa kontynentalna (>25 km)", "legenda": "Wulkan", "źródło": "Global Volcanism Program, 2013. Volcanoes of the World, v. 4.11.0. Venzke, E (ed.). Smithsonian Institution. Downloaded 20 Jun 2022. https://doi.org/10.5479/si.GVP.VOTW4-2013" }, "geometry": { "type": "Point", "coordinates": [ 105.978, -6.343 ] } },
{ "type": "Feature", "properties": { "gid": 879, "nazwa": "Patuha", "ostatnia_erupcja": "brak danych", "kraj": "Indonezja", "typ": "stratowulkan", "rodzaj_erupcji": "nieznana data wybuchu", "materiał": "andezyt / andezyt bazaltowy", "tektonika": "strefa subdukcji / skorupa kontynentalna (>25 km)", "legenda": "Wulkan", "źródło": "Global Volcanism Program, 2013. Volcanoes of the World, v. 4.11.0. Venzke, E (ed.). Smithsonian Institution. Downloaded 20 Jun 2022. https://doi.org/10.5479/si.GVP.VOTW4-2013" }, "geometry": { "type": "Point", "coordinates": [ 107.4, -7.162 ] } },
{ "type": "Feature", "properties": { "gid": 882, "nazwa": "Kendang", "ostatnia_erupcja": "brak danych", "kraj": "Indonezja", "typ": "stratowulkan", "rodzaj_erupcji": "nieznana data wybuchu", "materiał": "andezyt / andezyt bazaltowy", "tektonika": "strefa subdukcji / skorupa kontynentalna (>25 km)", "legenda": "Wulkan", "źródło": "Global Volcanism Program, 2013. Volcanoes of the World, v. 4.11.0. Venzke, E (ed.). Smithsonian Institution. Downloaded 20 Jun 2022. https://doi.org/10.5479/si.GVP.VOTW4-2013" }, "geometry": { "type": "Point", "coordinates": [ 107.709, -7.245 ] } },
{ "type": "Feature", "properties": { "gid": 884, "nazwa": "Tampomas", "ostatnia_erupcja": "brak danych", "kraj": "Indonezja", "typ": "stratowulkan", "rodzaj_erupcji": "nieznana data wybuchu", "materiał": "andezyt / andezyt bazaltowy", "tektonika": "strefa subdukcji / skorupa kontynentalna (>25 km)", "legenda": "Wulkan", "źródło": "Global Volcanism Program, 2013. Volcanoes of the World, v. 4.11.0. Venzke, E (ed.). Smithsonian Institution. Downloaded 20 Jun 2022. https://doi.org/10.5479/si.GVP.VOTW4-2013" }, "geometry": { "type": "Point", "coordinates": [ 107.95, -6.77 ] } },
{ "type": "Feature", "properties": { "gid": 892, "nazwa": "Ungaran", "ostatnia_erupcja": "brak danych", "kraj": "Indonezja", "typ": "stratowulkan", "rodzaj_erupcji": "nieznana data wybuchu", "materiał": "trachyandezyt / bazaltowy trachyandezyt", "tektonika": "strefa subdukcji / skorupa kontynentalna (>25 km)", "legenda": "Wulkan", "źródło": "Global Volcanism Program, 2013. Volcanoes of the World, v. 4.11.0. Venzke, E (ed.). Smithsonian Institution. Downloaded 20 Jun 2022. https://doi.org/10.5479/si.GVP.VOTW4-2013" }, "geometry": { "type": "Point", "coordinates": [ 110.33, -7.18 ] } },
{ "type": "Feature", "properties": { "gid": 893, "nazwa": "Telomoyo", "ostatnia_erupcja": "brak danych", "kraj": "Indonezja", "typ": "stratowulkan", "rodzaj_erupcji": "nieznana data wybuchu", "materiał": "andezyt / andezyt bazaltowy", "tektonika": "strefa subdukcji / skorupa kontynentalna (>25 km)", "legenda": "Wulkan", "źródło": "Global Volcanism Program, 2013. Volcanoes of the World, v. 4.11.0. Venzke, E (ed.). Smithsonian Institution. Downloaded 20 Jun 2022. https://doi.org/10.5479/si.GVP.VOTW4-2013" }, "geometry": { "type": "Point", "coordinates": [ 110.4, -7.362 ] } },
{ "type": "Feature", "properties": { "gid": 898, "nazwa": "Wilis", "ostatnia_erupcja": "brak danych", "kraj": "Indonezja", "typ": "stratowulkan", "rodzaj_erupcji": "nieznana data wybuchu", "materiał": "andezyt / andezyt bazaltowy", "tektonika": "strefa subdukcji / skorupa kontynentalna (>25 km)", "legenda": "Wulkan", "źródło": "Global Volcanism Program, 2013. Volcanoes of the World, v. 4.11.0. Venzke, E (ed.). Smithsonian Institution. Downloaded 20 Jun 2022. https://doi.org/10.5479/si.GVP.VOTW4-2013" }, "geometry": { "type": "Point", "coordinates": [ 111.758, -7.808 ] } },
{ "type": "Feature", "properties": { "gid": 901, "nazwa": "Steller", "ostatnia_erupcja": "brak danych", "kraj": "Stany Zjednoczone", "typ": "stratowulkan", "rodzaj_erupcji": "nieznana data wybuchu", "materiał": "andezyt / andezyt bazaltowy", "tektonika": "strefa subdukcji / skorupa kontynentalna (>25 km)", "legenda": "Wulkan", "źródło": "Global Volcanism Program, 2013. Volcanoes of the World, v. 4.11.0. Venzke, E (ed.). Smithsonian Institution. Downloaded 20 Jun 2022. https://doi.org/10.5479/si.GVP.VOTW4-2013" }, "geometry": { "type": "Point", "coordinates": [ -154.4, 58.43 ] } },
{ "type": "Feature", "properties": { "gid": 905, "nazwa": "Douglas", "ostatnia_erupcja": "brak danych", "kraj": "Stany Zjednoczone", "typ": "stratowulkan", "rodzaj_erupcji": "nieznana data wybuchu", "materiał": "andezyt / andezyt bazaltowy", "tektonika": "strefa subdukcji / skorupa kontynentalna (>25 km)", "legenda": "Wulkan", "źródło": "Global Volcanism Program, 2013. Volcanoes of the World, v. 4.11.0. Venzke, E (ed.). Smithsonian Institution. Downloaded 20 Jun 2022. https://doi.org/10.5479/si.GVP.VOTW4-2013" }, "geometry": { "type": "Point", "coordinates": [ -153.542, 58.855 ] } },
{ "type": "Feature", "properties": { "gid": 1004, "nazwa": "Colachi", "ostatnia_erupcja": "brak danych", "kraj": "Chile", "typ": "stratowulkan", "rodzaj_erupcji": "nieznana data wybuchu", "materiał": "andezyt / andezyt bazaltowy", "tektonika": "strefa subdukcji / skorupa kontynentalna (>25 km)", "legenda": "Wulkan", "źródło": "Global Volcanism Program, 2013. Volcanoes of the World, v. 4.11.0. Venzke, E (ed.). Smithsonian Institution. Downloaded 20 Jun 2022. https://doi.org/10.5479/si.GVP.VOTW4-2013" }, "geometry": { "type": "Point", "coordinates": [ -67.645, -23.236 ] } },
{ "type": "Feature", "properties": { "gid": 1006, "nazwa": "Acamarachi", "ostatnia_erupcja": "brak danych", "kraj": "Chile", "typ": "stratowulkan", "rodzaj_erupcji": "nieznana data wybuchu", "materiał": "dacyt", "tektonika": "strefa subdukcji / skorupa kontynentalna (>25 km)", "legenda": "Wulkan", "źródło": "Global Volcanism Program, 2013. Volcanoes of the World, v. 4.11.0. Venzke, E (ed.). Smithsonian Institution. Downloaded 20 Jun 2022. https://doi.org/10.5479/si.GVP.VOTW4-2013" }, "geometry": { "type": "Point", "coordinates": [ -67.618, -23.292 ] } },
{ "type": "Feature", "properties": { "gid": 1014, "nazwa": "Cordon de Puntas Negras", "ostatnia_erupcja": "brak danych", "kraj": "Chile", "typ": "stratowulkan", "rodzaj_erupcji": "nieznana data wybuchu", "materiał": "andezyt / andezyt bazaltowy", "tektonika": "strefa subdukcji / skorupa kontynentalna (>25 km)", "legenda": "Wulkan", "źródło": "Global Volcanism Program, 2013. Volcanoes of the World, v. 4.11.0. Venzke, E (ed.). Smithsonian Institution. Downloaded 20 Jun 2022. https://doi.org/10.5479/si.GVP.VOTW4-2013" }, "geometry": { "type": "Point", "coordinates": [ -67.534, -23.743 ] } },
{ "type": "Feature", "properties": { "gid": 1021, "nazwa": "St. Catherine", "ostatnia_erupcja": "brak danych", "kraj": "Grenada", "typ": "stratowulkan", "rodzaj_erupcji": "nieznana data wybuchu", "materiał": "andezyt / andezyt bazaltowy", "tektonika": "strefa subdukcji / skorupa oceaniczna (< 15 km)", "legenda": "Wulkan", "źródło": "Global Volcanism Program, 2013. Volcanoes of the World, v. 4.11.0. Venzke, E (ed.). Smithsonian Institution. Downloaded 20 Jun 2022. https://doi.org/10.5479/si.GVP.VOTW4-2013" }, "geometry": { "type": "Point", "coordinates": [ -61.67, 12.15 ] } },
{ "type": "Feature", "properties": { "gid": 1043, "nazwa": "Tungnafellsjokull", "ostatnia_erupcja": "brak danych", "kraj": "Islandia", "typ": "stratowulkan", "rodzaj_erupcji": "nieznana data wybuchu", "materiał": "bazalt / pikryt", "tektonika": "strefa ryftowa / skorupa oceaniczna (< 15 km)", "legenda": "Wulkan", "źródło": "Global Volcanism Program, 2013. Volcanoes of the World, v. 4.11.0. Venzke, E (ed.). Smithsonian Institution. Downloaded 20 Jun 2022. https://doi.org/10.5479/si.GVP.VOTW4-2013" }, "geometry": { "type": "Point", "coordinates": [ -17.916, 64.75 ] } },
{ "type": "Feature", "properties": { "gid": 1056, "nazwa": "Corvo", "ostatnia_erupcja": "brak danych", "kraj": "Portugalia", "typ": "stratowulkan", "rodzaj_erupcji": "nieznana data wybuchu", "materiał": "bazalt / pikryt", "tektonika": "strefa subdukcji / skorupa oceaniczna (< 15 km)", "legenda": "Wulkan", "źródło": "Global Volcanism Program, 2013. Volcanoes of the World, v. 4.11.0. Venzke, E (ed.). Smithsonian Institution. Downloaded 20 Jun 2022. https://doi.org/10.5479/si.GVP.VOTW4-2013" }, "geometry": { "type": "Point", "coordinates": [ -31.111, 39.699 ] } },
{ "type": "Feature", "properties": { "gid": 1076, "nazwa": "Brava", "ostatnia_erupcja": "brak danych", "kraj": "Wyspy Zielonego Przylądka", "typ": "stratowulkan", "rodzaj_erupcji": "nieznana data wybuchu", "materiał": "foidyt", "tektonika": "strefa subdukcji / skorupa pośrednia (15-25 km)", "legenda": "Wulkan", "źródło": "Global Volcanism Program, 2013. Volcanoes of the World, v. 4.11.0. Venzke, E (ed.). Smithsonian Institution. Downloaded 20 Jun 2022. https://doi.org/10.5479/si.GVP.VOTW4-2013" }, "geometry": { "type": "Point", "coordinates": [ -24.72, 14.85 ] } },
{ "type": "Feature", "properties": { "gid": 1078, "nazwa": "Ascension", "ostatnia_erupcja": "brak danych", "kraj": "Wielka Brytania", "typ": "stratowulkan", "rodzaj_erupcji": "nieznana data wybuchu", "materiał": "bazalt / pikryt", "tektonika": "strefa ryftowa / skorupa oceaniczna (< 15 km)", "legenda": "Wulkan", "źródło": "Global Volcanism Program, 2013. Volcanoes of the World, v. 4.11.0. Venzke, E (ed.). Smithsonian Institution. Downloaded 20 Jun 2022. https://doi.org/10.5479/si.GVP.VOTW4-2013" }, "geometry": { "type": "Point", "coordinates": [ -14.37, -7.95 ] } },
{ "type": "Feature", "properties": { "gid": 1110, "nazwa": "Hodson", "ostatnia_erupcja": "brak danych", "kraj": "Wielka Brytania", "typ": "stratowulkan", "rodzaj_erupcji": "nieznana data wybuchu", "materiał": "bazalt / pikryt", "tektonika": "strefa subdukcji / skorupa oceaniczna (< 15 km)", "legenda": "Wulkan", "źródło": "Global Volcanism Program, 2013. Volcanoes of the World, v. 4.11.0. Venzke, E (ed.). Smithsonian Institution. Downloaded 20 Jun 2022. https://doi.org/10.5479/si.GVP.VOTW4-2013" }, "geometry": { "type": "Point", "coordinates": [ -27.176, -56.712 ] } },
{ "type": "Feature", "properties": { "gid": 1132, "nazwa": "Tenorio", "ostatnia_erupcja": "brak danych", "kraj": "Kostaryka", "typ": "stratowulkan", "rodzaj_erupcji": "nieznana data wybuchu", "materiał": "andezyt / andezyt bazaltowy", "tektonika": "strefa subdukcji / skorupa kontynentalna (>25 km)", "legenda": "Wulkan", "źródło": "Global Volcanism Program, 2013. Volcanoes of the World, v. 4.11.0. Venzke, E (ed.). Smithsonian Institution. Downloaded 20 Jun 2022. https://doi.org/10.5479/si.GVP.VOTW4-2013" }, "geometry": { "type": "Point", "coordinates": [ -85.015, 10.673 ] } },
{ "type": "Feature", "properties": { "gid": 1134, "nazwa": "Platanar", "ostatnia_erupcja": "brak danych", "kraj": "Kostaryka", "typ": "stratowulkan", "rodzaj_erupcji": "nieznana data wybuchu", "materiał": "andezyt / andezyt bazaltowy", "tektonika": "strefa subdukcji / skorupa kontynentalna (>25 km)", "legenda": "Wulkan", "źródło": "Global Volcanism Program, 2013. Volcanoes of the World, v. 4.11.0. Venzke, E (ed.). Smithsonian Institution. Downloaded 20 Jun 2022. https://doi.org/10.5479/si.GVP.VOTW4-2013" }, "geometry": { "type": "Point", "coordinates": [ -84.366, 10.3 ] } },
{ "type": "Feature", "properties": { "gid": 1149, "nazwa": "Sotara", "ostatnia_erupcja": "brak danych", "kraj": "Kolumbia", "typ": "stratowulkan", "rodzaj_erupcji": "nieznana data wybuchu", "materiał": "andezyt / andezyt bazaltowy", "tektonika": "strefa subdukcji / skorupa kontynentalna (>25 km)", "legenda": "Wulkan", "źródło": "Global Volcanism Program, 2013. Volcanoes of the World, v. 4.11.0. Venzke, E (ed.). Smithsonian Institution. Downloaded 20 Jun 2022. https://doi.org/10.5479/si.GVP.VOTW4-2013" }, "geometry": { "type": "Point", "coordinates": [ -76.592, 2.108 ] } },
{ "type": "Feature", "properties": { "gid": 1170, "nazwa": "Illiniza", "ostatnia_erupcja": "brak danych", "kraj": "Ekwador", "typ": "stratowulkan", "rodzaj_erupcji": "nieznana data wybuchu", "materiał": "andezyt / andezyt bazaltowy", "tektonika": "strefa subdukcji / skorupa kontynentalna (>25 km)", "legenda": "Wulkan", "źródło": "Global Volcanism Program, 2013. Volcanoes of the World, v. 4.11.0. Venzke, E (ed.). Smithsonian Institution. Downloaded 20 Jun 2022. https://doi.org/10.5479/si.GVP.VOTW4-2013" }, "geometry": { "type": "Point", "coordinates": [ -78.714, -0.659 ] } },
{ "type": "Feature", "properties": { "gid": 1192, "nazwa": "Sara Sara", "ostatnia_erupcja": "brak danych", "kraj": "Peru", "typ": "stratowulkan", "rodzaj_erupcji": "nieznana data wybuchu", "materiał": "andezyt / andezyt bazaltowy", "tektonika": "strefa subdukcji / skorupa kontynentalna (>25 km)", "legenda": "Wulkan", "źródło": "Global Volcanism Program, 2013. Volcanoes of the World, v. 4.11.0. Venzke, E (ed.). Smithsonian Institution. Downloaded 20 Jun 2022. https://doi.org/10.5479/si.GVP.VOTW4-2013" }, "geometry": { "type": "Point", "coordinates": [ -73.45, -15.33 ] } },
{ "type": "Feature", "properties": { "gid": 1193, "nazwa": "Coropuna", "ostatnia_erupcja": "brak danych", "kraj": "Peru", "typ": "stratowulkan", "rodzaj_erupcji": "nieznana data wybuchu", "materiał": "andezyt / andezyt bazaltowy", "tektonika": "strefa subdukcji / skorupa kontynentalna (>25 km)", "legenda": "Wulkan", "źródło": "Global Volcanism Program, 2013. Volcanoes of the World, v. 4.11.0. Venzke, E (ed.). Smithsonian Institution. Downloaded 20 Jun 2022. https://doi.org/10.5479/si.GVP.VOTW4-2013" }, "geometry": { "type": "Point", "coordinates": [ -72.65, -15.52 ] } },
{ "type": "Feature", "properties": { "gid": 1212, "nazwa": "Tata Sabaya", "ostatnia_erupcja": "brak danych", "kraj": "Boliwia", "typ": "stratowulkan", "rodzaj_erupcji": "nieznana data wybuchu", "materiał": "andezyt / andezyt bazaltowy", "tektonika": "strefa subdukcji / skorupa kontynentalna (>25 km)", "legenda": "Wulkan", "źródło": "Global Volcanism Program, 2013. Volcanoes of the World, v. 4.11.0. Venzke, E (ed.). Smithsonian Institution. Downloaded 20 Jun 2022. https://doi.org/10.5479/si.GVP.VOTW4-2013" }, "geometry": { "type": "Point", "coordinates": [ -68.53, -19.13 ] } },
{ "type": "Feature", "properties": { "gid": 1221, "nazwa": "Sairecabur", "ostatnia_erupcja": "brak danych", "kraj": "Chile - Boliwia", "typ": "stratowulkan", "rodzaj_erupcji": "nieznana data wybuchu", "materiał": "andezyt / andezyt bazaltowy", "tektonika": "strefa subdukcji / skorupa kontynentalna (>25 km)", "legenda": "Wulkan", "źródło": "Global Volcanism Program, 2013. Volcanoes of the World, v. 4.11.0. Venzke, E (ed.). Smithsonian Institution. Downloaded 20 Jun 2022. https://doi.org/10.5479/si.GVP.VOTW4-2013" }, "geometry": { "type": "Point", "coordinates": [ -67.892, -22.72 ] } },
{ "type": "Feature", "properties": { "gid": 587, "nazwa": "Tutuila", "ostatnia_erupcja": "440", "kraj": "Stany Zjednoczone", "typ": "stożkowy", "rodzaj_erupcji": "erupcja datowana", "materiał": "bazalt / pikryt", "tektonika": "strefa subdukcji / skorupa oceaniczna (< 15 km)", "legenda": "Wulkan", "źródło": "Global Volcanism Program, 2013. Volcanoes of the World, v. 4.11.0. Venzke, E (ed.). Smithsonian Institution. Downloaded 20 Jun 2022. https://doi.org/10.5479/si.GVP.VOTW4-2013" }, "geometry": { "type": "Point", "coordinates": [ -170.7, -14.295 ] } },
{ "type": "Feature", "properties": { "gid": 1222, "nazwa": "Licancabur", "ostatnia_erupcja": "brak danych", "kraj": "Chile - Boliwia", "typ": "stratowulkan", "rodzaj_erupcji": "nieznana data wybuchu", "materiał": "andezyt / andezyt bazaltowy", "tektonika": "strefa subdukcji / skorupa kontynentalna (>25 km)", "legenda": "Wulkan", "źródło": "Global Volcanism Program, 2013. Volcanoes of the World, v. 4.11.0. Venzke, E (ed.). Smithsonian Institution. Downloaded 20 Jun 2022. https://doi.org/10.5479/si.GVP.VOTW4-2013" }, "geometry": { "type": "Point", "coordinates": [ -67.88, -22.83 ] } },
{ "type": "Feature", "properties": { "gid": 1231, "nazwa": "Mehetia", "ostatnia_erupcja": "brak danych", "kraj": "Francja", "typ": "stratowulkan", "rodzaj_erupcji": "nieznana data wybuchu", "materiał": "tefryt / trachybazalt", "tektonika": "strefa subdukcji / skorupa oceaniczna (< 15 km)", "legenda": "Wulkan", "źródło": "Global Volcanism Program, 2013. Volcanoes of the World, v. 4.11.0. Venzke, E (ed.). Smithsonian Institution. Downloaded 20 Jun 2022. https://doi.org/10.5479/si.GVP.VOTW4-2013" }, "geometry": { "type": "Point", "coordinates": [ -148.068, -17.874 ] } },
{ "type": "Feature", "properties": { "gid": 1260, "nazwa": "Sanganguey", "ostatnia_erupcja": "brak danych", "kraj": "Meksyk", "typ": "stratowulkan", "rodzaj_erupcji": "nieznana data wybuchu", "materiał": "andezyt / andezyt bazaltowy", "tektonika": "strefa subdukcji / skorupa kontynentalna (>25 km)", "legenda": "Wulkan", "źródło": "Global Volcanism Program, 2013. Volcanoes of the World, v. 4.11.0. Venzke, E (ed.). Smithsonian Institution. Downloaded 20 Jun 2022. https://doi.org/10.5479/si.GVP.VOTW4-2013" }, "geometry": { "type": "Point", "coordinates": [ -104.73, 21.45 ] } },
{ "type": "Feature", "properties": { "gid": 1270, "nazwa": "Iztaccihuatl", "ostatnia_erupcja": "brak danych", "kraj": "Meksyk", "typ": "stratowulkan", "rodzaj_erupcji": "nieznana data wybuchu", "materiał": "andezyt / andezyt bazaltowy", "tektonika": "strefa subdukcji / skorupa kontynentalna (>25 km)", "legenda": "Wulkan", "źródło": "Global Volcanism Program, 2013. Volcanoes of the World, v. 4.11.0. Venzke, E (ed.). Smithsonian Institution. Downloaded 20 Jun 2022. https://doi.org/10.5479/si.GVP.VOTW4-2013" }, "geometry": { "type": "Point", "coordinates": [ -98.642, 19.179 ] } },
{ "type": "Feature", "properties": { "gid": 1284, "nazwa": "Tajumulco", "ostatnia_erupcja": "brak danych", "kraj": "Gwatemala", "typ": "stratowulkan", "rodzaj_erupcji": "nieznana data wybuchu", "materiał": "dacyt", "tektonika": "strefa subdukcji / skorupa kontynentalna (>25 km)", "legenda": "Wulkan", "źródło": "Global Volcanism Program, 2013. Volcanoes of the World, v. 4.11.0. Venzke, E (ed.). Smithsonian Institution. Downloaded 20 Jun 2022. https://doi.org/10.5479/si.GVP.VOTW4-2013" }, "geometry": { "type": "Point", "coordinates": [ -91.903, 15.043 ] } },
{ "type": "Feature", "properties": { "gid": 1288, "nazwa": "Toliman", "ostatnia_erupcja": "brak danych", "kraj": "Gwatemala", "typ": "stratowulkan", "rodzaj_erupcji": "nieznana data wybuchu", "materiał": "andezyt / andezyt bazaltowy", "tektonika": "strefa subdukcji / skorupa kontynentalna (>25 km)", "legenda": "Wulkan", "źródło": "Global Volcanism Program, 2013. Volcanoes of the World, v. 4.11.0. Venzke, E (ed.). Smithsonian Institution. Downloaded 20 Jun 2022. https://doi.org/10.5479/si.GVP.VOTW4-2013" }, "geometry": { "type": "Point", "coordinates": [ -91.189, 14.612 ] } },
{ "type": "Feature", "properties": { "gid": 1291, "nazwa": "Agua", "ostatnia_erupcja": "brak danych", "kraj": "Gwatemala", "typ": "stratowulkan", "rodzaj_erupcji": "nieznana data wybuchu", "materiał": "andezyt / andezyt bazaltowy", "tektonika": "strefa subdukcji / skorupa kontynentalna (>25 km)", "legenda": "Wulkan", "źródło": "Global Volcanism Program, 2013. Volcanoes of the World, v. 4.11.0. Venzke, E (ed.). Smithsonian Institution. Downloaded 20 Jun 2022. https://doi.org/10.5479/si.GVP.VOTW4-2013" }, "geometry": { "type": "Point", "coordinates": [ -90.743, 14.465 ] } },
{ "type": "Feature", "properties": { "gid": 1296, "nazwa": "Moyuta", "ostatnia_erupcja": "brak danych", "kraj": "Gwatemala", "typ": "stratowulkan", "rodzaj_erupcji": "nieznana data wybuchu", "materiał": "andezyt / andezyt bazaltowy", "tektonika": "strefa subdukcji / skorupa kontynentalna (>25 km)", "legenda": "Wulkan", "źródło": "Global Volcanism Program, 2013. Volcanoes of the World, v. 4.11.0. Venzke, E (ed.). Smithsonian Institution. Downloaded 20 Jun 2022. https://doi.org/10.5479/si.GVP.VOTW4-2013" }, "geometry": { "type": "Point", "coordinates": [ -90.1, 14.03 ] } },
{ "type": "Feature", "properties": { "gid": 1298, "nazwa": "Tahual", "ostatnia_erupcja": "brak danych", "kraj": "Gwatemala", "typ": "stratowulkan", "rodzaj_erupcji": "nieznana data wybuchu", "materiał": "bazalt / pikryt", "tektonika": "strefa subdukcji / skorupa kontynentalna (>25 km)", "legenda": "Wulkan", "źródło": "Global Volcanism Program, 2013. Volcanoes of the World, v. 4.11.0. Venzke, E (ed.). Smithsonian Institution. Downloaded 20 Jun 2022. https://doi.org/10.5479/si.GVP.VOTW4-2013" }, "geometry": { "type": "Point", "coordinates": [ -89.9, 14.43 ] } },
{ "type": "Feature", "properties": { "gid": 1300, "nazwa": "Suchitan", "ostatnia_erupcja": "brak danych", "kraj": "Gwatemala", "typ": "stratowulkan", "rodzaj_erupcji": "nieznana data wybuchu", "materiał": "andezyt / andezyt bazaltowy", "tektonika": "strefa subdukcji / skorupa kontynentalna (>25 km)", "legenda": "Wulkan", "źródło": "Global Volcanism Program, 2013. Volcanoes of the World, v. 4.11.0. Venzke, E (ed.). Smithsonian Institution. Downloaded 20 Jun 2022. https://doi.org/10.5479/si.GVP.VOTW4-2013" }, "geometry": { "type": "Point", "coordinates": [ -89.78, 14.4 ] } },
{ "type": "Feature", "properties": { "gid": 1301, "nazwa": "Chingo", "ostatnia_erupcja": "brak danych", "kraj": "Gwatemala - Salwador", "typ": "stratowulkan", "rodzaj_erupcji": "nieznana data wybuchu", "materiał": "andezyt / andezyt bazaltowy", "tektonika": "strefa subdukcji / skorupa kontynentalna (>25 km)", "legenda": "Wulkan", "źródło": "Global Volcanism Program, 2013. Volcanoes of the World, v. 4.11.0. Venzke, E (ed.). Smithsonian Institution. Downloaded 20 Jun 2022. https://doi.org/10.5479/si.GVP.VOTW4-2013" }, "geometry": { "type": "Point", "coordinates": [ -89.73, 14.12 ] } },
{ "type": "Feature", "properties": { "gid": 1303, "nazwa": "Ipala", "ostatnia_erupcja": "brak danych", "kraj": "Gwatemala", "typ": "stratowulkan", "rodzaj_erupcji": "nieznana data wybuchu", "materiał": "bazalt / pikryt", "tektonika": "strefa subdukcji / skorupa kontynentalna (>25 km)", "legenda": "Wulkan", "źródło": "Global Volcanism Program, 2013. Volcanoes of the World, v. 4.11.0. Venzke, E (ed.). Smithsonian Institution. Downloaded 20 Jun 2022. https://doi.org/10.5479/si.GVP.VOTW4-2013" }, "geometry": { "type": "Point", "coordinates": [ -89.63, 14.55 ] } },
{ "type": "Feature", "properties": { "gid": 1308, "nazwa": "Apaneca Range", "ostatnia_erupcja": "brak danych", "kraj": "Salwador", "typ": "stratowulkan", "rodzaj_erupcji": "nieznana data wybuchu", "materiał": "bazalt / pikryt", "tektonika": "strefa subdukcji / skorupa kontynentalna (>25 km)", "legenda": "Wulkan", "źródło": "Global Volcanism Program, 2013. Volcanoes of the World, v. 4.11.0. Venzke, E (ed.). Smithsonian Institution. Downloaded 20 Jun 2022. https://doi.org/10.5479/si.GVP.VOTW4-2013" }, "geometry": { "type": "Point", "coordinates": [ -89.786, 13.891 ] } },
{ "type": "Feature", "properties": { "gid": 1316, "nazwa": "San Vicente", "ostatnia_erupcja": "brak danych", "kraj": "Salwador", "typ": "stratowulkan", "rodzaj_erupcji": "nieznana data wybuchu", "materiał": "andezyt / andezyt bazaltowy", "tektonika": "strefa subdukcji / skorupa kontynentalna (>25 km)", "legenda": "Wulkan", "źródło": "Global Volcanism Program, 2013. Volcanoes of the World, v. 4.11.0. Venzke, E (ed.). Smithsonian Institution. Downloaded 20 Jun 2022. https://doi.org/10.5479/si.GVP.VOTW4-2013" }, "geometry": { "type": "Point", "coordinates": [ -88.837, 13.595 ] } },
{ "type": "Feature", "properties": { "gid": 1319, "nazwa": "Tecapa", "ostatnia_erupcja": "brak danych", "kraj": "Salwador", "typ": "stratowulkan", "rodzaj_erupcji": "nieznana data wybuchu", "materiał": "andezyt / andezyt bazaltowy", "tektonika": "strefa subdukcji / skorupa kontynentalna (>25 km)", "legenda": "Wulkan", "źródło": "Global Volcanism Program, 2013. Volcanoes of the World, v. 4.11.0. Venzke, E (ed.). Smithsonian Institution. Downloaded 20 Jun 2022. https://doi.org/10.5479/si.GVP.VOTW4-2013" }, "geometry": { "type": "Point", "coordinates": [ -88.502, 13.494 ] } },
{ "type": "Feature", "properties": { "gid": 1320, "nazwa": "Usulutan", "ostatnia_erupcja": "brak danych", "kraj": "Salwador", "typ": "stratowulkan", "rodzaj_erupcji": "nieznana data wybuchu", "materiał": "bazalt / pikryt", "tektonika": "strefa subdukcji / skorupa kontynentalna (>25 km)", "legenda": "Wulkan", "źródło": "Global Volcanism Program, 2013. Volcanoes of the World, v. 4.11.0. Venzke, E (ed.). Smithsonian Institution. Downloaded 20 Jun 2022. https://doi.org/10.5479/si.GVP.VOTW4-2013" }, "geometry": { "type": "Point", "coordinates": [ -88.471, 13.419 ] } },
{ "type": "Feature", "properties": { "gid": 1321, "nazwa": "Tigre, El", "ostatnia_erupcja": "brak danych", "kraj": "Salwador", "typ": "stratowulkan", "rodzaj_erupcji": "nieznana data wybuchu", "materiał": "bazalt / pikryt", "tektonika": "strefa subdukcji / skorupa kontynentalna (>25 km)", "legenda": "Wulkan", "źródło": "Global Volcanism Program, 2013. Volcanoes of the World, v. 4.11.0. Venzke, E (ed.). Smithsonian Institution. Downloaded 20 Jun 2022. https://doi.org/10.5479/si.GVP.VOTW4-2013" }, "geometry": { "type": "Point", "coordinates": [ -88.43, 13.47 ] } },
{ "type": "Feature", "properties": { "gid": 1322, "nazwa": "Chinameca", "ostatnia_erupcja": "brak danych", "kraj": "Salwador", "typ": "stratowulkan", "rodzaj_erupcji": "nieznana data wybuchu", "materiał": "andezyt / andezyt bazaltowy", "tektonika": "strefa subdukcji / skorupa kontynentalna (>25 km)", "legenda": "Wulkan", "źródło": "Global Volcanism Program, 2013. Volcanoes of the World, v. 4.11.0. Venzke, E (ed.). Smithsonian Institution. Downloaded 20 Jun 2022. https://doi.org/10.5479/si.GVP.VOTW4-2013" }, "geometry": { "type": "Point", "coordinates": [ -88.33, 13.478 ] } },
{ "type": "Feature", "properties": { "gid": 1325, "nazwa": "Tigre, Isla el", "ostatnia_erupcja": "brak danych", "kraj": "Honduras", "typ": "stratowulkan", "rodzaj_erupcji": "nieznana data wybuchu", "materiał": "bazalt / pikryt", "tektonika": "strefa subdukcji / skorupa kontynentalna (>25 km)", "legenda": "Wulkan", "źródło": "Global Volcanism Program, 2013. Volcanoes of the World, v. 4.11.0. Venzke, E (ed.). Smithsonian Institution. Downloaded 20 Jun 2022. https://doi.org/10.5479/si.GVP.VOTW4-2013" }, "geometry": { "type": "Point", "coordinates": [ -87.641, 13.272 ] } },
{ "type": "Feature", "properties": { "gid": 1326, "nazwa": "Zacate Grande, Isla", "ostatnia_erupcja": "brak danych", "kraj": "Honduras", "typ": "stratowulkan", "rodzaj_erupcji": "nieznana data wybuchu", "materiał": "bazalt / pikryt", "tektonika": "strefa subdukcji / skorupa kontynentalna (>25 km)", "legenda": "Wulkan", "źródło": "Global Volcanism Program, 2013. Volcanoes of the World, v. 4.11.0. Venzke, E (ed.). Smithsonian Institution. Downloaded 20 Jun 2022. https://doi.org/10.5479/si.GVP.VOTW4-2013" }, "geometry": { "type": "Point", "coordinates": [ -87.63, 13.33 ] } },
{ "type": "Feature", "properties": { "gid": 1332, "nazwa": "Rota", "ostatnia_erupcja": "brak danych", "kraj": "Nikaragua", "typ": "stratowulkan", "rodzaj_erupcji": "nieznana data wybuchu", "materiał": "andezyt / andezyt bazaltowy", "tektonika": "strefa subdukcji / skorupa kontynentalna (>25 km)", "legenda": "Wulkan", "źródło": "Global Volcanism Program, 2013. Volcanoes of the World, v. 4.11.0. Venzke, E (ed.). Smithsonian Institution. Downloaded 20 Jun 2022. https://doi.org/10.5479/si.GVP.VOTW4-2013" }, "geometry": { "type": "Point", "coordinates": [ -86.75, 12.55 ] } },
{ "type": "Feature", "properties": { "gid": 1342, "nazwa": "Lastarria", "ostatnia_erupcja": "brak danych", "kraj": "Chile - Argentyna", "typ": "stratowulkan", "rodzaj_erupcji": "nieznana data wybuchu", "materiał": "andezyt / andezyt bazaltowy", "tektonika": "strefa subdukcji / skorupa kontynentalna (>25 km)", "legenda": "Wulkan", "źródło": "Global Volcanism Program, 2013. Volcanoes of the World, v. 4.11.0. Venzke, E (ed.). Smithsonian Institution. Downloaded 20 Jun 2022. https://doi.org/10.5479/si.GVP.VOTW4-2013" }, "geometry": { "type": "Point", "coordinates": [ -68.507, -25.168 ] } },
{ "type": "Feature", "properties": { "gid": 1372, "nazwa": "San Pedro-Pellado", "ostatnia_erupcja": "brak danych", "kraj": "Chile", "typ": "stratowulkan", "rodzaj_erupcji": "nieznana data wybuchu", "materiał": "andezyt / andezyt bazaltowy", "tektonika": "strefa subdukcji / skorupa kontynentalna (>25 km)", "legenda": "Wulkan", "źródło": "Global Volcanism Program, 2013. Volcanoes of the World, v. 4.11.0. Venzke, E (ed.). Smithsonian Institution. Downloaded 20 Jun 2022. https://doi.org/10.5479/si.GVP.VOTW4-2013" }, "geometry": { "type": "Point", "coordinates": [ -70.849, -35.989 ] } },
{ "type": "Feature", "properties": { "gid": 1374, "nazwa": "Blancas, Lomas", "ostatnia_erupcja": "brak danych", "kraj": "Chile", "typ": "stratowulkan", "rodzaj_erupcji": "nieznana data wybuchu", "materiał": "bazalt / pikryt", "tektonika": "strefa subdukcji / skorupa kontynentalna (>25 km)", "legenda": "Wulkan", "źródło": "Global Volcanism Program, 2013. Volcanoes of the World, v. 4.11.0. Venzke, E (ed.). Smithsonian Institution. Downloaded 20 Jun 2022. https://doi.org/10.5479/si.GVP.VOTW4-2013" }, "geometry": { "type": "Point", "coordinates": [ -71.009, -36.286 ] } },
{ "type": "Feature", "properties": { "gid": 1387, "nazwa": "Tralihue", "ostatnia_erupcja": "brak danych", "kraj": "Argentyna", "typ": "stratowulkan", "rodzaj_erupcji": "nieznana data wybuchu", "materiał": "trachyandezyt / bazaltowy trachyandezyt", "tektonika": "strefa subdukcji / skorupa kontynentalna (>25 km)", "legenda": "Wulkan", "źródło": "Global Volcanism Program, 2013. Volcanoes of the World, v. 4.11.0. Venzke, E (ed.). Smithsonian Institution. Downloaded 20 Jun 2022. https://doi.org/10.5479/si.GVP.VOTW4-2013" }, "geometry": { "type": "Point", "coordinates": [ -70.898, -38.509 ] } },
{ "type": "Feature", "properties": { "gid": 1399, "nazwa": "Pantojo, Cerro", "ostatnia_erupcja": "brak danych", "kraj": "Chile - Argentyna", "typ": "stratowulkan", "rodzaj_erupcji": "nieznana data wybuchu", "materiał": "bazalt / pikryt", "tektonika": "strefa subdukcji / skorupa kontynentalna (>25 km)", "legenda": "Wulkan", "źródło": "Global Volcanism Program, 2013. Volcanoes of the World, v. 4.11.0. Venzke, E (ed.). Smithsonian Institution. Downloaded 20 Jun 2022. https://doi.org/10.5479/si.GVP.VOTW4-2013" }, "geometry": { "type": "Point", "coordinates": [ -71.943, -40.768 ] } },
{ "type": "Feature", "properties": { "gid": 47, "nazwa": "Jalua", "ostatnia_erupcja": "brak danych", "kraj": "Erytrea", "typ": "stratowulkan", "rodzaj_erupcji": "nieznana data wybuchu", "materiał": "bazalt / pikryt", "tektonika": "strefa ryftowa / skorupa pośrednia (15-25 km)", "legenda": "Wulkan", "źródło": "Global Volcanism Program, 2013. Volcanoes of the World, v. 4.11.0. Venzke, E (ed.). Smithsonian Institution. Downloaded 20 Jun 2022. https://doi.org/10.5479/si.GVP.VOTW4-2013" }, "geometry": { "type": "Point", "coordinates": [ 39.82, 15.042 ] } },
{ "type": "Feature", "properties": { "gid": 48, "nazwa": "Alid", "ostatnia_erupcja": "brak danych", "kraj": "Erytrea", "typ": "stratowulkan", "rodzaj_erupcji": "nieznana data wybuchu", "materiał": "ryolit", "tektonika": "strefa ryftowa / skorupa pośrednia (15-25 km)", "legenda": "Wulkan", "źródło": "Global Volcanism Program, 2013. Volcanoes of the World, v. 4.11.0. Venzke, E (ed.). Smithsonian Institution. Downloaded 20 Jun 2022. https://doi.org/10.5479/si.GVP.VOTW4-2013" }, "geometry": { "type": "Point", "coordinates": [ 39.92, 14.88 ] } },
{ "type": "Feature", "properties": { "gid": 50, "nazwa": "Gada Ale", "ostatnia_erupcja": "brak danych", "kraj": "Etiopia", "typ": "stratowulkan", "rodzaj_erupcji": "nieznana data wybuchu", "materiał": "bazalt / pikryt", "tektonika": "strefa ryftowa / skorupa pośrednia (15-25 km)", "legenda": "Wulkan", "źródło": "Global Volcanism Program, 2013. Volcanoes of the World, v. 4.11.0. Venzke, E (ed.). Smithsonian Institution. Downloaded 20 Jun 2022. https://doi.org/10.5479/si.GVP.VOTW4-2013" }, "geometry": { "type": "Point", "coordinates": [ 40.408, 13.975 ] } },
{ "type": "Feature", "properties": { "gid": 53, "nazwa": "Bora Ale", "ostatnia_erupcja": "brak danych", "kraj": "Etiopia", "typ": "stratowulkan", "rodzaj_erupcji": "nieznana data wybuchu", "materiał": "bazalt / pikryt", "tektonika": "strefa ryftowa / skorupa pośrednia (15-25 km)", "legenda": "Wulkan", "źródło": "Global Volcanism Program, 2013. Volcanoes of the World, v. 4.11.0. Venzke, E (ed.). Smithsonian Institution. Downloaded 20 Jun 2022. https://doi.org/10.5479/si.GVP.VOTW4-2013" }, "geometry": { "type": "Point", "coordinates": [ 40.6, 13.725 ] } },
{ "type": "Feature", "properties": { "gid": 1349, "nazwa": "Solo, El", "ostatnia_erupcja": "brak danych", "kraj": "Chile - Argentyna", "typ": "stratowulkan", "rodzaj_erupcji": "nieznana data wybuchu", "materiał": "dacyt", "tektonika": "strefa subdukcji / skorupa kontynentalna (>25 km)", "legenda": "Wulkan", "źródło": "Global Volcanism Program, 2013. Volcanoes of the World, v. 4.11.0. Venzke, E (ed.). Smithsonian Institution. Downloaded 20 Jun 2022. https://doi.org/10.5479/si.GVP.VOTW4-2013" }, "geometry": { "type": "Point", "coordinates": [ -68.713, -27.105 ] } },
{ "type": "Feature", "properties": { "gid": 1351, "nazwa": "Aracar", "ostatnia_erupcja": "brak danych", "kraj": "Argentyna", "typ": "stratowulkan", "rodzaj_erupcji": "nieznana data wybuchu", "materiał": "andezyt / andezyt bazaltowy", "tektonika": "strefa subdukcji / skorupa kontynentalna (>25 km)", "legenda": "Wulkan", "źródło": "Global Volcanism Program, 2013. Volcanoes of the World, v. 4.11.0. Venzke, E (ed.). Smithsonian Institution. Downloaded 20 Jun 2022. https://doi.org/10.5479/si.GVP.VOTW4-2013" }, "geometry": { "type": "Point", "coordinates": [ -67.783, -24.29 ] } },
{ "type": "Feature", "properties": { "gid": 1354, "nazwa": "Condor, El", "ostatnia_erupcja": "brak danych", "kraj": "Argentyna", "typ": "stratowulkan", "rodzaj_erupcji": "nieznana data wybuchu", "materiał": "-", "tektonika": "strefa subdukcji / skorupa kontynentalna (>25 km)", "legenda": "Wulkan", "źródło": "Global Volcanism Program, 2013. Volcanoes of the World, v. 4.11.0. Venzke, E (ed.). Smithsonian Institution. Downloaded 20 Jun 2022. https://doi.org/10.5479/si.GVP.VOTW4-2013" }, "geometry": { "type": "Point", "coordinates": [ -68.361, -26.632 ] } },
{ "type": "Feature", "properties": { "gid": 1355, "nazwa": "Peinado", "ostatnia_erupcja": "brak danych", "kraj": "Argentyna", "typ": "stratowulkan", "rodzaj_erupcji": "nieznana data wybuchu", "materiał": "andezyt / andezyt bazaltowy", "tektonika": "strefa subdukcji / skorupa kontynentalna (>25 km)", "legenda": "Wulkan", "źródło": "Global Volcanism Program, 2013. Volcanoes of the World, v. 4.11.0. Venzke, E (ed.). Smithsonian Institution. Downloaded 20 Jun 2022. https://doi.org/10.5479/si.GVP.VOTW4-2013" }, "geometry": { "type": "Point", "coordinates": [ -68.116, -26.623 ] } },
{ "type": "Feature", "properties": { "gid": 1362, "nazwa": "Palomo", "ostatnia_erupcja": "brak danych", "kraj": "Chile", "typ": "stratowulkan", "rodzaj_erupcji": "nieznana data wybuchu", "materiał": "andezyt / andezyt bazaltowy", "tektonika": "strefa subdukcji / skorupa kontynentalna (>25 km)", "legenda": "Wulkan", "źródło": "Global Volcanism Program, 2013. Volcanoes of the World, v. 4.11.0. Venzke, E (ed.). Smithsonian Institution. Downloaded 20 Jun 2022. https://doi.org/10.5479/si.GVP.VOTW4-2013" }, "geometry": { "type": "Point", "coordinates": [ -70.295, -34.608 ] } },
{ "type": "Feature", "properties": { "gid": 111, "nazwa": "Patoc", "ostatnia_erupcja": "brak danych", "kraj": "Filipiny", "typ": "stratowulkan", "rodzaj_erupcji": "holocen", "materiał": "andezyt / andezyt bazaltowy", "tektonika": "strefa subdukcji / skorupa kontynentalna (>25 km)", "legenda": "Wulkan", "źródło": "Global Volcanism Program, 2013. Volcanoes of the World, v. 4.11.0. Venzke, E (ed.). Smithsonian Institution. Downloaded 20 Jun 2022. https://doi.org/10.5479/si.GVP.VOTW4-2013" }, "geometry": { "type": "Point", "coordinates": [ 120.98, 17.147 ] } },
{ "type": "Feature", "properties": { "gid": 404, "nazwa": "Bazman", "ostatnia_erupcja": "brak danych", "kraj": "Iran", "typ": "stratowulkan", "rodzaj_erupcji": "holocen", "materiał": "andezyt / andezyt bazaltowy", "tektonika": "strefa subdukcji / skorupa kontynentalna (>25 km)", "legenda": "Wulkan", "źródło": "Global Volcanism Program, 2013. Volcanoes of the World, v. 4.11.0. Venzke, E (ed.). Smithsonian Institution. Downloaded 20 Jun 2022. https://doi.org/10.5479/si.GVP.VOTW4-2013" }, "geometry": { "type": "Point", "coordinates": [ 60.0, 28.07 ] } },
{ "type": "Feature", "properties": { "gid": 234, "nazwa": "Maug Islands", "ostatnia_erupcja": "brak danych", "kraj": "Stany Zjednoczone", "typ": "stratowulkan", "rodzaj_erupcji": "holocen", "materiał": "bazalt / pikryt", "tektonika": "strefa subdukcji / grubość skorupy nieznana", "legenda": "Wulkan", "źródło": "Global Volcanism Program, 2013. Volcanoes of the World, v. 4.11.0. Venzke, E (ed.). Smithsonian Institution. Downloaded 20 Jun 2022. https://doi.org/10.5479/si.GVP.VOTW4-2013" }, "geometry": { "type": "Point", "coordinates": [ 145.22, 20.02 ] } },
{ "type": "Feature", "properties": { "gid": 240, "nazwa": "Zealandia Bank", "ostatnia_erupcja": "brak danych", "kraj": "Stany Zjednoczone", "typ": "stratowulkan", "rodzaj_erupcji": "holocen", "materiał": "bazalt / pikryt", "tektonika": "strefa subdukcji / grubość skorupy nieznana", "legenda": "Wulkan", "źródło": "Global Volcanism Program, 2013. Volcanoes of the World, v. 4.11.0. Venzke, E (ed.). Smithsonian Institution. Downloaded 20 Jun 2022. https://doi.org/10.5479/si.GVP.VOTW4-2013" }, "geometry": { "type": "Point", "coordinates": [ 145.85, 16.88 ] } },
{ "type": "Feature", "properties": { "gid": 617, "nazwa": "Sulu Range", "ostatnia_erupcja": "brak danych", "kraj": "Papua - Nowa Gwinea", "typ": "stratowulkan", "rodzaj_erupcji": "holocen", "materiał": "andezyt / andezyt bazaltowy", "tektonika": "strefa subdukcji / skorupa kontynentalna (>25 km)", "legenda": "Wulkan", "źródło": "Global Volcanism Program, 2013. Volcanoes of the World, v. 4.11.0. Venzke, E (ed.). Smithsonian Institution. Downloaded 20 Jun 2022. https://doi.org/10.5479/si.GVP.VOTW4-2013" }, "geometry": { "type": "Point", "coordinates": [ 150.942000000000121, -5.5 ] } },
{ "type": "Feature", "properties": { "gid": 656, "nazwa": "Ilimuda", "ostatnia_erupcja": "brak danych", "kraj": "Indonezja", "typ": "stratowulkan", "rodzaj_erupcji": "holocen", "materiał": "andezyt / andezyt bazaltowy", "tektonika": "strefa subdukcji / grubość skorupy nieznana", "legenda": "Wulkan", "źródło": "Global Volcanism Program, 2013. Volcanoes of the World, v. 4.11.0. Venzke, E (ed.). Smithsonian Institution. Downloaded 20 Jun 2022. https://doi.org/10.5479/si.GVP.VOTW4-2013" }, "geometry": { "type": "Point", "coordinates": [ 122.761, -8.479 ] } },
{ "type": "Feature", "properties": { "gid": 661, "nazwa": "Ililabalekan", "ostatnia_erupcja": "brak danych", "kraj": "Indonezja", "typ": "stratowulkan", "rodzaj_erupcji": "holocen", "materiał": "bazalt / pikryt", "tektonika": "strefa subdukcji / grubość skorupy nieznana", "legenda": "Wulkan", "źródło": "Global Volcanism Program, 2013. Volcanoes of the World, v. 4.11.0. Venzke, E (ed.). Smithsonian Institution. Downloaded 20 Jun 2022. https://doi.org/10.5479/si.GVP.VOTW4-2013" }, "geometry": { "type": "Point", "coordinates": [ 123.380000000000109, -8.55 ] } },
{ "type": "Feature", "properties": { "gid": 670, "nazwa": "Manuk", "ostatnia_erupcja": "brak danych", "kraj": "Indonezja", "typ": "stratowulkan", "rodzaj_erupcji": "holocen", "materiał": "andezyt / andezyt bazaltowy", "tektonika": "strefa subdukcji / skorupa oceaniczna (< 15 km)", "legenda": "Wulkan", "źródło": "Global Volcanism Program, 2013. Volcanoes of the World, v. 4.11.0. Venzke, E (ed.). Smithsonian Institution. Downloaded 20 Jun 2022. https://doi.org/10.5479/si.GVP.VOTW4-2013" }, "geometry": { "type": "Point", "coordinates": [ 130.303000000000111, -5.543 ] } },
{ "type": "Feature", "properties": { "gid": 681, "nazwa": "Klabat", "ostatnia_erupcja": "brak danych", "kraj": "Indonezja", "typ": "stratowulkan", "rodzaj_erupcji": "holocen", "materiał": "andezyt / andezyt bazaltowy", "tektonika": "strefa subdukcji / skorupa kontynentalna (>25 km)", "legenda": "Wulkan", "źródło": "Global Volcanism Program, 2013. Volcanoes of the World, v. 4.11.0. Venzke, E (ed.). Smithsonian Institution. Downloaded 20 Jun 2022. https://doi.org/10.5479/si.GVP.VOTW4-2013" }, "geometry": { "type": "Point", "coordinates": [ 125.031, 1.454 ] } },
{ "type": "Feature", "properties": { "gid": 703, "nazwa": "Balut", "ostatnia_erupcja": "brak danych", "kraj": "Filipiny", "typ": "stratowulkan", "rodzaj_erupcji": "holocen", "materiał": "andezyt / andezyt bazaltowy", "tektonika": "strefa subdukcji / skorupa kontynentalna (>25 km)", "legenda": "Wulkan", "źródło": "Global Volcanism Program, 2013. Volcanoes of the World, v. 4.11.0. Venzke, E (ed.). Smithsonian Institution. Downloaded 20 Jun 2022. https://doi.org/10.5479/si.GVP.VOTW4-2013" }, "geometry": { "type": "Point", "coordinates": [ 125.375000000000114, 5.4 ] } },
{ "type": "Feature", "properties": { "gid": 706, "nazwa": "Apo", "ostatnia_erupcja": "brak danych", "kraj": "Filipiny", "typ": "stratowulkan", "rodzaj_erupcji": "holocen", "materiał": "andezyt / andezyt bazaltowy", "tektonika": "strefa subdukcji / skorupa kontynentalna (>25 km)", "legenda": "Wulkan", "źródło": "Global Volcanism Program, 2013. Volcanoes of the World, v. 4.11.0. Venzke, E (ed.). Smithsonian Institution. Downloaded 20 Jun 2022. https://doi.org/10.5479/si.GVP.VOTW4-2013" }, "geometry": { "type": "Point", "coordinates": [ 125.269000000000119, 6.989 ] } },
{ "type": "Feature", "properties": { "gid": 718, "nazwa": "Silay", "ostatnia_erupcja": "brak danych", "kraj": "Filipiny", "typ": "stratowulkan", "rodzaj_erupcji": "holocen", "materiał": "andezyt / andezyt bazaltowy", "tektonika": "strefa subdukcji / skorupa kontynentalna (>25 km)", "legenda": "Wulkan", "źródło": "Global Volcanism Program, 2013. Volcanoes of the World, v. 4.11.0. Venzke, E (ed.). Smithsonian Institution. Downloaded 20 Jun 2022. https://doi.org/10.5479/si.GVP.VOTW4-2013" }, "geometry": { "type": "Point", "coordinates": [ 123.23, 10.77 ] } },
{ "type": "Feature", "properties": { "gid": 720, "nazwa": "Mahagnao", "ostatnia_erupcja": "brak danych", "kraj": "Filipiny", "typ": "stratowulkan", "rodzaj_erupcji": "holocen", "materiał": "andezyt / andezyt bazaltowy", "tektonika": "strefa subdukcji / skorupa kontynentalna (>25 km)", "legenda": "Wulkan", "źródło": "Global Volcanism Program, 2013. Volcanoes of the World, v. 4.11.0. Venzke, E (ed.). Smithsonian Institution. Downloaded 20 Jun 2022. https://doi.org/10.5479/si.GVP.VOTW4-2013" }, "geometry": { "type": "Point", "coordinates": [ 124.888, 10.882 ] } },
{ "type": "Feature", "properties": { "gid": 864, "nazwa": "Daun, Bukit", "ostatnia_erupcja": "brak danych", "kraj": "Indonezja", "typ": "stratowulkan", "rodzaj_erupcji": "holocen", "materiał": "bazalt / pikryt", "tektonika": "strefa subdukcji / skorupa kontynentalna (>25 km)", "legenda": "Wulkan", "źródło": "Global Volcanism Program, 2013. Volcanoes of the World, v. 4.11.0. Venzke, E (ed.). Smithsonian Institution. Downloaded 20 Jun 2022. https://doi.org/10.5479/si.GVP.VOTW4-2013" }, "geometry": { "type": "Point", "coordinates": [ 102.37, -3.38 ] } },
{ "type": "Feature", "properties": { "gid": 867, "nazwa": "Patah", "ostatnia_erupcja": "brak danych", "kraj": "Indonezja", "typ": "stratowulkan", "rodzaj_erupcji": "holocen", "materiał": "-", "tektonika": "strefa subdukcji / skorupa kontynentalna (>25 km)", "legenda": "Wulkan", "źródło": "Global Volcanism Program, 2013. Volcanoes of the World, v. 4.11.0. Venzke, E (ed.). Smithsonian Institution. Downloaded 20 Jun 2022. https://doi.org/10.5479/si.GVP.VOTW4-2013" }, "geometry": { "type": "Point", "coordinates": [ 103.306, -4.257 ] } },
{ "type": "Feature", "properties": { "gid": 872, "nazwa": "Rajabasa", "ostatnia_erupcja": "brak danych", "kraj": "Indonezja", "typ": "stratowulkan", "rodzaj_erupcji": "holocen", "materiał": "andezyt / andezyt bazaltowy", "tektonika": "strefa subdukcji / skorupa kontynentalna (>25 km)", "legenda": "Wulkan", "źródło": "Global Volcanism Program, 2013. Volcanoes of the World, v. 4.11.0. Venzke, E (ed.). Smithsonian Institution. Downloaded 20 Jun 2022. https://doi.org/10.5479/si.GVP.VOTW4-2013" }, "geometry": { "type": "Point", "coordinates": [ 105.625, -5.78 ] } },
{ "type": "Feature", "properties": { "gid": 886, "nazwa": "Talagabodas", "ostatnia_erupcja": "brak danych", "kraj": "Indonezja", "typ": "stratowulkan", "rodzaj_erupcji": "holocen", "materiał": "bazalt / pikryt", "tektonika": "strefa subdukcji / skorupa kontynentalna (>25 km)", "legenda": "Wulkan", "źródło": "Global Volcanism Program, 2013. Volcanoes of the World, v. 4.11.0. Venzke, E (ed.). Smithsonian Institution. Downloaded 20 Jun 2022. https://doi.org/10.5479/si.GVP.VOTW4-2013" }, "geometry": { "type": "Point", "coordinates": [ 108.07, -7.208 ] } },
{ "type": "Feature", "properties": { "gid": 902, "nazwa": "Kukak", "ostatnia_erupcja": "brak danych", "kraj": "Stany Zjednoczone", "typ": "stratowulkan", "rodzaj_erupcji": "holocen", "materiał": "andezyt / andezyt bazaltowy", "tektonika": "strefa subdukcji / skorupa kontynentalna (>25 km)", "legenda": "Wulkan", "źródło": "Global Volcanism Program, 2013. Volcanoes of the World, v. 4.11.0. Venzke, E (ed.). Smithsonian Institution. Downloaded 20 Jun 2022. https://doi.org/10.5479/si.GVP.VOTW4-2013" }, "geometry": { "type": "Point", "coordinates": [ -154.355, 58.453 ] } },
{ "type": "Feature", "properties": { "gid": 1051, "nazwa": "Esjufjoll", "ostatnia_erupcja": "brak danych", "kraj": "Islandia", "typ": "stratowulkan", "rodzaj_erupcji": "holocen", "materiał": "bazalt / pikryt", "tektonika": "strefa ryftowa / skorupa oceaniczna (< 15 km)", "legenda": "Wulkan", "źródło": "Global Volcanism Program, 2013. Volcanoes of the World, v. 4.11.0. Venzke, E (ed.). Smithsonian Institution. Downloaded 20 Jun 2022. https://doi.org/10.5479/si.GVP.VOTW4-2013" }, "geometry": { "type": "Point", "coordinates": [ -16.583, 64.25 ] } },
{ "type": "Feature", "properties": { "gid": 1111, "nazwa": "Leskov Island", "ostatnia_erupcja": "brak danych", "kraj": "Wielka Brytania", "typ": "stratowulkan", "rodzaj_erupcji": "holocen", "materiał": "andezyt / andezyt bazaltowy", "tektonika": "strefa subdukcji / skorupa oceaniczna (< 15 km)", "legenda": "Wulkan", "źródło": "Global Volcanism Program, 2013. Volcanoes of the World, v. 4.11.0. Venzke, E (ed.). Smithsonian Institution. Downloaded 20 Jun 2022. https://doi.org/10.5479/si.GVP.VOTW4-2013" }, "geometry": { "type": "Point", "coordinates": [ -28.14, -56.656 ] } },
{ "type": "Feature", "properties": { "gid": 1122, "nazwa": "Mombacho", "ostatnia_erupcja": "brak danych", "kraj": "Nikaragua", "typ": "stratowulkan", "rodzaj_erupcji": "holocen", "materiał": "andezyt / andezyt bazaltowy", "tektonika": "strefa subdukcji / skorupa kontynentalna (>25 km)", "legenda": "Wulkan", "źródło": "Global Volcanism Program, 2013. Volcanoes of the World, v. 4.11.0. Venzke, E (ed.). Smithsonian Institution. Downloaded 20 Jun 2022. https://doi.org/10.5479/si.GVP.VOTW4-2013" }, "geometry": { "type": "Point", "coordinates": [ -85.968, 11.826 ] } },
{ "type": "Feature", "properties": { "gid": 1206, "nazwa": "Tacora", "ostatnia_erupcja": "brak danych", "kraj": "Chile - Peru", "typ": "stratowulkan", "rodzaj_erupcji": "holocen", "materiał": "andezyt / andezyt bazaltowy", "tektonika": "strefa subdukcji / skorupa kontynentalna (>25 km)", "legenda": "Wulkan", "źródło": "Global Volcanism Program, 2013. Volcanoes of the World, v. 4.11.0. Venzke, E (ed.). Smithsonian Institution. Downloaded 20 Jun 2022. https://doi.org/10.5479/si.GVP.VOTW4-2013" }, "geometry": { "type": "Point", "coordinates": [ -69.77, -17.72 ] } },
{ "type": "Feature", "properties": { "gid": 689, "nazwa": "Tobaru", "ostatnia_erupcja": "brak danych", "kraj": "Indonezja", "typ": "stratowulkan", "rodzaj_erupcji": "nieznana data wybuchu", "materiał": "andezyt / andezyt bazaltowy", "tektonika": "strefa subdukcji / skorupa oceaniczna (< 15 km)", "legenda": "Wulkan", "źródło": "Global Volcanism Program, 2013. Volcanoes of the World, v. 4.11.0. Venzke, E (ed.). Smithsonian Institution. Downloaded 20 Jun 2022. https://doi.org/10.5479/si.GVP.VOTW4-2013" }, "geometry": { "type": "Point", "coordinates": [ 127.67, 1.63 ] } },
{ "type": "Feature", "properties": { "gid": 1389, "nazwa": "Llaima", "ostatnia_erupcja": "2009", "kraj": "Chile", "typ": "stratowulkan", "rodzaj_erupcji": "erupcja zaobserwowana", "materiał": "bazalt / pikryt", "tektonika": "strefa subdukcji / skorupa kontynentalna (>25 km)", "legenda": "Wulkan", "źródło": "Global Volcanism Program, 2013. Volcanoes of the World, v. 4.11.0. Venzke, E (ed.). Smithsonian Institution. Downloaded 20 Jun 2022. https://doi.org/10.5479/si.GVP.VOTW4-2013" }, "geometry": { "type": "Point", "coordinates": [ -71.729, -38.692 ] } },
{ "type": "Feature", "properties": { "gid": 1282, "nazwa": "Chichon, El", "ostatnia_erupcja": "1982", "kraj": "Meksyk", "typ": "kopuła lawowa", "rodzaj_erupcji": "erupcja zaobserwowana", "materiał": "trachyandezyt / bazaltowy trachyandezyt", "tektonika": "strefa subdukcji / skorupa kontynentalna (>25 km)", "legenda": "Wulkan", "źródło": "Global Volcanism Program, 2013. Volcanoes of the World, v. 4.11.0. Venzke, E (ed.). Smithsonian Institution. Downloaded 20 Jun 2022. https://doi.org/10.5479/si.GVP.VOTW4-2013" }, "geometry": { "type": "Point", "coordinates": [ -93.228, 17.36 ] } },
{ "type": "Feature", "properties": { "gid": 20, "nazwa": "Methana", "ostatnia_erupcja": "258 p.n.e.", "kraj": "Grecja", "typ": "kopuła lawowa", "rodzaj_erupcji": "erupcja zaobserwowana", "materiał": "andezyt / andezyt bazaltowy", "tektonika": "strefa subdukcji / skorupa kontynentalna (>25 km)", "legenda": "Wulkan", "źródło": "Global Volcanism Program, 2013. Volcanoes of the World, v. 4.11.0. Venzke, E (ed.). Smithsonian Institution. Downloaded 20 Jun 2022. https://doi.org/10.5479/si.GVP.VOTW4-2013" }, "geometry": { "type": "Point", "coordinates": [ 23.336, 37.615 ] } },
{ "type": "Feature", "properties": { "gid": 795, "nazwa": "Shisheika", "ostatnia_erupcja": "2240 p.n.e.", "kraj": "Rosja", "typ": "kopuła lawowa", "rodzaj_erupcji": "erupcja datowana", "materiał": "andezyt / andezyt bazaltowy", "tektonika": "strefa subdukcji / skorupa kontynentalna (>25 km)", "legenda": "Wulkan", "źródło": "Global Volcanism Program, 2013. Volcanoes of the World, v. 4.11.0. Venzke, E (ed.). Smithsonian Institution. Downloaded 20 Jun 2022. https://doi.org/10.5479/si.GVP.VOTW4-2013" }, "geometry": { "type": "Point", "coordinates": [ 161.09, 57.153 ] } },
{ "type": "Feature", "properties": { "gid": 134, "nazwa": "Tatun Volcanic Group", "ostatnia_erupcja": "648", "kraj": "Tajwan", "typ": "kopuła lawowa", "rodzaj_erupcji": "erupcja datowana", "materiał": "andezyt / andezyt bazaltowy", "tektonika": "strefa subdukcji / skorupa kontynentalna (>25 km)", "legenda": "Wulkan", "źródło": "Global Volcanism Program, 2013. Volcanoes of the World, v. 4.11.0. Venzke, E (ed.). Smithsonian Institution. Downloaded 20 Jun 2022. https://doi.org/10.5479/si.GVP.VOTW4-2013" }, "geometry": { "type": "Point", "coordinates": [ 121.553000000000111, 25.178 ] } },
{ "type": "Feature", "properties": { "gid": 167, "nazwa": "Niigata-Yakeyama", "ostatnia_erupcja": "1998", "kraj": "Japonia", "typ": "kopuła lawowa", "rodzaj_erupcji": "erupcja zaobserwowana", "materiał": "andezyt / andezyt bazaltowy", "tektonika": "strefa subdukcji / skorupa kontynentalna (>25 km)", "legenda": "Wulkan", "źródło": "Global Volcanism Program, 2013. Volcanoes of the World, v. 4.11.0. Venzke, E (ed.). Smithsonian Institution. Downloaded 20 Jun 2022. https://doi.org/10.5479/si.GVP.VOTW4-2013" }, "geometry": { "type": "Point", "coordinates": [ 138.036, 36.921 ] } },
{ "type": "Feature", "properties": { "gid": 177, "nazwa": "Omanago Group", "ostatnia_erupcja": "3050 p.n.e.", "kraj": "Japonia", "typ": "kopuła lawowa", "rodzaj_erupcji": "erupcja datowana", "materiał": "dacyt", "tektonika": "strefa subdukcji / skorupa kontynentalna (>25 km)", "legenda": "Wulkan", "źródło": "Global Volcanism Program, 2013. Volcanoes of the World, v. 4.11.0. Venzke, E (ed.). Smithsonian Institution. Downloaded 20 Jun 2022. https://doi.org/10.5479/si.GVP.VOTW4-2013" }, "geometry": { "type": "Point", "coordinates": [ 139.507, 36.795 ] } },
{ "type": "Feature", "properties": { "gid": 903, "nazwa": "Kaguyak", "ostatnia_erupcja": "3850 p.n.e.", "kraj": "Stany Zjednoczone", "typ": "kopuła lawowa", "rodzaj_erupcji": "erupcja datowana", "materiał": "dacyt", "tektonika": "strefa subdukcji / skorupa kontynentalna (>25 km)", "legenda": "Wulkan", "źródło": "Global Volcanism Program, 2013. Volcanoes of the World, v. 4.11.0. Venzke, E (ed.). Smithsonian Institution. Downloaded 20 Jun 2022. https://doi.org/10.5479/si.GVP.VOTW4-2013" }, "geometry": { "type": "Point", "coordinates": [ -154.028, 58.608 ] } },
{ "type": "Feature", "properties": { "gid": 906, "nazwa": "Augustine", "ostatnia_erupcja": "2006", "kraj": "Stany Zjednoczone", "typ": "kopuła lawowa", "rodzaj_erupcji": "erupcja zaobserwowana", "materiał": "andezyt / andezyt bazaltowy", "tektonika": "strefa subdukcji / skorupa kontynentalna (>25 km)", "legenda": "Wulkan", "źródło": "Global Volcanism Program, 2013. Volcanoes of the World, v. 4.11.0. Venzke, E (ed.). Smithsonian Institution. Downloaded 20 Jun 2022. https://doi.org/10.5479/si.GVP.VOTW4-2013" }, "geometry": { "type": "Point", "coordinates": [ -153.43, 59.363 ] } },
{ "type": "Feature", "properties": { "gid": 200, "nazwa": "Niijima", "ostatnia_erupcja": "886", "kraj": "Japonia", "typ": "kopuła lawowa", "rodzaj_erupcji": "erupcja zaobserwowana", "materiał": "ryolit", "tektonika": "strefa subdukcji / skorupa oceaniczna (< 15 km)", "legenda": "Wulkan", "źródło": "Global Volcanism Program, 2013. Volcanoes of the World, v. 4.11.0. Venzke, E (ed.). Smithsonian Institution. Downloaded 20 Jun 2022. https://doi.org/10.5479/si.GVP.VOTW4-2013" }, "geometry": { "type": "Point", "coordinates": [ 139.27, 34.397 ] } },
{ "type": "Feature", "properties": { "gid": 201, "nazwa": "Kozushima", "ostatnia_erupcja": "838", "kraj": "Japonia", "typ": "kopuła lawowa", "rodzaj_erupcji": "erupcja zaobserwowana", "materiał": "ryolit", "tektonika": "strefa subdukcji / skorupa oceaniczna (< 15 km)", "legenda": "Wulkan", "źródło": "Global Volcanism Program, 2013. Volcanoes of the World, v. 4.11.0. Venzke, E (ed.). Smithsonian Institution. Downloaded 20 Jun 2022. https://doi.org/10.5479/si.GVP.VOTW4-2013" }, "geometry": { "type": "Point", "coordinates": [ 139.153, 34.219 ] } },
{ "type": "Feature", "properties": { "gid": 152, "nazwa": "Yufu-Tsurumi", "ostatnia_erupcja": "867", "kraj": "Japonia", "typ": "kopuła lawowa", "rodzaj_erupcji": "erupcja zaobserwowana", "materiał": "andezyt / andezyt bazaltowy", "tektonika": "strefa subdukcji / skorupa kontynentalna (>25 km)", "legenda": "Wulkan", "źródło": "Global Volcanism Program, 2013. Volcanoes of the World, v. 4.11.0. Venzke, E (ed.). Smithsonian Institution. Downloaded 20 Jun 2022. https://doi.org/10.5479/si.GVP.VOTW4-2013" }, "geometry": { "type": "Point", "coordinates": [ 131.3900000000001, 33.282 ] } },
{ "type": "Feature", "properties": { "gid": 211, "nazwa": "Diky Greben", "ostatnia_erupcja": "350", "kraj": "Rosja", "typ": "kopuła lawowa", "rodzaj_erupcji": "erupcja datowana", "materiał": "dacyt", "tektonika": "strefa subdukcji / skorupa kontynentalna (>25 km)", "legenda": "Wulkan", "źródło": "Global Volcanism Program, 2013. Volcanoes of the World, v. 4.11.0. Venzke, E (ed.). Smithsonian Institution. Downloaded 20 Jun 2022. https://doi.org/10.5479/si.GVP.VOTW4-2013" }, "geometry": { "type": "Point", "coordinates": [ 156.978, 51.452 ] } },
{ "type": "Feature", "properties": { "gid": 969, "nazwa": "Mono-Inyo Craters", "ostatnia_erupcja": "1380", "kraj": "Stany Zjednoczone", "typ": "kopuła lawowa", "rodzaj_erupcji": "erupcja datowana", "materiał": "ryolit", "tektonika": "strefa ryftowa / skorupa kontynentalna (>25 km)", "legenda": "Wulkan", "źródło": "Global Volcanism Program, 2013. Volcanoes of the World, v. 4.11.0. Venzke, E (ed.). Smithsonian Institution. Downloaded 20 Jun 2022. https://doi.org/10.5479/si.GVP.VOTW4-2013" }, "geometry": { "type": "Point", "coordinates": [ -119.029, 37.804 ] } },
{ "type": "Feature", "properties": { "gid": 970, "nazwa": "Mammoth Mountain", "ostatnia_erupcja": "1260", "kraj": "Stany Zjednoczone", "typ": "kopuła lawowa", "rodzaj_erupcji": "erupcja datowana", "materiał": "trachit", "tektonika": "strefa ryftowa / skorupa kontynentalna (>25 km)", "legenda": "Wulkan", "źródło": "Global Volcanism Program, 2013. Volcanoes of the World, v. 4.11.0. Venzke, E (ed.). Smithsonian Institution. Downloaded 20 Jun 2022. https://doi.org/10.5479/si.GVP.VOTW4-2013" }, "geometry": { "type": "Point", "coordinates": [ -119.032, 37.631 ] } },
{ "type": "Feature", "properties": { "gid": 974, "nazwa": "Salton Buttes", "ostatnia_erupcja": "210", "kraj": "Stany Zjednoczone", "typ": "kopuła lawowa", "rodzaj_erupcji": "erupcja datowana", "materiał": "ryolit", "tektonika": "strefa ryftowa / skorupa kontynentalna (>25 km)", "legenda": "Wulkan", "źródło": "Global Volcanism Program, 2013. Volcanoes of the World, v. 4.11.0. Venzke, E (ed.). Smithsonian Institution. Downloaded 20 Jun 2022. https://doi.org/10.5479/si.GVP.VOTW4-2013" }, "geometry": { "type": "Point", "coordinates": [ -115.616, 33.197 ] } },
{ "type": "Feature", "properties": { "gid": 252, "nazwa": "Esan", "ostatnia_erupcja": "1874", "kraj": "Japonia", "typ": "kopuła lawowa", "rodzaj_erupcji": "erupcja zaobserwowana", "materiał": "andezyt / andezyt bazaltowy", "tektonika": "strefa subdukcji / skorupa kontynentalna (>25 km)", "legenda": "Wulkan", "źródło": "Global Volcanism Program, 2013. Volcanoes of the World, v. 4.11.0. Venzke, E (ed.). Smithsonian Institution. Downloaded 20 Jun 2022. https://doi.org/10.5479/si.GVP.VOTW4-2013" }, "geometry": { "type": "Point", "coordinates": [ 141.166, 41.805 ] } },
{ "type": "Feature", "properties": { "gid": 1202, "nazwa": "Ticsani", "ostatnia_erupcja": "1800", "kraj": "Peru", "typ": "kopuła lawowa", "rodzaj_erupcji": "erupcja datowana", "materiał": "dacyt", "tektonika": "strefa subdukcji / skorupa kontynentalna (>25 km)", "legenda": "Wulkan", "źródło": "Global Volcanism Program, 2013. Volcanoes of the World, v. 4.11.0. Venzke, E (ed.). Smithsonian Institution. Downloaded 20 Jun 2022. https://doi.org/10.5479/si.GVP.VOTW4-2013" }, "geometry": { "type": "Point", "coordinates": [ -70.595, -16.755 ] } },
{ "type": "Feature", "properties": { "gid": 541, "nazwa": "Okataina", "ostatnia_erupcja": "1981", "kraj": "Nowa Zelandia", "typ": "kopuła lawowa", "rodzaj_erupcji": "erupcja zaobserwowana", "materiał": "ryolit", "tektonika": "strefa subdukcji / skorupa kontynentalna (>25 km)", "legenda": "Wulkan", "źródło": "Global Volcanism Program, 2013. Volcanoes of the World, v. 4.11.0. Venzke, E (ed.). Smithsonian Institution. Downloaded 20 Jun 2022. https://doi.org/10.5479/si.GVP.VOTW4-2013" }, "geometry": { "type": "Point", "coordinates": [ 176.500000000000114, -38.12 ] } },
{ "type": "Feature", "properties": { "gid": 1190, "nazwa": "Quimsachata", "ostatnia_erupcja": "4450 p.n.e.", "kraj": "Peru", "typ": "kopuła lawowa", "rodzaj_erupcji": "erupcja datowana", "materiał": "ryolit", "tektonika": "strefa subdukcji / skorupa kontynentalna (>25 km)", "legenda": "Wulkan", "źródło": "Global Volcanism Program, 2013. Volcanoes of the World, v. 4.11.0. Venzke, E (ed.). Smithsonian Institution. Downloaded 20 Jun 2022. https://doi.org/10.5479/si.GVP.VOTW4-2013" }, "geometry": { "type": "Point", "coordinates": [ -71.351, -14.176 ] } },
{ "type": "Feature", "properties": { "gid": 2, "nazwa": "Chaine des Puys", "ostatnia_erupcja": "4040 p.n.e.", "kraj": "Francja", "typ": "kopuła lawowa", "rodzaj_erupcji": "erupcja datowana", "materiał": "bazalt / pikryt", "tektonika": "strefa ryftowa / skorupa kontynentalna (>25 km)", "legenda": "Wulkan", "źródło": "Global Volcanism Program, 2013. Volcanoes of the World, v. 4.11.0. Venzke, E (ed.). Smithsonian Institution. Downloaded 20 Jun 2022. https://doi.org/10.5479/si.GVP.VOTW4-2013" }, "geometry": { "type": "Point", "coordinates": [ 2.97, 45.775 ] } },
{ "type": "Feature", "properties": { "gid": 1430, "nazwa": "Fueguino", "ostatnia_erupcja": "1820", "kraj": "Chile", "typ": "kopuła lawowa", "rodzaj_erupcji": "erupcja zaobserwowana", "materiał": "andezyt / andezyt bazaltowy", "tektonika": "strefa subdukcji / skorupa kontynentalna (>25 km)", "legenda": "Wulkan", "źródło": "Global Volcanism Program, 2013. Volcanoes of the World, v. 4.11.0. Venzke, E (ed.). Smithsonian Institution. Downloaded 20 Jun 2022. https://doi.org/10.5479/si.GVP.VOTW4-2013" }, "geometry": { "type": "Point", "coordinates": [ -70.262, -54.97 ] } },
{ "type": "Feature", "properties": { "gid": 593, "nazwa": "Nabukelevu", "ostatnia_erupcja": "1660", "kraj": "Fidżi", "typ": "kopuła lawowa", "rodzaj_erupcji": "erupcja datowana", "materiał": "andezyt / andezyt bazaltowy", "tektonika": "strefa subdukcji / grubość skorupy nieznana", "legenda": "Wulkan", "źródło": "Global Volcanism Program, 2013. Volcanoes of the World, v. 4.11.0. Venzke, E (ed.). Smithsonian Institution. Downloaded 20 Jun 2022. https://doi.org/10.5479/si.GVP.VOTW4-2013" }, "geometry": { "type": "Point", "coordinates": [ 177.98, -19.12 ] } },
{ "type": "Feature", "properties": { "gid": 647, "nazwa": "Ranakah", "ostatnia_erupcja": "1991", "kraj": "Indonezja", "typ": "kopuła lawowa", "rodzaj_erupcji": "erupcja zaobserwowana", "materiał": "andezyt / andezyt bazaltowy", "tektonika": "strefa subdukcji / skorupa kontynentalna (>25 km)", "legenda": "Wulkan", "źródło": "Global Volcanism Program, 2013. Volcanoes of the World, v. 4.11.0. Venzke, E (ed.). Smithsonian Institution. Downloaded 20 Jun 2022. https://doi.org/10.5479/si.GVP.VOTW4-2013" }, "geometry": { "type": "Point", "coordinates": [ 120.52, -8.62 ] } },
{ "type": "Feature", "properties": { "gid": 712, "nazwa": "Musuan", "ostatnia_erupcja": "1886", "kraj": "Filipiny", "typ": "kopuła lawowa", "rodzaj_erupcji": "erupcja zaobserwowana", "materiał": "andezyt / andezyt bazaltowy", "tektonika": "strefa subdukcji / skorupa kontynentalna (>25 km)", "legenda": "Wulkan", "źródło": "Global Volcanism Program, 2013. Volcanoes of the World, v. 4.11.0. Venzke, E (ed.). Smithsonian Institution. Downloaded 20 Jun 2022. https://doi.org/10.5479/si.GVP.VOTW4-2013" }, "geometry": { "type": "Point", "coordinates": [ 125.068, 7.877 ] } },
{ "type": "Feature", "properties": { "gid": 1410, "nazwa": "Huequi", "ostatnia_erupcja": "1920", "kraj": "Chile", "typ": "kopuła lawowa", "rodzaj_erupcji": "erupcja zaobserwowana", "materiał": "andezyt / andezyt bazaltowy", "tektonika": "strefa subdukcji / skorupa kontynentalna (>25 km)", "legenda": "Wulkan", "źródło": "Global Volcanism Program, 2013. Volcanoes of the World, v. 4.11.0. Venzke, E (ed.). Smithsonian Institution. Downloaded 20 Jun 2022. https://doi.org/10.5479/si.GVP.VOTW4-2013" }, "geometry": { "type": "Point", "coordinates": [ -72.578, -42.377 ] } },
{ "type": "Feature", "properties": { "gid": 733, "nazwa": "Barkhatnaya Sopka", "ostatnia_erupcja": "3550 p.n.e.", "kraj": "Rosja", "typ": "kopuła lawowa", "rodzaj_erupcji": "erupcja datowana", "materiał": "bazalt / pikryt", "tektonika": "strefa subdukcji / skorupa kontynentalna (>25 km)", "legenda": "Wulkan", "źródło": "Global Volcanism Program, 2013. Volcanoes of the World, v. 4.11.0. Venzke, E (ed.). Smithsonian Institution. Downloaded 20 Jun 2022. https://doi.org/10.5479/si.GVP.VOTW4-2013" }, "geometry": { "type": "Point", "coordinates": [ 158.240000000000123, 52.802 ] } },
{ "type": "Feature", "properties": { "gid": 28, "nazwa": "Gollu Dag", "ostatnia_erupcja": "brak danych", "kraj": "Turcja", "typ": "kopuła lawowa", "rodzaj_erupcji": "brak dowodów na wybuch", "materiał": "ryolit", "tektonika": "strefa subdukcji / skorupa kontynentalna (>25 km)", "legenda": "Wulkan", "źródło": "Global Volcanism Program, 2013. Volcanoes of the World, v. 4.11.0. Venzke, E (ed.). Smithsonian Institution. Downloaded 20 Jun 2022. https://doi.org/10.5479/si.GVP.VOTW4-2013" }, "geometry": { "type": "Point", "coordinates": [ 34.57, 38.25 ] } },
{ "type": "Feature", "properties": { "gid": 1150, "nazwa": "Petacas", "ostatnia_erupcja": "brak danych", "kraj": "Kolumbia", "typ": "kopuła lawowa", "rodzaj_erupcji": "brak dowodów na wybuch", "materiał": "-", "tektonika": "strefa subdukcji / skorupa kontynentalna (>25 km)", "legenda": "Wulkan", "źródło": "Global Volcanism Program, 2013. Volcanoes of the World, v. 4.11.0. Venzke, E (ed.). Smithsonian Institution. Downloaded 20 Jun 2022. https://doi.org/10.5479/si.GVP.VOTW4-2013" }, "geometry": { "type": "Point", "coordinates": [ -76.814, 1.666 ] } },
{ "type": "Feature", "properties": { "gid": 1214, "nazwa": "Jatun Mundo Quri Warani", "ostatnia_erupcja": "brak danych", "kraj": "Boliwia", "typ": "kopuła lawowa", "rodzaj_erupcji": "brak dowodów na wybuch", "materiał": "dacyt", "tektonika": "strefa subdukcji / skorupa kontynentalna (>25 km)", "legenda": "Wulkan", "źródło": "Global Volcanism Program, 2013. Volcanoes of the World, v. 4.11.0. Venzke, E (ed.). Smithsonian Institution. Downloaded 20 Jun 2022. https://doi.org/10.5479/si.GVP.VOTW4-2013" }, "geometry": { "type": "Point", "coordinates": [ -66.48, -19.78 ] } },
{ "type": "Feature", "properties": { "gid": 1245, "nazwa": "Prieto, Cerro", "ostatnia_erupcja": "brak danych", "kraj": "Meksyk", "typ": "kopuła lawowa", "rodzaj_erupcji": "brak dowodów na wybuch", "materiał": "dacyt", "tektonika": "strefa ryftowa / skorupa kontynentalna (>25 km)", "legenda": "Wulkan", "źródło": "Global Volcanism Program, 2013. Volcanoes of the World, v. 4.11.0. Venzke, E (ed.). Smithsonian Institution. Downloaded 20 Jun 2022. https://doi.org/10.5479/si.GVP.VOTW4-2013" }, "geometry": { "type": "Point", "coordinates": [ -115.305, 32.418 ] } },
{ "type": "Feature", "properties": { "gid": 1381, "nazwa": "Trolon", "ostatnia_erupcja": "brak danych", "kraj": "Argentyna", "typ": "kopuła lawowa", "rodzaj_erupcji": "brak dowodów na wybuch", "materiał": "dacyt", "tektonika": "strefa subdukcji / skorupa kontynentalna (>25 km)", "legenda": "Wulkan", "źródło": "Global Volcanism Program, 2013. Volcanoes of the World, v. 4.11.0. Venzke, E (ed.). Smithsonian Institution. Downloaded 20 Jun 2022. https://doi.org/10.5479/si.GVP.VOTW4-2013" }, "geometry": { "type": "Point", "coordinates": [ -70.906, -37.738 ] } },
{ "type": "Feature", "properties": { "gid": 514, "nazwa": "Unnamed", "ostatnia_erupcja": "brak danych", "kraj": "Stany Zjednoczone", "typ": "kopuła lawowa", "rodzaj_erupcji": "nieznana data wybuchu", "materiał": "-", "tektonika": "strefa subdukcji / skorupa kontynentalna (>25 km)", "legenda": "Wulkan", "źródło": "Global Volcanism Program, 2013. Volcanoes of the World, v. 4.11.0. Venzke, E (ed.). Smithsonian Institution. Downloaded 20 Jun 2022. https://doi.org/10.5479/si.GVP.VOTW4-2013" }, "geometry": { "type": "Point", "coordinates": [ -155.411, 57.87 ] } },
{ "type": "Feature", "properties": { "gid": 24, "nazwa": "Yali", "ostatnia_erupcja": "brak danych", "kraj": "Grecja", "typ": "kopuła lawowa", "rodzaj_erupcji": "nieznana data wybuchu", "materiał": "ryolit", "tektonika": "strefa subdukcji / skorupa kontynentalna (>25 km)", "legenda": "Wulkan", "źródło": "Global Volcanism Program, 2013. Volcanoes of the World, v. 4.11.0. Venzke, E (ed.). Smithsonian Institution. Downloaded 20 Jun 2022. https://doi.org/10.5479/si.GVP.VOTW4-2013" }, "geometry": { "type": "Point", "coordinates": [ 27.14, 36.671 ] } },
{ "type": "Feature", "properties": { "gid": 734, "nazwa": "Bolshe-Bannaya", "ostatnia_erupcja": "brak danych", "kraj": "Rosja", "typ": "kopuła lawowa", "rodzaj_erupcji": "nieznana data wybuchu", "materiał": "bazalt / pikryt", "tektonika": "strefa subdukcji / skorupa kontynentalna (>25 km)", "legenda": "Wulkan", "źródło": "Global Volcanism Program, 2013. Volcanoes of the World, v. 4.11.0. Venzke, E (ed.). Smithsonian Institution. Downloaded 20 Jun 2022. https://doi.org/10.5479/si.GVP.VOTW4-2013" }, "geometry": { "type": "Point", "coordinates": [ 157.78, 52.9 ] } },
{ "type": "Feature", "properties": { "gid": 808, "nazwa": "Iamalele", "ostatnia_erupcja": "brak danych", "kraj": "Papua - Nowa Gwinea", "typ": "kopuła lawowa", "rodzaj_erupcji": "nieznana data wybuchu", "materiał": "andezyt / andezyt bazaltowy", "tektonika": "strefa subdukcji / skorupa kontynentalna (>25 km)", "legenda": "Wulkan", "źródło": "Global Volcanism Program, 2013. Volcanoes of the World, v. 4.11.0. Venzke, E (ed.). Smithsonian Institution. Downloaded 20 Jun 2022. https://doi.org/10.5479/si.GVP.VOTW4-2013" }, "geometry": { "type": "Point", "coordinates": [ 150.53, -9.52 ] } },
{ "type": "Feature", "properties": { "gid": 1007, "nazwa": "Diables, Morne aux", "ostatnia_erupcja": "brak danych", "kraj": "Dominika", "typ": "kopuła lawowa", "rodzaj_erupcji": "nieznana data wybuchu", "materiał": "andezyt / andezyt bazaltowy", "tektonika": "strefa subdukcji / skorupa oceaniczna (< 15 km)", "legenda": "Wulkan", "źródło": "Global Volcanism Program, 2013. Volcanoes of the World, v. 4.11.0. Venzke, E (ed.). Smithsonian Institution. Downloaded 20 Jun 2022. https://doi.org/10.5479/si.GVP.VOTW4-2013" }, "geometry": { "type": "Point", "coordinates": [ -61.43, 15.612 ] } },
{ "type": "Feature", "properties": { "gid": 1223, "nazwa": "Guayaques", "ostatnia_erupcja": "brak danych", "kraj": "Chile - Boliwia", "typ": "kopuła lawowa", "rodzaj_erupcji": "nieznana data wybuchu", "materiał": "dacyt", "tektonika": "strefa subdukcji / skorupa kontynentalna (>25 km)", "legenda": "Wulkan", "źródło": "Global Volcanism Program, 2013. Volcanoes of the World, v. 4.11.0. Venzke, E (ed.). Smithsonian Institution. Downloaded 20 Jun 2022. https://doi.org/10.5479/si.GVP.VOTW4-2013" }, "geometry": { "type": "Point", "coordinates": [ -67.566, -22.895 ] } },
{ "type": "Feature", "properties": { "gid": 1269, "nazwa": "Papayo", "ostatnia_erupcja": "brak danych", "kraj": "Meksyk", "typ": "kopuła lawowa", "rodzaj_erupcji": "nieznana data wybuchu", "materiał": "dacyt", "tektonika": "strefa subdukcji / skorupa kontynentalna (>25 km)", "legenda": "Wulkan", "źródło": "Global Volcanism Program, 2013. Volcanoes of the World, v. 4.11.0. Venzke, E (ed.). Smithsonian Institution. Downloaded 20 Jun 2022. https://doi.org/10.5479/si.GVP.VOTW4-2013" }, "geometry": { "type": "Point", "coordinates": [ -98.7, 19.308 ] } },
{ "type": "Feature", "properties": { "gid": 1302, "nazwa": "Ixtepeque", "ostatnia_erupcja": "brak danych", "kraj": "Gwatemala", "typ": "kopuła lawowa", "rodzaj_erupcji": "nieznana data wybuchu", "materiał": "ryolit", "tektonika": "strefa subdukcji / skorupa kontynentalna (>25 km)", "legenda": "Wulkan", "źródło": "Global Volcanism Program, 2013. Volcanoes of the World, v. 4.11.0. Venzke, E (ed.). Smithsonian Institution. Downloaded 20 Jun 2022. https://doi.org/10.5479/si.GVP.VOTW4-2013" }, "geometry": { "type": "Point", "coordinates": [ -89.68, 14.42 ] } },
{ "type": "Feature", "properties": { "gid": 915, "nazwa": "Buzzard Creek", "ostatnia_erupcja": "1050 p.n.e.", "kraj": "Stany Zjednoczone", "typ": "stożkowy", "rodzaj_erupcji": "erupcja datowana", "materiał": "bazalt / pikryt", "tektonika": "strefa subdukcji / skorupa kontynentalna (>25 km)", "legenda": "Wulkan", "źródło": "Global Volcanism Program, 2013. Volcanoes of the World, v. 4.11.0. Venzke, E (ed.). Smithsonian Institution. Downloaded 20 Jun 2022. https://doi.org/10.5479/si.GVP.VOTW4-2013" }, "geometry": { "type": "Point", "coordinates": [ -148.433, 64.062 ] } },
{ "type": "Feature", "properties": { "gid": 309, "nazwa": "Karpinsky Group", "ostatnia_erupcja": "1952", "kraj": "Rosja", "typ": "stożkowy", "rodzaj_erupcji": "erupcja zaobserwowana", "materiał": "andezyt / andezyt bazaltowy", "tektonika": "strefa subdukcji / skorupa kontynentalna (>25 km)", "legenda": "Wulkan", "źródło": "Global Volcanism Program, 2013. Volcanoes of the World, v. 4.11.0. Venzke, E (ed.). Smithsonian Institution. Downloaded 20 Jun 2022. https://doi.org/10.5479/si.GVP.VOTW4-2013" }, "geometry": { "type": "Point", "coordinates": [ 155.373, 50.148 ] } },
{ "type": "Feature", "properties": { "gid": 5, "nazwa": "Larderello", "ostatnia_erupcja": "1282", "kraj": "Włochy", "typ": "stożkowy", "rodzaj_erupcji": "erupcja zaobserwowana", "materiał": "-", "tektonika": "strefa subdukcji / skorupa kontynentalna (>25 km)", "legenda": "Wulkan", "źródło": "Global Volcanism Program, 2013. Volcanoes of the World, v. 4.11.0. Venzke, E (ed.). Smithsonian Institution. Downloaded 20 Jun 2022. https://doi.org/10.5479/si.GVP.VOTW4-2013" }, "geometry": { "type": "Point", "coordinates": [ 10.87, 43.25 ] } },
{ "type": "Feature", "properties": { "gid": 348, "nazwa": "Igwisi Hills", "ostatnia_erupcja": "10450 p.n.e.", "kraj": "Tanzania", "typ": "stożkowy", "rodzaj_erupcji": "erupcja datowana", "materiał": "foidyt", "tektonika": "strefa ryftowa / skorupa kontynentalna (>25 km)", "legenda": "Wulkan", "źródło": "Global Volcanism Program, 2013. Volcanoes of the World, v. 4.11.0. Venzke, E (ed.). Smithsonian Institution. Downloaded 20 Jun 2022. https://doi.org/10.5479/si.GVP.VOTW4-2013" }, "geometry": { "type": "Point", "coordinates": [ 31.933, -4.889 ] } },
{ "type": "Feature", "properties": { "gid": 95, "nazwa": "Tullu Moje", "ostatnia_erupcja": "1900", "kraj": "Etiopia", "typ": "stożkowy", "rodzaj_erupcji": "erupcja zaobserwowana", "materiał": "ryolit", "tektonika": "strefa ryftowa / skorupa kontynentalna (>25 km)", "legenda": "Wulkan", "źródło": "Global Volcanism Program, 2013. Volcanoes of the World, v. 4.11.0. Venzke, E (ed.). Smithsonian Institution. Downloaded 20 Jun 2022. https://doi.org/10.5479/si.GVP.VOTW4-2013" }, "geometry": { "type": "Point", "coordinates": [ 39.137, 8.159 ] } },
{ "type": "Feature", "properties": { "gid": 4, "nazwa": "Calatrava Volcanic Field", "ostatnia_erupcja": "3600 p.n.e.", "kraj": "Hiszpania", "typ": "stożkowy", "rodzaj_erupcji": "erupcja datowana", "materiał": "bazalt / pikryt", "tektonika": "strefa subdukcji / skorupa kontynentalna (>25 km)", "legenda": "Wulkan", "źródło": "Global Volcanism Program, 2013. Volcanoes of the World, v. 4.11.0. Venzke, E (ed.). Smithsonian Institution. Downloaded 20 Jun 2022. https://doi.org/10.5479/si.GVP.VOTW4-2013" }, "geometry": { "type": "Point", "coordinates": [ -4.02, 38.87 ] } },
{ "type": "Feature", "properties": { "gid": 1276, "nazwa": "Naolinco Volcanic Field", "ostatnia_erupcja": "1200 p.n.e.", "kraj": "Meksyk", "typ": "stożkowy", "rodzaj_erupcji": "erupcja datowana", "materiał": "bazalt / pikryt", "tektonika": "strefa subdukcji / skorupa kontynentalna (>25 km)", "legenda": "Wulkan", "źródło": "Global Volcanism Program, 2013. Volcanoes of the World, v. 4.11.0. Venzke, E (ed.). Smithsonian Institution. Downloaded 20 Jun 2022. https://doi.org/10.5479/si.GVP.VOTW4-2013" }, "geometry": { "type": "Point", "coordinates": [ -96.75, 19.67 ] } },
{ "type": "Feature", "properties": { "gid": 42, "nazwa": "Tskhouk-Karckar", "ostatnia_erupcja": "3000 p.n.e.", "kraj": "Armenia-Azerbejdżan", "typ": "stożkowy", "rodzaj_erupcji": "erupcja datowana", "materiał": "andezyt / andezyt bazaltowy", "tektonika": "strefa subdukcji / skorupa kontynentalna (>25 km)", "legenda": "Wulkan", "źródło": "Global Volcanism Program, 2013. Volcanoes of the World, v. 4.11.0. Venzke, E (ed.). Smithsonian Institution. Downloaded 20 Jun 2022. https://doi.org/10.5479/si.GVP.VOTW4-2013" }, "geometry": { "type": "Point", "coordinates": [ 46.02, 39.73 ] } },
{ "type": "Feature", "properties": { "gid": 342, "nazwa": "Olkaria", "ostatnia_erupcja": "1770", "kraj": "Kenia", "typ": "stożkowy", "rodzaj_erupcji": "erupcja datowana", "materiał": "ryolit", "tektonika": "strefa ryftowa / skorupa kontynentalna (>25 km)", "legenda": "Wulkan", "źródło": "Global Volcanism Program, 2013. Volcanoes of the World, v. 4.11.0. Venzke, E (ed.). Smithsonian Institution. Downloaded 20 Jun 2022. https://doi.org/10.5479/si.GVP.VOTW4-2013" }, "geometry": { "type": "Point", "coordinates": [ 36.292, -0.904 ] } },
{ "type": "Feature", "properties": { "gid": 381, "nazwa": "Meidob Volcanic Field", "ostatnia_erupcja": "2950 p.n.e.", "kraj": "Sudan", "typ": "stożkowy", "rodzaj_erupcji": "erupcja datowana", "materiał": "tefryt / trachybazalt", "tektonika": "strefa subdukcji / skorupa kontynentalna (>25 km)", "legenda": "Wulkan", "źródło": "Global Volcanism Program, 2013. Volcanoes of the World, v. 4.11.0. Venzke, E (ed.). Smithsonian Institution. Downloaded 20 Jun 2022. https://doi.org/10.5479/si.GVP.VOTW4-2013" }, "geometry": { "type": "Point", "coordinates": [ 26.47, 15.32 ] } },
{ "type": "Feature", "properties": { "gid": 382, "nazwa": "Bayuda Volcanic Field", "ostatnia_erupcja": "850", "kraj": "Sudan", "typ": "stożkowy", "rodzaj_erupcji": "erupcja datowana", "materiał": "tefryt / trachybazalt", "tektonika": "strefa subdukcji / skorupa kontynentalna (>25 km)", "legenda": "Wulkan", "źródło": "Global Volcanism Program, 2013. Volcanoes of the World, v. 4.11.0. Venzke, E (ed.). Smithsonian Institution. Downloaded 20 Jun 2022. https://doi.org/10.5479/si.GVP.VOTW4-2013" }, "geometry": { "type": "Point", "coordinates": [ 32.75, 18.33 ] } },
{ "type": "Feature", "properties": { "gid": 121, "nazwa": "Hainan Volcanic Field", "ostatnia_erupcja": "1933", "kraj": "Chiny", "typ": "stożkowy", "rodzaj_erupcji": "erupcja zaobserwowana", "materiał": "bazalt / pikryt", "tektonika": "strefa subdukcji / skorupa kontynentalna (>25 km)", "legenda": "Wulkan", "źródło": "Global Volcanism Program, 2013. Volcanoes of the World, v. 4.11.0. Venzke, E (ed.). Smithsonian Institution. Downloaded 20 Jun 2022. https://doi.org/10.5479/si.GVP.VOTW4-2013" }, "geometry": { "type": "Point", "coordinates": [ 110.229, 19.905 ] } },
{ "type": "Feature", "properties": { "gid": 678, "nazwa": "Tolmachev Dol", "ostatnia_erupcja": "300", "kraj": "Rosja", "typ": "stożkowy", "rodzaj_erupcji": "erupcja datowana", "materiał": "bazalt / pikryt", "tektonika": "strefa subdukcji / skorupa kontynentalna (>25 km)", "legenda": "Wulkan", "źródło": "Global Volcanism Program, 2013. Volcanoes of the World, v. 4.11.0. Venzke, E (ed.). Smithsonian Institution. Downloaded 20 Jun 2022. https://doi.org/10.5479/si.GVP.VOTW4-2013" }, "geometry": { "type": "Point", "coordinates": [ 157.58, 52.63 ] } },
{ "type": "Feature", "properties": { "gid": 771, "nazwa": "Cherpuk Group", "ostatnia_erupcja": "4550 p.n.e.", "kraj": "Rosja", "typ": "stożkowy", "rodzaj_erupcji": "erupcja datowana", "materiał": "andezyt / andezyt bazaltowy", "tektonika": "strefa subdukcji / skorupa kontynentalna (>25 km)", "legenda": "Wulkan", "źródło": "Global Volcanism Program, 2013. Volcanoes of the World, v. 4.11.0. Venzke, E (ed.). Smithsonian Institution. Downloaded 20 Jun 2022. https://doi.org/10.5479/si.GVP.VOTW4-2013" }, "geometry": { "type": "Point", "coordinates": [ 157.47, 55.55 ] } },
{ "type": "Feature", "properties": { "gid": 130, "nazwa": "Tengchong", "ostatnia_erupcja": "5750 p.n.e.", "kraj": "Chiny", "typ": "stożkowy", "rodzaj_erupcji": "erupcja datowana", "materiał": "bazalt / pikryt", "tektonika": "strefa subdukcji / skorupa kontynentalna (>25 km)", "legenda": "Wulkan", "źródło": "Global Volcanism Program, 2013. Volcanoes of the World, v. 4.11.0. Venzke, E (ed.). Smithsonian Institution. Downloaded 20 Jun 2022. https://doi.org/10.5479/si.GVP.VOTW4-2013" }, "geometry": { "type": "Point", "coordinates": [ 98.5, 25.23 ] } },
{ "type": "Feature", "properties": { "gid": 156, "nazwa": "Izu-Tobu", "ostatnia_erupcja": "1989", "kraj": "Japonia", "typ": "stożkowy", "rodzaj_erupcji": "erupcja zaobserwowana", "materiał": "bazalt / pikryt", "tektonika": "strefa subdukcji / skorupa kontynentalna (>25 km)", "legenda": "Wulkan", "źródło": "Global Volcanism Program, 2013. Volcanoes of the World, v. 4.11.0. Venzke, E (ed.). Smithsonian Institution. Downloaded 20 Jun 2022. https://doi.org/10.5479/si.GVP.VOTW4-2013" }, "geometry": { "type": "Point", "coordinates": [ 139.098, 34.9 ] } },
{ "type": "Feature", "properties": { "gid": 931, "nazwa": "Iskut-Unuk River Cones", "ostatnia_erupcja": "1800", "kraj": "Kanada", "typ": "stożkowy", "rodzaj_erupcji": "erupcja datowana", "materiał": "bazalt / pikryt", "tektonika": "strefa subdukcji / skorupa kontynentalna (>25 km)", "legenda": "Wulkan", "źródło": "Global Volcanism Program, 2013. Volcanoes of the World, v. 4.11.0. Venzke, E (ed.). Smithsonian Institution. Downloaded 20 Jun 2022. https://doi.org/10.5479/si.GVP.VOTW4-2013" }, "geometry": { "type": "Point", "coordinates": [ -130.55, 56.58 ] } },
{ "type": "Feature", "properties": { "gid": 932, "nazwa": "Tseax River Cone", "ostatnia_erupcja": "1690", "kraj": "Kanada", "typ": "stożkowy", "rodzaj_erupcji": "erupcja datowana", "materiał": "bazalt / pikryt", "tektonika": "strefa subdukcji / skorupa kontynentalna (>25 km)", "legenda": "Wulkan", "źródło": "Global Volcanism Program, 2013. Volcanoes of the World, v. 4.11.0. Venzke, E (ed.). Smithsonian Institution. Downloaded 20 Jun 2022. https://doi.org/10.5479/si.GVP.VOTW4-2013" }, "geometry": { "type": "Point", "coordinates": [ -128.9, 55.12 ] } },
{ "type": "Feature", "properties": { "gid": 935, "nazwa": "Nazko", "ostatnia_erupcja": "5220 p.n.e.", "kraj": "Kanada", "typ": "stożkowy", "rodzaj_erupcji": "erupcja datowana", "materiał": "tefryt / trachybazalt", "tektonika": "strefa subdukcji / skorupa kontynentalna (>25 km)", "legenda": "Wulkan", "źródło": "Global Volcanism Program, 2013. Volcanoes of the World, v. 4.11.0. Venzke, E (ed.). Smithsonian Institution. Downloaded 20 Jun 2022. https://doi.org/10.5479/si.GVP.VOTW4-2013" }, "geometry": { "type": "Point", "coordinates": [ -123.732, 52.928 ] } },
{ "type": "Feature", "properties": { "gid": 936, "nazwa": "Wells Gray-Clearwater", "ostatnia_erupcja": "1550", "kraj": "Kanada", "typ": "stożkowy", "rodzaj_erupcji": "erupcja datowana", "materiał": "bazalt / pikryt", "tektonika": "strefa subdukcji / skorupa kontynentalna (>25 km)", "legenda": "Wulkan", "źródło": "Global Volcanism Program, 2013. Volcanoes of the World, v. 4.11.0. Venzke, E (ed.). Smithsonian Institution. Downloaded 20 Jun 2022. https://doi.org/10.5479/si.GVP.VOTW4-2013" }, "geometry": { "type": "Point", "coordinates": [ -120.57, 52.33 ] } },
{ "type": "Feature", "properties": { "gid": 953, "nazwa": "Sand Mountain Field", "ostatnia_erupcja": "950 p.n.e.", "kraj": "Stany Zjednoczone", "typ": "stożkowy", "rodzaj_erupcji": "erupcja datowana", "materiał": "bazalt / pikryt", "tektonika": "strefa subdukcji / skorupa kontynentalna (>25 km)", "legenda": "Wulkan", "źródło": "Global Volcanism Program, 2013. Volcanoes of the World, v. 4.11.0. Venzke, E (ed.). Smithsonian Institution. Downloaded 20 Jun 2022. https://doi.org/10.5479/si.GVP.VOTW4-2013" }, "geometry": { "type": "Point", "coordinates": [ -121.93, 44.38 ] } },
{ "type": "Feature", "properties": { "gid": 968, "nazwa": "Mono Lake Volcanic Field", "ostatnia_erupcja": "1790", "kraj": "Stany Zjednoczone", "typ": "stożkowy", "rodzaj_erupcji": "erupcja datowana", "materiał": "dacyt", "tektonika": "strefa ryftowa / skorupa kontynentalna (>25 km)", "legenda": "Wulkan", "źródło": "Global Volcanism Program, 2013. Volcanoes of the World, v. 4.11.0. Venzke, E (ed.). Smithsonian Institution. Downloaded 20 Jun 2022. https://doi.org/10.5479/si.GVP.VOTW4-2013" }, "geometry": { "type": "Point", "coordinates": [ -119.03, 38.0 ] } },
{ "type": "Feature", "properties": { "gid": 976, "nazwa": "Craters of the Moon", "ostatnia_erupcja": "130 p.n.e.", "kraj": "Stany Zjednoczone", "typ": "stożkowy", "rodzaj_erupcji": "erupcja datowana", "materiał": "bazalt / pikryt", "tektonika": "strefa ryftowa / skorupa kontynentalna (>25 km)", "legenda": "Wulkan", "źródło": "Global Volcanism Program, 2013. Volcanoes of the World, v. 4.11.0. Venzke, E (ed.). Smithsonian Institution. Downloaded 20 Jun 2022. https://doi.org/10.5479/si.GVP.VOTW4-2013" }, "geometry": { "type": "Point", "coordinates": [ -113.5, 43.42 ] } },
{ "type": "Feature", "properties": { "gid": 988, "nazwa": "San Francisco Volcanic Field", "ostatnia_erupcja": "1075", "kraj": "Stany Zjednoczone", "typ": "stożkowy", "rodzaj_erupcji": "erupcja datowana", "materiał": "bazalt / pikryt", "tektonika": "strefa ryftowa / skorupa kontynentalna (>25 km)", "legenda": "Wulkan", "źródło": "Global Volcanism Program, 2013. Volcanoes of the World, v. 4.11.0. Venzke, E (ed.). Smithsonian Institution. Downloaded 20 Jun 2022. https://doi.org/10.5479/si.GVP.VOTW4-2013" }, "geometry": { "type": "Point", "coordinates": [ -111.678, 35.347 ] } },
{ "type": "Feature", "properties": { "gid": 1032, "nazwa": "Negro, Cerro", "ostatnia_erupcja": "1999", "kraj": "Nikaragua", "typ": "stożkowy", "rodzaj_erupcji": "erupcja zaobserwowana", "materiał": "bazalt / pikryt", "tektonika": "strefa subdukcji / skorupa kontynentalna (>25 km)", "legenda": "Wulkan", "źródło": "Global Volcanism Program, 2013. Volcanoes of the World, v. 4.11.0. Venzke, E (ed.). Smithsonian Institution. Downloaded 20 Jun 2022. https://doi.org/10.5479/si.GVP.VOTW4-2013" }, "geometry": { "type": "Point", "coordinates": [ -86.702, 12.506 ] } },
{ "type": "Feature", "properties": { "gid": 1064, "nazwa": "Picos Volcanic System", "ostatnia_erupcja": "1652", "kraj": "Portugalia", "typ": "stożkowy", "rodzaj_erupcji": "erupcja zaobserwowana", "materiał": "tefryt / trachybazalt", "tektonika": "strefa ryftowa / skorupa oceaniczna (< 15 km)", "legenda": "Wulkan", "źródło": "Global Volcanism Program, 2013. Volcanoes of the World, v. 4.11.0. Venzke, E (ed.). Smithsonian Institution. Downloaded 20 Jun 2022. https://doi.org/10.5479/si.GVP.VOTW4-2013" }, "geometry": { "type": "Point", "coordinates": [ -25.67, 37.78 ] } },
{ "type": "Feature", "properties": { "gid": 413, "nazwa": "Itasy Volcanic Field", "ostatnia_erupcja": "6050 p.n.e.", "kraj": "Madagaskar", "typ": "stożkowy", "rodzaj_erupcji": "erupcja datowana", "materiał": "trachit", "tektonika": "strefa subdukcji / skorupa kontynentalna (>25 km)", "legenda": "Wulkan", "źródło": "Global Volcanism Program, 2013. Volcanoes of the World, v. 4.11.0. Venzke, E (ed.). Smithsonian Institution. Downloaded 20 Jun 2022. https://doi.org/10.5479/si.GVP.VOTW4-2013" }, "geometry": { "type": "Point", "coordinates": [ 46.7, -19.033 ] } },
{ "type": "Feature", "properties": { "gid": 434, "nazwa": "Udokan Plateau", "ostatnia_erupcja": "220 p.n.e.", "kraj": "Rosja", "typ": "stożkowy", "rodzaj_erupcji": "erupcja datowana", "materiał": "tefryt / trachybazalt", "tektonika": "strefa ryftowa / skorupa kontynentalna (>25 km)", "legenda": "Wulkan", "źródło": "Global Volcanism Program, 2013. Volcanoes of the World, v. 4.11.0. Venzke, E (ed.). Smithsonian Institution. Downloaded 20 Jun 2022. https://doi.org/10.5479/si.GVP.VOTW4-2013" }, "geometry": { "type": "Point", "coordinates": [ 117.77, 56.28 ] } },
{ "type": "Feature", "properties": { "gid": 444, "nazwa": "Kunlun Volcanic Group", "ostatnia_erupcja": "1951", "kraj": "Chiny", "typ": "stożkowy", "rodzaj_erupcji": "erupcja zaobserwowana", "materiał": "trachit", "tektonika": "strefa subdukcji / skorupa kontynentalna (>25 km)", "legenda": "Wulkan", "źródło": "Global Volcanism Program, 2013. Volcanoes of the World, v. 4.11.0. Venzke, E (ed.). Smithsonian Institution. Downloaded 20 Jun 2022. https://doi.org/10.5479/si.GVP.VOTW4-2013" }, "geometry": { "type": "Point", "coordinates": [ 80.2, 35.52 ] } },
{ "type": "Feature", "properties": { "gid": 448, "nazwa": "Arxan-Chaihe", "ostatnia_erupcja": "0", "kraj": "Chiny", "typ": "stożkowy", "rodzaj_erupcji": "erupcja datowana", "materiał": "bazalt / pikryt", "tektonika": "strefa subdukcji / skorupa kontynentalna (>25 km)", "legenda": "Wulkan", "źródło": "Global Volcanism Program, 2013. Volcanoes of the World, v. 4.11.0. Venzke, E (ed.). Smithsonian Institution. Downloaded 20 Jun 2022. https://doi.org/10.5479/si.GVP.VOTW4-2013" }, "geometry": { "type": "Point", "coordinates": [ 120.8, 47.45 ] } },
{ "type": "Feature", "properties": { "gid": 452, "nazwa": "Longgang Group", "ostatnia_erupcja": "350", "kraj": "Chiny", "typ": "stożkowy", "rodzaj_erupcji": "erupcja datowana", "materiał": "bazalt / pikryt", "tektonika": "strefa subdukcji / skorupa kontynentalna (>25 km)", "legenda": "Wulkan", "źródło": "Global Volcanism Program, 2013. Volcanoes of the World, v. 4.11.0. Venzke, E (ed.). Smithsonian Institution. Downloaded 20 Jun 2022. https://doi.org/10.5479/si.GVP.VOTW4-2013" }, "geometry": { "type": "Point", "coordinates": [ 126.500000000000114, 42.33 ] } },
{ "type": "Feature", "properties": { "gid": 1194, "nazwa": "Andahua-Orcopampa", "ostatnia_erupcja": "1490", "kraj": "Peru", "typ": "stożkowy", "rodzaj_erupcji": "erupcja datowana", "materiał": "trachyandezyt / bazaltowy trachyandezyt", "tektonika": "strefa subdukcji / skorupa kontynentalna (>25 km)", "legenda": "Wulkan", "źródło": "Global Volcanism Program, 2013. Volcanoes of the World, v. 4.11.0. Venzke, E (ed.). Smithsonian Institution. Downloaded 20 Jun 2022. https://doi.org/10.5479/si.GVP.VOTW4-2013" }, "geometry": { "type": "Point", "coordinates": [ -72.33, -15.42 ] } },
{ "type": "Feature", "properties": { "gid": 1256, "nazwa": "Barcena", "ostatnia_erupcja": "1953", "kraj": "Meksyk", "typ": "stożkowy", "rodzaj_erupcji": "erupcja zaobserwowana", "materiał": "trachit", "tektonika": "strefa ryftowa / skorupa oceaniczna (< 15 km)", "legenda": "Wulkan", "źródło": "Global Volcanism Program, 2013. Volcanoes of the World, v. 4.11.0. Venzke, E (ed.). Smithsonian Institution. Downloaded 20 Jun 2022. https://doi.org/10.5479/si.GVP.VOTW4-2013" }, "geometry": { "type": "Point", "coordinates": [ -110.82, 19.3 ] } },
{ "type": "Feature", "properties": { "gid": 1264, "nazwa": "Michoacan-Guanajuato", "ostatnia_erupcja": "1952", "kraj": "Meksyk", "typ": "stożkowy", "rodzaj_erupcji": "erupcja zaobserwowana", "materiał": "andezyt / andezyt bazaltowy", "tektonika": "strefa subdukcji / skorupa kontynentalna (>25 km)", "legenda": "Wulkan", "źródło": "Global Volcanism Program, 2013. Volcanoes of the World, v. 4.11.0. Venzke, E (ed.). Smithsonian Institution. Downloaded 20 Jun 2022. https://doi.org/10.5479/si.GVP.VOTW4-2013" }, "geometry": { "type": "Point", "coordinates": [ -101.75, 19.85 ] } },
{ "type": "Feature", "properties": { "gid": 1426, "nazwa": "Reclus", "ostatnia_erupcja": "1908", "kraj": "Chile", "typ": "stożkowy", "rodzaj_erupcji": "erupcja zaobserwowana", "materiał": "dacyt", "tektonika": "strefa subdukcji / skorupa kontynentalna (>25 km)", "legenda": "Wulkan", "źródło": "Global Volcanism Program, 2013. Volcanoes of the World, v. 4.11.0. Venzke, E (ed.). Smithsonian Institution. Downloaded 20 Jun 2022. https://doi.org/10.5479/si.GVP.VOTW4-2013" }, "geometry": { "type": "Point", "coordinates": [ -73.585, -50.964 ] } },
{ "type": "Feature", "properties": { "gid": 1429, "nazwa": "Pali-Aike Volcanic Field", "ostatnia_erupcja": "5550 p.n.e.", "kraj": "Chile - Argentyna", "typ": "stożkowy", "rodzaj_erupcji": "erupcja datowana", "materiał": "bazalt / pikryt", "tektonika": "strefa subdukcji / skorupa kontynentalna (>25 km)", "legenda": "Wulkan", "źródło": "Global Volcanism Program, 2013. Volcanoes of the World, v. 4.11.0. Venzke, E (ed.). Smithsonian Institution. Downloaded 20 Jun 2022. https://doi.org/10.5479/si.GVP.VOTW4-2013" }, "geometry": { "type": "Point", "coordinates": [ -69.698, -52.082 ] } },
{ "type": "Feature", "properties": { "gid": 1391, "nazwa": "Caburgua-Huelemolle", "ostatnia_erupcja": "5050 p.n.e.", "kraj": "Chile", "typ": "stożkowy", "rodzaj_erupcji": "erupcja datowana", "materiał": "bazalt / pikryt", "tektonika": "strefa subdukcji / skorupa kontynentalna (>25 km)", "legenda": "Wulkan", "źródło": "Global Volcanism Program, 2013. Volcanoes of the World, v. 4.11.0. Venzke, E (ed.). Smithsonian Institution. Downloaded 20 Jun 2022. https://doi.org/10.5479/si.GVP.VOTW4-2013" }, "geometry": { "type": "Point", "coordinates": [ -71.75, -39.25 ] } },
{ "type": "Feature", "properties": { "gid": 1397, "nazwa": "Carrán-Los Venados", "ostatnia_erupcja": "1979", "kraj": "Chile", "typ": "stożkowy", "rodzaj_erupcji": "erupcja zaobserwowana", "materiał": "bazalt / pikryt", "tektonika": "strefa subdukcji / skorupa kontynentalna (>25 km)", "legenda": "Wulkan", "źródło": "Global Volcanism Program, 2013. Volcanoes of the World, v. 4.11.0. Venzke, E (ed.). Smithsonian Institution. Downloaded 20 Jun 2022. https://doi.org/10.5479/si.GVP.VOTW4-2013" }, "geometry": { "type": "Point", "coordinates": [ -72.07, -40.35 ] } },
{ "type": "Feature", "properties": { "gid": 1404, "nazwa": "Cayutue-La Vigueria", "ostatnia_erupcja": "190 p.n.e.", "kraj": "Chile", "typ": "stożkowy", "rodzaj_erupcji": "erupcja datowana", "materiał": "bazalt / pikryt", "tektonika": "strefa subdukcji / skorupa kontynentalna (>25 km)", "legenda": "Wulkan", "źródło": "Global Volcanism Program, 2013. Volcanoes of the World, v. 4.11.0. Venzke, E (ed.). Smithsonian Institution. Downloaded 20 Jun 2022. https://doi.org/10.5479/si.GVP.VOTW4-2013" }, "geometry": { "type": "Point", "coordinates": [ -72.27, -41.25 ] } },
{ "type": "Feature", "properties": { "gid": 1408, "nazwa": "Apagado", "ostatnia_erupcja": "590 p.n.e.", "kraj": "Chile", "typ": "stożkowy", "rodzaj_erupcji": "erupcja datowana", "materiał": "bazalt / pikryt", "tektonika": "strefa subdukcji / skorupa kontynentalna (>25 km)", "legenda": "Wulkan", "źródło": "Global Volcanism Program, 2013. Volcanoes of the World, v. 4.11.0. Venzke, E (ed.). Smithsonian Institution. Downloaded 20 Jun 2022. https://doi.org/10.5479/si.GVP.VOTW4-2013" }, "geometry": { "type": "Point", "coordinates": [ -72.58, -41.88 ] } },
{ "type": "Feature", "properties": { "gid": 740, "nazwa": "Waiowa", "ostatnia_erupcja": "1944", "kraj": "Papua - Nowa Gwinea", "typ": "stożkowy", "rodzaj_erupcji": "erupcja zaobserwowana", "materiał": "trachyandezyt / bazaltowy trachyandezyt", "tektonika": "strefa subdukcji / skorupa kontynentalna (>25 km)", "legenda": "Wulkan", "źródło": "Global Volcanism Program, 2013. Volcanoes of the World, v. 4.11.0. Venzke, E (ed.). Smithsonian Institution. Downloaded 20 Jun 2022. https://doi.org/10.5479/si.GVP.VOTW4-2013" }, "geometry": { "type": "Point", "coordinates": [ 149.075, -9.57 ] } },
{ "type": "Feature", "properties": { "gid": 743, "nazwa": "Veer", "ostatnia_erupcja": "390", "kraj": "Rosja", "typ": "stożkowy", "rodzaj_erupcji": "erupcja datowana", "materiał": "bazalt / pikryt", "tektonika": "strefa subdukcji / skorupa kontynentalna (>25 km)", "legenda": "Wulkan", "źródło": "Global Volcanism Program, 2013. Volcanoes of the World, v. 4.11.0. Venzke, E (ed.). Smithsonian Institution. Downloaded 20 Jun 2022. https://doi.org/10.5479/si.GVP.VOTW4-2013" }, "geometry": { "type": "Point", "coordinates": [ 158.45, 53.75 ] } },
{ "type": "Feature", "properties": { "gid": 744, "nazwa": "Kostakan", "ostatnia_erupcja": "1350", "kraj": "Rosja", "typ": "stożkowy", "rodzaj_erupcji": "erupcja datowana", "materiał": "bazalt / pikryt", "tektonika": "strefa subdukcji / skorupa kontynentalna (>25 km)", "legenda": "Wulkan", "źródło": "Global Volcanism Program, 2013. Volcanoes of the World, v. 4.11.0. Venzke, E (ed.). Smithsonian Institution. Downloaded 20 Jun 2022. https://doi.org/10.5479/si.GVP.VOTW4-2013" }, "geometry": { "type": "Point", "coordinates": [ 158.05, 53.83 ] } },
{ "type": "Feature", "properties": { "gid": 1250, "nazwa": "Coronado", "ostatnia_erupcja": "brak danych", "kraj": "Meksyk", "typ": "stratowulkan", "rodzaj_erupcji": "holocen", "materiał": "-", "tektonika": "strefa ryftowa / skorupa kontynentalna (>25 km)", "legenda": "Wulkan", "źródło": "Global Volcanism Program, 2013. Volcanoes of the World, v. 4.11.0. Venzke, E (ed.). Smithsonian Institution. Downloaded 20 Jun 2022. https://doi.org/10.5479/si.GVP.VOTW4-2013" }, "geometry": { "type": "Point", "coordinates": [ -113.513, 29.08 ] } },
{ "type": "Feature", "properties": { "gid": 746, "nazwa": "Zavaritsky", "ostatnia_erupcja": "800 p.n.e.", "kraj": "Rosja", "typ": "stożkowy", "rodzaj_erupcji": "erupcja datowana", "materiał": "bazalt / pikryt", "tektonika": "strefa subdukcji / skorupa kontynentalna (>25 km)", "legenda": "Wulkan", "źródło": "Global Volcanism Program, 2013. Volcanoes of the World, v. 4.11.0. Venzke, E (ed.). Smithsonian Institution. Downloaded 20 Jun 2022. https://doi.org/10.5479/si.GVP.VOTW4-2013" }, "geometry": { "type": "Point", "coordinates": [ 158.385000000000105, 53.905 ] } },
{ "type": "Feature", "properties": { "gid": 435, "nazwa": "Vitim Plateau", "ostatnia_erupcja": "brak danych", "kraj": "Rosja", "typ": "stożkowy", "rodzaj_erupcji": "nieznana data wybuchu", "materiał": "bazalt / pikryt", "tektonika": "-", "legenda": "Wulkan", "źródło": "Global Volcanism Program, 2013. Volcanoes of the World, v. 4.11.0. Venzke, E (ed.). Smithsonian Institution. Downloaded 20 Jun 2022. https://doi.org/10.5479/si.GVP.VOTW4-2013" }, "geometry": { "type": "Point", "coordinates": [ 113.3, 53.7 ] } },
{ "type": "Feature", "properties": { "gid": 441, "nazwa": "Bus-Obo", "ostatnia_erupcja": "brak danych", "kraj": "Mongolia", "typ": "stożkowy", "rodzaj_erupcji": "brak dowodów na wybuch", "materiał": "bazalt / pikryt", "tektonika": "strefa subdukcji / skorupa kontynentalna (>25 km)", "legenda": "Wulkan", "źródło": "Global Volcanism Program, 2013. Volcanoes of the World, v. 4.11.0. Venzke, E (ed.). Smithsonian Institution. Downloaded 20 Jun 2022. https://doi.org/10.5479/si.GVP.VOTW4-2013" }, "geometry": { "type": "Point", "coordinates": [ 109.355, 46.995 ] } },
{ "type": "Feature", "properties": { "gid": 443, "nazwa": "Middle Gobi", "ostatnia_erupcja": "brak danych", "kraj": "Mongolia", "typ": "stożkowy", "rodzaj_erupcji": "brak dowodów na wybuch", "materiał": "bazalt / pikryt", "tektonika": "strefa subdukcji / skorupa kontynentalna (>25 km)", "legenda": "Wulkan", "źródło": "Global Volcanism Program, 2013. Volcanoes of the World, v. 4.11.0. Venzke, E (ed.). Smithsonian Institution. Downloaded 20 Jun 2022. https://doi.org/10.5479/si.GVP.VOTW4-2013" }, "geometry": { "type": "Point", "coordinates": [ 106.7, 45.28 ] } },
{ "type": "Feature", "properties": { "gid": 447, "nazwa": "Honggeertu", "ostatnia_erupcja": "brak danych", "kraj": "Chiny", "typ": "stożkowy", "rodzaj_erupcji": "brak dowodów na wybuch", "materiał": "bazalt / pikryt", "tektonika": "strefa subdukcji / skorupa kontynentalna (>25 km)", "legenda": "Wulkan", "źródło": "Global Volcanism Program, 2013. Volcanoes of the World, v. 4.11.0. Venzke, E (ed.). Smithsonian Institution. Downloaded 20 Jun 2022. https://doi.org/10.5479/si.GVP.VOTW4-2013" }, "geometry": { "type": "Point", "coordinates": [ 113.000000000000114, 41.47 ] } },
{ "type": "Feature", "properties": { "gid": 503, "nazwa": "Stepovak Bay 3", "ostatnia_erupcja": "brak danych", "kraj": "Stany Zjednoczone", "typ": "stożkowy", "rodzaj_erupcji": "brak dowodów na wybuch", "materiał": "andezyt / andezyt bazaltowy", "tektonika": "strefa subdukcji / skorupa kontynentalna (>25 km)", "legenda": "Wulkan", "źródło": "Global Volcanism Program, 2013. Volcanoes of the World, v. 4.11.0. Venzke, E (ed.). Smithsonian Institution. Downloaded 20 Jun 2022. https://doi.org/10.5479/si.GVP.VOTW4-2013" }, "geometry": { "type": "Point", "coordinates": [ -160.002, 55.929 ] } },
{ "type": "Feature", "properties": { "gid": 123, "nazwa": "Toroeng Prong", "ostatnia_erupcja": "brak danych", "kraj": "Wietnam", "typ": "stożkowy", "rodzaj_erupcji": "brak dowodów na wybuch", "materiał": "bazalt / pikryt", "tektonika": "strefa subdukcji / skorupa kontynentalna (>25 km)", "legenda": "Wulkan", "źródło": "Global Volcanism Program, 2013. Volcanoes of the World, v. 4.11.0. Venzke, E (ed.). Smithsonian Institution. Downloaded 20 Jun 2022. https://doi.org/10.5479/si.GVP.VOTW4-2013" }, "geometry": { "type": "Point", "coordinates": [ 108.0, 14.93 ] } },
{ "type": "Feature", "properties": { "gid": 282, "nazwa": "Rucharuyama [Golets-Tornyi Group]", "ostatnia_erupcja": "brak danych", "kraj": "Japonia", "typ": "stożkowy", "rodzaj_erupcji": "brak dowodów na wybuch", "materiał": "andezyt / andezyt bazaltowy", "tektonika": "strefa subdukcji / skorupa oceaniczna (< 15 km)", "legenda": "Wulkan", "źródło": "Global Volcanism Program, 2013. Volcanoes of the World, v. 4.11.0. Venzke, E (ed.). Smithsonian Institution. Downloaded 20 Jun 2022. https://doi.org/10.5479/si.GVP.VOTW4-2013" }, "geometry": { "type": "Point", "coordinates": [ 148.35, 45.25 ] } },
{ "type": "Feature", "properties": { "gid": 362, "nazwa": "Bufumbira", "ostatnia_erupcja": "brak danych", "kraj": "Uganda", "typ": "stożkowy", "rodzaj_erupcji": "brak dowodów na wybuch", "materiał": "fonolitowy tefryt", "tektonika": "strefa ryftowa / skorupa kontynentalna (>25 km)", "legenda": "Wulkan", "źródło": "Global Volcanism Program, 2013. Volcanoes of the World, v. 4.11.0. Venzke, E (ed.). Smithsonian Institution. Downloaded 20 Jun 2022. https://doi.org/10.5479/si.GVP.VOTW4-2013" }, "geometry": { "type": "Point", "coordinates": [ 29.72, -1.23 ] } },
{ "type": "Feature", "properties": { "gid": 380, "nazwa": "Kutum Volcanic Field", "ostatnia_erupcja": "brak danych", "kraj": "Sudan", "typ": "stożkowy", "rodzaj_erupcji": "brak dowodów na wybuch", "materiał": "bazalt / pikryt", "tektonika": "strefa subdukcji / skorupa kontynentalna (>25 km)", "legenda": "Wulkan", "źródło": "Global Volcanism Program, 2013. Volcanoes of the World, v. 4.11.0. Venzke, E (ed.). Smithsonian Institution. Downloaded 20 Jun 2022. https://doi.org/10.5479/si.GVP.VOTW4-2013" }, "geometry": { "type": "Point", "coordinates": [ 25.85, 14.57 ] } },
{ "type": "Feature", "properties": { "gid": 536, "nazwa": "Whangarei", "ostatnia_erupcja": "brak danych", "kraj": "Nowa Zelandia", "typ": "stożkowy", "rodzaj_erupcji": "brak dowodów na wybuch", "materiał": "tefryt / trachybazalt", "tektonika": "strefa subdukcji / skorupa kontynentalna (>25 km)", "legenda": "Wulkan", "źródło": "Global Volcanism Program, 2013. Volcanoes of the World, v. 4.11.0. Venzke, E (ed.). Smithsonian Institution. Downloaded 20 Jun 2022. https://doi.org/10.5479/si.GVP.VOTW4-2013" }, "geometry": { "type": "Point", "coordinates": [ 174.27, -35.75 ] } },
{ "type": "Feature", "properties": { "gid": 592, "nazwa": "Koro", "ostatnia_erupcja": "brak danych", "kraj": "Fidżi", "typ": "stożkowy", "rodzaj_erupcji": "brak dowodów na wybuch", "materiał": "bazalt / pikryt", "tektonika": "strefa subdukcji / grubość skorupy nieznana", "legenda": "Wulkan", "źródło": "Global Volcanism Program, 2013. Volcanoes of the World, v. 4.11.0. Venzke, E (ed.). Smithsonian Institution. Downloaded 20 Jun 2022. https://doi.org/10.5479/si.GVP.VOTW4-2013" }, "geometry": { "type": "Point", "coordinates": [ 179.4, -17.32 ] } },
{ "type": "Feature", "properties": { "gid": 857, "nazwa": "Sarik-Gajah", "ostatnia_erupcja": "brak danych", "kraj": "Indonezja", "typ": "stożkowy", "rodzaj_erupcji": "brak dowodów na wybuch", "materiał": "andezyt / andezyt bazaltowy", "tektonika": "strefa subdukcji / skorupa kontynentalna (>25 km)", "legenda": "Wulkan", "źródło": "Global Volcanism Program, 2013. Volcanoes of the World, v. 4.11.0. Venzke, E (ed.). Smithsonian Institution. Downloaded 20 Jun 2022. https://doi.org/10.5479/si.GVP.VOTW4-2013" }, "geometry": { "type": "Point", "coordinates": [ 100.189, 0.074 ] } },
{ "type": "Feature", "properties": { "gid": 921, "nazwa": "Behm Canal-Rudyerd Bay", "ostatnia_erupcja": "brak danych", "kraj": "Stany Zjednoczone", "typ": "stożkowy", "rodzaj_erupcji": "brak dowodów na wybuch", "materiał": "bazalt / pikryt", "tektonika": "strefa subdukcji / skorupa kontynentalna (>25 km)", "legenda": "Wulkan", "źródło": "Global Volcanism Program, 2013. Volcanoes of the World, v. 4.11.0. Venzke, E (ed.). Smithsonian Institution. Downloaded 20 Jun 2022. https://doi.org/10.5479/si.GVP.VOTW4-2013" }, "geometry": { "type": "Point", "coordinates": [ -131.05, 55.32 ] } },
{ "type": "Feature", "properties": { "gid": 960, "nazwa": "Cinnamon Butte", "ostatnia_erupcja": "brak danych", "kraj": "Stany Zjednoczone", "typ": "stożkowy", "rodzaj_erupcji": "brak dowodów na wybuch", "materiał": "bazalt / pikryt", "tektonika": "strefa subdukcji / skorupa kontynentalna (>25 km)", "legenda": "Wulkan", "źródło": "Global Volcanism Program, 2013. Volcanoes of the World, v. 4.11.0. Venzke, E (ed.). Smithsonian Institution. Downloaded 20 Jun 2022. https://doi.org/10.5479/si.GVP.VOTW4-2013" }, "geometry": { "type": "Point", "coordinates": [ -122.108, 43.241 ] } },
{ "type": "Feature", "properties": { "gid": 1091, "nazwa": "Royal Society Range", "ostatnia_erupcja": "brak danych", "kraj": "Antarktyda", "typ": "stożkowy", "rodzaj_erupcji": "brak dowodów na wybuch", "materiał": "trachyandezyt / bazaltowy trachyandezyt", "tektonika": "strefa subdukcji / skorupa kontynentalna (>25 km)", "legenda": "Wulkan", "źródło": "Global Volcanism Program, 2013. Volcanoes of the World, v. 4.11.0. Venzke, E (ed.). Smithsonian Institution. Downloaded 20 Jun 2022. https://doi.org/10.5479/si.GVP.VOTW4-2013" }, "geometry": { "type": "Point", "coordinates": [ 163.33, -78.25 ] } },
{ "type": "Feature", "properties": { "gid": 1175, "nazwa": "Licto", "ostatnia_erupcja": "brak danych", "kraj": "Ekwador", "typ": "stożkowy", "rodzaj_erupcji": "brak dowodów na wybuch", "materiał": "andezyt / andezyt bazaltowy", "tektonika": "strefa subdukcji / skorupa kontynentalna (>25 km)", "legenda": "Wulkan", "źródło": "Global Volcanism Program, 2013. Volcanoes of the World, v. 4.11.0. Venzke, E (ed.). Smithsonian Institution. Downloaded 20 Jun 2022. https://doi.org/10.5479/si.GVP.VOTW4-2013" }, "geometry": { "type": "Point", "coordinates": [ -78.613, -1.78 ] } },
{ "type": "Feature", "properties": { "gid": 1191, "nazwa": "Auquihuato, Cerro", "ostatnia_erupcja": "brak danych", "kraj": "Peru", "typ": "stożkowy", "rodzaj_erupcji": "brak dowodów na wybuch", "materiał": "-", "tektonika": "strefa subdukcji / skorupa kontynentalna (>25 km)", "legenda": "Wulkan", "źródło": "Global Volcanism Program, 2013. Volcanoes of the World, v. 4.11.0. Venzke, E (ed.). Smithsonian Institution. Downloaded 20 Jun 2022. https://doi.org/10.5479/si.GVP.VOTW4-2013" }, "geometry": { "type": "Point", "coordinates": [ -73.18, -15.07 ] } },
{ "type": "Feature", "properties": { "gid": 1247, "nazwa": "San Quintin Volcanic Field", "ostatnia_erupcja": "brak danych", "kraj": "Meksyk", "typ": "stożkowy", "rodzaj_erupcji": "brak dowodów na wybuch", "materiał": "tefryt / trachybazalt", "tektonika": "strefa ryftowa / skorupa kontynentalna (>25 km)", "legenda": "Wulkan", "źródło": "Global Volcanism Program, 2013. Volcanoes of the World, v. 4.11.0. Venzke, E (ed.). Smithsonian Institution. Downloaded 20 Jun 2022. https://doi.org/10.5479/si.GVP.VOTW4-2013" }, "geometry": { "type": "Point", "coordinates": [ -115.996, 30.468 ] } },
{ "type": "Feature", "properties": { "gid": 1338, "nazwa": "Negrillar, La", "ostatnia_erupcja": "brak danych", "kraj": "Chile", "typ": "stożkowy", "rodzaj_erupcji": "brak dowodów na wybuch", "materiał": "andezyt / andezyt bazaltowy", "tektonika": "strefa subdukcji / skorupa kontynentalna (>25 km)", "legenda": "Wulkan", "źródło": "Global Volcanism Program, 2013. Volcanoes of the World, v. 4.11.0. Venzke, E (ed.). Smithsonian Institution. Downloaded 20 Jun 2022. https://doi.org/10.5479/si.GVP.VOTW4-2013" }, "geometry": { "type": "Point", "coordinates": [ -68.59, -24.319 ] } },
{ "type": "Feature", "properties": { "gid": 1353, "nazwa": "Antofagasta Volcanic Field", "ostatnia_erupcja": "brak danych", "kraj": "Argentyna", "typ": "stożkowy", "rodzaj_erupcji": "brak dowodów na wybuch", "materiał": "andezyt / andezyt bazaltowy", "tektonika": "strefa subdukcji / skorupa kontynentalna (>25 km)", "legenda": "Wulkan", "źródło": "Global Volcanism Program, 2013. Volcanoes of the World, v. 4.11.0. Venzke, E (ed.). Smithsonian Institution. Downloaded 20 Jun 2022. https://doi.org/10.5479/si.GVP.VOTW4-2013" }, "geometry": { "type": "Point", "coordinates": [ -67.4, -26.12 ] } },
{ "type": "Feature", "properties": { "gid": 321, "nazwa": "Tosa Sucha", "ostatnia_erupcja": "brak danych", "kraj": "Etiopia", "typ": "stożkowy", "rodzaj_erupcji": "nieznana data wybuchu", "materiał": "bazalt / pikryt", "tektonika": "strefa ryftowa / skorupa kontynentalna (>25 km)", "legenda": "Wulkan", "źródło": "Global Volcanism Program, 2013. Volcanoes of the World, v. 4.11.0. Venzke, E (ed.). Smithsonian Institution. Downloaded 20 Jun 2022. https://doi.org/10.5479/si.GVP.VOTW4-2013" }, "geometry": { "type": "Point", "coordinates": [ 37.57, 5.93 ] } },
{ "type": "Feature", "properties": { "gid": 3, "nazwa": "Olot Volcanic Field", "ostatnia_erupcja": "brak danych", "kraj": "Hiszpania", "typ": "stożkowy", "rodzaj_erupcji": "nieznana data wybuchu", "materiał": "tefryt / trachybazalt", "tektonika": "strefa subdukcji / skorupa kontynentalna (>25 km)", "legenda": "Wulkan", "źródło": "Global Volcanism Program, 2013. Volcanoes of the World, v. 4.11.0. Venzke, E (ed.). Smithsonian Institution. Downloaded 20 Jun 2022. https://doi.org/10.5479/si.GVP.VOTW4-2013" }, "geometry": { "type": "Point", "coordinates": [ 2.53, 42.17 ] } },
{ "type": "Feature", "properties": { "gid": 442, "nazwa": "Dariganga Volcanic Field", "ostatnia_erupcja": "brak danych", "kraj": "Mongolia", "typ": "stożkowy", "rodzaj_erupcji": "nieznana data wybuchu", "materiał": "bazalt / pikryt", "tektonika": "strefa subdukcji / skorupa kontynentalna (>25 km)", "legenda": "Wulkan", "źródło": "Global Volcanism Program, 2013. Volcanoes of the World, v. 4.11.0. Venzke, E (ed.). Smithsonian Institution. Downloaded 20 Jun 2022. https://doi.org/10.5479/si.GVP.VOTW4-2013" }, "geometry": { "type": "Point", "coordinates": [ 114.27900000000011, 45.754 ] } },
{ "type": "Feature", "properties": { "gid": 449, "nazwa": "Keluo Group", "ostatnia_erupcja": "brak danych", "kraj": "Chiny", "typ": "stożkowy", "rodzaj_erupcji": "nieznana data wybuchu", "materiał": "tefryt / trachybazalt", "tektonika": "strefa subdukcji / skorupa kontynentalna (>25 km)", "legenda": "Wulkan", "źródło": "Global Volcanism Program, 2013. Volcanoes of the World, v. 4.11.0. Venzke, E (ed.). Smithsonian Institution. Downloaded 20 Jun 2022. https://doi.org/10.5479/si.GVP.VOTW4-2013" }, "geometry": { "type": "Point", "coordinates": [ 125.92, 49.37 ] } },
{ "type": "Feature", "properties": { "gid": 372, "nazwa": "Tahalra Volcanic Field", "ostatnia_erupcja": "brak danych", "kraj": "Algieria", "typ": "stożkowy", "rodzaj_erupcji": "nieznana data wybuchu", "materiał": "tefryt / trachybazalt", "tektonika": "strefa subdukcji / skorupa kontynentalna (>25 km)", "legenda": "Wulkan", "źródło": "Global Volcanism Program, 2013. Volcanoes of the World, v. 4.11.0. Venzke, E (ed.). Smithsonian Institution. Downloaded 20 Jun 2022. https://doi.org/10.5479/si.GVP.VOTW4-2013" }, "geometry": { "type": "Point", "coordinates": [ 5.0, 22.67 ] } },
{ "type": "Feature", "properties": { "gid": 373, "nazwa": "Atakor Volcanic Field", "ostatnia_erupcja": "brak danych", "kraj": "Algieria", "typ": "stożkowy", "rodzaj_erupcji": "nieznana data wybuchu", "materiał": "tefryt / trachybazalt", "tektonika": "strefa subdukcji / skorupa kontynentalna (>25 km)", "legenda": "Wulkan", "źródło": "Global Volcanism Program, 2013. Volcanoes of the World, v. 4.11.0. Venzke, E (ed.). Smithsonian Institution. Downloaded 20 Jun 2022. https://doi.org/10.5479/si.GVP.VOTW4-2013" }, "geometry": { "type": "Point", "coordinates": [ 5.83, 23.33 ] } },
{ "type": "Feature", "properties": { "gid": 374, "nazwa": "Manzaz Volcanic Field", "ostatnia_erupcja": "brak danych", "kraj": "Algieria", "typ": "stożkowy", "rodzaj_erupcji": "nieznana data wybuchu", "materiał": "tefryt / trachybazalt", "tektonika": "strefa subdukcji / skorupa kontynentalna (>25 km)", "legenda": "Wulkan", "źródło": "Global Volcanism Program, 2013. Volcanoes of the World, v. 4.11.0. Venzke, E (ed.). Smithsonian Institution. Downloaded 20 Jun 2022. https://doi.org/10.5479/si.GVP.VOTW4-2013" }, "geometry": { "type": "Point", "coordinates": [ 5.83, 23.92 ] } },
{ "type": "Feature", "properties": { "gid": 25, "nazwa": "Kula", "ostatnia_erupcja": "brak danych", "kraj": "Turcja", "typ": "stożkowy", "rodzaj_erupcji": "nieznana data wybuchu", "materiał": "tefryt / trachybazalt", "tektonika": "strefa subdukcji / skorupa kontynentalna (>25 km)", "legenda": "Wulkan", "źródło": "Global Volcanism Program, 2013. Volcanoes of the World, v. 4.11.0. Venzke, E (ed.). Smithsonian Institution. Downloaded 20 Jun 2022. https://doi.org/10.5479/si.GVP.VOTW4-2013" }, "geometry": { "type": "Point", "coordinates": [ 28.52, 38.58 ] } },
{ "type": "Feature", "properties": { "gid": 411, "nazwa": "Nosy-Be", "ostatnia_erupcja": "brak danych", "kraj": "Madagaskar", "typ": "stożkowy", "rodzaj_erupcji": "nieznana data wybuchu", "materiał": "foidyt", "tektonika": "strefa subdukcji / skorupa kontynentalna (>25 km)", "legenda": "Wulkan", "źródło": "Global Volcanism Program, 2013. Volcanoes of the World, v. 4.11.0. Venzke, E (ed.). Smithsonian Institution. Downloaded 20 Jun 2022. https://doi.org/10.5479/si.GVP.VOTW4-2013" }, "geometry": { "type": "Point", "coordinates": [ 48.48, -13.32 ] } },
{ "type": "Feature", "properties": { "gid": 412, "nazwa": "Ankaizina Field", "ostatnia_erupcja": "brak danych", "kraj": "Madagaskar", "typ": "stożkowy", "rodzaj_erupcji": "nieznana data wybuchu", "materiał": "bazalt / pikryt", "tektonika": "strefa subdukcji / skorupa kontynentalna (>25 km)", "legenda": "Wulkan", "źródło": "Global Volcanism Program, 2013. Volcanoes of the World, v. 4.11.0. Venzke, E (ed.). Smithsonian Institution. Downloaded 20 Jun 2022. https://doi.org/10.5479/si.GVP.VOTW4-2013" }, "geometry": { "type": "Point", "coordinates": [ 48.67, -14.3 ] } },
{ "type": "Feature", "properties": { "gid": 414, "nazwa": "Vakinankaratra", "ostatnia_erupcja": "brak danych", "kraj": "Madagaskar", "typ": "stożkowy", "rodzaj_erupcji": "nieznana data wybuchu", "materiał": "tefryt / trachybazalt", "tektonika": "strefa subdukcji / skorupa kontynentalna (>25 km)", "legenda": "Wulkan", "źródło": "Global Volcanism Program, 2013. Volcanoes of the World, v. 4.11.0. Venzke, E (ed.). Smithsonian Institution. Downloaded 20 Jun 2022. https://doi.org/10.5479/si.GVP.VOTW4-2013" }, "geometry": { "type": "Point", "coordinates": [ 46.942, -19.85 ] } },
{ "type": "Feature", "properties": { "gid": 26, "nazwa": "Karapinar Field", "ostatnia_erupcja": "brak danych", "kraj": "Turcja", "typ": "stożkowy", "rodzaj_erupcji": "nieznana data wybuchu", "materiał": "trachyandezyt / bazaltowy trachyandezyt", "tektonika": "strefa subdukcji / skorupa kontynentalna (>25 km)", "legenda": "Wulkan", "źródło": "Global Volcanism Program, 2013. Volcanoes of the World, v. 4.11.0. Venzke, E (ed.). Smithsonian Institution. Downloaded 20 Jun 2022. https://doi.org/10.5479/si.GVP.VOTW4-2013" }, "geometry": { "type": "Point", "coordinates": [ 33.6, 37.667 ] } },
{ "type": "Feature", "properties": { "gid": 625, "nazwa": "Madilogo", "ostatnia_erupcja": "brak danych", "kraj": "Papua - Nowa Gwinea", "typ": "stożkowy", "rodzaj_erupcji": "nieznana data wybuchu", "materiał": "tefryt / trachybazalt", "tektonika": "strefa subdukcji / skorupa kontynentalna (>25 km)", "legenda": "Wulkan", "źródło": "Global Volcanism Program, 2013. Volcanoes of the World, v. 4.11.0. Venzke, E (ed.). Smithsonian Institution. Downloaded 20 Jun 2022. https://doi.org/10.5479/si.GVP.VOTW4-2013" }, "geometry": { "type": "Point", "coordinates": [ 147.57, -9.2 ] } },
{ "type": "Feature", "properties": { "gid": 687, "nazwa": "Tarakan", "ostatnia_erupcja": "brak danych", "kraj": "Indonezja", "typ": "stożkowy", "rodzaj_erupcji": "nieznana data wybuchu", "materiał": "bazalt / pikryt", "tektonika": "strefa subdukcji / skorupa oceaniczna (< 15 km)", "legenda": "Wulkan", "źródło": "Global Volcanism Program, 2013. Volcanoes of the World, v. 4.11.0. Venzke, E (ed.). Smithsonian Institution. Downloaded 20 Jun 2022. https://doi.org/10.5479/si.GVP.VOTW4-2013" }, "geometry": { "type": "Point", "coordinates": [ 127.83, 1.83 ] } },
{ "type": "Feature", "properties": { "gid": 738, "nazwa": "Sessagara", "ostatnia_erupcja": "brak danych", "kraj": "Papua - Nowa Gwinea", "typ": "stożkowy", "rodzaj_erupcji": "nieznana data wybuchu", "materiał": "trachyandezyt / bazaltowy trachyandezyt", "tektonika": "strefa subdukcji / skorupa kontynentalna (>25 km)", "legenda": "Wulkan", "źródło": "Global Volcanism Program, 2013. Volcanoes of the World, v. 4.11.0. Venzke, E (ed.). Smithsonian Institution. Downloaded 20 Jun 2022. https://doi.org/10.5479/si.GVP.VOTW4-2013" }, "geometry": { "type": "Point", "coordinates": [ 149.130000000000109, -9.48 ] } },
{ "type": "Feature", "properties": { "gid": 912, "nazwa": "Ingakslugwat Hills", "ostatnia_erupcja": "brak danych", "kraj": "Stany Zjednoczone", "typ": "stożkowy", "rodzaj_erupcji": "nieznana data wybuchu", "materiał": "bazalt / pikryt", "tektonika": "strefa subdukcji / skorupa kontynentalna (>25 km)", "legenda": "Wulkan", "źródło": "Global Volcanism Program, 2013. Volcanoes of the World, v. 4.11.0. Venzke, E (ed.). Smithsonian Institution. Downloaded 20 Jun 2022. https://doi.org/10.5479/si.GVP.VOTW4-2013" }, "geometry": { "type": "Point", "coordinates": [ -164.47, 61.43 ] } },
{ "type": "Feature", "properties": { "gid": 924, "nazwa": "Atlin Volcanic Field", "ostatnia_erupcja": "brak danych", "kraj": "Kanada", "typ": "stożkowy", "rodzaj_erupcji": "nieznana data wybuchu", "materiał": "tefryt / trachybazalt", "tektonika": "strefa subdukcji / skorupa kontynentalna (>25 km)", "legenda": "Wulkan", "źródło": "Global Volcanism Program, 2013. Volcanoes of the World, v. 4.11.0. Venzke, E (ed.). Smithsonian Institution. Downloaded 20 Jun 2022. https://doi.org/10.5479/si.GVP.VOTW4-2013" }, "geometry": { "type": "Point", "coordinates": [ -133.32, 59.68 ] } },
{ "type": "Feature", "properties": { "gid": 933, "nazwa": "Crow Lagoon", "ostatnia_erupcja": "brak danych", "kraj": "Kanada", "typ": "stożkowy", "rodzaj_erupcji": "nieznana data wybuchu", "materiał": "bazalt / pikryt", "tektonika": "strefa subdukcji / skorupa kontynentalna (>25 km)", "legenda": "Wulkan", "źródło": "Global Volcanism Program, 2013. Volcanoes of the World, v. 4.11.0. Venzke, E (ed.). Smithsonian Institution. Downloaded 20 Jun 2022. https://doi.org/10.5479/si.GVP.VOTW4-2013" }, "geometry": { "type": "Point", "coordinates": [ -130.23, 54.7 ] } },
{ "type": "Feature", "properties": { "gid": 934, "nazwa": "Milbanke Sound Group", "ostatnia_erupcja": "brak danych", "kraj": "Kanada", "typ": "stożkowy", "rodzaj_erupcji": "nieznana data wybuchu", "materiał": "bazalt / pikryt", "tektonika": "strefa subdukcji / skorupa kontynentalna (>25 km)", "legenda": "Wulkan", "źródło": "Global Volcanism Program, 2013. Volcanoes of the World, v. 4.11.0. Venzke, E (ed.). Smithsonian Institution. Downloaded 20 Jun 2022. https://doi.org/10.5479/si.GVP.VOTW4-2013" }, "geometry": { "type": "Point", "coordinates": [ -128.73, 52.5 ] } },
{ "type": "Feature", "properties": { "gid": 1023, "nazwa": "Helgrindur", "ostatnia_erupcja": "brak danych", "kraj": "Islandia", "typ": "stożkowy", "rodzaj_erupcji": "nieznana data wybuchu", "materiał": "bazalt / pikryt", "tektonika": "strefa ryftowa / skorupa oceaniczna (< 15 km)", "legenda": "Wulkan", "źródło": "Global Volcanism Program, 2013. Volcanoes of the World, v. 4.11.0. Venzke, E (ed.). Smithsonian Institution. Downloaded 20 Jun 2022. https://doi.org/10.5479/si.GVP.VOTW4-2013" }, "geometry": { "type": "Point", "coordinates": [ -23.283, 64.866 ] } },
{ "type": "Feature", "properties": { "gid": 1103, "nazwa": "Paulet", "ostatnia_erupcja": "brak danych", "kraj": "Antarktyda", "typ": "stożkowy", "rodzaj_erupcji": "nieznana data wybuchu", "materiał": "bazalt / pikryt", "tektonika": "strefa subdukcji / skorupa kontynentalna (>25 km)", "legenda": "Wulkan", "źródło": "Global Volcanism Program, 2013. Volcanoes of the World, v. 4.11.0. Venzke, E (ed.). Smithsonian Institution. Downloaded 20 Jun 2022. https://doi.org/10.5479/si.GVP.VOTW4-2013" }, "geometry": { "type": "Point", "coordinates": [ -55.78, -63.579 ] } },
{ "type": "Feature", "properties": { "gid": 1104, "nazwa": "Seal Nunataks Group", "ostatnia_erupcja": "brak danych", "kraj": "Antarktyda", "typ": "stożkowy", "rodzaj_erupcji": "nieznana data wybuchu", "materiał": "bazalt / pikryt", "tektonika": "strefa subdukcji / skorupa kontynentalna (>25 km)", "legenda": "Wulkan", "źródło": "Global Volcanism Program, 2013. Volcanoes of the World, v. 4.11.0. Venzke, E (ed.). Smithsonian Institution. Downloaded 20 Jun 2022. https://doi.org/10.5479/si.GVP.VOTW4-2013" }, "geometry": { "type": "Point", "coordinates": [ -60.05, -65.03 ] } },
{ "type": "Feature", "properties": { "gid": 1128, "nazwa": "Azul, Volcan", "ostatnia_erupcja": "brak danych", "kraj": "Nikaragua", "typ": "stożkowy", "rodzaj_erupcji": "nieznana data wybuchu", "materiał": "tefryt / trachybazalt", "tektonika": "strefa subdukcji / skorupa oceaniczna (< 15 km)", "legenda": "Wulkan", "źródło": "Global Volcanism Program, 2013. Volcanoes of the World, v. 4.11.0. Venzke, E (ed.). Smithsonian Institution. Downloaded 20 Jun 2022. https://doi.org/10.5479/si.GVP.VOTW4-2013" }, "geometry": { "type": "Point", "coordinates": [ -83.87, 12.53 ] } },
{ "type": "Feature", "properties": { "gid": 1198, "nazwa": "Nicholson, Cerro", "ostatnia_erupcja": "brak danych", "kraj": "Peru", "typ": "stożkowy", "rodzaj_erupcji": "nieznana data wybuchu", "materiał": "andezyt / andezyt bazaltowy", "tektonika": "strefa subdukcji / skorupa kontynentalna (>25 km)", "legenda": "Wulkan", "źródło": "Global Volcanism Program, 2013. Volcanoes of the World, v. 4.11.0. Venzke, E (ed.). Smithsonian Institution. Downloaded 20 Jun 2022. https://doi.org/10.5479/si.GVP.VOTW4-2013" }, "geometry": { "type": "Point", "coordinates": [ -71.754, -16.261 ] } },
{ "type": "Feature", "properties": { "gid": 1246, "nazwa": "Pinacate", "ostatnia_erupcja": "brak danych", "kraj": "Meksyk", "typ": "stożkowy", "rodzaj_erupcji": "nieznana data wybuchu", "materiał": "bazalt / pikryt", "tektonika": "strefa subdukcji / skorupa kontynentalna (>25 km)", "legenda": "Wulkan", "źródło": "Global Volcanism Program, 2013. Volcanoes of the World, v. 4.11.0. Venzke, E (ed.). Smithsonian Institution. Downloaded 20 Jun 2022. https://doi.org/10.5479/si.GVP.VOTW4-2013" }, "geometry": { "type": "Point", "coordinates": [ -113.498, 31.772 ] } },
{ "type": "Feature", "properties": { "gid": 1249, "nazwa": "Jaraguay Volcanic Field", "ostatnia_erupcja": "brak danych", "kraj": "Meksyk", "typ": "stożkowy", "rodzaj_erupcji": "nieznana data wybuchu", "materiał": "andezyt / andezyt bazaltowy", "tektonika": "strefa ryftowa / skorupa kontynentalna (>25 km)", "legenda": "Wulkan", "źródło": "Global Volcanism Program, 2013. Volcanoes of the World, v. 4.11.0. Venzke, E (ed.). Smithsonian Institution. Downloaded 20 Jun 2022. https://doi.org/10.5479/si.GVP.VOTW4-2013" }, "geometry": { "type": "Point", "coordinates": [ -114.5, 29.33 ] } },
{ "type": "Feature", "properties": { "gid": 1252, "nazwa": "San Borja Volcanic Field", "ostatnia_erupcja": "brak danych", "kraj": "Meksyk", "typ": "stożkowy", "rodzaj_erupcji": "nieznana data wybuchu", "materiał": "andezyt / andezyt bazaltowy", "tektonika": "strefa ryftowa / skorupa kontynentalna (>25 km)", "legenda": "Wulkan", "źródło": "Global Volcanism Program, 2013. Volcanoes of the World, v. 4.11.0. Venzke, E (ed.). Smithsonian Institution. Downloaded 20 Jun 2022. https://doi.org/10.5479/si.GVP.VOTW4-2013" }, "geometry": { "type": "Point", "coordinates": [ -113.75, 28.5 ] } },
{ "type": "Feature", "properties": { "gid": 1258, "nazwa": "Durango Volcanic Field", "ostatnia_erupcja": "brak danych", "kraj": "Meksyk", "typ": "stożkowy", "rodzaj_erupcji": "nieznana data wybuchu", "materiał": "tefryt / trachybazalt", "tektonika": "strefa subdukcji / skorupa kontynentalna (>25 km)", "legenda": "Wulkan", "źródło": "Global Volcanism Program, 2013. Volcanoes of the World, v. 4.11.0. Venzke, E (ed.). Smithsonian Institution. Downloaded 20 Jun 2022. https://doi.org/10.5479/si.GVP.VOTW4-2013" }, "geometry": { "type": "Point", "coordinates": [ -104.45, 24.15 ] } },
{ "type": "Feature", "properties": { "gid": 1262, "nazwa": "Mascota Volcanic Field", "ostatnia_erupcja": "brak danych", "kraj": "Meksyk", "typ": "stożkowy", "rodzaj_erupcji": "nieznana data wybuchu", "materiał": "andezyt / andezyt bazaltowy", "tektonika": "strefa subdukcji / skorupa kontynentalna (>25 km)", "legenda": "Wulkan", "źródło": "Global Volcanism Program, 2013. Volcanoes of the World, v. 4.11.0. Venzke, E (ed.). Smithsonian Institution. Downloaded 20 Jun 2022. https://doi.org/10.5479/si.GVP.VOTW4-2013" }, "geometry": { "type": "Point", "coordinates": [ -104.83, 20.62 ] } },
{ "type": "Feature", "properties": { "gid": 1304, "nazwa": "Chiquimula Volcanic Field", "ostatnia_erupcja": "brak danych", "kraj": "Gwatemala", "typ": "stożkowy", "rodzaj_erupcji": "nieznana data wybuchu", "materiał": "bazalt / pikryt", "tektonika": "strefa subdukcji / skorupa kontynentalna (>25 km)", "legenda": "Wulkan", "źródło": "Global Volcanism Program, 2013. Volcanoes of the World, v. 4.11.0. Venzke, E (ed.). Smithsonian Institution. Downloaded 20 Jun 2022. https://doi.org/10.5479/si.GVP.VOTW4-2013" }, "geometry": { "type": "Point", "coordinates": [ -89.55, 14.83 ] } },
{ "type": "Feature", "properties": { "gid": 1307, "nazwa": "Singuil, Cerro", "ostatnia_erupcja": "brak danych", "kraj": "Salwador", "typ": "stożkowy", "rodzaj_erupcji": "nieznana data wybuchu", "materiał": "bazalt / pikryt", "tektonika": "strefa subdukcji / skorupa kontynentalna (>25 km)", "legenda": "Wulkan", "źródło": "Global Volcanism Program, 2013. Volcanoes of the World, v. 4.11.0. Venzke, E (ed.). Smithsonian Institution. Downloaded 20 Jun 2022. https://doi.org/10.5479/si.GVP.VOTW4-2013" }, "geometry": { "type": "Point", "coordinates": [ -89.631, 14.054 ] } },
{ "type": "Feature", "properties": { "gid": 1328, "nazwa": "Utila Island", "ostatnia_erupcja": "brak danych", "kraj": "Honduras", "typ": "stożkowy", "rodzaj_erupcji": "nieznana data wybuchu", "materiał": "bazalt / pikryt", "tektonika": "strefa subdukcji / skorupa kontynentalna (>25 km)", "legenda": "Wulkan", "źródło": "Global Volcanism Program, 2013. Volcanoes of the World, v. 4.11.0. Venzke, E (ed.). Smithsonian Institution. Downloaded 20 Jun 2022. https://doi.org/10.5479/si.GVP.VOTW4-2013" }, "geometry": { "type": "Point", "coordinates": [ -86.882, 16.12 ] } },
{ "type": "Feature", "properties": { "gid": 1336, "nazwa": "Negrillar, El", "ostatnia_erupcja": "brak danych", "kraj": "Chile", "typ": "stożkowy", "rodzaj_erupcji": "nieznana data wybuchu", "materiał": "andezyt / andezyt bazaltowy", "tektonika": "strefa subdukcji / skorupa kontynentalna (>25 km)", "legenda": "Wulkan", "źródło": "Global Volcanism Program, 2013. Volcanoes of the World, v. 4.11.0. Venzke, E (ed.). Smithsonian Institution. Downloaded 20 Jun 2022. https://doi.org/10.5479/si.GVP.VOTW4-2013" }, "geometry": { "type": "Point", "coordinates": [ -68.25, -24.18 ] } },
{ "type": "Feature", "properties": { "gid": 1375, "nazwa": "Resago, Volcan", "ostatnia_erupcja": "brak danych", "kraj": "Chile", "typ": "stożkowy", "rodzaj_erupcji": "nieznana data wybuchu", "materiał": "andezyt / andezyt bazaltowy", "tektonika": "strefa subdukcji / skorupa kontynentalna (>25 km)", "legenda": "Wulkan", "źródło": "Global Volcanism Program, 2013. Volcanoes of the World, v. 4.11.0. Venzke, E (ed.). Smithsonian Institution. Downloaded 20 Jun 2022. https://doi.org/10.5479/si.GVP.VOTW4-2013" }, "geometry": { "type": "Point", "coordinates": [ -70.92, -36.45 ] } },
{ "type": "Feature", "properties": { "gid": 1384, "nazwa": "Mariñaqui, Laguna", "ostatnia_erupcja": "brak danych", "kraj": "Chile", "typ": "stożkowy", "rodzaj_erupcji": "nieznana data wybuchu", "materiał": "andezyt / andezyt bazaltowy", "tektonika": "strefa subdukcji / skorupa kontynentalna (>25 km)", "legenda": "Wulkan", "źródło": "Global Volcanism Program, 2013. Volcanoes of the World, v. 4.11.0. Venzke, E (ed.). Smithsonian Institution. Downloaded 20 Jun 2022. https://doi.org/10.5479/si.GVP.VOTW4-2013" }, "geometry": { "type": "Point", "coordinates": [ -71.167, -38.255 ] } },
{ "type": "Feature", "properties": { "gid": 1409, "nazwa": "Crater Basalt Volcanic Field", "ostatnia_erupcja": "brak danych", "kraj": "Argentyna", "typ": "stożkowy", "rodzaj_erupcji": "nieznana data wybuchu", "materiał": "tefryt / trachybazalt", "tektonika": "strefa subdukcji / skorupa kontynentalna (>25 km)", "legenda": "Wulkan", "źródło": "Global Volcanism Program, 2013. Volcanoes of the World, v. 4.11.0. Venzke, E (ed.). Smithsonian Institution. Downloaded 20 Jun 2022. https://doi.org/10.5479/si.GVP.VOTW4-2013" }, "geometry": { "type": "Point", "coordinates": [ -70.194, -42.018 ] } },
{ "type": "Feature", "properties": { "gid": 1415, "nazwa": "Palena Volcanic Group", "ostatnia_erupcja": "brak danych", "kraj": "Chile", "typ": "stożkowy", "rodzaj_erupcji": "nieznana data wybuchu", "materiał": "-", "tektonika": "strefa subdukcji / skorupa kontynentalna (>25 km)", "legenda": "Wulkan", "źródło": "Global Volcanism Program, 2013. Volcanoes of the World, v. 4.11.0. Venzke, E (ed.). Smithsonian Institution. Downloaded 20 Jun 2022. https://doi.org/10.5479/si.GVP.VOTW4-2013" }, "geometry": { "type": "Point", "coordinates": [ -72.47, -43.78 ] } },
{ "type": "Feature", "properties": { "gid": 802, "nazwa": "Bliznetsy", "ostatnia_erupcja": "1060 p.n.e.", "kraj": "Rosja", "typ": "stożkowy", "rodzaj_erupcji": "erupcja datowana", "materiał": "andezyt / andezyt bazaltowy", "tektonika": "strefa subdukcji / skorupa kontynentalna (>25 km)", "legenda": "Wulkan", "źródło": "Global Volcanism Program, 2013. Volcanoes of the World, v. 4.11.0. Venzke, E (ed.). Smithsonian Institution. Downloaded 20 Jun 2022. https://doi.org/10.5479/si.GVP.VOTW4-2013" }, "geometry": { "type": "Point", "coordinates": [ 161.370000000000118, 57.35 ] } },
{ "type": "Feature", "properties": { "gid": 815, "nazwa": "Bagana", "ostatnia_erupcja": "2018", "kraj": "Papua - Nowa Gwinea", "typ": "stożkowy", "rodzaj_erupcji": "erupcja zaobserwowana", "materiał": "andezyt / andezyt bazaltowy", "tektonika": "strefa subdukcji / grubość skorupy nieznana", "legenda": "Wulkan", "źródło": "Global Volcanism Program, 2013. Volcanoes of the World, v. 4.11.0. Venzke, E (ed.). Smithsonian Institution. Downloaded 20 Jun 2022. https://doi.org/10.5479/si.GVP.VOTW4-2013" }, "geometry": { "type": "Point", "coordinates": [ 155.196, -6.137 ] } },
{ "type": "Feature", "properties": { "gid": 812, "nazwa": "Tore", "ostatnia_erupcja": "brak danych", "kraj": "Papua - Nowa Gwinea", "typ": "stożkowy", "rodzaj_erupcji": "nieznana data wybuchu", "materiał": "andezyt / andezyt bazaltowy", "tektonika": "strefa subdukcji / grubość skorupy nieznana", "legenda": "Wulkan", "źródło": "Global Volcanism Program, 2013. Volcanoes of the World, v. 4.11.0. Venzke, E (ed.). Smithsonian Institution. Downloaded 20 Jun 2022. https://doi.org/10.5479/si.GVP.VOTW4-2013" }, "geometry": { "type": "Point", "coordinates": [ 154.935, -5.835 ] } },
{ "type": "Feature", "properties": { "gid": 49, "nazwa": "Dallol", "ostatnia_erupcja": "2011", "kraj": "Etiopia", "typ": "stożkowy", "rodzaj_erupcji": "erupcja zaobserwowana", "materiał": "-", "tektonika": "strefa ryftowa / skorupa pośrednia (15-25 km)", "legenda": "Wulkan", "źródło": "Global Volcanism Program, 2013. Volcanoes of the World, v. 4.11.0. Venzke, E (ed.). Smithsonian Institution. Downloaded 20 Jun 2022. https://doi.org/10.5479/si.GVP.VOTW4-2013" }, "geometry": { "type": "Point", "coordinates": [ 40.3, 14.242 ] } },
{ "type": "Feature", "properties": { "gid": 37, "nazwa": "Samsari Volcanic Center", "ostatnia_erupcja": "brak danych", "kraj": "Georgia", "typ": "stożkowy", "rodzaj_erupcji": "brak dowodów na wybuch", "materiał": "andezyt / andezyt bazaltowy", "tektonika": "strefa subdukcji / skorupa kontynentalna (>25 km)", "legenda": "Wulkan", "źródło": "Global Volcanism Program, 2013. Volcanoes of the World, v. 4.11.0. Venzke, E (ed.). Smithsonian Institution. Downloaded 20 Jun 2022. https://doi.org/10.5479/si.GVP.VOTW4-2013" }, "geometry": { "type": "Point", "coordinates": [ 43.7, 41.542 ] } },
{ "type": "Feature", "properties": { "gid": 353, "nazwa": "Kyatwa", "ostatnia_erupcja": "brak danych", "kraj": "Uganda", "typ": "stożkowy", "rodzaj_erupcji": "brak dowodów na wybuch", "materiał": "foidyt", "tektonika": "strefa ryftowa / skorupa kontynentalna (>25 km)", "legenda": "Wulkan", "źródło": "Global Volcanism Program, 2013. Volcanoes of the World, v. 4.11.0. Venzke, E (ed.). Smithsonian Institution. Downloaded 20 Jun 2022. https://doi.org/10.5479/si.GVP.VOTW4-2013" }, "geometry": { "type": "Point", "coordinates": [ 30.25, 0.45 ] } },
{ "type": "Feature", "properties": { "gid": 323, "nazwa": "Korath Range", "ostatnia_erupcja": "brak danych", "kraj": "Etiopia", "typ": "stożkowy", "rodzaj_erupcji": "brak dowodów na wybuch", "materiał": "tefryt / trachybazalt", "tektonika": "strefa ryftowa / skorupa pośrednia (15-25 km)", "legenda": "Wulkan", "źródło": "Global Volcanism Program, 2013. Volcanoes of the World, v. 4.11.0. Venzke, E (ed.). Smithsonian Institution. Downloaded 20 Jun 2022. https://doi.org/10.5479/si.GVP.VOTW4-2013" }, "geometry": { "type": "Point", "coordinates": [ 35.88, 5.1 ] } },
{ "type": "Feature", "properties": { "gid": 395, "nazwa": "Marha, Jabal el-", "ostatnia_erupcja": "brak danych", "kraj": "Jemen", "typ": "stożkowy", "rodzaj_erupcji": "brak dowodów na wybuch", "materiał": "bazalt / pikryt", "tektonika": "strefa subdukcji / skorupa kontynentalna (>25 km)", "legenda": "Wulkan", "źródło": "Global Volcanism Program, 2013. Volcanoes of the World, v. 4.11.0. Venzke, E (ed.). Smithsonian Institution. Downloaded 20 Jun 2022. https://doi.org/10.5479/si.GVP.VOTW4-2013" }, "geometry": { "type": "Point", "coordinates": [ 44.236, 15.245 ] } },
{ "type": "Feature", "properties": { "gid": 1259, "nazwa": "Isabel, Isla", "ostatnia_erupcja": "brak danych", "kraj": "Meksyk", "typ": "stożkowy", "rodzaj_erupcji": "brak dowodów na wybuch", "materiał": "bazalt / pikryt", "tektonika": "strefa subdukcji / skorupa kontynentalna (>25 km)", "legenda": "Wulkan", "źródło": "Global Volcanism Program, 2013. Volcanoes of the World, v. 4.11.0. Venzke, E (ed.). Smithsonian Institution. Downloaded 20 Jun 2022. https://doi.org/10.5479/si.GVP.VOTW4-2013" }, "geometry": { "type": "Point", "coordinates": [ -105.886, 21.848 ] } },
{ "type": "Feature", "properties": { "gid": 354, "nazwa": "Katwe-Kikorongo", "ostatnia_erupcja": "brak danych", "kraj": "Uganda", "typ": "stożkowy", "rodzaj_erupcji": "nieznana data wybuchu", "materiał": "foidyt", "tektonika": "strefa ryftowa / skorupa kontynentalna (>25 km)", "legenda": "Wulkan", "źródło": "Global Volcanism Program, 2013. Volcanoes of the World, v. 4.11.0. Venzke, E (ed.). Smithsonian Institution. Downloaded 20 Jun 2022. https://doi.org/10.5479/si.GVP.VOTW4-2013" }, "geometry": { "type": "Point", "coordinates": [ 29.92, -0.08 ] } },
{ "type": "Feature", "properties": { "gid": 325, "nazwa": "North Island", "ostatnia_erupcja": "brak danych", "kraj": "Kenia", "typ": "stożkowy", "rodzaj_erupcji": "nieznana data wybuchu", "materiał": "trachyandezyt / bazaltowy trachyandezyt", "tektonika": "strefa ryftowa / skorupa kontynentalna (>25 km)", "legenda": "Wulkan", "źródło": "Global Volcanism Program, 2013. Volcanoes of the World, v. 4.11.0. Venzke, E (ed.). Smithsonian Institution. Downloaded 20 Jun 2022. https://doi.org/10.5479/si.GVP.VOTW4-2013" }, "geometry": { "type": "Point", "coordinates": [ 36.049, 4.059 ] } },
{ "type": "Feature", "properties": { "gid": 356, "nazwa": "Katunga", "ostatnia_erupcja": "brak danych", "kraj": "Uganda", "typ": "stożkowy", "rodzaj_erupcji": "nieznana data wybuchu", "materiał": "foidyt", "tektonika": "strefa ryftowa / skorupa kontynentalna (>25 km)", "legenda": "Wulkan", "źródło": "Global Volcanism Program, 2013. Volcanoes of the World, v. 4.11.0. Venzke, E (ed.). Smithsonian Institution. Downloaded 20 Jun 2022. https://doi.org/10.5479/si.GVP.VOTW4-2013" }, "geometry": { "type": "Point", "coordinates": [ 30.191, -0.471 ] } },
{ "type": "Feature", "properties": { "gid": 1248, "nazwa": "San Luis, Isla", "ostatnia_erupcja": "brak danych", "kraj": "Meksyk", "typ": "stożkowy", "rodzaj_erupcji": "nieznana data wybuchu", "materiał": "ryolit", "tektonika": "strefa ryftowa / skorupa kontynentalna (>25 km)", "legenda": "Wulkan", "źródło": "Global Volcanism Program, 2013. Volcanoes of the World, v. 4.11.0. Venzke, E (ed.). Smithsonian Institution. Downloaded 20 Jun 2022. https://doi.org/10.5479/si.GVP.VOTW4-2013" }, "geometry": { "type": "Point", "coordinates": [ -114.4, 29.97 ] } },
{ "type": "Feature", "properties": { "gid": 1273, "nazwa": "Serdan-Oriental", "ostatnia_erupcja": "brak danych", "kraj": "Meksyk", "typ": "stożkowy", "rodzaj_erupcji": "nieznana data wybuchu", "materiał": "ryolit", "tektonika": "strefa subdukcji / skorupa kontynentalna (>25 km)", "legenda": "Wulkan", "źródło": "Global Volcanism Program, 2013. Volcanoes of the World, v. 4.11.0. Venzke, E (ed.). Smithsonian Institution. Downloaded 20 Jun 2022. https://doi.org/10.5479/si.GVP.VOTW4-2013" }, "geometry": { "type": "Point", "coordinates": [ -97.47, 19.27 ] } },
{ "type": "Feature", "properties": { "gid": 1417, "nazwa": "Puyuhuapi", "ostatnia_erupcja": "brak danych", "kraj": "Chile", "typ": "stożkowy", "rodzaj_erupcji": "nieznana data wybuchu", "materiał": "bazalt / pikryt", "tektonika": "strefa subdukcji / skorupa kontynentalna (>25 km)", "legenda": "Wulkan", "źródło": "Global Volcanism Program, 2013. Volcanoes of the World, v. 4.11.0. Venzke, E (ed.). Smithsonian Institution. Downloaded 20 Jun 2022. https://doi.org/10.5479/si.GVP.VOTW4-2013" }, "geometry": { "type": "Point", "coordinates": [ -72.53, -44.3 ] } },
{ "type": "Feature", "properties": { "gid": 1352, "nazwa": "Unnamed", "ostatnia_erupcja": "brak danych", "kraj": "Argentyna", "typ": "stożkowy", "rodzaj_erupcji": "nieznana data wybuchu", "materiał": "andezyt / andezyt bazaltowy", "tektonika": "strefa subdukcji / skorupa kontynentalna (>25 km)", "legenda": "Wulkan", "źródło": "Global Volcanism Program, 2013. Volcanoes of the World, v. 4.11.0. Venzke, E (ed.). Smithsonian Institution. Downloaded 20 Jun 2022. https://doi.org/10.5479/si.GVP.VOTW4-2013" }, "geometry": { "type": "Point", "coordinates": [ -68.266, -25.078 ] } },
{ "type": "Feature", "properties": { "gid": 930, "nazwa": "Hoodoo Mountain", "ostatnia_erupcja": "7050 p.n.e.", "kraj": "Kanada", "typ": "subglacjalny", "rodzaj_erupcji": "erupcja datowana", "materiał": "fonolit", "tektonika": "strefa subdukcji / skorupa kontynentalna (>25 km)", "legenda": "Wulkan", "źródło": "Global Volcanism Program, 2013. Volcanoes of the World, v. 4.11.0. Venzke, E (ed.). Smithsonian Institution. Downloaded 20 Jun 2022. https://doi.org/10.5479/si.GVP.VOTW4-2013" }, "geometry": { "type": "Point", "coordinates": [ -131.28, 56.78 ] } },
{ "type": "Feature", "properties": { "gid": 1031, "nazwa": "Prestahnukur", "ostatnia_erupcja": "3350 p.n.e.", "kraj": "Islandia", "typ": "subglacjalny", "rodzaj_erupcji": "erupcja datowana", "materiał": "bazalt / pikryt", "tektonika": "strefa ryftowa / skorupa oceaniczna (< 15 km)", "legenda": "Wulkan", "źródło": "Global Volcanism Program, 2013. Volcanoes of the World, v. 4.11.0. Venzke, E (ed.). Smithsonian Institution. Downloaded 20 Jun 2022. https://doi.org/10.5479/si.GVP.VOTW4-2013" }, "geometry": { "type": "Point", "coordinates": [ -20.666, 64.583 ] } },
{ "type": "Feature", "properties": { "gid": 1033, "nazwa": "Langjokull", "ostatnia_erupcja": "950", "kraj": "Islandia", "typ": "subglacjalny", "rodzaj_erupcji": "erupcja datowana", "materiał": "bazalt / pikryt", "tektonika": "strefa ryftowa / skorupa oceaniczna (< 15 km)", "legenda": "Wulkan", "źródło": "Global Volcanism Program, 2013. Volcanoes of the World, v. 4.11.0. Venzke, E (ed.). Smithsonian Institution. Downloaded 20 Jun 2022. https://doi.org/10.5479/si.GVP.VOTW4-2013" }, "geometry": { "type": "Point", "coordinates": [ -19.7, 64.85 ] } },
{ "type": "Feature", "properties": { "gid": 1037, "nazwa": "Katla", "ostatnia_erupcja": "1918", "kraj": "Islandia", "typ": "subglacjalny", "rodzaj_erupcji": "erupcja zaobserwowana", "materiał": "bazalt / pikryt", "tektonika": "strefa ryftowa / skorupa oceaniczna (< 15 km)", "legenda": "Wulkan", "źródło": "Global Volcanism Program, 2013. Volcanoes of the World, v. 4.11.0. Venzke, E (ed.). Smithsonian Institution. Downloaded 20 Jun 2022. https://doi.org/10.5479/si.GVP.VOTW4-2013" }, "geometry": { "type": "Point", "coordinates": [ -19.083, 63.633 ] } },
{ "type": "Feature", "properties": { "gid": 1034, "nazwa": "Hofsjokull", "ostatnia_erupcja": "brak danych", "kraj": "Islandia", "typ": "subglacjalny", "rodzaj_erupcji": "nieznana data wybuchu", "materiał": "bazalt / pikryt", "tektonika": "strefa ryftowa / skorupa oceaniczna (< 15 km)", "legenda": "Wulkan", "źródło": "Global Volcanism Program, 2013. Volcanoes of the World, v. 4.11.0. Venzke, E (ed.). Smithsonian Institution. Downloaded 20 Jun 2022. https://doi.org/10.5479/si.GVP.VOTW4-2013" }, "geometry": { "type": "Point", "coordinates": [ -18.766, 64.833 ] } },
{ "type": "Feature", "properties": { "gid": 1424, "nazwa": "Viedma", "ostatnia_erupcja": "1988", "kraj": "Argentyna", "typ": "subglacjalny", "rodzaj_erupcji": "erupcja zaobserwowana", "materiał": "dacyt", "tektonika": "strefa subdukcji / skorupa kontynentalna (>25 km)", "legenda": "Wulkan", "źródło": "Global Volcanism Program, 2013. Volcanoes of the World, v. 4.11.0. Venzke, E (ed.). Smithsonian Institution. Downloaded 20 Jun 2022. https://doi.org/10.5479/si.GVP.VOTW4-2013" }, "geometry": { "type": "Point", "coordinates": [ -73.28, -49.358 ] } },
{ "type": "Feature", "properties": { "gid": 11, "nazwa": "Palinuro", "ostatnia_erupcja": "8040 p.n.e.", "kraj": "Włochy", "typ": "podwodny", "rodzaj_erupcji": "erupcja datowana", "materiał": "fonolit", "tektonika": "strefa subdukcji / skorupa kontynentalna (>25 km)", "legenda": "Wulkan", "źródło": "Global Volcanism Program, 2013. Volcanoes of the World, v. 4.11.0. Venzke, E (ed.). Smithsonian Institution. Downloaded 20 Jun 2022. https://doi.org/10.5479/si.GVP.VOTW4-2013" }, "geometry": { "type": "Point", "coordinates": [ 14.83, 39.48 ] } },
{ "type": "Feature", "properties": { "gid": 17, "nazwa": "Campi Flegrei del Mar di Sicilia", "ostatnia_erupcja": "1867", "kraj": "Włochy", "typ": "podwodny", "rodzaj_erupcji": "erupcja zaobserwowana", "materiał": "tefryt / trachybazalt", "tektonika": "strefa ryftowa / skorupa kontynentalna (>25 km)", "legenda": "Wulkan", "źródło": "Global Volcanism Program, 2013. Volcanoes of the World, v. 4.11.0. Venzke, E (ed.). Smithsonian Institution. Downloaded 20 Jun 2022. https://doi.org/10.5479/si.GVP.VOTW4-2013" }, "geometry": { "type": "Point", "coordinates": [ 12.7, 37.1 ] } },
{ "type": "Feature", "properties": { "gid": 19, "nazwa": "Marsili", "ostatnia_erupcja": "1050 p.n.e.", "kraj": "Włochy", "typ": "podwodny", "rodzaj_erupcji": "erupcja datowana", "materiał": "-", "tektonika": "-", "legenda": "Wulkan", "źródło": "Global Volcanism Program, 2013. Volcanoes of the World, v. 4.11.0. Venzke, E (ed.). Smithsonian Institution. Downloaded 20 Jun 2022. https://doi.org/10.5479/si.GVP.VOTW4-2013" }, "geometry": { "type": "Point", "coordinates": [ 14.399, 39.284 ] } },
{ "type": "Feature", "properties": { "gid": 126, "nazwa": "Cendres, Ile des", "ostatnia_erupcja": "1923", "kraj": "Wietnam", "typ": "podwodny", "rodzaj_erupcji": "erupcja zaobserwowana", "materiał": "bazalt / pikryt", "tektonika": "strefa subdukcji / skorupa kontynentalna (>25 km)", "legenda": "Wulkan", "źródło": "Global Volcanism Program, 2013. Volcanoes of the World, v. 4.11.0. Venzke, E (ed.). Smithsonian Institution. Downloaded 20 Jun 2022. https://doi.org/10.5479/si.GVP.VOTW4-2013" }, "geometry": { "type": "Point", "coordinates": [ 109.014, 10.158 ] } },
{ "type": "Feature", "properties": { "gid": 685, "nazwa": "Banua Wuhu", "ostatnia_erupcja": "1919", "kraj": "Indonezja", "typ": "podwodny", "rodzaj_erupcji": "erupcja zaobserwowana", "materiał": "andezyt / andezyt bazaltowy", "tektonika": "strefa subdukcji / skorupa oceaniczna (< 15 km)", "legenda": "Wulkan", "źródło": "Global Volcanism Program, 2013. Volcanoes of the World, v. 4.11.0. Venzke, E (ed.). Smithsonian Institution. Downloaded 20 Jun 2022. https://doi.org/10.5479/si.GVP.VOTW4-2013" }, "geometry": { "type": "Point", "coordinates": [ 125.491, 3.138 ] } },
{ "type": "Feature", "properties": { "gid": 769, "nazwa": "Piip", "ostatnia_erupcja": "5050 p.n.e.", "kraj": "Rosja", "typ": "podwodny", "rodzaj_erupcji": "erupcja datowana", "materiał": "dacyt", "tektonika": "strefa subdukcji / skorupa oceaniczna (< 15 km)", "legenda": "Wulkan", "źródło": "Global Volcanism Program, 2013. Volcanoes of the World, v. 4.11.0. Venzke, E (ed.). Smithsonian Institution. Downloaded 20 Jun 2022. https://doi.org/10.5479/si.GVP.VOTW4-2013" }, "geometry": { "type": "Point", "coordinates": [ 167.33, 55.42 ] } },
{ "type": "Feature", "properties": { "gid": 119, "nazwa": "Unnamed", "ostatnia_erupcja": "1854", "kraj": "Filipiny", "typ": "podwodny", "rodzaj_erupcji": "erupcja zaobserwowana", "materiał": "-", "tektonika": "strefa subdukcji / grubość skorupy nieznana", "legenda": "Wulkan", "źródło": "Global Volcanism Program, 2013. Volcanoes of the World, v. 4.11.0. Venzke, E (ed.). Smithsonian Institution. Downloaded 20 Jun 2022. https://doi.org/10.5479/si.GVP.VOTW4-2013" }, "geometry": { "type": "Point", "coordinates": [ 121.750000000000114, 20.33 ] } },
{ "type": "Feature", "properties": { "gid": 132, "nazwa": "Unnamed", "ostatnia_erupcja": "1853", "kraj": "Tajwan", "typ": "podwodny", "rodzaj_erupcji": "erupcja zaobserwowana", "materiał": "-", "tektonika": "strefa subdukcji / skorupa kontynentalna (>25 km)", "legenda": "Wulkan", "źródło": "Global Volcanism Program, 2013. Volcanoes of the World, v. 4.11.0. Venzke, E (ed.). Smithsonian Institution. Downloaded 20 Jun 2022. https://doi.org/10.5479/si.GVP.VOTW4-2013" }, "geometry": { "type": "Point", "coordinates": [ 121.926, 24.132 ] } },
{ "type": "Feature", "properties": { "gid": 135, "nazwa": "Submarine Volcano NNE of Iriomotejima", "ostatnia_erupcja": "1924", "kraj": "Japonia", "typ": "podwodny", "rodzaj_erupcji": "erupcja zaobserwowana", "materiał": "ryolit", "tektonika": "strefa subdukcji / skorupa oceaniczna (< 15 km)", "legenda": "Wulkan", "źródło": "Global Volcanism Program, 2013. Volcanoes of the World, v. 4.11.0. Venzke, E (ed.). Smithsonian Institution. Downloaded 20 Jun 2022. https://doi.org/10.5479/si.GVP.VOTW4-2013" }, "geometry": { "type": "Point", "coordinates": [ 123.93, 24.57 ] } },
{ "type": "Feature", "properties": { "gid": 840, "nazwa": "Eastern Gemini Seamount", "ostatnia_erupcja": "1996", "kraj": "Francja", "typ": "podwodny", "rodzaj_erupcji": "erupcja zaobserwowana", "materiał": "bazalt / pikryt", "tektonika": "strefa ryftowa / skorupa oceaniczna (< 15 km)", "legenda": "Wulkan", "źródło": "Global Volcanism Program, 2013. Volcanoes of the World, v. 4.11.0. Venzke, E (ed.). Smithsonian Institution. Downloaded 20 Jun 2022. https://doi.org/10.5479/si.GVP.VOTW4-2013" }, "geometry": { "type": "Point", "coordinates": [ 170.28, -20.98 ] } },
{ "type": "Feature", "properties": { "gid": 242, "nazwa": "South Sarigan Seamount", "ostatnia_erupcja": "2010", "kraj": "Stany Zjednoczone", "typ": "podwodny", "rodzaj_erupcji": "erupcja zaobserwowana", "materiał": "-", "tektonika": "strefa subdukcji / grubość skorupy nieznana", "legenda": "Wulkan", "źródło": "Global Volcanism Program, 2013. Volcanoes of the World, v. 4.11.0. Venzke, E (ed.). Smithsonian Institution. Downloaded 20 Jun 2022. https://doi.org/10.5479/si.GVP.VOTW4-2013" }, "geometry": { "type": "Point", "coordinates": [ 145.78, 16.58 ] } },
{ "type": "Feature", "properties": { "gid": 208, "nazwa": "Myojinsho", "ostatnia_erupcja": "1970", "kraj": "Japonia", "typ": "podwodny", "rodzaj_erupcji": "erupcja zaobserwowana", "materiał": "dacyt", "tektonika": "strefa subdukcji / skorupa oceaniczna (< 15 km)", "legenda": "Wulkan", "źródło": "Global Volcanism Program, 2013. Volcanoes of the World, v. 4.11.0. Venzke, E (ed.). Smithsonian Institution. Downloaded 20 Jun 2022. https://doi.org/10.5479/si.GVP.VOTW4-2013" }, "geometry": { "type": "Point", "coordinates": [ 139.91800000000012, 31.888 ] } },
{ "type": "Feature", "properties": { "gid": 210, "nazwa": "Sumisujima", "ostatnia_erupcja": "1916", "kraj": "Japonia", "typ": "podwodny", "rodzaj_erupcji": "erupcja zaobserwowana", "materiał": "dacyt", "tektonika": "strefa subdukcji / skorupa oceaniczna (< 15 km)", "legenda": "Wulkan", "źródło": "Global Volcanism Program, 2013. Volcanoes of the World, v. 4.11.0. Venzke, E (ed.). Smithsonian Institution. Downloaded 20 Jun 2022. https://doi.org/10.5479/si.GVP.VOTW4-2013" }, "geometry": { "type": "Point", "coordinates": [ 140.051, 31.44 ] } },
{ "type": "Feature", "properties": { "gid": 991, "nazwa": "Cobb Segment", "ostatnia_erupcja": "1180 p.n.e.", "kraj": "Kanada", "typ": "podwodny", "rodzaj_erupcji": "erupcja datowana", "materiał": "bazalt / pikryt", "tektonika": "strefa ryftowa / skorupa oceaniczna (< 15 km)", "legenda": "Wulkan", "źródło": "Global Volcanism Program, 2013. Volcanoes of the World, v. 4.11.0. Venzke, E (ed.). Smithsonian Institution. Downloaded 20 Jun 2022. https://doi.org/10.5479/si.GVP.VOTW4-2013" }, "geometry": { "type": "Point", "coordinates": [ -129.33, 46.88 ] } },
{ "type": "Feature", "properties": { "gid": 219, "nazwa": "Kaitoku Seamount", "ostatnia_erupcja": "1984", "kraj": "Japonia", "typ": "podwodny", "rodzaj_erupcji": "erupcja zaobserwowana", "materiał": "bazalt / pikryt", "tektonika": "strefa subdukcji / grubość skorupy nieznana", "legenda": "Wulkan", "źródło": "Global Volcanism Program, 2013. Volcanoes of the World, v. 4.11.0. Venzke, E (ed.). Smithsonian Institution. Downloaded 20 Jun 2022. https://doi.org/10.5479/si.GVP.VOTW4-2013" }, "geometry": { "type": "Point", "coordinates": [ 141.102, 26.127 ] } },
{ "type": "Feature", "properties": { "gid": 222, "nazwa": "Kita-Fukutokutai", "ostatnia_erupcja": "1954", "kraj": "Japonia", "typ": "podwodny", "rodzaj_erupcji": "erupcja zaobserwowana", "materiał": "-", "tektonika": "strefa subdukcji / grubość skorupy nieznana", "legenda": "Wulkan", "źródło": "Global Volcanism Program, 2013. Volcanoes of the World, v. 4.11.0. Venzke, E (ed.). Smithsonian Institution. Downloaded 20 Jun 2022. https://doi.org/10.5479/si.GVP.VOTW4-2013" }, "geometry": { "type": "Point", "coordinates": [ 141.417, 24.417 ] } },
{ "type": "Feature", "properties": { "gid": 223, "nazwa": "Fukutoku-Oka-no-Ba", "ostatnia_erupcja": "2010", "kraj": "Japonia", "typ": "podwodny", "rodzaj_erupcji": "erupcja zaobserwowana", "materiał": "trachyandezyt / bazaltowy trachyandezyt", "tektonika": "strefa subdukcji / grubość skorupy nieznana", "legenda": "Wulkan", "źródło": "Global Volcanism Program, 2013. Volcanoes of the World, v. 4.11.0. Venzke, E (ed.). Smithsonian Institution. Downloaded 20 Jun 2022. https://doi.org/10.5479/si.GVP.VOTW4-2013" }, "geometry": { "type": "Point", "coordinates": [ 141.481000000000108, 24.285 ] } },
{ "type": "Feature", "properties": { "gid": 224, "nazwa": "Minami-Hiyoshi", "ostatnia_erupcja": "1975", "kraj": "Japonia", "typ": "podwodny", "rodzaj_erupcji": "erupcja zaobserwowana", "materiał": "trachyandezyt / bazaltowy trachyandezyt", "tektonika": "strefa subdukcji / grubość skorupy nieznana", "legenda": "Wulkan", "źródło": "Global Volcanism Program, 2013. Volcanoes of the World, v. 4.11.0. Venzke, E (ed.). Smithsonian Institution. Downloaded 20 Jun 2022. https://doi.org/10.5479/si.GVP.VOTW4-2013" }, "geometry": { "type": "Point", "coordinates": [ 141.935, 23.5 ] } },
{ "type": "Feature", "properties": { "gid": 226, "nazwa": "Fukujin", "ostatnia_erupcja": "1974", "kraj": "Stany Zjednoczone", "typ": "podwodny", "rodzaj_erupcji": "erupcja zaobserwowana", "materiał": "andezyt / andezyt bazaltowy", "tektonika": "strefa subdukcji / grubość skorupy nieznana", "legenda": "Wulkan", "źródło": "Global Volcanism Program, 2013. Volcanoes of the World, v. 4.11.0. Venzke, E (ed.). Smithsonian Institution. Downloaded 20 Jun 2022. https://doi.org/10.5479/si.GVP.VOTW4-2013" }, "geometry": { "type": "Point", "coordinates": [ 143.47, 21.93 ] } },
{ "type": "Feature", "properties": { "gid": 227, "nazwa": "Kasuga 1", "ostatnia_erupcja": "1959", "kraj": "Stany Zjednoczone", "typ": "podwodny", "rodzaj_erupcji": "erupcja zaobserwowana", "materiał": "andezyt / andezyt bazaltowy", "tektonika": "strefa subdukcji / grubość skorupy nieznana", "legenda": "Wulkan", "źródło": "Global Volcanism Program, 2013. Volcanoes of the World, v. 4.11.0. Venzke, E (ed.). Smithsonian Institution. Downloaded 20 Jun 2022. https://doi.org/10.5479/si.GVP.VOTW4-2013" }, "geometry": { "type": "Point", "coordinates": [ 143.71, 21.765 ] } },
{ "type": "Feature", "properties": { "gid": 232, "nazwa": "Ahyi", "ostatnia_erupcja": "2014", "kraj": "Stany Zjednoczone", "typ": "podwodny", "rodzaj_erupcji": "erupcja datowana", "materiał": "andezyt / andezyt bazaltowy", "tektonika": "strefa subdukcji / grubość skorupy nieznana", "legenda": "Wulkan", "źródło": "Global Volcanism Program, 2013. Volcanoes of the World, v. 4.11.0. Venzke, E (ed.). Smithsonian Institution. Downloaded 20 Jun 2022. https://doi.org/10.5479/si.GVP.VOTW4-2013" }, "geometry": { "type": "Point", "coordinates": [ 145.03, 20.42 ] } },
{ "type": "Feature", "properties": { "gid": 233, "nazwa": "Supply Reef", "ostatnia_erupcja": "1989", "kraj": "Stany Zjednoczone", "typ": "podwodny", "rodzaj_erupcji": "erupcja datowana", "materiał": "andezyt / andezyt bazaltowy", "tektonika": "strefa subdukcji / grubość skorupy nieznana", "legenda": "Wulkan", "źródło": "Global Volcanism Program, 2013. Volcanoes of the World, v. 4.11.0. Venzke, E (ed.). Smithsonian Institution. Downloaded 20 Jun 2022. https://doi.org/10.5479/si.GVP.VOTW4-2013" }, "geometry": { "type": "Point", "coordinates": [ 145.1, 20.13 ] } },
{ "type": "Feature", "properties": { "gid": 245, "nazwa": "Ruby", "ostatnia_erupcja": "1995", "kraj": "Stany Zjednoczone", "typ": "podwodny", "rodzaj_erupcji": "erupcja zaobserwowana", "materiał": "bazalt / pikryt", "tektonika": "strefa subdukcji / grubość skorupy nieznana", "legenda": "Wulkan", "źródło": "Global Volcanism Program, 2013. Volcanoes of the World, v. 4.11.0. Venzke, E (ed.). Smithsonian Institution. Downloaded 20 Jun 2022. https://doi.org/10.5479/si.GVP.VOTW4-2013" }, "geometry": { "type": "Point", "coordinates": [ 145.57, 15.62 ] } },
{ "type": "Feature", "properties": { "gid": 247, "nazwa": "NW Rota-1", "ostatnia_erupcja": "2010", "kraj": "Stany Zjednoczone", "typ": "podwodny", "rodzaj_erupcji": "erupcja zaobserwowana", "materiał": "bazalt / pikryt", "tektonika": "strefa subdukcji / grubość skorupy nieznana", "legenda": "Wulkan", "źródło": "Global Volcanism Program, 2013. Volcanoes of the World, v. 4.11.0. Venzke, E (ed.). Smithsonian Institution. Downloaded 20 Jun 2022. https://doi.org/10.5479/si.GVP.VOTW4-2013" }, "geometry": { "type": "Point", "coordinates": [ 144.775, 14.601 ] } },
{ "type": "Feature", "properties": { "gid": 250, "nazwa": "Mariana Back-Arc Segment at 15.5°N", "ostatnia_erupcja": "2015", "kraj": "Stany Zjednoczone", "typ": "podwodny", "rodzaj_erupcji": "erupcja datowana", "materiał": "-", "tektonika": "strefa subdukcji / skorupa oceaniczna (< 15 km)", "legenda": "Wulkan", "źródło": "Global Volcanism Program, 2013. Volcanoes of the World, v. 4.11.0. Venzke, E (ed.). Smithsonian Institution. Downloaded 20 Jun 2022. https://doi.org/10.5479/si.GVP.VOTW4-2013" }, "geometry": { "type": "Point", "coordinates": [ 144.506, 15.406 ] } },
{ "type": "Feature", "properties": { "gid": 990, "nazwa": "Endeavour Segment", "ostatnia_erupcja": "3490 p.n.e.", "kraj": "Kanada", "typ": "podwodny", "rodzaj_erupcji": "erupcja datowana", "materiał": "bazalt / pikryt", "tektonika": "strefa ryftowa / skorupa oceaniczna (< 15 km)", "legenda": "Wulkan", "źródło": "Global Volcanism Program, 2013. Volcanoes of the World, v. 4.11.0. Venzke, E (ed.). Smithsonian Institution. Downloaded 20 Jun 2022. https://doi.org/10.5479/si.GVP.VOTW4-2013" }, "geometry": { "type": "Point", "coordinates": [ -129.1, 47.95 ] } },
{ "type": "Feature", "properties": { "gid": 1020, "nazwa": "Kick 'em Jenny", "ostatnia_erupcja": "2017", "kraj": "Grenada", "typ": "podwodny", "rodzaj_erupcji": "erupcja zaobserwowana", "materiał": "bazalt / pikryt", "tektonika": "strefa subdukcji / skorupa oceaniczna (< 15 km)", "legenda": "Wulkan", "źródło": "Global Volcanism Program, 2013. Volcanoes of the World, v. 4.11.0. Venzke, E (ed.). Smithsonian Institution. Downloaded 20 Jun 2022. https://doi.org/10.5479/si.GVP.VOTW4-2013" }, "geometry": { "type": "Point", "coordinates": [ -61.64, 12.3 ] } },
{ "type": "Feature", "properties": { "gid": 1035, "nazwa": "Vestmannaeyjar", "ostatnia_erupcja": "1973", "kraj": "Islandia", "typ": "podwodny", "rodzaj_erupcji": "erupcja zaobserwowana", "materiał": "bazalt / pikryt", "tektonika": "strefa ryftowa / skorupa oceaniczna (< 15 km)", "legenda": "Wulkan", "źródło": "Global Volcanism Program, 2013. Volcanoes of the World, v. 4.11.0. Venzke, E (ed.). Smithsonian Institution. Downloaded 20 Jun 2022. https://doi.org/10.5479/si.GVP.VOTW4-2013" }, "geometry": { "type": "Point", "coordinates": [ -20.266, 63.416 ] } },
{ "type": "Feature", "properties": { "gid": 290, "nazwa": "Unnamed", "ostatnia_erupcja": "1972", "kraj": "Rosja", "typ": "podwodny", "rodzaj_erupcji": "erupcja datowana", "materiał": "-", "tektonika": "strefa subdukcji / skorupa oceaniczna (< 15 km)", "legenda": "Wulkan", "źródło": "Global Volcanism Program, 2013. Volcanoes of the World, v. 4.11.0. Venzke, E (ed.). Smithsonian Institution. Downloaded 20 Jun 2022. https://doi.org/10.5479/si.GVP.VOTW4-2013" }, "geometry": { "type": "Point", "coordinates": [ 151.28, 46.47 ] } },
{ "type": "Feature", "properties": { "gid": 1049, "nazwa": "Tjornes Fracture Zone", "ostatnia_erupcja": "1868", "kraj": "Islandia", "typ": "podwodny", "rodzaj_erupcji": "erupcja zaobserwowana", "materiał": "bazalt / pikryt", "tektonika": "strefa ryftowa / skorupa oceaniczna (< 15 km)", "legenda": "Wulkan", "źródło": "Global Volcanism Program, 2013. Volcanoes of the World, v. 4.11.0. Venzke, E (ed.). Smithsonian Institution. Downloaded 20 Jun 2022. https://doi.org/10.5479/si.GVP.VOTW4-2013" }, "geometry": { "type": "Point", "coordinates": [ -17.118, 66.309 ] } },
{ "type": "Feature", "properties": { "gid": 1052, "nazwa": "Kolbeinsey Ridge", "ostatnia_erupcja": "1755", "kraj": "Islandia", "typ": "podwodny", "rodzaj_erupcji": "erupcja zaobserwowana", "materiał": "bazalt / pikryt", "tektonika": "strefa ryftowa / skorupa oceaniczna (< 15 km)", "legenda": "Wulkan", "źródło": "Global Volcanism Program, 2013. Volcanoes of the World, v. 4.11.0. Venzke, E (ed.). Smithsonian Institution. Downloaded 20 Jun 2022. https://doi.org/10.5479/si.GVP.VOTW4-2013" }, "geometry": { "type": "Point", "coordinates": [ -18.5, 66.67 ] } },
{ "type": "Feature", "properties": { "gid": 1062, "nazwa": "Don Joao de Castro Bank", "ostatnia_erupcja": "1720", "kraj": "Portugalia", "typ": "podwodny", "rodzaj_erupcji": "erupcja zaobserwowana", "materiał": "bazalt / pikryt", "tektonika": "strefa ryftowa / skorupa oceaniczna (< 15 km)", "legenda": "Wulkan", "źródło": "Global Volcanism Program, 2013. Volcanoes of the World, v. 4.11.0. Venzke, E (ed.). Smithsonian Institution. Downloaded 20 Jun 2022. https://doi.org/10.5479/si.GVP.VOTW4-2013" }, "geometry": { "type": "Point", "coordinates": [ -26.63, 38.23 ] } },
{ "type": "Feature", "properties": { "gid": 1067, "nazwa": "Monaco Bank", "ostatnia_erupcja": "1911", "kraj": "Portugalia", "typ": "podwodny", "rodzaj_erupcji": "erupcja zaobserwowana", "materiał": "-", "tektonika": "strefa ryftowa / skorupa oceaniczna (< 15 km)", "legenda": "Wulkan", "źródło": "Global Volcanism Program, 2013. Volcanoes of the World, v. 4.11.0. Venzke, E (ed.). Smithsonian Institution. Downloaded 20 Jun 2022. https://doi.org/10.5479/si.GVP.VOTW4-2013" }, "geometry": { "type": "Point", "coordinates": [ -25.88, 37.6 ] } },
{ "type": "Feature", "properties": { "gid": 1113, "nazwa": "Protector Seamounts", "ostatnia_erupcja": "1962", "kraj": "Wielka Brytania", "typ": "podwodny", "rodzaj_erupcji": "erupcja zaobserwowana", "materiał": "ryolit", "tektonika": "strefa subdukcji / skorupa oceaniczna (< 15 km)", "legenda": "Wulkan", "źródło": "Global Volcanism Program, 2013. Volcanoes of the World, v. 4.11.0. Venzke, E (ed.). Smithsonian Institution. Downloaded 20 Jun 2022. https://doi.org/10.5479/si.GVP.VOTW4-2013" }, "geometry": { "type": "Point", "coordinates": [ -28.167, -55.912 ] } },
{ "type": "Feature", "properties": { "gid": 416, "nazwa": "Boomerang Seamount", "ostatnia_erupcja": "1995", "kraj": "Francja", "typ": "podwodny", "rodzaj_erupcji": "erupcja datowana", "materiał": "bazalt / pikryt", "tektonika": "strefa ryftowa / skorupa oceaniczna (< 15 km)", "legenda": "Wulkan", "źródło": "Global Volcanism Program, 2013. Volcanoes of the World, v. 4.11.0. Venzke, E (ed.). Smithsonian Institution. Downloaded 20 Jun 2022. https://doi.org/10.5479/si.GVP.VOTW4-2013" }, "geometry": { "type": "Point", "coordinates": [ 77.825, -37.721 ] } },
{ "type": "Feature", "properties": { "gid": 552, "nazwa": "Rumble III", "ostatnia_erupcja": "2008", "kraj": "Nowa Zelandia", "typ": "podwodny", "rodzaj_erupcji": "erupcja zaobserwowana", "materiał": "andezyt / andezyt bazaltowy", "tektonika": "strefa subdukcji / skorupa oceaniczna (< 15 km)", "legenda": "Wulkan", "źródło": "Global Volcanism Program, 2013. Volcanoes of the World, v. 4.11.0. Venzke, E (ed.). Smithsonian Institution. Downloaded 20 Jun 2022. https://doi.org/10.5479/si.GVP.VOTW4-2013" }, "geometry": { "type": "Point", "coordinates": [ 178.478, -35.745 ] } },
{ "type": "Feature", "properties": { "gid": 582, "nazwa": "West Mata", "ostatnia_erupcja": "2009", "kraj": "Tonga", "typ": "podwodny", "rodzaj_erupcji": "erupcja zaobserwowana", "materiał": "andezyt / andezyt bazaltowy", "tektonika": "strefa subdukcji / skorupa oceaniczna (< 15 km)", "legenda": "Wulkan", "źródło": "Global Volcanism Program, 2013. Volcanoes of the World, v. 4.11.0. Venzke, E (ed.). Smithsonian Institution. Downloaded 20 Jun 2022. https://doi.org/10.5479/si.GVP.VOTW4-2013" }, "geometry": { "type": "Point", "coordinates": [ -173.75, -15.1 ] } },
{ "type": "Feature", "properties": { "gid": 487, "nazwa": "Bogoslof", "ostatnia_erupcja": "2017", "kraj": "Stany Zjednoczone", "typ": "podwodny", "rodzaj_erupcji": "erupcja zaobserwowana", "materiał": "trachyandezyt / bazaltowy trachyandezyt", "tektonika": "strefa subdukcji / skorupa oceaniczna (< 15 km)", "legenda": "Wulkan", "źródło": "Global Volcanism Program, 2013. Volcanoes of the World, v. 4.11.0. Venzke, E (ed.). Smithsonian Institution. Downloaded 20 Jun 2022. https://doi.org/10.5479/si.GVP.VOTW4-2013" }, "geometry": { "type": "Point", "coordinates": [ -168.03, 53.93 ] } },
{ "type": "Feature", "properties": { "gid": 1228, "nazwa": "Teahitia", "ostatnia_erupcja": "1985", "kraj": "Francja", "typ": "podwodny", "rodzaj_erupcji": "erupcja datowana", "materiał": "tefryt / trachybazalt", "tektonika": "strefa subdukcji / skorupa oceaniczna (< 15 km)", "legenda": "Wulkan", "źródło": "Global Volcanism Program, 2013. Volcanoes of the World, v. 4.11.0. Venzke, E (ed.). Smithsonian Institution. Downloaded 20 Jun 2022. https://doi.org/10.5479/si.GVP.VOTW4-2013" }, "geometry": { "type": "Point", "coordinates": [ -148.821, -17.564 ] } },
{ "type": "Feature", "properties": { "gid": 1230, "nazwa": "Moua Pihaa", "ostatnia_erupcja": "1970", "kraj": "Francja", "typ": "podwodny", "rodzaj_erupcji": "erupcja datowana", "materiał": "tefryt / trachybazalt", "tektonika": "strefa subdukcji / skorupa oceaniczna (< 15 km)", "legenda": "Wulkan", "źródło": "Global Volcanism Program, 2013. Volcanoes of the World, v. 4.11.0. Venzke, E (ed.). Smithsonian Institution. Downloaded 20 Jun 2022. https://doi.org/10.5479/si.GVP.VOTW4-2013" }, "geometry": { "type": "Point", "coordinates": [ -148.525, -18.325 ] } },
{ "type": "Feature", "properties": { "gid": 566, "nazwa": "Unnamed", "ostatnia_erupcja": "2017", "kraj": "Tonga", "typ": "podwodny", "rodzaj_erupcji": "erupcja zaobserwowana", "materiał": "-", "tektonika": "strefa subdukcji / skorupa oceaniczna (< 15 km)", "legenda": "Wulkan", "źródło": "Global Volcanism Program, 2013. Volcanoes of the World, v. 4.11.0. Venzke, E (ed.). Smithsonian Institution. Downloaded 20 Jun 2022. https://doi.org/10.5479/si.GVP.VOTW4-2013" }, "geometry": { "type": "Point", "coordinates": [ -175.55, -20.852 ] } },
{ "type": "Feature", "properties": { "gid": 554, "nazwa": "Healy", "ostatnia_erupcja": "1360", "kraj": "Nowa Zelandia", "typ": "podwodny", "rodzaj_erupcji": "erupcja datowana", "materiał": "dacyt", "tektonika": "strefa subdukcji / skorupa oceaniczna (< 15 km)", "legenda": "Wulkan", "źródło": "Global Volcanism Program, 2013. Volcanoes of the World, v. 4.11.0. Venzke, E (ed.). Smithsonian Institution. Downloaded 20 Jun 2022. https://doi.org/10.5479/si.GVP.VOTW4-2013" }, "geometry": { "type": "Point", "coordinates": [ 178.973, -35.004 ] } },
{ "type": "Feature", "properties": { "gid": 557, "nazwa": "Havre Seamount", "ostatnia_erupcja": "2012", "kraj": "Nowa Zelandia", "typ": "podwodny", "rodzaj_erupcji": "erupcja zaobserwowana", "materiał": "-", "tektonika": "strefa subdukcji / skorupa oceaniczna (< 15 km)", "legenda": "Wulkan", "źródło": "Global Volcanism Program, 2013. Volcanoes of the World, v. 4.11.0. Venzke, E (ed.). Smithsonian Institution. Downloaded 20 Jun 2022. https://doi.org/10.5479/si.GVP.VOTW4-2013" }, "geometry": { "type": "Point", "coordinates": [ -179.033, -31.08 ] } },
{ "type": "Feature", "properties": { "gid": 562, "nazwa": "Monowai", "ostatnia_erupcja": "2012", "kraj": "Nowa Zelandia", "typ": "podwodny", "rodzaj_erupcji": "erupcja zaobserwowana", "materiał": "bazalt / pikryt", "tektonika": "strefa subdukcji / skorupa oceaniczna (< 15 km)", "legenda": "Wulkan", "źródło": "Global Volcanism Program, 2013. Volcanoes of the World, v. 4.11.0. Venzke, E (ed.). Smithsonian Institution. Downloaded 20 Jun 2022. https://doi.org/10.5479/si.GVP.VOTW4-2013" }, "geometry": { "type": "Point", "coordinates": [ -177.188, -25.887 ] } },
{ "type": "Feature", "properties": { "gid": 564, "nazwa": "Unnamed", "ostatnia_erupcja": "1932", "kraj": "Tonga", "typ": "podwodny", "rodzaj_erupcji": "erupcja zaobserwowana", "materiał": "-", "tektonika": "strefa subdukcji / skorupa oceaniczna (< 15 km)", "legenda": "Wulkan", "źródło": "Global Volcanism Program, 2013. Volcanoes of the World, v. 4.11.0. Venzke, E (ed.). Smithsonian Institution. Downloaded 20 Jun 2022. https://doi.org/10.5479/si.GVP.VOTW4-2013" }, "geometry": { "type": "Point", "coordinates": [ -175.65, -21.338 ] } },
{ "type": "Feature", "properties": { "gid": 568, "nazwa": "Fonuafo'ou", "ostatnia_erupcja": "1936", "kraj": "Tonga", "typ": "podwodny", "rodzaj_erupcji": "erupcja zaobserwowana", "materiał": "andezyt / andezyt bazaltowy", "tektonika": "strefa subdukcji / skorupa oceaniczna (< 15 km)", "legenda": "Wulkan", "źródło": "Global Volcanism Program, 2013. Volcanoes of the World, v. 4.11.0. Venzke, E (ed.). Smithsonian Institution. Downloaded 20 Jun 2022. https://doi.org/10.5479/si.GVP.VOTW4-2013" }, "geometry": { "type": "Point", "coordinates": [ -175.42, -20.32 ] } },
{ "type": "Feature", "properties": { "gid": 572, "nazwa": "Home Reef", "ostatnia_erupcja": "2006", "kraj": "Tonga", "typ": "podwodny", "rodzaj_erupcji": "erupcja zaobserwowana", "materiał": "dacyt", "tektonika": "strefa subdukcji / skorupa oceaniczna (< 15 km)", "legenda": "Wulkan", "źródło": "Global Volcanism Program, 2013. Volcanoes of the World, v. 4.11.0. Venzke, E (ed.). Smithsonian Institution. Downloaded 20 Jun 2022. https://doi.org/10.5479/si.GVP.VOTW4-2013" }, "geometry": { "type": "Point", "coordinates": [ -174.775, -18.992 ] } },
{ "type": "Feature", "properties": { "gid": 574, "nazwa": "Unnamed", "ostatnia_erupcja": "2001", "kraj": "Tonga", "typ": "podwodny", "rodzaj_erupcji": "erupcja zaobserwowana", "materiał": "dacyt", "tektonika": "strefa subdukcji / skorupa oceaniczna (< 15 km)", "legenda": "Wulkan", "źródło": "Global Volcanism Program, 2013. Volcanoes of the World, v. 4.11.0. Venzke, E (ed.). Smithsonian Institution. Downloaded 20 Jun 2022. https://doi.org/10.5479/si.GVP.VOTW4-2013" }, "geometry": { "type": "Point", "coordinates": [ -174.365, -18.325 ] } },
{ "type": "Feature", "properties": { "gid": 577, "nazwa": "Curacoa", "ostatnia_erupcja": "1979", "kraj": "Tonga", "typ": "podwodny", "rodzaj_erupcji": "erupcja zaobserwowana", "materiał": "dacyt", "tektonika": "strefa subdukcji / skorupa oceaniczna (< 15 km)", "legenda": "Wulkan", "źródło": "Global Volcanism Program, 2013. Volcanoes of the World, v. 4.11.0. Venzke, E (ed.). Smithsonian Institution. Downloaded 20 Jun 2022. https://doi.org/10.5479/si.GVP.VOTW4-2013" }, "geometry": { "type": "Point", "coordinates": [ -173.67, -15.62 ] } },
{ "type": "Feature", "properties": { "gid": 581, "nazwa": "Tafu-Maka", "ostatnia_erupcja": "2008", "kraj": "Tonga", "typ": "podwodny", "rodzaj_erupcji": "erupcja zaobserwowana", "materiał": "bazalt / pikryt", "tektonika": "strefa ryftowa / skorupa oceaniczna (< 15 km)", "legenda": "Wulkan", "źródło": "Global Volcanism Program, 2013. Volcanoes of the World, v. 4.11.0. Venzke, E (ed.). Smithsonian Institution. Downloaded 20 Jun 2022. https://doi.org/10.5479/si.GVP.VOTW4-2013" }, "geometry": { "type": "Point", "coordinates": [ -174.23, -15.37 ] } },
{ "type": "Feature", "properties": { "gid": 584, "nazwa": "Vailulu'u", "ostatnia_erupcja": "2003", "kraj": "Stany Zjednoczone", "typ": "podwodny", "rodzaj_erupcji": "erupcja zaobserwowana", "materiał": "bazalt / pikryt", "tektonika": "strefa subdukcji / skorupa oceaniczna (< 15 km)", "legenda": "Wulkan", "źródło": "Global Volcanism Program, 2013. Volcanoes of the World, v. 4.11.0. Venzke, E (ed.). Smithsonian Institution. Downloaded 20 Jun 2022. https://doi.org/10.5479/si.GVP.VOTW4-2013" }, "geometry": { "type": "Point", "coordinates": [ -169.058, -14.215 ] } },
{ "type": "Feature", "properties": { "gid": 596, "nazwa": "Central Bismarck Sea", "ostatnia_erupcja": "1972", "kraj": "Papua - Nowa Gwinea", "typ": "podwodny", "rodzaj_erupcji": "erupcja datowana", "materiał": "-", "tektonika": "strefa ryftowa / skorupa kontynentalna (>25 km)", "legenda": "Wulkan", "źródło": "Global Volcanism Program, 2013. Volcanoes of the World, v. 4.11.0. Venzke, E (ed.). Smithsonian Institution. Downloaded 20 Jun 2022. https://doi.org/10.5479/si.GVP.VOTW4-2013" }, "geometry": { "type": "Point", "coordinates": [ 147.78, -3.03 ] } },
{ "type": "Feature", "properties": { "gid": 563, "nazwa": "Unnamed", "ostatnia_erupcja": "brak danych", "kraj": "Nie dotyczy - wulkan podwodny", "typ": "podwodny", "rodzaj_erupcji": "holocen", "materiał": "bazalt / pikryt", "tektonika": "strefa subdukcji / skorupa oceaniczna (< 15 km)", "legenda": "Wulkan", "źródło": "Global Volcanism Program, 2013. Volcanoes of the World, v. 4.11.0. Venzke, E (ed.). Smithsonian Institution. Downloaded 20 Jun 2022. https://doi.org/10.5479/si.GVP.VOTW4-2013" }, "geometry": { "type": "Point", "coordinates": [ -177.02, -24.8 ] } },
{ "type": "Feature", "properties": { "gid": 1229, "nazwa": "Rocard", "ostatnia_erupcja": "1972", "kraj": "Francja", "typ": "podwodny", "rodzaj_erupcji": "erupcja datowana", "materiał": "trachit", "tektonika": "strefa subdukcji / skorupa oceaniczna (< 15 km)", "legenda": "Wulkan", "źródło": "Global Volcanism Program, 2013. Volcanoes of the World, v. 4.11.0. Venzke, E (ed.). Smithsonian Institution. Downloaded 20 Jun 2022. https://doi.org/10.5479/si.GVP.VOTW4-2013" }, "geometry": { "type": "Point", "coordinates": [ -148.586, -17.662 ] } },
{ "type": "Feature", "properties": { "gid": 992, "nazwa": "CoAxial Segment", "ostatnia_erupcja": "1993", "kraj": "Nie dotyczy - wulkan podwodny", "typ": "podwodny", "rodzaj_erupcji": "erupcja zaobserwowana", "materiał": "bazalt / pikryt", "tektonika": "strefa ryftowa / skorupa oceaniczna (< 15 km)", "legenda": "Wulkan", "źródło": "Global Volcanism Program, 2013. Volcanoes of the World, v. 4.11.0. Venzke, E (ed.). Smithsonian Institution. Downloaded 20 Jun 2022. https://doi.org/10.5479/si.GVP.VOTW4-2013" }, "geometry": { "type": "Point", "coordinates": [ -129.58, 46.52 ] } },
{ "type": "Feature", "properties": { "gid": 993, "nazwa": "Axial Seamount", "ostatnia_erupcja": "2015", "kraj": "Nie dotyczy - wulkan podwodny", "typ": "podwodny", "rodzaj_erupcji": "erupcja zaobserwowana", "materiał": "bazalt / pikryt", "tektonika": "strefa ryftowa / skorupa oceaniczna (< 15 km)", "legenda": "Wulkan", "źródło": "Global Volcanism Program, 2013. Volcanoes of the World, v. 4.11.0. Venzke, E (ed.). Smithsonian Institution. Downloaded 20 Jun 2022. https://doi.org/10.5479/si.GVP.VOTW4-2013" }, "geometry": { "type": "Point", "coordinates": [ -130.0, 45.95 ] } },
{ "type": "Feature", "properties": { "gid": 994, "nazwa": "Cleft Segment", "ostatnia_erupcja": "1986", "kraj": "Nie dotyczy - wulkan podwodny", "typ": "podwodny", "rodzaj_erupcji": "erupcja zaobserwowana", "materiał": "bazalt / pikryt", "tektonika": "strefa ryftowa / skorupa oceaniczna (< 15 km)", "legenda": "Wulkan", "źródło": "Global Volcanism Program, 2013. Volcanoes of the World, v. 4.11.0. Venzke, E (ed.). Smithsonian Institution. Downloaded 20 Jun 2022. https://doi.org/10.5479/si.GVP.VOTW4-2013" }, "geometry": { "type": "Point", "coordinates": [ -130.3, 44.83 ] } },
{ "type": "Feature", "properties": { "gid": 995, "nazwa": "North Gorda Ridge Segment", "ostatnia_erupcja": "1996", "kraj": "Nie dotyczy - wulkan podwodny", "typ": "podwodny", "rodzaj_erupcji": "erupcja zaobserwowana", "materiał": "bazalt / pikryt", "tektonika": "strefa ryftowa / skorupa oceaniczna (< 15 km)", "legenda": "Wulkan", "źródło": "Global Volcanism Program, 2013. Volcanoes of the World, v. 4.11.0. Venzke, E (ed.). Smithsonian Institution. Downloaded 20 Jun 2022. https://doi.org/10.5479/si.GVP.VOTW4-2013" }, "geometry": { "type": "Point", "coordinates": [ -126.78, 42.67 ] } },
{ "type": "Feature", "properties": { "gid": 834, "nazwa": "Kuwae", "ostatnia_erupcja": "1974", "kraj": "Vanuatu", "typ": "kaldera", "rodzaj_erupcji": "erupcja zaobserwowana", "materiał": "bazalt / pikryt", "tektonika": "strefa subdukcji / skorupa oceaniczna (< 15 km)", "legenda": "Wulkan", "źródło": "Global Volcanism Program, 2013. Volcanoes of the World, v. 4.11.0. Venzke, E (ed.). Smithsonian Institution. Downloaded 20 Jun 2022. https://doi.org/10.5479/si.GVP.VOTW4-2013" }, "geometry": { "type": "Point", "coordinates": [ 168.536, -16.829 ] } },
{ "type": "Feature", "properties": { "gid": 997, "nazwa": "Escanaba Segment", "ostatnia_erupcja": "2260 p.n.e.", "kraj": "Nie dotyczy - wulkan podwodny", "typ": "podwodny", "rodzaj_erupcji": "erupcja datowana", "materiał": "bazalt / pikryt", "tektonika": "strefa ryftowa / skorupa oceaniczna (< 15 km)", "legenda": "Wulkan", "źródło": "Global Volcanism Program, 2013. Volcanoes of the World, v. 4.11.0. Venzke, E (ed.). Smithsonian Institution. Downloaded 20 Jun 2022. https://doi.org/10.5479/si.GVP.VOTW4-2013" }, "geometry": { "type": "Point", "coordinates": [ -127.5, 40.98 ] } },
{ "type": "Feature", "properties": { "gid": 1054, "nazwa": "Pico Fracture Zone", "ostatnia_erupcja": "1865", "kraj": "Nie dotyczy - wulkan podwodny", "typ": "podwodny", "rodzaj_erupcji": "erupcja zaobserwowana", "materiał": "-", "tektonika": "strefa subdukcji / skorupa oceaniczna (< 15 km)", "legenda": "Wulkan", "źródło": "Global Volcanism Program, 2013. Volcanoes of the World, v. 4.11.0. Venzke, E (ed.). Smithsonian Institution. Downloaded 20 Jun 2022. https://doi.org/10.5479/si.GVP.VOTW4-2013" }, "geometry": { "type": "Point", "coordinates": [ -38.08, 38.75 ] } },
{ "type": "Feature", "properties": { "gid": 1079, "nazwa": "Walvis Ridge at 33°S", "ostatnia_erupcja": "2002", "kraj": "Nie dotyczy - wulkan podwodny", "typ": "podwodny", "rodzaj_erupcji": "erupcja zaobserwowana", "materiał": "-", "tektonika": "strefa subdukcji / skorupa oceaniczna (< 15 km)", "legenda": "Wulkan", "źródło": "Global Volcanism Program, 2013. Volcanoes of the World, v. 4.11.0. Venzke, E (ed.). Smithsonian Institution. Downloaded 20 Jun 2022. https://doi.org/10.5479/si.GVP.VOTW4-2013" }, "geometry": { "type": "Point", "coordinates": [ -5.22, -32.958 ] } },
{ "type": "Feature", "properties": { "gid": 580, "nazwa": "Lobster", "ostatnia_erupcja": "brak danych", "kraj": "Tonga", "typ": "podwodny", "rodzaj_erupcji": "brak dowodów na wybuch", "materiał": "-", "tektonika": "-", "legenda": "Wulkan", "źródło": "Global Volcanism Program, 2013. Volcanoes of the World, v. 4.11.0. Venzke, E (ed.). Smithsonian Institution. Downloaded 20 Jun 2022. https://doi.org/10.5479/si.GVP.VOTW4-2013" }, "geometry": { "type": "Point", "coordinates": [ -176.283, -15.333 ] } },
{ "type": "Feature", "properties": { "gid": 1232, "nazwa": "Adams Seamount", "ostatnia_erupcja": "50 p.n.e.", "kraj": "Nie dotyczy - wulkan podwodny", "typ": "podwodny", "rodzaj_erupcji": "erupcja datowana", "materiał": "bazalt / pikryt", "tektonika": "strefa subdukcji / skorupa oceaniczna (< 15 km)", "legenda": "Wulkan", "źródło": "Global Volcanism Program, 2013. Volcanoes of the World, v. 4.11.0. Venzke, E (ed.). Smithsonian Institution. Downloaded 20 Jun 2022. https://doi.org/10.5479/si.GVP.VOTW4-2013" }, "geometry": { "type": "Point", "coordinates": [ -129.27, -25.37 ] } },
{ "type": "Feature", "properties": { "gid": 1234, "nazwa": "Northern EPR at 17°N", "ostatnia_erupcja": "50 p.n.e.", "kraj": "Nie dotyczy - wulkan podwodny", "typ": "podwodny", "rodzaj_erupcji": "erupcja datowana", "materiał": "bazalt / pikryt", "tektonika": "strefa ryftowa / skorupa oceaniczna (< 15 km)", "legenda": "Wulkan", "źródło": "Global Volcanism Program, 2013. Volcanoes of the World, v. 4.11.0. Venzke, E (ed.). Smithsonian Institution. Downloaded 20 Jun 2022. https://doi.org/10.5479/si.GVP.VOTW4-2013" }, "geometry": { "type": "Point", "coordinates": [ -105.32, 16.55 ] } },
{ "type": "Feature", "properties": { "gid": 1235, "nazwa": "Northern EPR at 16°N", "ostatnia_erupcja": "50 p.n.e.", "kraj": "Nie dotyczy - wulkan podwodny", "typ": "podwodny", "rodzaj_erupcji": "erupcja datowana", "materiał": "bazalt / pikryt", "tektonika": "strefa ryftowa / skorupa oceaniczna (< 15 km)", "legenda": "Wulkan", "źródło": "Global Volcanism Program, 2013. Volcanoes of the World, v. 4.11.0. Venzke, E (ed.). Smithsonian Institution. Downloaded 20 Jun 2022. https://doi.org/10.5479/si.GVP.VOTW4-2013" }, "geometry": { "type": "Point", "coordinates": [ -105.43, 15.83 ] } },
{ "type": "Feature", "properties": { "gid": 1236, "nazwa": "Northern EPR at 10.7°N", "ostatnia_erupcja": "2003", "kraj": "Nie dotyczy - wulkan podwodny", "typ": "podwodny", "rodzaj_erupcji": "erupcja zaobserwowana", "materiał": "bazalt / pikryt", "tektonika": "strefa subdukcji / skorupa oceaniczna (< 15 km)", "legenda": "Wulkan", "źródło": "Global Volcanism Program, 2013. Volcanoes of the World, v. 4.11.0. Venzke, E (ed.). Smithsonian Institution. Downloaded 20 Jun 2022. https://doi.org/10.5479/si.GVP.VOTW4-2013" }, "geometry": { "type": "Point", "coordinates": [ -103.58, 10.73 ] } },
{ "type": "Feature", "properties": { "gid": 1237, "nazwa": "Northern EPR at 9.8°N", "ostatnia_erupcja": "2006", "kraj": "Nie dotyczy - wulkan podwodny", "typ": "podwodny", "rodzaj_erupcji": "erupcja zaobserwowana", "materiał": "bazalt / pikryt", "tektonika": "strefa ryftowa / skorupa oceaniczna (< 15 km)", "legenda": "Wulkan", "źródło": "Global Volcanism Program, 2013. Volcanoes of the World, v. 4.11.0. Venzke, E (ed.). Smithsonian Institution. Downloaded 20 Jun 2022. https://doi.org/10.5479/si.GVP.VOTW4-2013" }, "geometry": { "type": "Point", "coordinates": [ -104.3, 9.83 ] } },
{ "type": "Feature", "properties": { "gid": 1238, "nazwa": "Galapagos Rift", "ostatnia_erupcja": "1996", "kraj": "Nie dotyczy - wulkan podwodny", "typ": "podwodny", "rodzaj_erupcji": "erupcja zaobserwowana", "materiał": "bazalt / pikryt", "tektonika": "strefa ryftowa / skorupa oceaniczna (< 15 km)", "legenda": "Wulkan", "źródło": "Global Volcanism Program, 2013. Volcanoes of the World, v. 4.11.0. Venzke, E (ed.). Smithsonian Institution. Downloaded 20 Jun 2022. https://doi.org/10.5479/si.GVP.VOTW4-2013" }, "geometry": { "type": "Point", "coordinates": [ -86.15, 0.792 ] } },
{ "type": "Feature", "properties": { "gid": 1239, "nazwa": "Southern EPR at 8°S", "ostatnia_erupcja": "1969", "kraj": "Nie dotyczy - wulkan podwodny", "typ": "podwodny", "rodzaj_erupcji": "erupcja zaobserwowana", "materiał": "bazalt / pikryt", "tektonika": "strefa ryftowa / skorupa oceaniczna (< 15 km)", "legenda": "Wulkan", "źródło": "Global Volcanism Program, 2013. Volcanoes of the World, v. 4.11.0. Venzke, E (ed.). Smithsonian Institution. Downloaded 20 Jun 2022. https://doi.org/10.5479/si.GVP.VOTW4-2013" }, "geometry": { "type": "Point", "coordinates": [ -107.95, -8.27 ] } },
{ "type": "Feature", "properties": { "gid": 1240, "nazwa": "Southern EPR-Segment K", "ostatnia_erupcja": "1990", "kraj": "Nie dotyczy - wulkan podwodny", "typ": "podwodny", "rodzaj_erupcji": "erupcja zaobserwowana", "materiał": "bazalt / pikryt", "tektonika": "strefa ryftowa / skorupa oceaniczna (< 15 km)", "legenda": "Wulkan", "źródło": "Global Volcanism Program, 2013. Volcanoes of the World, v. 4.11.0. Venzke, E (ed.). Smithsonian Institution. Downloaded 20 Jun 2022. https://doi.org/10.5479/si.GVP.VOTW4-2013" }, "geometry": { "type": "Point", "coordinates": [ -113.206, -17.436 ] } },
{ "type": "Feature", "properties": { "gid": 1241, "nazwa": "Southern EPR-Segment J", "ostatnia_erupcja": "1890", "kraj": "Nie dotyczy - wulkan podwodny", "typ": "podwodny", "rodzaj_erupcji": "erupcja datowana", "materiał": "bazalt / pikryt", "tektonika": "strefa ryftowa / skorupa oceaniczna (< 15 km)", "legenda": "Wulkan", "źródło": "Global Volcanism Program, 2013. Volcanoes of the World, v. 4.11.0. Venzke, E (ed.). Smithsonian Institution. Downloaded 20 Jun 2022. https://doi.org/10.5479/si.GVP.VOTW4-2013" }, "geometry": { "type": "Point", "coordinates": [ -113.35, -18.175 ] } },
{ "type": "Feature", "properties": { "gid": 1242, "nazwa": "Southern EPR-Segment I", "ostatnia_erupcja": "1915", "kraj": "Nie dotyczy - wulkan podwodny", "typ": "podwodny", "rodzaj_erupcji": "erupcja datowana", "materiał": "bazalt / pikryt", "tektonika": "strefa ryftowa / skorupa oceaniczna (< 15 km)", "legenda": "Wulkan", "źródło": "Global Volcanism Program, 2013. Volcanoes of the World, v. 4.11.0. Venzke, E (ed.). Smithsonian Institution. Downloaded 20 Jun 2022. https://doi.org/10.5479/si.GVP.VOTW4-2013" }, "geometry": { "type": "Point", "coordinates": [ -113.42, -18.53 ] } },
{ "type": "Feature", "properties": { "gid": 1233, "nazwa": "Macdonald", "ostatnia_erupcja": "1989", "kraj": "Nie dotyczy - wulkan podwodny", "typ": "podwodny", "rodzaj_erupcji": "erupcja zaobserwowana", "materiał": "bazalt / pikryt", "tektonika": "strefa subdukcji / skorupa oceaniczna (< 15 km)", "legenda": "Wulkan", "źródło": "Global Volcanism Program, 2013. Volcanoes of the World, v. 4.11.0. Venzke, E (ed.). Smithsonian Institution. Downloaded 20 Jun 2022. https://doi.org/10.5479/si.GVP.VOTW4-2013" }, "geometry": { "type": "Point", "coordinates": [ -140.25, -28.98 ] } },
{ "type": "Feature", "properties": { "gid": 996, "nazwa": "Jackson Segment", "ostatnia_erupcja": "brak danych", "kraj": "Nie dotyczy - wulkan podwodny", "typ": "podwodny", "rodzaj_erupcji": "holocen", "materiał": "-", "tektonika": "strefa ryftowa / skorupa oceaniczna (< 15 km)", "legenda": "Wulkan", "źródło": "Global Volcanism Program, 2013. Volcanoes of the World, v. 4.11.0. Venzke, E (ed.). Smithsonian Institution. Downloaded 20 Jun 2022. https://doi.org/10.5479/si.GVP.VOTW4-2013" }, "geometry": { "type": "Point", "coordinates": [ -127.05, 42.15 ] } },
{ "type": "Feature", "properties": { "gid": 207, "nazwa": "Kita-Bayonnaise", "ostatnia_erupcja": "brak danych", "kraj": "Japonia", "typ": "podwodny", "rodzaj_erupcji": "brak dowodów na wybuch", "materiał": "ryolit", "tektonika": "strefa subdukcji / skorupa oceaniczna (< 15 km)", "legenda": "Wulkan", "źródło": "Global Volcanism Program, 2013. Volcanoes of the World, v. 4.11.0. Venzke, E (ed.). Smithsonian Institution. Downloaded 20 Jun 2022. https://doi.org/10.5479/si.GVP.VOTW4-2013" }, "geometry": { "type": "Point", "coordinates": [ 139.85, 32.1 ] } },
{ "type": "Feature", "properties": { "gid": 998, "nazwa": "East Blanco Depression", "ostatnia_erupcja": "brak danych", "kraj": "Nie dotyczy - wulkan podwodny", "typ": "podwodny", "rodzaj_erupcji": "holocen", "materiał": "-", "tektonika": "strefa ryftowa / skorupa pośrednia (15-25 km)", "legenda": "Wulkan", "źródło": "Global Volcanism Program, 2013. Volcanoes of the World, v. 4.11.0. Venzke, E (ed.). Smithsonian Institution. Downloaded 20 Jun 2022. https://doi.org/10.5479/si.GVP.VOTW4-2013" }, "geometry": { "type": "Point", "coordinates": [ -129.879, 44.267 ] } },
{ "type": "Feature", "properties": { "gid": 989, "nazwa": "West Valley Segment", "ostatnia_erupcja": "brak danych", "kraj": "Kanada", "typ": "podwodny", "rodzaj_erupcji": "holocen", "materiał": "-", "tektonika": "strefa ryftowa / skorupa pośrednia (15-25 km)", "legenda": "Wulkan", "źródło": "Global Volcanism Program, 2013. Volcanoes of the World, v. 4.11.0. Venzke, E (ed.). Smithsonian Institution. Downloaded 20 Jun 2022. https://doi.org/10.5479/si.GVP.VOTW4-2013" }, "geometry": { "type": "Point", "coordinates": [ -128.64, 48.78 ] } },
{ "type": "Feature", "properties": { "gid": 204, "nazwa": "Kurose Hole", "ostatnia_erupcja": "brak danych", "kraj": "Japonia", "typ": "podwodny", "rodzaj_erupcji": "brak dowodów na wybuch", "materiał": "dacyt", "tektonika": "strefa subdukcji / skorupa oceaniczna (< 15 km)", "legenda": "Wulkan", "źródło": "Global Volcanism Program, 2013. Volcanoes of the World, v. 4.11.0. Venzke, E (ed.). Smithsonian Institution. Downloaded 20 Jun 2022. https://doi.org/10.5479/si.GVP.VOTW4-2013" }, "geometry": { "type": "Point", "coordinates": [ 139.68, 33.4 ] } },
{ "type": "Feature", "properties": { "gid": 603, "nazwa": "Hankow Reef", "ostatnia_erupcja": "brak danych", "kraj": "Papua - Nowa Gwinea", "typ": "podwodny", "rodzaj_erupcji": "brak dowodów na wybuch", "materiał": "-", "tektonika": "strefa subdukcji / skorupa kontynentalna (>25 km)", "legenda": "Wulkan", "źródło": "Global Volcanism Program, 2013. Volcanoes of the World, v. 4.11.0. Venzke, E (ed.). Smithsonian Institution. Downloaded 20 Jun 2022. https://doi.org/10.5479/si.GVP.VOTW4-2013" }, "geometry": { "type": "Point", "coordinates": [ 146.717, -4.883 ] } },
{ "type": "Feature", "properties": { "gid": 1088, "nazwa": "Unnamed", "ostatnia_erupcja": "brak danych", "kraj": "Antarktyda", "typ": "podwodny", "rodzaj_erupcji": "brak dowodów na wybuch", "materiał": "-", "tektonika": "strefa subdukcji / skorupa kontynentalna (>25 km)", "legenda": "Wulkan", "źródło": "Global Volcanism Program, 2013. Volcanoes of the World, v. 4.11.0. Venzke, E (ed.). Smithsonian Institution. Downloaded 20 Jun 2022. https://doi.org/10.5479/si.GVP.VOTW4-2013" }, "geometry": { "type": "Point", "coordinates": [ 163.000000000000114, -76.83 ] } },
{ "type": "Feature", "properties": { "gid": 1243, "nazwa": "Hollister Ridge", "ostatnia_erupcja": "brak danych", "kraj": "Nie dotyczy - wulkan podwodny", "typ": "podwodny", "rodzaj_erupcji": "brak dowodów na wybuch", "materiał": "-", "tektonika": "strefa subdukcji / skorupa oceaniczna (< 15 km)", "legenda": "Wulkan", "źródło": "Global Volcanism Program, 2013. Volcanoes of the World, v. 4.11.0. Venzke, E (ed.). Smithsonian Institution. Downloaded 20 Jun 2022. https://doi.org/10.5479/si.GVP.VOTW4-2013" }, "geometry": { "type": "Point", "coordinates": [ -139.845, -53.998 ] } },
{ "type": "Feature", "properties": { "gid": 1077, "nazwa": "Romanche Fracture Zone", "ostatnia_erupcja": "brak danych", "kraj": "Nie dotyczy - wulkan podwodny", "typ": "podwodny", "rodzaj_erupcji": "brak dowodów na wybuch", "materiał": "-", "tektonika": "strefa ryftowa / skorupa oceaniczna (< 15 km)", "legenda": "Wulkan", "źródło": "Global Volcanism Program, 2013. Volcanoes of the World, v. 4.11.0. Venzke, E (ed.). Smithsonian Institution. Downloaded 20 Jun 2022. https://doi.org/10.5479/si.GVP.VOTW4-2013" }, "geometry": { "type": "Point", "coordinates": [ -19.596, -0.433 ] } },
{ "type": "Feature", "properties": { "gid": 1244, "nazwa": "Udintsev Transform", "ostatnia_erupcja": "brak danych", "kraj": "Nie dotyczy - wulkan podwodny", "typ": "podwodny", "rodzaj_erupcji": "brak dowodów na wybuch", "materiał": "-", "tektonika": "strefa subdukcji / skorupa oceaniczna (< 15 km)", "legenda": "Wulkan", "źródło": "Global Volcanism Program, 2013. Volcanoes of the World, v. 4.11.0. Venzke, E (ed.). Smithsonian Institution. Downloaded 20 Jun 2022. https://doi.org/10.5479/si.GVP.VOTW4-2013" }, "geometry": { "type": "Point", "coordinates": [ -143.373, -56.153 ] } },
{ "type": "Feature", "properties": { "gid": 228, "nazwa": "Kasuga 2", "ostatnia_erupcja": "brak danych", "kraj": "Stany Zjednoczone", "typ": "podwodny", "rodzaj_erupcji": "nieznana data wybuchu", "materiał": "bazalt / pikryt", "tektonika": "strefa subdukcji / grubość skorupy nieznana", "legenda": "Wulkan", "źródło": "Global Volcanism Program, 2013. Volcanoes of the World, v. 4.11.0. Venzke, E (ed.). Smithsonian Institution. Downloaded 20 Jun 2022. https://doi.org/10.5479/si.GVP.VOTW4-2013" }, "geometry": { "type": "Point", "coordinates": [ 143.637, 21.6 ] } },
{ "type": "Feature", "properties": { "gid": 297, "nazwa": "Srednii", "ostatnia_erupcja": "brak danych", "kraj": "Rosja", "typ": "podwodny", "rodzaj_erupcji": "nieznana data wybuchu", "materiał": "-", "tektonika": "strefa subdukcji / skorupa oceaniczna (< 15 km)", "legenda": "Wulkan", "źródło": "Global Volcanism Program, 2013. Volcanoes of the World, v. 4.11.0. Venzke, E (ed.). Smithsonian Institution. Downloaded 20 Jun 2022. https://doi.org/10.5479/si.GVP.VOTW4-2013" }, "geometry": { "type": "Point", "coordinates": [ 152.92, 47.6 ] } },
{ "type": "Feature", "properties": { "gid": 565, "nazwa": "Unnamed", "ostatnia_erupcja": "brak danych", "kraj": "Tonga", "typ": "podwodny", "rodzaj_erupcji": "nieznana data wybuchu", "materiał": "andezyt / andezyt bazaltowy", "tektonika": "strefa subdukcji / skorupa oceaniczna (< 15 km)", "legenda": "Wulkan", "źródło": "Global Volcanism Program, 2013. Volcanoes of the World, v. 4.11.0. Venzke, E (ed.). Smithsonian Institution. Downloaded 20 Jun 2022. https://doi.org/10.5479/si.GVP.VOTW4-2013" }, "geometry": { "type": "Point", "coordinates": [ -175.75, -21.15 ] } },
{ "type": "Feature", "properties": { "gid": 819, "nazwa": "Kana Keoki", "ostatnia_erupcja": "brak danych", "kraj": "Wyspy Salomona", "typ": "podwodny", "rodzaj_erupcji": "nieznana data wybuchu", "materiał": "dacyt", "tektonika": "strefa subdukcji / grubość skorupy nieznana", "legenda": "Wulkan", "źródło": "Global Volcanism Program, 2013. Volcanoes of the World, v. 4.11.0. Venzke, E (ed.). Smithsonian Institution. Downloaded 20 Jun 2022. https://doi.org/10.5479/si.GVP.VOTW4-2013" }, "geometry": { "type": "Point", "coordinates": [ 157.03, -8.75 ] } },
{ "type": "Feature", "properties": { "gid": 820, "nazwa": "Coleman Seamount", "ostatnia_erupcja": "brak danych", "kraj": "Wyspy Salomona", "typ": "podwodny", "rodzaj_erupcji": "nieznana data wybuchu", "materiał": "-", "tektonika": "strefa subdukcji / grubość skorupy nieznana", "legenda": "Wulkan", "źródło": "Global Volcanism Program, 2013. Volcanoes of the World, v. 4.11.0. Venzke, E (ed.). Smithsonian Institution. Downloaded 20 Jun 2022. https://doi.org/10.5479/si.GVP.VOTW4-2013" }, "geometry": { "type": "Point", "coordinates": [ 157.16, -8.841 ] } },
{ "type": "Feature", "properties": { "gid": 822, "nazwa": "Unnamed", "ostatnia_erupcja": "brak danych", "kraj": "Wyspy Salomona", "typ": "podwodny", "rodzaj_erupcji": "nieznana data wybuchu", "materiał": "andezyt / andezyt bazaltowy", "tektonika": "strefa subdukcji / grubość skorupy nieznana", "legenda": "Wulkan", "źródło": "Global Volcanism Program, 2013. Volcanoes of the World, v. 4.11.0. Venzke, E (ed.). Smithsonian Institution. Downloaded 20 Jun 2022. https://doi.org/10.5479/si.GVP.VOTW4-2013" }, "geometry": { "type": "Point", "coordinates": [ 158.03, -8.92 ] } },
{ "type": "Feature", "properties": { "gid": 244, "nazwa": "East Diamante", "ostatnia_erupcja": "brak danych", "kraj": "Stany Zjednoczone", "typ": "podwodny", "rodzaj_erupcji": "holocen", "materiał": "dacyt", "tektonika": "strefa subdukcji / grubość skorupy nieznana", "legenda": "Wulkan", "źródło": "Global Volcanism Program, 2013. Volcanoes of the World, v. 4.11.0. Venzke, E (ed.). Smithsonian Institution. Downloaded 20 Jun 2022. https://doi.org/10.5479/si.GVP.VOTW4-2013" }, "geometry": { "type": "Point", "coordinates": [ 145.67, 15.93 ] } },
{ "type": "Feature", "properties": { "gid": 246, "nazwa": "Esmeralda Bank", "ostatnia_erupcja": "brak danych", "kraj": "Stany Zjednoczone", "typ": "podwodny", "rodzaj_erupcji": "holocen", "materiał": "bazalt / pikryt", "tektonika": "strefa subdukcji / grubość skorupy nieznana", "legenda": "Wulkan", "źródło": "Global Volcanism Program, 2013. Volcanoes of the World, v. 4.11.0. Venzke, E (ed.). Smithsonian Institution. Downloaded 20 Jun 2022. https://doi.org/10.5479/si.GVP.VOTW4-2013" }, "geometry": { "type": "Point", "coordinates": [ 145.250000000000114, 15.0 ] } },
{ "type": "Feature", "properties": { "gid": 248, "nazwa": "Forecast Seamount", "ostatnia_erupcja": "brak danych", "kraj": "Stany Zjednoczone", "typ": "podwodny", "rodzaj_erupcji": "holocen", "materiał": "-", "tektonika": "strefa subdukcji / grubość skorupy nieznana", "legenda": "Wulkan", "źródło": "Global Volcanism Program, 2013. Volcanoes of the World, v. 4.11.0. Venzke, E (ed.). Smithsonian Institution. Downloaded 20 Jun 2022. https://doi.org/10.5479/si.GVP.VOTW4-2013" }, "geometry": { "type": "Point", "coordinates": [ 143.92, 13.4 ] } },
{ "type": "Feature", "properties": { "gid": 249, "nazwa": "Seamount X", "ostatnia_erupcja": "brak danych", "kraj": "Stany Zjednoczone", "typ": "podwodny", "rodzaj_erupcji": "holocen", "materiał": "bazalt / pikryt", "tektonika": "strefa subdukcji / grubość skorupy nieznana", "legenda": "Wulkan", "źródło": "Global Volcanism Program, 2013. Volcanoes of the World, v. 4.11.0. Venzke, E (ed.). Smithsonian Institution. Downloaded 20 Jun 2022. https://doi.org/10.5479/si.GVP.VOTW4-2013" }, "geometry": { "type": "Point", "coordinates": [ 144.02, 13.25 ] } },
{ "type": "Feature", "properties": { "gid": 555, "nazwa": "Brothers", "ostatnia_erupcja": "brak danych", "kraj": "Nowa Zelandia", "typ": "podwodny", "rodzaj_erupcji": "holocen", "materiał": "dacyt", "tektonika": "strefa subdukcji / skorupa oceaniczna (< 15 km)", "legenda": "Wulkan", "źródło": "Global Volcanism Program, 2013. Volcanoes of the World, v. 4.11.0. Venzke, E (ed.). Smithsonian Institution. Downloaded 20 Jun 2022. https://doi.org/10.5479/si.GVP.VOTW4-2013" }, "geometry": { "type": "Point", "coordinates": [ 179.075, -34.875 ] } },
{ "type": "Feature", "properties": { "gid": 548, "nazwa": "Clark", "ostatnia_erupcja": "brak danych", "kraj": "Nowa Zelandia", "typ": "podwodny", "rodzaj_erupcji": "holocen", "materiał": "bazalt / pikryt", "tektonika": "strefa subdukcji / skorupa oceaniczna (< 15 km)", "legenda": "Wulkan", "źródło": "Global Volcanism Program, 2013. Volcanoes of the World, v. 4.11.0. Venzke, E (ed.). Smithsonian Institution. Downloaded 20 Jun 2022. https://doi.org/10.5479/si.GVP.VOTW4-2013" }, "geometry": { "type": "Point", "coordinates": [ 177.839, -36.446 ] } },
{ "type": "Feature", "properties": { "gid": 549, "nazwa": "Tangaroa", "ostatnia_erupcja": "brak danych", "kraj": "Nowa Zelandia", "typ": "podwodny", "rodzaj_erupcji": "holocen", "materiał": "bazalt / pikryt", "tektonika": "strefa subdukcji / skorupa oceaniczna (< 15 km)", "legenda": "Wulkan", "źródło": "Global Volcanism Program, 2013. Volcanoes of the World, v. 4.11.0. Venzke, E (ed.). Smithsonian Institution. Downloaded 20 Jun 2022. https://doi.org/10.5479/si.GVP.VOTW4-2013" }, "geometry": { "type": "Point", "coordinates": [ 178.028, -36.321 ] } },
{ "type": "Feature", "properties": { "gid": 550, "nazwa": "Rumble V", "ostatnia_erupcja": "brak danych", "kraj": "Nowa Zelandia", "typ": "podwodny", "rodzaj_erupcji": "holocen", "materiał": "andezyt / andezyt bazaltowy", "tektonika": "strefa subdukcji / skorupa oceaniczna (< 15 km)", "legenda": "Wulkan", "źródło": "Global Volcanism Program, 2013. Volcanoes of the World, v. 4.11.0. Venzke, E (ed.). Smithsonian Institution. Downloaded 20 Jun 2022. https://doi.org/10.5479/si.GVP.VOTW4-2013" }, "geometry": { "type": "Point", "coordinates": [ 178.196, -36.142 ] } },
{ "type": "Feature", "properties": { "gid": 551, "nazwa": "Rumble IV", "ostatnia_erupcja": "brak danych", "kraj": "Nowa Zelandia", "typ": "podwodny", "rodzaj_erupcji": "holocen", "materiał": "andezyt / andezyt bazaltowy", "tektonika": "strefa subdukcji / skorupa oceaniczna (< 15 km)", "legenda": "Wulkan", "źródło": "Global Volcanism Program, 2013. Volcanoes of the World, v. 4.11.0. Venzke, E (ed.). Smithsonian Institution. Downloaded 20 Jun 2022. https://doi.org/10.5479/si.GVP.VOTW4-2013" }, "geometry": { "type": "Point", "coordinates": [ 178.05, -36.13 ] } },
{ "type": "Feature", "properties": { "gid": 553, "nazwa": "Rumble II West", "ostatnia_erupcja": "brak danych", "kraj": "Nowa Zelandia", "typ": "podwodny", "rodzaj_erupcji": "holocen", "materiał": "andezyt / andezyt bazaltowy", "tektonika": "strefa subdukcji / skorupa oceaniczna (< 15 km)", "legenda": "Wulkan", "źródło": "Global Volcanism Program, 2013. Volcanoes of the World, v. 4.11.0. Venzke, E (ed.). Smithsonian Institution. Downloaded 20 Jun 2022. https://doi.org/10.5479/si.GVP.VOTW4-2013" }, "geometry": { "type": "Point", "coordinates": [ 178.527, -35.353 ] } },
{ "type": "Feature", "properties": { "gid": 277, "nazwa": "Unnamed", "ostatnia_erupcja": "brak danych", "kraj": "Japonia", "typ": "podwodny", "rodzaj_erupcji": "brak dowodów na wybuch", "materiał": "-", "tektonika": "strefa subdukcji / skorupa oceaniczna (< 15 km)", "legenda": "Wulkan", "źródło": "Global Volcanism Program, 2013. Volcanoes of the World, v. 4.11.0. Venzke, E (ed.). Smithsonian Institution. Downloaded 20 Jun 2022. https://doi.org/10.5479/si.GVP.VOTW4-2013" }, "geometry": { "type": "Point", "coordinates": [ 147.019000000000119, 45.022 ] } },
{ "type": "Feature", "properties": { "gid": 127, "nazwa": "Veteran", "ostatnia_erupcja": "brak danych", "kraj": "Wietnam", "typ": "podwodny", "rodzaj_erupcji": "holocen", "materiał": "-", "tektonika": "strefa subdukcji / skorupa kontynentalna (>25 km)", "legenda": "Wulkan", "źródło": "Global Volcanism Program, 2013. Volcanoes of the World, v. 4.11.0. Venzke, E (ed.). Smithsonian Institution. Downloaded 20 Jun 2022. https://doi.org/10.5479/si.GVP.VOTW4-2013" }, "geometry": { "type": "Point", "coordinates": [ 109.05, 9.83 ] } },
{ "type": "Feature", "properties": { "gid": 214, "nazwa": "Suiyo Seamount", "ostatnia_erupcja": "brak danych", "kraj": "Japonia", "typ": "podwodny", "rodzaj_erupcji": "holocen", "materiał": "andezyt / andezyt bazaltowy", "tektonika": "strefa subdukcji / grubość skorupy nieznana", "legenda": "Wulkan", "źródło": "Global Volcanism Program, 2013. Volcanoes of the World, v. 4.11.0. Venzke, E (ed.). Smithsonian Institution. Downloaded 20 Jun 2022. https://doi.org/10.5479/si.GVP.VOTW4-2013" }, "geometry": { "type": "Point", "coordinates": [ 140.633, 28.575 ] } },
{ "type": "Feature", "properties": { "gid": 215, "nazwa": "Mokuyo Seamount", "ostatnia_erupcja": "brak danych", "kraj": "Japonia", "typ": "podwodny", "rodzaj_erupcji": "holocen", "materiał": "andezyt / andezyt bazaltowy", "tektonika": "strefa subdukcji / grubość skorupy nieznana", "legenda": "Wulkan", "źródło": "Global Volcanism Program, 2013. Volcanoes of the World, v. 4.11.0. Venzke, E (ed.). Smithsonian Institution. Downloaded 20 Jun 2022. https://doi.org/10.5479/si.GVP.VOTW4-2013" }, "geometry": { "type": "Point", "coordinates": [ 140.572000000000116, 28.327 ] } },
{ "type": "Feature", "properties": { "gid": 216, "nazwa": "Doyo Seamount", "ostatnia_erupcja": "brak danych", "kraj": "Japonia", "typ": "podwodny", "rodzaj_erupcji": "holocen", "materiał": "bazalt / pikryt", "tektonika": "strefa subdukcji / grubość skorupy nieznana", "legenda": "Wulkan", "źródło": "Global Volcanism Program, 2013. Volcanoes of the World, v. 4.11.0. Venzke, E (ed.). Smithsonian Institution. Downloaded 20 Jun 2022. https://doi.org/10.5479/si.GVP.VOTW4-2013" }, "geometry": { "type": "Point", "coordinates": [ 140.8, 27.68 ] } },
{ "type": "Feature", "properties": { "gid": 218, "nazwa": "Kaikata Seamount", "ostatnia_erupcja": "brak danych", "kraj": "Japonia", "typ": "podwodny", "rodzaj_erupcji": "holocen", "materiał": "andezyt / andezyt bazaltowy", "tektonika": "strefa subdukcji / grubość skorupy nieznana", "legenda": "Wulkan", "źródło": "Global Volcanism Program, 2013. Volcanoes of the World, v. 4.11.0. Venzke, E (ed.). Smithsonian Institution. Downloaded 20 Jun 2022. https://doi.org/10.5479/si.GVP.VOTW4-2013" }, "geometry": { "type": "Point", "coordinates": [ 140.929, 26.667 ] } },
{ "type": "Feature", "properties": { "gid": 225, "nazwa": "Nikko", "ostatnia_erupcja": "brak danych", "kraj": "Japonia", "typ": "podwodny", "rodzaj_erupcji": "holocen", "materiał": "bazalt / pikryt", "tektonika": "strefa subdukcji / grubość skorupy nieznana", "legenda": "Wulkan", "źródło": "Global Volcanism Program, 2013. Volcanoes of the World, v. 4.11.0. Venzke, E (ed.). Smithsonian Institution. Downloaded 20 Jun 2022. https://doi.org/10.5479/si.GVP.VOTW4-2013" }, "geometry": { "type": "Point", "coordinates": [ 142.326, 23.078 ] } },
{ "type": "Feature", "properties": { "gid": 229, "nazwa": "NW Eifuku", "ostatnia_erupcja": "brak danych", "kraj": "Stany Zjednoczone", "typ": "podwodny", "rodzaj_erupcji": "holocen", "materiał": "bazalt / pikryt", "tektonika": "strefa subdukcji / grubość skorupy nieznana", "legenda": "Wulkan", "źródło": "Global Volcanism Program, 2013. Volcanoes of the World, v. 4.11.0. Venzke, E (ed.). Smithsonian Institution. Downloaded 20 Jun 2022. https://doi.org/10.5479/si.GVP.VOTW4-2013" }, "geometry": { "type": "Point", "coordinates": [ 144.04300000000012, 21.485 ] } },
{ "type": "Feature", "properties": { "gid": 230, "nazwa": "Daikoku", "ostatnia_erupcja": "brak danych", "kraj": "Stany Zjednoczone", "typ": "podwodny", "rodzaj_erupcji": "holocen", "materiał": "andezyt / andezyt bazaltowy", "tektonika": "strefa subdukcji / grubość skorupy nieznana", "legenda": "Wulkan", "źródło": "Global Volcanism Program, 2013. Volcanoes of the World, v. 4.11.0. Venzke, E (ed.). Smithsonian Institution. Downloaded 20 Jun 2022. https://doi.org/10.5479/si.GVP.VOTW4-2013" }, "geometry": { "type": "Point", "coordinates": [ 144.194, 21.324 ] } },
{ "type": "Feature", "properties": { "gid": 556, "nazwa": "Wright", "ostatnia_erupcja": "brak danych", "kraj": "Nowa Zelandia", "typ": "podwodny", "rodzaj_erupcji": "holocen", "materiał": "bazalt / pikryt", "tektonika": "strefa subdukcji / skorupa oceaniczna (< 15 km)", "legenda": "Wulkan", "źródło": "Global Volcanism Program, 2013. Volcanoes of the World, v. 4.11.0. Venzke, E (ed.). Smithsonian Institution. Downloaded 20 Jun 2022. https://doi.org/10.5479/si.GVP.VOTW4-2013" }, "geometry": { "type": "Point", "coordinates": [ -179.18, -31.85 ] } },
{ "type": "Feature", "properties": { "gid": 558, "nazwa": "Curtis Island", "ostatnia_erupcja": "brak danych", "kraj": "Nowa Zelandia", "typ": "podwodny", "rodzaj_erupcji": "holocen", "materiał": "andezyt / andezyt bazaltowy", "tektonika": "strefa subdukcji / skorupa oceaniczna (< 15 km)", "legenda": "Wulkan", "źródło": "Global Volcanism Program, 2013. Volcanoes of the World, v. 4.11.0. Venzke, E (ed.). Smithsonian Institution. Downloaded 20 Jun 2022. https://doi.org/10.5479/si.GVP.VOTW4-2013" }, "geometry": { "type": "Point", "coordinates": [ -178.556, -30.543 ] } },
{ "type": "Feature", "properties": { "gid": 560, "nazwa": "Giggenbach", "ostatnia_erupcja": "brak danych", "kraj": "Nowa Zelandia", "typ": "podwodny", "rodzaj_erupcji": "holocen", "materiał": "bazalt / pikryt", "tektonika": "strefa subdukcji / skorupa oceaniczna (< 15 km)", "legenda": "Wulkan", "źródło": "Global Volcanism Program, 2013. Volcanoes of the World, v. 4.11.0. Venzke, E (ed.). Smithsonian Institution. Downloaded 20 Jun 2022. https://doi.org/10.5479/si.GVP.VOTW4-2013" }, "geometry": { "type": "Point", "coordinates": [ -178.712, -30.036 ] } },
{ "type": "Feature", "properties": { "gid": 1, "nazwa": "West Eifel Volcanic Field", "ostatnia_erupcja": "8300 p.n.e.", "kraj": "Niemcy", "typ": "maar", "rodzaj_erupcji": "erupcja datowana", "materiał": "foidyt", "tektonika": "strefa ryftowa / skorupa kontynentalna (>25 km)", "legenda": "Wulkan", "źródło": "Global Volcanism Program, 2013. Volcanoes of the World, v. 4.11.0. Venzke, E (ed.). Smithsonian Institution. Downloaded 20 Jun 2022. https://doi.org/10.5479/si.GVP.VOTW4-2013" }, "geometry": { "type": "Point", "coordinates": [ 6.85, 50.17 ] } },
{ "type": "Feature", "properties": { "gid": 801, "nazwa": "Kinenin", "ostatnia_erupcja": "850", "kraj": "Rosja", "typ": "maar", "rodzaj_erupcji": "erupcja datowana", "materiał": "bazalt / pikryt", "tektonika": "strefa subdukcji / skorupa kontynentalna (>25 km)", "legenda": "Wulkan", "źródło": "Global Volcanism Program, 2013. Volcanoes of the World, v. 4.11.0. Venzke, E (ed.). Smithsonian Institution. Downloaded 20 Jun 2022. https://doi.org/10.5479/si.GVP.VOTW4-2013" }, "geometry": { "type": "Point", "coordinates": [ 160.97, 57.35 ] } },
{ "type": "Feature", "properties": { "gid": 146, "nazwa": "Yonemaru-Sumiyoshiike", "ostatnia_erupcja": "6200 p.n.e.", "kraj": "Japonia", "typ": "maar", "rodzaj_erupcji": "erupcja datowana", "materiał": "bazalt / pikryt", "tektonika": "strefa subdukcji / skorupa kontynentalna (>25 km)", "legenda": "Wulkan", "źródło": "Global Volcanism Program, 2013. Volcanoes of the World, v. 4.11.0. Venzke, E (ed.). Smithsonian Institution. Downloaded 20 Jun 2022. https://doi.org/10.5479/si.GVP.VOTW4-2013" }, "geometry": { "type": "Point", "coordinates": [ 130.592, 31.771 ] } },
{ "type": "Feature", "properties": { "gid": 193, "nazwa": "Megata", "ostatnia_erupcja": "2050 p.n.e.", "kraj": "Japonia", "typ": "maar", "rodzaj_erupcji": "erupcja datowana", "materiał": "andezyt / andezyt bazaltowy", "tektonika": "strefa subdukcji / skorupa kontynentalna (>25 km)", "legenda": "Wulkan", "źródło": "Global Volcanism Program, 2013. Volcanoes of the World, v. 4.11.0. Venzke, E (ed.). Smithsonian Institution. Downloaded 20 Jun 2022. https://doi.org/10.5479/si.GVP.VOTW4-2013" }, "geometry": { "type": "Point", "coordinates": [ 139.73, 39.95 ] } },
{ "type": "Feature", "properties": { "gid": 952, "nazwa": "Blue Lake Crater", "ostatnia_erupcja": "680", "kraj": "Stany Zjednoczone", "typ": "maar", "rodzaj_erupcji": "erupcja datowana", "materiał": "bazalt / pikryt", "tektonika": "strefa subdukcji / skorupa kontynentalna (>25 km)", "legenda": "Wulkan", "źródło": "Global Volcanism Program, 2013. Volcanoes of the World, v. 4.11.0. Venzke, E (ed.). Smithsonian Institution. Downloaded 20 Jun 2022. https://doi.org/10.5479/si.GVP.VOTW4-2013" }, "geometry": { "type": "Point", "coordinates": [ -121.774, 44.411 ] } },
{ "type": "Feature", "properties": { "gid": 971, "nazwa": "Ubehebe Craters", "ostatnia_erupcja": "150 p.n.e.", "kraj": "Stany Zjednoczone", "typ": "maar", "rodzaj_erupcji": "erupcja datowana", "materiał": "bazalt / pikryt", "tektonika": "strefa ryftowa / skorupa kontynentalna (>25 km)", "legenda": "Wulkan", "źródło": "Global Volcanism Program, 2013. Volcanoes of the World, v. 4.11.0. Venzke, E (ed.). Smithsonian Institution. Downloaded 20 Jun 2022. https://doi.org/10.5479/si.GVP.VOTW4-2013" }, "geometry": { "type": "Point", "coordinates": [ -117.45, 37.02 ] } },
{ "type": "Feature", "properties": { "gid": 986, "nazwa": "Dotsero", "ostatnia_erupcja": "2200 p.n.e.", "kraj": "Stany Zjednoczone", "typ": "maar", "rodzaj_erupcji": "erupcja datowana", "materiał": "bazalt / pikryt", "tektonika": "strefa ryftowa / skorupa kontynentalna (>25 km)", "legenda": "Wulkan", "źródło": "Global Volcanism Program, 2013. Volcanoes of the World, v. 4.11.0. Venzke, E (ed.). Smithsonian Institution. Downloaded 20 Jun 2022. https://doi.org/10.5479/si.GVP.VOTW4-2013" }, "geometry": { "type": "Point", "coordinates": [ -107.035, 39.661 ] } },
{ "type": "Feature", "properties": { "gid": 93, "nazwa": "Gedamsa", "ostatnia_erupcja": "brak danych", "kraj": "Etiopia", "typ": "kaldera", "rodzaj_erupcji": "nieznana data wybuchu", "materiał": "ryolit", "tektonika": "strefa ryftowa / skorupa kontynentalna (>25 km)", "legenda": "Wulkan", "źródło": "Global Volcanism Program, 2013. Volcanoes of the World, v. 4.11.0. Venzke, E (ed.). Smithsonian Institution. Downloaded 20 Jun 2022. https://doi.org/10.5479/si.GVP.VOTW4-2013" }, "geometry": { "type": "Point", "coordinates": [ 39.188, 8.357 ] } },
{ "type": "Feature", "properties": { "gid": 513, "nazwa": "Ukinrek Maars", "ostatnia_erupcja": "1977", "kraj": "Stany Zjednoczone", "typ": "maar", "rodzaj_erupcji": "erupcja zaobserwowana", "materiał": "bazalt / pikryt", "tektonika": "strefa subdukcji / skorupa kontynentalna (>25 km)", "legenda": "Wulkan", "źródło": "Global Volcanism Program, 2013. Volcanoes of the World, v. 4.11.0. Venzke, E (ed.). Smithsonian Institution. Downloaded 20 Jun 2022. https://doi.org/10.5479/si.GVP.VOTW4-2013" }, "geometry": { "type": "Point", "coordinates": [ -156.51, 57.832 ] } },
{ "type": "Feature", "properties": { "gid": 1008, "nazwa": "Overo, Cerro", "ostatnia_erupcja": "brak danych", "kraj": "Chile", "typ": "maar", "rodzaj_erupcji": "brak dowodów na wybuch", "materiał": "andezyt / andezyt bazaltowy", "tektonika": "strefa subdukcji / skorupa kontynentalna (>25 km)", "legenda": "Wulkan", "źródło": "Global Volcanism Program, 2013. Volcanoes of the World, v. 4.11.0. Venzke, E (ed.). Smithsonian Institution. Downloaded 20 Jun 2022. https://doi.org/10.5479/si.GVP.VOTW4-2013" }, "geometry": { "type": "Point", "coordinates": [ -67.67, -23.52 ] } },
{ "type": "Feature", "properties": { "gid": 632, "nazwa": "Malang Plain", "ostatnia_erupcja": "brak danych", "kraj": "Indonezja", "typ": "maar", "rodzaj_erupcji": "nieznana data wybuchu", "materiał": "-", "tektonika": "strefa subdukcji / skorupa kontynentalna (>25 km)", "legenda": "Wulkan", "źródło": "Global Volcanism Program, 2013. Volcanoes of the World, v. 4.11.0. Venzke, E (ed.). Smithsonian Institution. Downloaded 20 Jun 2022. https://doi.org/10.5479/si.GVP.VOTW4-2013" }, "geometry": { "type": "Point", "coordinates": [ 112.68, -8.02 ] } },
{ "type": "Feature", "properties": { "gid": 1324, "nazwa": "Aramuaca, Laguna", "ostatnia_erupcja": "brak danych", "kraj": "Salwador", "typ": "maar", "rodzaj_erupcji": "nieznana data wybuchu", "materiał": "-", "tektonika": "strefa subdukcji / skorupa kontynentalna (>25 km)", "legenda": "Wulkan", "źródło": "Global Volcanism Program, 2013. Volcanoes of the World, v. 4.11.0. Venzke, E (ed.). Smithsonian Institution. Downloaded 20 Jun 2022. https://doi.org/10.5479/si.GVP.VOTW4-2013" }, "geometry": { "type": "Point", "coordinates": [ -88.105, 13.428 ] } },
{ "type": "Feature", "properties": { "gid": 980, "nazwa": "Soda Lakes", "ostatnia_erupcja": "brak danych", "kraj": "Stany Zjednoczone", "typ": "maar", "rodzaj_erupcji": "nieznana data wybuchu", "materiał": "bazalt / pikryt", "tektonika": "strefa ryftowa / skorupa kontynentalna (>25 km)", "legenda": "Wulkan", "źródło": "Global Volcanism Program, 2013. Volcanoes of the World, v. 4.11.0. Venzke, E (ed.). Smithsonian Institution. Downloaded 20 Jun 2022. https://doi.org/10.5479/si.GVP.VOTW4-2013" }, "geometry": { "type": "Point", "coordinates": [ -118.87, 39.53 ] } },
{ "type": "Feature", "properties": { "gid": 1213, "nazwa": "Jayu Khota, Laguna", "ostatnia_erupcja": "brak danych", "kraj": "Boliwia", "typ": "maar", "rodzaj_erupcji": "nieznana data wybuchu", "materiał": "bazalt / pikryt", "tektonika": "strefa subdukcji / skorupa kontynentalna (>25 km)", "legenda": "Wulkan", "źródło": "Global Volcanism Program, 2013. Volcanoes of the World, v. 4.11.0. Venzke, E (ed.). Smithsonian Institution. Downloaded 20 Jun 2022. https://doi.org/10.5479/si.GVP.VOTW4-2013" }, "geometry": { "type": "Point", "coordinates": [ -67.432, -19.463 ] } },
{ "type": "Feature", "properties": { "gid": 1333, "nazwa": "Tujle, Cerro", "ostatnia_erupcja": "brak danych", "kraj": "Chile", "typ": "maar", "rodzaj_erupcji": "nieznana data wybuchu", "materiał": "-", "tektonika": "strefa subdukcji / skorupa kontynentalna (>25 km)", "legenda": "Wulkan", "źródło": "Global Volcanism Program, 2013. Volcanoes of the World, v. 4.11.0. Venzke, E (ed.). Smithsonian Institution. Downloaded 20 Jun 2022. https://doi.org/10.5479/si.GVP.VOTW4-2013" }, "geometry": { "type": "Point", "coordinates": [ -67.95, -23.83 ] } },
{ "type": "Feature", "properties": { "gid": 624, "nazwa": "Koranga", "ostatnia_erupcja": "brak danych", "kraj": "Papua - Nowa Gwinea", "typ": "maar", "rodzaj_erupcji": "nieznana data wybuchu", "materiał": "dacyt", "tektonika": "strefa subdukcji / skorupa kontynentalna (>25 km)", "legenda": "Wulkan", "źródło": "Global Volcanism Program, 2013. Volcanoes of the World, v. 4.11.0. Venzke, E (ed.). Smithsonian Institution. Downloaded 20 Jun 2022. https://doi.org/10.5479/si.GVP.VOTW4-2013" }, "geometry": { "type": "Point", "coordinates": [ 146.708, -7.33 ] } },
{ "type": "Feature", "properties": { "gid": 355, "nazwa": "Bunyaruguru", "ostatnia_erupcja": "brak danych", "kraj": "Uganda", "typ": "maar", "rodzaj_erupcji": "nieznana data wybuchu", "materiał": "foidyt", "tektonika": "strefa ryftowa / skorupa kontynentalna (>25 km)", "legenda": "Wulkan", "źródło": "Global Volcanism Program, 2013. Volcanoes of the World, v. 4.11.0. Venzke, E (ed.). Smithsonian Institution. Downloaded 20 Jun 2022. https://doi.org/10.5479/si.GVP.VOTW4-2013" }, "geometry": { "type": "Point", "coordinates": [ 30.08, -0.2 ] } },
{ "type": "Feature", "properties": { "gid": 311, "nazwa": "Bilate River Field", "ostatnia_erupcja": "brak danych", "kraj": "Etiopia", "typ": "maar", "rodzaj_erupcji": "holocen", "materiał": "-", "tektonika": "strefa subdukcji / skorupa kontynentalna (>25 km)", "legenda": "Wulkan", "źródło": "Global Volcanism Program, 2013. Volcanoes of the World, v. 4.11.0. Venzke, E (ed.). Smithsonian Institution. Downloaded 20 Jun 2022. https://doi.org/10.5479/si.GVP.VOTW4-2013" }, "geometry": { "type": "Point", "coordinates": [ 38.1, 7.07 ] } },
{ "type": "Feature", "properties": { "gid": 85, "nazwa": "Liado Hayk", "ostatnia_erupcja": "brak danych", "kraj": "Etiopia", "typ": "maar", "rodzaj_erupcji": "brak dowodów na wybuch", "materiał": "-", "tektonika": "strefa ryftowa / skorupa kontynentalna (>25 km)", "legenda": "Wulkan", "źródło": "Global Volcanism Program, 2013. Volcanoes of the World, v. 4.11.0. Venzke, E (ed.). Smithsonian Institution. Downloaded 20 Jun 2022. https://doi.org/10.5479/si.GVP.VOTW4-2013" }, "geometry": { "type": "Point", "coordinates": [ 40.28, 9.57 ] } },
{ "type": "Feature", "properties": { "gid": 51, "nazwa": "Alu-Dalafilla", "ostatnia_erupcja": "2008", "kraj": "Etiopia", "typ": "szczelinowy", "rodzaj_erupcji": "erupcja zaobserwowana", "materiał": "bazalt / pikryt", "tektonika": "strefa ryftowa / skorupa pośrednia (15-25 km)", "legenda": "Wulkan", "źródło": "Global Volcanism Program, 2013. Volcanoes of the World, v. 4.11.0. Venzke, E (ed.). Smithsonian Institution. Downloaded 20 Jun 2022. https://doi.org/10.5479/si.GVP.VOTW4-2013" }, "geometry": { "type": "Point", "coordinates": [ 40.553, 13.793 ] } },
{ "type": "Feature", "properties": { "gid": 1024, "nazwa": "Ljosufjoll", "ostatnia_erupcja": "960", "kraj": "Islandia", "typ": "szczelinowy", "rodzaj_erupcji": "erupcja datowana", "materiał": "bazalt / pikryt", "tektonika": "strefa ryftowa / skorupa oceaniczna (< 15 km)", "legenda": "Wulkan", "źródło": "Global Volcanism Program, 2013. Volcanoes of the World, v. 4.11.0. Venzke, E (ed.). Smithsonian Institution. Downloaded 20 Jun 2022. https://doi.org/10.5479/si.GVP.VOTW4-2013" }, "geometry": { "type": "Point", "coordinates": [ -22.483, 64.9 ] } },
{ "type": "Feature", "properties": { "gid": 1059, "nazwa": "San Jorge", "ostatnia_erupcja": "1907", "kraj": "Portugalia", "typ": "szczelinowy", "rodzaj_erupcji": "erupcja zaobserwowana", "materiał": "bazalt / pikryt", "tektonika": "strefa ryftowa / skorupa oceaniczna (< 15 km)", "legenda": "Wulkan", "źródło": "Global Volcanism Program, 2013. Volcanoes of the World, v. 4.11.0. Venzke, E (ed.). Smithsonian Institution. Downloaded 20 Jun 2022. https://doi.org/10.5479/si.GVP.VOTW4-2013" }, "geometry": { "type": "Point", "coordinates": [ -28.08, 38.65 ] } },
{ "type": "Feature", "properties": { "gid": 1072, "nazwa": "Gran Canaria", "ostatnia_erupcja": "40", "kraj": "Hiszpania", "typ": "szczelinowy", "rodzaj_erupcji": "erupcja datowana", "materiał": "tefryt / trachybazalt", "tektonika": "strefa subdukcji / skorupa pośrednia (15-25 km)", "legenda": "Wulkan", "źródło": "Global Volcanism Program, 2013. Volcanoes of the World, v. 4.11.0. Venzke, E (ed.). Smithsonian Institution. Downloaded 20 Jun 2022. https://doi.org/10.5479/si.GVP.VOTW4-2013" }, "geometry": { "type": "Point", "coordinates": [ -15.58, 28.0 ] } },
{ "type": "Feature", "properties": { "gid": 1074, "nazwa": "Lanzarote", "ostatnia_erupcja": "1824", "kraj": "Hiszpania", "typ": "szczelinowy", "rodzaj_erupcji": "erupcja zaobserwowana", "materiał": "bazalt / pikryt", "tektonika": "strefa subdukcji / skorupa pośrednia (15-25 km)", "legenda": "Wulkan", "źródło": "Global Volcanism Program, 2013. Volcanoes of the World, v. 4.11.0. Venzke, E (ed.). Smithsonian Institution. Downloaded 20 Jun 2022. https://doi.org/10.5479/si.GVP.VOTW4-2013" }, "geometry": { "type": "Point", "coordinates": [ -13.63, 29.03 ] } },
{ "type": "Feature", "properties": { "gid": 1119, "nazwa": "Nejapa-Miraflores", "ostatnia_erupcja": "1060", "kraj": "Nikaragua", "typ": "szczelinowy", "rodzaj_erupcji": "erupcja datowana", "materiał": "bazalt / pikryt", "tektonika": "strefa subdukcji / skorupa kontynentalna (>25 km)", "legenda": "Wulkan", "źródło": "Global Volcanism Program, 2013. Volcanoes of the World, v. 4.11.0. Venzke, E (ed.). Smithsonian Institution. Downloaded 20 Jun 2022. https://doi.org/10.5479/si.GVP.VOTW4-2013" }, "geometry": { "type": "Point", "coordinates": [ -86.32, 12.12 ] } },
{ "type": "Feature", "properties": { "gid": 73, "nazwa": "Manda-Inakir", "ostatnia_erupcja": "1928", "kraj": "Etiopia - Dżibuti", "typ": "szczelinowy", "rodzaj_erupcji": "erupcja zaobserwowana", "materiał": "bazalt / pikryt", "tektonika": "strefa ryftowa / skorupa pośrednia (15-25 km)", "legenda": "Wulkan", "źródło": "Global Volcanism Program, 2013. Volcanoes of the World, v. 4.11.0. Venzke, E (ed.). Smithsonian Institution. Downloaded 20 Jun 2022. https://doi.org/10.5479/si.GVP.VOTW4-2013" }, "geometry": { "type": "Point", "coordinates": [ 42.2, 12.38 ] } },
{ "type": "Feature", "properties": { "gid": 77, "nazwa": "Ardoukoba", "ostatnia_erupcja": "1978", "kraj": "Dżibuti", "typ": "szczelinowy", "rodzaj_erupcji": "erupcja zaobserwowana", "materiał": "bazalt / pikryt", "tektonika": "strefa ryftowa / skorupa pośrednia (15-25 km)", "legenda": "Wulkan", "źródło": "Global Volcanism Program, 2013. Volcanoes of the World, v. 4.11.0. Venzke, E (ed.). Smithsonian Institution. Downloaded 20 Jun 2022. https://doi.org/10.5479/si.GVP.VOTW4-2013" }, "geometry": { "type": "Point", "coordinates": [ 42.47, 11.58 ] } },
{ "type": "Feature", "properties": { "gid": 1125, "nazwa": "Esteli", "ostatnia_erupcja": "brak danych", "kraj": "Nikaragua", "typ": "szczelinowy", "rodzaj_erupcji": "brak dowodów na wybuch", "materiał": "bazalt / pikryt", "tektonika": "strefa subdukcji / skorupa kontynentalna (>25 km)", "legenda": "Wulkan", "źródło": "Global Volcanism Program, 2013. Volcanoes of the World, v. 4.11.0. Venzke, E (ed.). Smithsonian Institution. Downloaded 20 Jun 2022. https://doi.org/10.5479/si.GVP.VOTW4-2013" }, "geometry": { "type": "Point", "coordinates": [ -86.4, 13.17 ] } },
{ "type": "Feature", "properties": { "gid": 163, "nazwa": "Akandanayama", "ostatnia_erupcja": "brak danych", "kraj": "Japonia", "typ": "stratowulkan", "rodzaj_erupcji": "nieznana data wybuchu", "materiał": "-", "tektonika": "-", "legenda": "Wulkan", "źródło": "Global Volcanism Program, 2013. Volcanoes of the World, v. 4.11.0. Venzke, E (ed.). Smithsonian Institution. Downloaded 20 Jun 2022. https://doi.org/10.5479/si.GVP.VOTW4-2013" }, "geometry": { "type": "Point", "coordinates": [ 137.573, 36.2 ] } },
{ "type": "Feature", "properties": { "gid": 78, "nazwa": "Manda Gargori", "ostatnia_erupcja": "brak danych", "kraj": "Etiopia", "typ": "szczelinowy", "rodzaj_erupcji": "nieznana data wybuchu", "materiał": "bazalt / pikryt", "tektonika": "strefa ryftowa / skorupa pośrednia (15-25 km)", "legenda": "Wulkan", "źródło": "Global Volcanism Program, 2013. Volcanoes of the World, v. 4.11.0. Venzke, E (ed.). Smithsonian Institution. Downloaded 20 Jun 2022. https://doi.org/10.5479/si.GVP.VOTW4-2013" }, "geometry": { "type": "Point", "coordinates": [ 41.48, 11.75 ] } },
{ "type": "Feature", "properties": { "gid": 84, "nazwa": "Hertali", "ostatnia_erupcja": "brak danych", "kraj": "Etiopia", "typ": "szczelinowy", "rodzaj_erupcji": "nieznana data wybuchu", "materiał": "bazalt / pikryt", "tektonika": "strefa ryftowa / skorupa pośrednia (15-25 km)", "legenda": "Wulkan", "źródło": "Global Volcanism Program, 2013. Volcanoes of the World, v. 4.11.0. Venzke, E (ed.). Smithsonian Institution. Downloaded 20 Jun 2022. https://doi.org/10.5479/si.GVP.VOTW4-2013" }, "geometry": { "type": "Point", "coordinates": [ 40.33, 9.78 ] } },
{ "type": "Feature", "properties": { "gid": 91, "nazwa": "Bishoftu Volcanic Field", "ostatnia_erupcja": "brak danych", "kraj": "Etiopia", "typ": "szczelinowy", "rodzaj_erupcji": "nieznana data wybuchu", "materiał": "bazalt / pikryt", "tektonika": "strefa ryftowa / skorupa kontynentalna (>25 km)", "legenda": "Wulkan", "źródło": "Global Volcanism Program, 2013. Volcanoes of the World, v. 4.11.0. Venzke, E (ed.). Smithsonian Institution. Downloaded 20 Jun 2022. https://doi.org/10.5479/si.GVP.VOTW4-2013" }, "geometry": { "type": "Point", "coordinates": [ 38.98, 8.78 ] } },
{ "type": "Feature", "properties": { "gid": 96, "nazwa": "Unnamed", "ostatnia_erupcja": "brak danych", "kraj": "Etiopia", "typ": "szczelinowy", "rodzaj_erupcji": "nieznana data wybuchu", "materiał": "bazalt / pikryt", "tektonika": "strefa subdukcji / skorupa kontynentalna (>25 km)", "legenda": "Wulkan", "źródło": "Global Volcanism Program, 2013. Volcanoes of the World, v. 4.11.0. Venzke, E (ed.). Smithsonian Institution. Downloaded 20 Jun 2022. https://doi.org/10.5479/si.GVP.VOTW4-2013" }, "geometry": { "type": "Point", "coordinates": [ 39.062, 8.013 ] } },
{ "type": "Feature", "properties": { "gid": 97, "nazwa": "East Zway", "ostatnia_erupcja": "brak danych", "kraj": "Etiopia", "typ": "szczelinowy", "rodzaj_erupcji": "nieznana data wybuchu", "materiał": "bazalt / pikryt", "tektonika": "strefa ryftowa / skorupa kontynentalna (>25 km)", "legenda": "Wulkan", "źródło": "Global Volcanism Program, 2013. Volcanoes of the World, v. 4.11.0. Venzke, E (ed.). Smithsonian Institution. Downloaded 20 Jun 2022. https://doi.org/10.5479/si.GVP.VOTW4-2013" }, "geometry": { "type": "Point", "coordinates": [ 38.902, 7.874 ] } },
{ "type": "Feature", "properties": { "gid": 1073, "nazwa": "Fuerteventura", "ostatnia_erupcja": "brak danych", "kraj": "Hiszpania", "typ": "szczelinowy", "rodzaj_erupcji": "nieznana data wybuchu", "materiał": "bazalt / pikryt", "tektonika": "strefa subdukcji / skorupa pośrednia (15-25 km)", "legenda": "Wulkan", "źródło": "Global Volcanism Program, 2013. Volcanoes of the World, v. 4.11.0. Venzke, E (ed.). Smithsonian Institution. Downloaded 20 Jun 2022. https://doi.org/10.5479/si.GVP.VOTW4-2013" }, "geometry": { "type": "Point", "coordinates": [ -14.02, 28.358 ] } },
{ "type": "Feature", "properties": { "gid": 1121, "nazwa": "Granada", "ostatnia_erupcja": "brak danych", "kraj": "Nikaragua", "typ": "szczelinowy", "rodzaj_erupcji": "nieznana data wybuchu", "materiał": "bazalt / pikryt", "tektonika": "strefa subdukcji / skorupa kontynentalna (>25 km)", "legenda": "Wulkan", "źródło": "Global Volcanism Program, 2013. Volcanoes of the World, v. 4.11.0. Venzke, E (ed.). Smithsonian Institution. Downloaded 20 Jun 2022. https://doi.org/10.5479/si.GVP.VOTW4-2013" }, "geometry": { "type": "Point", "coordinates": [ -85.98, 11.92 ] } },
{ "type": "Feature", "properties": { "gid": 98, "nazwa": "Butajiri-Silti Field", "ostatnia_erupcja": "brak danych", "kraj": "Etiopia", "typ": "szczelinowy", "rodzaj_erupcji": "nieznana data wybuchu", "materiał": "bazalt / pikryt", "tektonika": "strefa ryftowa / skorupa kontynentalna (>25 km)", "legenda": "Wulkan", "źródło": "Global Volcanism Program, 2013. Volcanoes of the World, v. 4.11.0. Venzke, E (ed.). Smithsonian Institution. Downloaded 20 Jun 2022. https://doi.org/10.5479/si.GVP.VOTW4-2013" }, "geometry": { "type": "Point", "coordinates": [ 38.35, 8.05 ] } },
{ "type": "Feature", "properties": { "gid": 129, "nazwa": "Singu Plateau", "ostatnia_erupcja": "brak danych", "kraj": "Mjanma", "typ": "szczelinowy", "rodzaj_erupcji": "nieznana data wybuchu", "materiał": "trachyandezyt / bazaltowy trachyandezyt", "tektonika": "strefa subdukcji / skorupa kontynentalna (>25 km)", "legenda": "Wulkan", "źródło": "Global Volcanism Program, 2013. Volcanoes of the World, v. 4.11.0. Venzke, E (ed.). Smithsonian Institution. Downloaded 20 Jun 2022. https://doi.org/10.5479/si.GVP.VOTW4-2013" }, "geometry": { "type": "Point", "coordinates": [ 95.98, 22.7 ] } },
{ "type": "Feature", "properties": { "gid": 1268, "nazwa": "Chichinautzin", "ostatnia_erupcja": "400", "kraj": "Meksyk", "typ": "pole wulkaniczne", "rodzaj_erupcji": "erupcja datowana", "materiał": "andezyt / andezyt bazaltowy", "tektonika": "strefa subdukcji / skorupa kontynentalna (>25 km)", "legenda": "Wulkan", "źródło": "Global Volcanism Program, 2013. Volcanoes of the World, v. 4.11.0. Venzke, E (ed.). Smithsonian Institution. Downloaded 20 Jun 2022. https://doi.org/10.5479/si.GVP.VOTW4-2013" }, "geometry": { "type": "Point", "coordinates": [ -99.13, 19.08 ] } },
{ "type": "Feature", "properties": { "gid": 39, "nazwa": "Ghegam Ridge", "ostatnia_erupcja": "1900 p.n.e.", "kraj": "Armenia", "typ": "pole wulkaniczne", "rodzaj_erupcji": "erupcja datowana", "materiał": "andezyt / andezyt bazaltowy", "tektonika": "strefa subdukcji / skorupa kontynentalna (>25 km)", "legenda": "Wulkan", "źródło": "Global Volcanism Program, 2013. Volcanoes of the World, v. 4.11.0. Venzke, E (ed.). Smithsonian Institution. Downloaded 20 Jun 2022. https://doi.org/10.5479/si.GVP.VOTW4-2013" }, "geometry": { "type": "Point", "coordinates": [ 44.75, 40.275 ] } },
{ "type": "Feature", "properties": { "gid": 40, "nazwa": "Dar-Alages", "ostatnia_erupcja": "2000 p.n.e.", "kraj": "Armenia", "typ": "pole wulkaniczne", "rodzaj_erupcji": "erupcja datowana", "materiał": "andezyt / andezyt bazaltowy", "tektonika": "strefa subdukcji / skorupa kontynentalna (>25 km)", "legenda": "Wulkan", "źródło": "Global Volcanism Program, 2013. Volcanoes of the World, v. 4.11.0. Venzke, E (ed.). Smithsonian Institution. Downloaded 20 Jun 2022. https://doi.org/10.5479/si.GVP.VOTW4-2013" }, "geometry": { "type": "Point", "coordinates": [ 45.551, 39.704 ] } },
{ "type": "Feature", "properties": { "gid": 379, "nazwa": "Marra, Jebel", "ostatnia_erupcja": "2000 p.n.e.", "kraj": "Sudan", "typ": "pole wulkaniczne", "rodzaj_erupcji": "erupcja datowana", "materiał": "bazalt / pikryt", "tektonika": "strefa subdukcji / skorupa kontynentalna (>25 km)", "legenda": "Wulkan", "źródło": "Global Volcanism Program, 2013. Volcanoes of the World, v. 4.11.0. Venzke, E (ed.). Smithsonian Institution. Downloaded 20 Jun 2022. https://doi.org/10.5479/si.GVP.VOTW4-2013" }, "geometry": { "type": "Point", "coordinates": [ 24.27, 12.95 ] } },
{ "type": "Feature", "properties": { "gid": 384, "nazwa": "Harrat Ash Shamah", "ostatnia_erupcja": "1850", "kraj": "Syria - Jordan - Arabia Saudyjska", "typ": "pole wulkaniczne", "rodzaj_erupcji": "erupcja zaobserwowana", "materiał": "bazalt / pikryt", "tektonika": "strefa subdukcji / skorupa kontynentalna (>25 km)", "legenda": "Wulkan", "źródło": "Global Volcanism Program, 2013. Volcanoes of the World, v. 4.11.0. Venzke, E (ed.). Smithsonian Institution. Downloaded 20 Jun 2022. https://doi.org/10.5479/si.GVP.VOTW4-2013" }, "geometry": { "type": "Point", "coordinates": [ 37.583, 32.333 ] } },
{ "type": "Feature", "properties": { "gid": 386, "nazwa": "Uwayrid, Harrat", "ostatnia_erupcja": "640", "kraj": "Arabia Saudyjska", "typ": "pole wulkaniczne", "rodzaj_erupcji": "erupcja datowana", "materiał": "bazalt / pikryt", "tektonika": "strefa subdukcji / skorupa kontynentalna (>25 km)", "legenda": "Wulkan", "źródło": "Global Volcanism Program, 2013. Volcanoes of the World, v. 4.11.0. Venzke, E (ed.). Smithsonian Institution. Downloaded 20 Jun 2022. https://doi.org/10.5479/si.GVP.VOTW4-2013" }, "geometry": { "type": "Point", "coordinates": [ 37.25, 27.08 ] } },
{ "type": "Feature", "properties": { "gid": 387, "nazwa": "Lunayyir, Harrat", "ostatnia_erupcja": "1000", "kraj": "Arabia Saudyjska", "typ": "pole wulkaniczne", "rodzaj_erupcji": "erupcja zaobserwowana", "materiał": "bazalt / pikryt", "tektonika": "strefa subdukcji / skorupa kontynentalna (>25 km)", "legenda": "Wulkan", "źródło": "Global Volcanism Program, 2013. Volcanoes of the World, v. 4.11.0. Venzke, E (ed.). Smithsonian Institution. Downloaded 20 Jun 2022. https://doi.org/10.5479/si.GVP.VOTW4-2013" }, "geometry": { "type": "Point", "coordinates": [ 37.75, 25.17 ] } },
{ "type": "Feature", "properties": { "gid": 389, "nazwa": "Khaybar, Harrat", "ostatnia_erupcja": "650", "kraj": "Arabia Saudyjska", "typ": "pole wulkaniczne", "rodzaj_erupcji": "erupcja zaobserwowana", "materiał": "bazalt / pikryt", "tektonika": "strefa subdukcji / skorupa kontynentalna (>25 km)", "legenda": "Wulkan", "źródło": "Global Volcanism Program, 2013. Volcanoes of the World, v. 4.11.0. Venzke, E (ed.). Smithsonian Institution. Downloaded 20 Jun 2022. https://doi.org/10.5479/si.GVP.VOTW4-2013" }, "geometry": { "type": "Point", "coordinates": [ 39.92, 25.0 ] } },
{ "type": "Feature", "properties": { "gid": 809, "nazwa": "Dawson Strait Group", "ostatnia_erupcja": "1350", "kraj": "Papua - Nowa Gwinea", "typ": "pole wulkaniczne", "rodzaj_erupcji": "erupcja datowana", "materiał": "ryolit", "tektonika": "strefa subdukcji / skorupa kontynentalna (>25 km)", "legenda": "Wulkan", "źródło": "Global Volcanism Program, 2013. Volcanoes of the World, v. 4.11.0. Venzke, E (ed.). Smithsonian Institution. Downloaded 20 Jun 2022. https://doi.org/10.5479/si.GVP.VOTW4-2013" }, "geometry": { "type": "Point", "coordinates": [ 150.880000000000109, -9.62 ] } },
{ "type": "Feature", "properties": { "gid": 963, "nazwa": "Jordan Craters", "ostatnia_erupcja": "1250 p.n.e.", "kraj": "Stany Zjednoczone", "typ": "pole wulkaniczne", "rodzaj_erupcji": "erupcja datowana", "materiał": "bazalt / pikryt", "tektonika": "strefa ryftowa / skorupa kontynentalna (>25 km)", "legenda": "Wulkan", "źródło": "Global Volcanism Program, 2013. Volcanoes of the World, v. 4.11.0. Venzke, E (ed.). Smithsonian Institution. Downloaded 20 Jun 2022. https://doi.org/10.5479/si.GVP.VOTW4-2013" }, "geometry": { "type": "Point", "coordinates": [ -117.46, 43.147 ] } },
{ "type": "Feature", "properties": { "gid": 948, "nazwa": "West Crater", "ostatnia_erupcja": "5750 p.n.e.", "kraj": "Stany Zjednoczone", "typ": "pole wulkaniczne", "rodzaj_erupcji": "erupcja datowana", "materiał": "andezyt / andezyt bazaltowy", "tektonika": "strefa subdukcji / skorupa kontynentalna (>25 km)", "legenda": "Wulkan", "źródło": "Global Volcanism Program, 2013. Volcanoes of the World, v. 4.11.0. Venzke, E (ed.). Smithsonian Institution. Downloaded 20 Jun 2022. https://doi.org/10.5479/si.GVP.VOTW4-2013" }, "geometry": { "type": "Point", "coordinates": [ -122.08, 45.88 ] } },
{ "type": "Feature", "properties": { "gid": 957, "nazwa": "Davis Lake", "ostatnia_erupcja": "2790 p.n.e.", "kraj": "Stany Zjednoczone", "typ": "pole wulkaniczne", "rodzaj_erupcji": "erupcja datowana", "materiał": "andezyt / andezyt bazaltowy", "tektonika": "strefa subdukcji / skorupa kontynentalna (>25 km)", "legenda": "Wulkan", "źródło": "Global Volcanism Program, 2013. Volcanoes of the World, v. 4.11.0. Venzke, E (ed.). Smithsonian Institution. Downloaded 20 Jun 2022. https://doi.org/10.5479/si.GVP.VOTW4-2013" }, "geometry": { "type": "Point", "coordinates": [ -121.82, 43.57 ] } },
{ "type": "Feature", "properties": { "gid": 962, "nazwa": "Diamond Craters", "ostatnia_erupcja": "5610 p.n.e.", "kraj": "Stany Zjednoczone", "typ": "pole wulkaniczne", "rodzaj_erupcji": "erupcja datowana", "materiał": "bazalt / pikryt", "tektonika": "strefa ryftowa / skorupa kontynentalna (>25 km)", "legenda": "Wulkan", "źródło": "Global Volcanism Program, 2013. Volcanoes of the World, v. 4.11.0. Venzke, E (ed.). Smithsonian Institution. Downloaded 20 Jun 2022. https://doi.org/10.5479/si.GVP.VOTW4-2013" }, "geometry": { "type": "Point", "coordinates": [ -118.75, 43.1 ] } },
{ "type": "Feature", "properties": { "gid": 972, "nazwa": "Golden Trout Creek", "ostatnia_erupcja": "5550 p.n.e.", "kraj": "Stany Zjednoczone", "typ": "pole wulkaniczne", "rodzaj_erupcji": "erupcja datowana", "materiał": "bazalt / pikryt", "tektonika": "strefa ryftowa / skorupa kontynentalna (>25 km)", "legenda": "Wulkan", "źródło": "Global Volcanism Program, 2013. Volcanoes of the World, v. 4.11.0. Venzke, E (ed.). Smithsonian Institution. Downloaded 20 Jun 2022. https://doi.org/10.5479/si.GVP.VOTW4-2013" }, "geometry": { "type": "Point", "coordinates": [ -118.32, 36.358 ] } },
{ "type": "Feature", "properties": { "gid": 982, "nazwa": "Black Rock Desert", "ostatnia_erupcja": "1290", "kraj": "Stany Zjednoczone", "typ": "pole wulkaniczne", "rodzaj_erupcji": "erupcja datowana", "materiał": "bazalt / pikryt", "tektonika": "strefa ryftowa / skorupa kontynentalna (>25 km)", "legenda": "Wulkan", "źródło": "Global Volcanism Program, 2013. Volcanoes of the World, v. 4.11.0. Venzke, E (ed.). Smithsonian Institution. Downloaded 20 Jun 2022. https://doi.org/10.5479/si.GVP.VOTW4-2013" }, "geometry": { "type": "Point", "coordinates": [ -112.5, 38.97 ] } },
{ "type": "Feature", "properties": { "gid": 984, "nazwa": "Zuni-Bandera", "ostatnia_erupcja": "1170 p.n.e.", "kraj": "Stany Zjednoczone", "typ": "pole wulkaniczne", "rodzaj_erupcji": "erupcja datowana", "materiał": "bazalt / pikryt", "tektonika": "strefa ryftowa / skorupa kontynentalna (>25 km)", "legenda": "Wulkan", "źródło": "Global Volcanism Program, 2013. Volcanoes of the World, v. 4.11.0. Venzke, E (ed.). Smithsonian Institution. Downloaded 20 Jun 2022. https://doi.org/10.5479/si.GVP.VOTW4-2013" }, "geometry": { "type": "Point", "coordinates": [ -108.0, 34.8 ] } },
{ "type": "Feature", "properties": { "gid": 985, "nazwa": "Red Hill", "ostatnia_erupcja": "9450 p.n.e.", "kraj": "Stany Zjednoczone", "typ": "pole wulkaniczne", "rodzaj_erupcji": "erupcja datowana", "materiał": "bazalt / pikryt", "tektonika": "strefa ryftowa / skorupa kontynentalna (>25 km)", "legenda": "Wulkan", "źródło": "Global Volcanism Program, 2013. Volcanoes of the World, v. 4.11.0. Venzke, E (ed.). Smithsonian Institution. Downloaded 20 Jun 2022. https://doi.org/10.5479/si.GVP.VOTW4-2013" }, "geometry": { "type": "Point", "coordinates": [ -108.83, 34.25 ] } },
{ "type": "Feature", "properties": { "gid": 987, "nazwa": "Uinkaret Field", "ostatnia_erupcja": "1100", "kraj": "Stany Zjednoczone", "typ": "pole wulkaniczne", "rodzaj_erupcji": "erupcja datowana", "materiał": "tefryt / trachybazalt", "tektonika": "strefa ryftowa / skorupa kontynentalna (>25 km)", "legenda": "Wulkan", "źródło": "Global Volcanism Program, 2013. Volcanoes of the World, v. 4.11.0. Venzke, E (ed.). Smithsonian Institution. Downloaded 20 Jun 2022. https://doi.org/10.5479/si.GVP.VOTW4-2013" }, "geometry": { "type": "Point", "coordinates": [ -113.13, 36.38 ] } },
{ "type": "Feature", "properties": { "gid": 390, "nazwa": "Rahat, Harrat", "ostatnia_erupcja": "1256", "kraj": "Arabia Saudyjska", "typ": "pole wulkaniczne", "rodzaj_erupcji": "erupcja zaobserwowana", "materiał": "bazalt / pikryt", "tektonika": "strefa subdukcji / skorupa kontynentalna (>25 km)", "legenda": "Wulkan", "źródło": "Global Volcanism Program, 2013. Volcanoes of the World, v. 4.11.0. Venzke, E (ed.). Smithsonian Institution. Downloaded 20 Jun 2022. https://doi.org/10.5479/si.GVP.VOTW4-2013" }, "geometry": { "type": "Point", "coordinates": [ 39.78, 23.08 ] } },
{ "type": "Feature", "properties": { "gid": 393, "nazwa": "Yar, Jabal", "ostatnia_erupcja": "1810", "kraj": "Arabia Saudyjska", "typ": "pole wulkaniczne", "rodzaj_erupcji": "erupcja zaobserwowana", "materiał": "bazalt / pikryt", "tektonika": "strefa subdukcji / skorupa kontynentalna (>25 km)", "legenda": "Wulkan", "źródło": "Global Volcanism Program, 2013. Volcanoes of the World, v. 4.11.0. Venzke, E (ed.). Smithsonian Institution. Downloaded 20 Jun 2022. https://doi.org/10.5479/si.GVP.VOTW4-2013" }, "geometry": { "type": "Point", "coordinates": [ 42.83, 17.05 ] } },
{ "type": "Feature", "properties": { "gid": 346, "nazwa": "Chyulu Hills", "ostatnia_erupcja": "1855", "kraj": "Kenia", "typ": "pole wulkaniczne", "rodzaj_erupcji": "erupcja datowana", "materiał": "tefryt / trachybazalt", "tektonika": "strefa ryftowa / skorupa kontynentalna (>25 km)", "legenda": "Wulkan", "źródło": "Global Volcanism Program, 2013. Volcanoes of the World, v. 4.11.0. Venzke, E (ed.). Smithsonian Institution. Downloaded 20 Jun 2022. https://doi.org/10.5479/si.GVP.VOTW4-2013" }, "geometry": { "type": "Point", "coordinates": [ 37.88, -2.68 ] } },
{ "type": "Feature", "properties": { "gid": 394, "nazwa": "Arhab, Harra of", "ostatnia_erupcja": "500", "kraj": "Jemen", "typ": "pole wulkaniczne", "rodzaj_erupcji": "erupcja zaobserwowana", "materiał": "tefryt / trachybazalt", "tektonika": "strefa subdukcji / skorupa kontynentalna (>25 km)", "legenda": "Wulkan", "źródło": "Global Volcanism Program, 2013. Volcanoes of the World, v. 4.11.0. Venzke, E (ed.). Smithsonian Institution. Downloaded 20 Jun 2022. https://doi.org/10.5479/si.GVP.VOTW4-2013" }, "geometry": { "type": "Point", "coordinates": [ 44.08, 15.63 ] } },
{ "type": "Feature", "properties": { "gid": 396, "nazwa": "Haylan, Jabal", "ostatnia_erupcja": "1200 p.n.e.", "kraj": "Jemen", "typ": "pole wulkaniczne", "rodzaj_erupcji": "erupcja datowana", "materiał": "bazalt / pikryt", "tektonika": "strefa subdukcji / skorupa kontynentalna (>25 km)", "legenda": "Wulkan", "źródło": "Global Volcanism Program, 2013. Volcanoes of the World, v. 4.11.0. Venzke, E (ed.). Smithsonian Institution. Downloaded 20 Jun 2022. https://doi.org/10.5479/si.GVP.VOTW4-2013" }, "geometry": { "type": "Point", "coordinates": [ 45.1, 15.4 ] } },
{ "type": "Feature", "properties": { "gid": 397, "nazwa": "Dhamar, Harras of", "ostatnia_erupcja": "1937", "kraj": "Jemen", "typ": "pole wulkaniczne", "rodzaj_erupcji": "erupcja zaobserwowana", "materiał": "bazalt / pikryt", "tektonika": "strefa subdukcji / skorupa kontynentalna (>25 km)", "legenda": "Wulkan", "źródło": "Global Volcanism Program, 2013. Volcanoes of the World, v. 4.11.0. Venzke, E (ed.). Smithsonian Institution. Downloaded 20 Jun 2022. https://doi.org/10.5479/si.GVP.VOTW4-2013" }, "geometry": { "type": "Point", "coordinates": [ 44.67, 14.57 ] } },
{ "type": "Feature", "properties": { "gid": 398, "nazwa": "Sawad, Harra Es-", "ostatnia_erupcja": "1253", "kraj": "Jemen", "typ": "pole wulkaniczne", "rodzaj_erupcji": "erupcja zaobserwowana", "materiał": "tefryt / trachybazalt", "tektonika": "strefa subdukcji / skorupa kontynentalna (>25 km)", "legenda": "Wulkan", "źródło": "Global Volcanism Program, 2013. Volcanoes of the World, v. 4.11.0. Venzke, E (ed.). Smithsonian Institution. Downloaded 20 Jun 2022. https://doi.org/10.5479/si.GVP.VOTW4-2013" }, "geometry": { "type": "Point", "coordinates": [ 46.12, 13.58 ] } },
{ "type": "Feature", "properties": { "gid": 437, "nazwa": "Jom-Bolok", "ostatnia_erupcja": "5180 p.n.e.", "kraj": "Rosja", "typ": "pole wulkaniczne", "rodzaj_erupcji": "erupcja datowana", "materiał": "bazalt / pikryt", "tektonika": "strefa ryftowa / skorupa kontynentalna (>25 km)", "legenda": "Wulkan", "źródło": "Global Volcanism Program, 2013. Volcanoes of the World, v. 4.11.0. Venzke, E (ed.). Smithsonian Institution. Downloaded 20 Jun 2022. https://doi.org/10.5479/si.GVP.VOTW4-2013" }, "geometry": { "type": "Point", "coordinates": [ 99.021, 52.713 ] } },
{ "type": "Feature", "properties": { "gid": 439, "nazwa": "Taryatu-Chulutu", "ostatnia_erupcja": "2980 p.n.e.", "kraj": "Mongolia", "typ": "pole wulkaniczne", "rodzaj_erupcji": "erupcja datowana", "materiał": "tefryt / trachybazalt", "tektonika": "strefa subdukcji / skorupa kontynentalna (>25 km)", "legenda": "Wulkan", "źródło": "Global Volcanism Program, 2013. Volcanoes of the World, v. 4.11.0. Venzke, E (ed.). Smithsonian Institution. Downloaded 20 Jun 2022. https://doi.org/10.5479/si.GVP.VOTW4-2013" }, "geometry": { "type": "Point", "coordinates": [ 99.95, 48.133 ] } },
{ "type": "Feature", "properties": { "gid": 450, "nazwa": "Wudalianchi", "ostatnia_erupcja": "1776", "kraj": "Chiny", "typ": "pole wulkaniczne", "rodzaj_erupcji": "erupcja zaobserwowana", "materiał": "tefryt / trachybazalt", "tektonika": "strefa subdukcji / skorupa kontynentalna (>25 km)", "legenda": "Wulkan", "źródło": "Global Volcanism Program, 2013. Volcanoes of the World, v. 4.11.0. Venzke, E (ed.). Smithsonian Institution. Downloaded 20 Jun 2022. https://doi.org/10.5479/si.GVP.VOTW4-2013" }, "geometry": { "type": "Point", "coordinates": [ 126.120000000000118, 48.72 ] } },
{ "type": "Feature", "properties": { "gid": 451, "nazwa": "Jingbo", "ostatnia_erupcja": "520 p.n.e.", "kraj": "Chiny", "typ": "pole wulkaniczne", "rodzaj_erupcji": "erupcja datowana", "materiał": "tefryt / trachybazalt", "tektonika": "strefa subdukcji / skorupa kontynentalna (>25 km)", "legenda": "Wulkan", "źródło": "Global Volcanism Program, 2013. Volcanoes of the World, v. 4.11.0. Venzke, E (ed.). Smithsonian Institution. Downloaded 20 Jun 2022. https://doi.org/10.5479/si.GVP.VOTW4-2013" }, "geometry": { "type": "Point", "coordinates": [ 128.83, 44.08 ] } },
{ "type": "Feature", "properties": { "gid": 1195, "nazwa": "Huambo", "ostatnia_erupcja": "700 p.n.e.", "kraj": "Peru", "typ": "pole wulkaniczne", "rodzaj_erupcji": "erupcja datowana", "materiał": "trachyandezyt / bazaltowy trachyandezyt", "tektonika": "strefa subdukcji / skorupa kontynentalna (>25 km)", "legenda": "Wulkan", "źródło": "Global Volcanism Program, 2013. Volcanoes of the World, v. 4.11.0. Venzke, E (ed.). Smithsonian Institution. Downloaded 20 Jun 2022. https://doi.org/10.5479/si.GVP.VOTW4-2013" }, "geometry": { "type": "Point", "coordinates": [ -72.13, -15.83 ] } },
{ "type": "Feature", "properties": { "gid": 535, "nazwa": "Kaikohe-Bay of Islands", "ostatnia_erupcja": "400", "kraj": "Nowa Zelandia", "typ": "pole wulkaniczne", "rodzaj_erupcji": "erupcja datowana", "materiał": "tefryt / trachybazalt", "tektonika": "strefa subdukcji / skorupa kontynentalna (>25 km)", "legenda": "Wulkan", "źródło": "Global Volcanism Program, 2013. Volcanoes of the World, v. 4.11.0. Venzke, E (ed.). Smithsonian Institution. Downloaded 20 Jun 2022. https://doi.org/10.5479/si.GVP.VOTW4-2013" }, "geometry": { "type": "Point", "coordinates": [ 173.9, -35.3 ] } },
{ "type": "Feature", "properties": { "gid": 537, "nazwa": "Auckland Field", "ostatnia_erupcja": "1350", "kraj": "Nowa Zelandia", "typ": "pole wulkaniczne", "rodzaj_erupcji": "erupcja datowana", "materiał": "tefryt / trachybazalt", "tektonika": "strefa subdukcji / skorupa kontynentalna (>25 km)", "legenda": "Wulkan", "źródło": "Global Volcanism Program, 2013. Volcanoes of the World, v. 4.11.0. Venzke, E (ed.). Smithsonian Institution. Downloaded 20 Jun 2022. https://doi.org/10.5479/si.GVP.VOTW4-2013" }, "geometry": { "type": "Point", "coordinates": [ 174.870000000000118, -36.9 ] } },
{ "type": "Feature", "properties": { "gid": 1367, "nazwa": "Infiernillo", "ostatnia_erupcja": "6890 p.n.e.", "kraj": "Argentyna", "typ": "pole wulkaniczne", "rodzaj_erupcji": "erupcja datowana", "materiał": "andezyt / andezyt bazaltowy", "tektonika": "strefa subdukcji / skorupa kontynentalna (>25 km)", "legenda": "Wulkan", "źródło": "Global Volcanism Program, 2013. Volcanoes of the World, v. 4.11.0. Venzke, E (ed.). Smithsonian Institution. Downloaded 20 Jun 2022. https://doi.org/10.5479/si.GVP.VOTW4-2013" }, "geometry": { "type": "Point", "coordinates": [ -69.9, -35.123 ] } },
{ "type": "Feature", "properties": { "gid": 981, "nazwa": "Markagunt Plateau", "ostatnia_erupcja": "1050", "kraj": "Stany Zjednoczone", "typ": "pole wulkaniczne", "rodzaj_erupcji": "nieznana data wybuchu", "materiał": "bazalt / pikryt", "tektonika": "strefa ryftowa / skorupa kontynentalna (>25 km)", "legenda": "Wulkan", "źródło": "Global Volcanism Program, 2013. Volcanoes of the World, v. 4.11.0. Venzke, E (ed.). Smithsonian Institution. Downloaded 20 Jun 2022. https://doi.org/10.5479/si.GVP.VOTW4-2013" }, "geometry": { "type": "Point", "coordinates": [ -112.67, 37.58 ] } },
{ "type": "Feature", "properties": { "gid": 436, "nazwa": "Tunkin Depression", "ostatnia_erupcja": "brak danych", "kraj": "Rosja", "typ": "pole wulkaniczne", "rodzaj_erupcji": "brak dowodów na wybuch", "materiał": "tefryt / trachybazalt", "tektonika": "strefa ryftowa / skorupa kontynentalna (>25 km)", "legenda": "Wulkan", "źródło": "Global Volcanism Program, 2013. Volcanoes of the World, v. 4.11.0. Venzke, E (ed.). Smithsonian Institution. Downloaded 20 Jun 2022. https://doi.org/10.5479/si.GVP.VOTW4-2013" }, "geometry": { "type": "Point", "coordinates": [ 102.5, 51.5 ] } },
{ "type": "Feature", "properties": { "gid": 124, "nazwa": "Haut Dong Nai", "ostatnia_erupcja": "brak danych", "kraj": "Wietnam", "typ": "pole wulkaniczne", "rodzaj_erupcji": "brak dowodów na wybuch", "materiał": "bazalt / pikryt", "tektonika": "strefa subdukcji / skorupa kontynentalna (>25 km)", "legenda": "Wulkan", "źródło": "Global Volcanism Program, 2013. Volcanoes of the World, v. 4.11.0. Venzke, E (ed.). Smithsonian Institution. Downloaded 20 Jun 2022. https://doi.org/10.5479/si.GVP.VOTW4-2013" }, "geometry": { "type": "Point", "coordinates": [ 108.2, 11.6 ] } },
{ "type": "Feature", "properties": { "gid": 125, "nazwa": "Bas Dong Nai", "ostatnia_erupcja": "brak danych", "kraj": "Wietnam", "typ": "pole wulkaniczne", "rodzaj_erupcji": "brak dowodów na wybuch", "materiał": "bazalt / pikryt", "tektonika": "strefa subdukcji / skorupa kontynentalna (>25 km)", "legenda": "Wulkan", "źródło": "Global Volcanism Program, 2013. Volcanoes of the World, v. 4.11.0. Venzke, E (ed.). Smithsonian Institution. Downloaded 20 Jun 2022. https://doi.org/10.5479/si.GVP.VOTW4-2013" }, "geometry": { "type": "Point", "coordinates": [ 107.2, 10.8 ] } },
{ "type": "Feature", "properties": { "gid": 400, "nazwa": "Bir Borhut", "ostatnia_erupcja": "brak danych", "kraj": "Jemen", "typ": "pole wulkaniczne", "rodzaj_erupcji": "brak dowodów na wybuch", "materiał": "bazalt / pikryt", "tektonika": "strefa subdukcji / skorupa kontynentalna (>25 km)", "legenda": "Wulkan", "źródło": "Global Volcanism Program, 2013. Volcanoes of the World, v. 4.11.0. Venzke, E (ed.). Smithsonian Institution. Downloaded 20 Jun 2022. https://doi.org/10.5479/si.GVP.VOTW4-2013" }, "geometry": { "type": "Point", "coordinates": [ 50.935, 15.515 ] } },
{ "type": "Feature", "properties": { "gid": 405, "nazwa": "Kuh-e Nader", "ostatnia_erupcja": "brak danych", "kraj": "Iran", "typ": "pole wulkaniczne", "rodzaj_erupcji": "brak dowodów na wybuch", "materiał": "bazalt / pikryt", "tektonika": "strefa subdukcji / skorupa kontynentalna (>25 km)", "legenda": "Wulkan", "źródło": "Global Volcanism Program, 2013. Volcanoes of the World, v. 4.11.0. Venzke, E (ed.). Smithsonian Institution. Downloaded 20 Jun 2022. https://doi.org/10.5479/si.GVP.VOTW4-2013" }, "geometry": { "type": "Point", "coordinates": [ 60.67, 28.17 ] } },
{ "type": "Feature", "properties": { "gid": 613, "nazwa": "Garua Harbour", "ostatnia_erupcja": "brak danych", "kraj": "Papua - Nowa Gwinea", "typ": "pole wulkaniczne", "rodzaj_erupcji": "brak dowodów na wybuch", "materiał": "ryolit", "tektonika": "strefa subdukcji / skorupa kontynentalna (>25 km)", "legenda": "Wulkan", "źródło": "Global Volcanism Program, 2013. Volcanoes of the World, v. 4.11.0. Venzke, E (ed.). Smithsonian Institution. Downloaded 20 Jun 2022. https://doi.org/10.5479/si.GVP.VOTW4-2013" }, "geometry": { "type": "Point", "coordinates": [ 150.07, -5.3 ] } },
{ "type": "Feature", "properties": { "gid": 823, "nazwa": "Gallego", "ostatnia_erupcja": "brak danych", "kraj": "Wyspy Salomona", "typ": "pole wulkaniczne", "rodzaj_erupcji": "brak dowodów na wybuch", "materiał": "andezyt / andezyt bazaltowy", "tektonika": "strefa subdukcji / grubość skorupy nieznana", "legenda": "Wulkan", "źródło": "Global Volcanism Program, 2013. Volcanoes of the World, v. 4.11.0. Venzke, E (ed.). Smithsonian Institution. Downloaded 20 Jun 2022. https://doi.org/10.5479/si.GVP.VOTW4-2013" }, "geometry": { "type": "Point", "coordinates": [ 159.73, -9.35 ] } },
{ "type": "Feature", "properties": { "gid": 922, "nazwa": "Fort Selkirk", "ostatnia_erupcja": "brak danych", "kraj": "Kanada", "typ": "pole wulkaniczne", "rodzaj_erupcji": "brak dowodów na wybuch", "materiał": "tefryt / trachybazalt", "tektonika": "strefa subdukcji / skorupa kontynentalna (>25 km)", "legenda": "Wulkan", "źródło": "Global Volcanism Program, 2013. Volcanoes of the World, v. 4.11.0. Venzke, E (ed.). Smithsonian Institution. Downloaded 20 Jun 2022. https://doi.org/10.5479/si.GVP.VOTW4-2013" }, "geometry": { "type": "Point", "coordinates": [ -137.38, 62.93 ] } },
{ "type": "Feature", "properties": { "gid": 959, "nazwa": "Devils Garden", "ostatnia_erupcja": "brak danych", "kraj": "Stany Zjednoczone", "typ": "pole wulkaniczne", "rodzaj_erupcji": "brak dowodów na wybuch", "materiał": "bazalt / pikryt", "tektonika": "strefa ryftowa / skorupa kontynentalna (>25 km)", "legenda": "Wulkan", "źródło": "Global Volcanism Program, 2013. Volcanoes of the World, v. 4.11.0. Venzke, E (ed.). Smithsonian Institution. Downloaded 20 Jun 2022. https://doi.org/10.5479/si.GVP.VOTW4-2013" }, "geometry": { "type": "Point", "coordinates": [ -120.861, 43.512 ] } },
{ "type": "Feature", "properties": { "gid": 973, "nazwa": "Lavic Lake", "ostatnia_erupcja": "brak danych", "kraj": "Stany Zjednoczone", "typ": "pole wulkaniczne", "rodzaj_erupcji": "brak dowodów na wybuch", "materiał": "bazalt / pikryt", "tektonika": "strefa ryftowa / skorupa kontynentalna (>25 km)", "legenda": "Wulkan", "źródło": "Global Volcanism Program, 2013. Volcanoes of the World, v. 4.11.0. Venzke, E (ed.). Smithsonian Institution. Downloaded 20 Jun 2022. https://doi.org/10.5479/si.GVP.VOTW4-2013" }, "geometry": { "type": "Point", "coordinates": [ -116.625, 34.75 ] } },
{ "type": "Feature", "properties": { "gid": 1216, "nazwa": "Pampa Luxsar", "ostatnia_erupcja": "brak danych", "kraj": "Boliwia", "typ": "pole wulkaniczne", "rodzaj_erupcji": "brak dowodów na wybuch", "materiał": "andezyt / andezyt bazaltowy", "tektonika": "strefa subdukcji / skorupa kontynentalna (>25 km)", "legenda": "Wulkan", "źródło": "Global Volcanism Program, 2013. Volcanoes of the World, v. 4.11.0. Venzke, E (ed.). Smithsonian Institution. Downloaded 20 Jun 2022. https://doi.org/10.5479/si.GVP.VOTW4-2013" }, "geometry": { "type": "Point", "coordinates": [ -68.2, -20.85 ] } },
{ "type": "Feature", "properties": { "gid": 1255, "nazwa": "Comondu-La Purisima", "ostatnia_erupcja": "brak danych", "kraj": "Meksyk", "typ": "pole wulkaniczne", "rodzaj_erupcji": "brak dowodów na wybuch", "materiał": "trachyandezyt / bazaltowy trachyandezyt", "tektonika": "strefa ryftowa / skorupa kontynentalna (>25 km)", "legenda": "Wulkan", "źródło": "Global Volcanism Program, 2013. Volcanoes of the World, v. 4.11.0. Venzke, E (ed.). Smithsonian Institution. Downloaded 20 Jun 2022. https://doi.org/10.5479/si.GVP.VOTW4-2013" }, "geometry": { "type": "Point", "coordinates": [ -111.92, 26.0 ] } },
{ "type": "Feature", "properties": { "gid": 423, "nazwa": "Olkoviy Volcanic Group", "ostatnia_erupcja": "brak danych", "kraj": "Rosja", "typ": "pole wulkaniczne", "rodzaj_erupcji": "nieznana data wybuchu", "materiał": "bazalt / pikryt", "tektonika": "strefa subdukcji / skorupa kontynentalna (>25 km)", "legenda": "Wulkan", "źródło": "Global Volcanism Program, 2013. Volcanoes of the World, v. 4.11.0. Venzke, E (ed.). Smithsonian Institution. Downloaded 20 Jun 2022. https://doi.org/10.5479/si.GVP.VOTW4-2013" }, "geometry": { "type": "Point", "coordinates": [ 157.53, 52.02 ] } },
{ "type": "Feature", "properties": { "gid": 438, "nazwa": "Azas Plateau", "ostatnia_erupcja": "brak danych", "kraj": "Rosja", "typ": "pole wulkaniczne", "rodzaj_erupcji": "nieznana data wybuchu", "materiał": "tefryt / trachybazalt", "tektonika": "strefa ryftowa / skorupa kontynentalna (>25 km)", "legenda": "Wulkan", "źródło": "Global Volcanism Program, 2013. Volcanoes of the World, v. 4.11.0. Venzke, E (ed.). Smithsonian Institution. Downloaded 20 Jun 2022. https://doi.org/10.5479/si.GVP.VOTW4-2013" }, "geometry": { "type": "Point", "coordinates": [ 98.303, 52.433 ] } },
{ "type": "Feature", "properties": { "gid": 440, "nazwa": "Khanuy Gol", "ostatnia_erupcja": "brak danych", "kraj": "Mongolia", "typ": "pole wulkaniczne", "rodzaj_erupcji": "nieznana data wybuchu", "materiał": "trachyandezyt / bazaltowy trachyandezyt", "tektonika": "strefa subdukcji / skorupa kontynentalna (>25 km)", "legenda": "Wulkan", "źródło": "Global Volcanism Program, 2013. Volcanoes of the World, v. 4.11.0. Venzke, E (ed.). Smithsonian Institution. Downloaded 20 Jun 2022. https://doi.org/10.5479/si.GVP.VOTW4-2013" }, "geometry": { "type": "Point", "coordinates": [ 102.75, 48.67 ] } },
{ "type": "Feature", "properties": { "gid": 75, "nazwa": "Gufa", "ostatnia_erupcja": "brak danych", "kraj": "Erytrea - Dżibuti", "typ": "pole wulkaniczne", "rodzaj_erupcji": "nieznana data wybuchu", "materiał": "bazalt / pikryt", "tektonika": "strefa ryftowa / skorupa pośrednia (15-25 km)", "legenda": "Wulkan", "źródło": "Global Volcanism Program, 2013. Volcanoes of the World, v. 4.11.0. Venzke, E (ed.). Smithsonian Institution. Downloaded 20 Jun 2022. https://doi.org/10.5479/si.GVP.VOTW4-2013" }, "geometry": { "type": "Point", "coordinates": [ 42.53, 12.55 ] } },
{ "type": "Feature", "properties": { "gid": 76, "nazwa": "Assab Volcanic Field", "ostatnia_erupcja": "brak danych", "kraj": "Erytrea", "typ": "pole wulkaniczne", "rodzaj_erupcji": "nieznana data wybuchu", "materiał": "bazalt / pikryt", "tektonika": "strefa ryftowa / skorupa pośrednia (15-25 km)", "legenda": "Wulkan", "źródło": "Global Volcanism Program, 2013. Volcanoes of the World, v. 4.11.0. Venzke, E (ed.). Smithsonian Institution. Downloaded 20 Jun 2022. https://doi.org/10.5479/si.GVP.VOTW4-2013" }, "geometry": { "type": "Point", "coordinates": [ 42.43, 12.95 ] } },
{ "type": "Feature", "properties": { "gid": 88, "nazwa": "Beru", "ostatnia_erupcja": "brak danych", "kraj": "Etiopia", "typ": "pole wulkaniczne", "rodzaj_erupcji": "nieznana data wybuchu", "materiał": "bazalt / pikryt", "tektonika": "strefa ryftowa / skorupa kontynentalna (>25 km)", "legenda": "Wulkan", "źródło": "Global Volcanism Program, 2013. Volcanoes of the World, v. 4.11.0. Venzke, E (ed.). Smithsonian Institution. Downloaded 20 Jun 2022. https://doi.org/10.5479/si.GVP.VOTW4-2013" }, "geometry": { "type": "Point", "coordinates": [ 39.75, 8.95 ] } },
{ "type": "Feature", "properties": { "gid": 122, "nazwa": "Ly Son Group", "ostatnia_erupcja": "brak danych", "kraj": "Wietnam", "typ": "pole wulkaniczne", "rodzaj_erupcji": "nieznana data wybuchu", "materiał": "bazalt / pikryt", "tektonika": "strefa subdukcji / skorupa kontynentalna (>25 km)", "legenda": "Wulkan", "źródło": "Global Volcanism Program, 2013. Volcanoes of the World, v. 4.11.0. Venzke, E (ed.). Smithsonian Institution. Downloaded 20 Jun 2022. https://doi.org/10.5479/si.GVP.VOTW4-2013" }, "geometry": { "type": "Point", "coordinates": [ 109.12, 15.38 ] } },
{ "type": "Feature", "properties": { "gid": 371, "nazwa": "Tin Zaouatene Volcanic Field", "ostatnia_erupcja": "brak danych", "kraj": "Mali", "typ": "pole wulkaniczne", "rodzaj_erupcji": "nieznana data wybuchu", "materiał": "tefryt / trachybazalt", "tektonika": "strefa subdukcji / skorupa kontynentalna (>25 km)", "legenda": "Wulkan", "źródło": "Global Volcanism Program, 2013. Volcanoes of the World, v. 4.11.0. Venzke, E (ed.). Smithsonian Institution. Downloaded 20 Jun 2022. https://doi.org/10.5479/si.GVP.VOTW4-2013" }, "geometry": { "type": "Point", "coordinates": [ 2.83, 19.83 ] } },
{ "type": "Feature", "properties": { "gid": 375, "nazwa": "Toh, Tarso", "ostatnia_erupcja": "brak danych", "kraj": "Czad", "typ": "pole wulkaniczne", "rodzaj_erupcji": "nieznana data wybuchu", "materiał": "bazalt / pikryt", "tektonika": "strefa subdukcji / skorupa kontynentalna (>25 km)", "legenda": "Wulkan", "źródło": "Global Volcanism Program, 2013. Volcanoes of the World, v. 4.11.0. Venzke, E (ed.). Smithsonian Institution. Downloaded 20 Jun 2022. https://doi.org/10.5479/si.GVP.VOTW4-2013" }, "geometry": { "type": "Point", "coordinates": [ 16.33, 21.33 ] } },
{ "type": "Feature", "properties": { "gid": 383, "nazwa": "Sharat Kovakab", "ostatnia_erupcja": "brak danych", "kraj": "Syria", "typ": "pole wulkaniczne", "rodzaj_erupcji": "nieznana data wybuchu", "materiał": "bazalt / pikryt", "tektonika": "strefa ryftowa / skorupa kontynentalna (>25 km)", "legenda": "Wulkan", "źródło": "Global Volcanism Program, 2013. Volcanoes of the World, v. 4.11.0. Venzke, E (ed.). Smithsonian Institution. Downloaded 20 Jun 2022. https://doi.org/10.5479/si.GVP.VOTW4-2013" }, "geometry": { "type": "Point", "coordinates": [ 40.85, 36.53 ] } },
{ "type": "Feature", "properties": { "gid": 385, "nazwa": "Rahah, Harrat ar", "ostatnia_erupcja": "brak danych", "kraj": "Arabia Saudyjska", "typ": "pole wulkaniczne", "rodzaj_erupcji": "nieznana data wybuchu", "materiał": "bazalt / pikryt", "tektonika": "strefa subdukcji / skorupa kontynentalna (>25 km)", "legenda": "Wulkan", "źródło": "Global Volcanism Program, 2013. Volcanoes of the World, v. 4.11.0. Venzke, E (ed.). Smithsonian Institution. Downloaded 20 Jun 2022. https://doi.org/10.5479/si.GVP.VOTW4-2013" }, "geometry": { "type": "Point", "coordinates": [ 36.17, 27.8 ] } },
{ "type": "Feature", "properties": { "gid": 388, "nazwa": "Ithnayn, Harrat", "ostatnia_erupcja": "brak danych", "kraj": "Arabia Saudyjska", "typ": "pole wulkaniczne", "rodzaj_erupcji": "nieznana data wybuchu", "materiał": "bazalt / pikryt", "tektonika": "strefa subdukcji / skorupa kontynentalna (>25 km)", "legenda": "Wulkan", "źródło": "Global Volcanism Program, 2013. Volcanoes of the World, v. 4.11.0. Venzke, E (ed.). Smithsonian Institution. Downloaded 20 Jun 2022. https://doi.org/10.5479/si.GVP.VOTW4-2013" }, "geometry": { "type": "Point", "coordinates": [ 40.2, 26.58 ] } },
{ "type": "Feature", "properties": { "gid": 391, "nazwa": "Kishb, Harrat", "ostatnia_erupcja": "brak danych", "kraj": "Arabia Saudyjska", "typ": "pole wulkaniczne", "rodzaj_erupcji": "nieznana data wybuchu", "materiał": "tefryt / trachybazalt", "tektonika": "strefa subdukcji / skorupa kontynentalna (>25 km)", "legenda": "Wulkan", "źródło": "Global Volcanism Program, 2013. Volcanoes of the World, v. 4.11.0. Venzke, E (ed.). Smithsonian Institution. Downloaded 20 Jun 2022. https://doi.org/10.5479/si.GVP.VOTW4-2013" }, "geometry": { "type": "Point", "coordinates": [ 41.38, 22.8 ] } },
{ "type": "Feature", "properties": { "gid": 392, "nazwa": "Birk, Harrat al", "ostatnia_erupcja": "brak danych", "kraj": "Arabia Saudyjska", "typ": "pole wulkaniczne", "rodzaj_erupcji": "nieznana data wybuchu", "materiał": "bazalt / pikryt", "tektonika": "strefa subdukcji / skorupa kontynentalna (>25 km)", "legenda": "Wulkan", "źródło": "Global Volcanism Program, 2013. Volcanoes of the World, v. 4.11.0. Venzke, E (ed.). Smithsonian Institution. Downloaded 20 Jun 2022. https://doi.org/10.5479/si.GVP.VOTW4-2013" }, "geometry": { "type": "Point", "coordinates": [ 41.63, 18.37 ] } },
{ "type": "Feature", "properties": { "gid": 399, "nazwa": "Bal Haf, Harra of", "ostatnia_erupcja": "brak danych", "kraj": "Jemen", "typ": "pole wulkaniczne", "rodzaj_erupcji": "nieznana data wybuchu", "materiał": "bazalt / pikryt", "tektonika": "strefa subdukcji / skorupa kontynentalna (>25 km)", "legenda": "Wulkan", "źródło": "Global Volcanism Program, 2013. Volcanoes of the World, v. 4.11.0. Venzke, E (ed.). Smithsonian Institution. Downloaded 20 Jun 2022. https://doi.org/10.5479/si.GVP.VOTW4-2013" }, "geometry": { "type": "Point", "coordinates": [ 48.3, 14.067 ] } },
{ "type": "Feature", "properties": { "gid": 410, "nazwa": "Ambre-Bobaomby", "ostatnia_erupcja": "brak danych", "kraj": "Madagaskar", "typ": "pole wulkaniczne", "rodzaj_erupcji": "nieznana data wybuchu", "materiał": "bazalt / pikryt", "tektonika": "strefa subdukcji / skorupa kontynentalna (>25 km)", "legenda": "Wulkan", "źródło": "Global Volcanism Program, 2013. Volcanoes of the World, v. 4.11.0. Venzke, E (ed.). Smithsonian Institution. Downloaded 20 Jun 2022. https://doi.org/10.5479/si.GVP.VOTW4-2013" }, "geometry": { "type": "Point", "coordinates": [ 49.15, -12.6 ] } },
{ "type": "Feature", "properties": { "gid": 677, "nazwa": "Managlase Plateau", "ostatnia_erupcja": "brak danych", "kraj": "Papua - Nowa Gwinea", "typ": "pole wulkaniczne", "rodzaj_erupcji": "nieznana data wybuchu", "materiał": "tefryt / trachybazalt", "tektonika": "strefa subdukcji / skorupa kontynentalna (>25 km)", "legenda": "Wulkan", "źródło": "Global Volcanism Program, 2013. Volcanoes of the World, v. 4.11.0. Venzke, E (ed.). Smithsonian Institution. Downloaded 20 Jun 2022. https://doi.org/10.5479/si.GVP.VOTW4-2013" }, "geometry": { "type": "Point", "coordinates": [ 148.33, -9.08 ] } },
{ "type": "Feature", "properties": { "gid": 742, "nazwa": "Goodenough", "ostatnia_erupcja": "brak danych", "kraj": "Papua - Nowa Gwinea", "typ": "pole wulkaniczne", "rodzaj_erupcji": "nieznana data wybuchu", "materiał": "andezyt / andezyt bazaltowy", "tektonika": "strefa subdukcji / skorupa kontynentalna (>25 km)", "legenda": "Wulkan", "źródło": "Global Volcanism Program, 2013. Volcanoes of the World, v. 4.11.0. Venzke, E (ed.). Smithsonian Institution. Downloaded 20 Jun 2022. https://doi.org/10.5479/si.GVP.VOTW4-2013" }, "geometry": { "type": "Point", "coordinates": [ 150.35, -9.48 ] } },
{ "type": "Feature", "properties": { "gid": 919, "nazwa": "Duncan Canal", "ostatnia_erupcja": "brak danych", "kraj": "Stany Zjednoczone", "typ": "pole wulkaniczne", "rodzaj_erupcji": "nieznana data wybuchu", "materiał": "bazalt / pikryt", "tektonika": "strefa subdukcji / skorupa kontynentalna (>25 km)", "legenda": "Wulkan", "źródło": "Global Volcanism Program, 2013. Volcanoes of the World, v. 4.11.0. Venzke, E (ed.). Smithsonian Institution. Downloaded 20 Jun 2022. https://doi.org/10.5479/si.GVP.VOTW4-2013" }, "geometry": { "type": "Point", "coordinates": [ -133.1, 56.5 ] } },
{ "type": "Feature", "properties": { "gid": 920, "nazwa": "Tlevak Strait-Suemez Is.", "ostatnia_erupcja": "brak danych", "kraj": "Stany Zjednoczone", "typ": "pole wulkaniczne", "rodzaj_erupcji": "nieznana data wybuchu", "materiał": "bazalt / pikryt", "tektonika": "strefa subdukcji / skorupa kontynentalna (>25 km)", "legenda": "Wulkan", "źródło": "Global Volcanism Program, 2013. Volcanoes of the World, v. 4.11.0. Venzke, E (ed.). Smithsonian Institution. Downloaded 20 Jun 2022. https://doi.org/10.5479/si.GVP.VOTW4-2013" }, "geometry": { "type": "Point", "coordinates": [ -133.3, 55.25 ] } },
{ "type": "Feature", "properties": { "gid": 925, "nazwa": "Tuya Volcanic Field", "ostatnia_erupcja": "brak danych", "kraj": "Kanada", "typ": "pole wulkaniczne", "rodzaj_erupcji": "nieznana data wybuchu", "materiał": "bazalt / pikryt", "tektonika": "strefa subdukcji / skorupa kontynentalna (>25 km)", "legenda": "Wulkan", "źródło": "Global Volcanism Program, 2013. Volcanoes of the World, v. 4.11.0. Venzke, E (ed.). Smithsonian Institution. Downloaded 20 Jun 2022. https://doi.org/10.5479/si.GVP.VOTW4-2013" }, "geometry": { "type": "Point", "coordinates": [ -130.58, 59.37 ] } },
{ "type": "Feature", "properties": { "gid": 938, "nazwa": "Bridge River Cones", "ostatnia_erupcja": "brak danych", "kraj": "Kanada", "typ": "pole wulkaniczne", "rodzaj_erupcji": "nieznana data wybuchu", "materiał": "bazalt / pikryt", "tektonika": "strefa subdukcji / skorupa kontynentalna (>25 km)", "legenda": "Wulkan", "źródło": "Global Volcanism Program, 2013. Volcanoes of the World, v. 4.11.0. Venzke, E (ed.). Smithsonian Institution. Downloaded 20 Jun 2022. https://doi.org/10.5479/si.GVP.VOTW4-2013" }, "geometry": { "type": "Point", "coordinates": [ -123.4, 50.8 ] } },
{ "type": "Feature", "properties": { "gid": 940, "nazwa": "Garibaldi Lake", "ostatnia_erupcja": "brak danych", "kraj": "Kanada", "typ": "pole wulkaniczne", "rodzaj_erupcji": "nieznana data wybuchu", "materiał": "andezyt / andezyt bazaltowy", "tektonika": "strefa subdukcji / skorupa kontynentalna (>25 km)", "legenda": "Wulkan", "źródło": "Global Volcanism Program, 2013. Volcanoes of the World, v. 4.11.0. Venzke, E (ed.). Smithsonian Institution. Downloaded 20 Jun 2022. https://doi.org/10.5479/si.GVP.VOTW4-2013" }, "geometry": { "type": "Point", "coordinates": [ -123.0, 49.933 ] } },
{ "type": "Feature", "properties": { "gid": 942, "nazwa": "Cayley Volcanic Field", "ostatnia_erupcja": "brak danych", "kraj": "Kanada", "typ": "pole wulkaniczne", "rodzaj_erupcji": "nieznana data wybuchu", "materiał": "andezyt / andezyt bazaltowy", "tektonika": "strefa subdukcji / skorupa kontynentalna (>25 km)", "legenda": "Wulkan", "źródło": "Global Volcanism Program, 2013. Volcanoes of the World, v. 4.11.0. Venzke, E (ed.). Smithsonian Institution. Downloaded 20 Jun 2022. https://doi.org/10.5479/si.GVP.VOTW4-2013" }, "geometry": { "type": "Point", "coordinates": [ -123.28, 50.12 ] } },
{ "type": "Feature", "properties": { "gid": 967, "nazwa": "Clear Lake", "ostatnia_erupcja": "brak danych", "kraj": "Stany Zjednoczone", "typ": "pole wulkaniczne", "rodzaj_erupcji": "nieznana data wybuchu", "materiał": "dacyt", "tektonika": "strefa subdukcji / skorupa kontynentalna (>25 km)", "legenda": "Wulkan", "źródło": "Global Volcanism Program, 2013. Volcanoes of the World, v. 4.11.0. Venzke, E (ed.). Smithsonian Institution. Downloaded 20 Jun 2022. https://doi.org/10.5479/si.GVP.VOTW4-2013" }, "geometry": { "type": "Point", "coordinates": [ -122.77, 38.97 ] } },
{ "type": "Feature", "properties": { "gid": 1278, "nazwa": "Gloria, La", "ostatnia_erupcja": "brak danych", "kraj": "Meksyk", "typ": "pole wulkaniczne", "rodzaj_erupcji": "nieznana data wybuchu", "materiał": "andezyt / andezyt bazaltowy", "tektonika": "strefa subdukcji / skorupa kontynentalna (>25 km)", "legenda": "Wulkan", "źródło": "Global Volcanism Program, 2013. Volcanoes of the World, v. 4.11.0. Venzke, E (ed.). Smithsonian Institution. Downloaded 20 Jun 2022. https://doi.org/10.5479/si.GVP.VOTW4-2013" }, "geometry": { "type": "Point", "coordinates": [ -97.25, 19.33 ] } },
{ "type": "Feature", "properties": { "gid": 1293, "nazwa": "Cuilapa-Barbarena", "ostatnia_erupcja": "brak danych", "kraj": "Gwatemala", "typ": "pole wulkaniczne", "rodzaj_erupcji": "nieznana data wybuchu", "materiał": "bazalt / pikryt", "tektonika": "strefa subdukcji / skorupa kontynentalna (>25 km)", "legenda": "Wulkan", "źródło": "Global Volcanism Program, 2013. Volcanoes of the World, v. 4.11.0. Venzke, E (ed.). Smithsonian Institution. Downloaded 20 Jun 2022. https://doi.org/10.5479/si.GVP.VOTW4-2013" }, "geometry": { "type": "Point", "coordinates": [ -90.4, 14.33 ] } },
{ "type": "Feature", "properties": { "gid": 1297, "nazwa": "Flores", "ostatnia_erupcja": "brak danych", "kraj": "Gwatemala", "typ": "pole wulkaniczne", "rodzaj_erupcji": "nieznana data wybuchu", "materiał": "bazalt / pikryt", "tektonika": "strefa subdukcji / skorupa kontynentalna (>25 km)", "legenda": "Wulkan", "źródło": "Global Volcanism Program, 2013. Volcanoes of the World, v. 4.11.0. Venzke, E (ed.). Smithsonian Institution. Downloaded 20 Jun 2022. https://doi.org/10.5479/si.GVP.VOTW4-2013" }, "geometry": { "type": "Point", "coordinates": [ -89.992, 14.308 ] } },
{ "type": "Feature", "properties": { "gid": 1299, "nazwa": "Santiago, Cerro", "ostatnia_erupcja": "brak danych", "kraj": "Gwatemala", "typ": "pole wulkaniczne", "rodzaj_erupcji": "nieznana data wybuchu", "materiał": "bazalt / pikryt", "tektonika": "strefa subdukcji / skorupa kontynentalna (>25 km)", "legenda": "Wulkan", "źródło": "Global Volcanism Program, 2013. Volcanoes of the World, v. 4.11.0. Venzke, E (ed.). Smithsonian Institution. Downloaded 20 Jun 2022. https://doi.org/10.5479/si.GVP.VOTW4-2013" }, "geometry": { "type": "Point", "coordinates": [ -89.87, 14.33 ] } },
{ "type": "Feature", "properties": { "gid": 1305, "nazwa": "Quezaltepeque", "ostatnia_erupcja": "brak danych", "kraj": "Gwatemala", "typ": "pole wulkaniczne", "rodzaj_erupcji": "nieznana data wybuchu", "materiał": "bazalt / pikryt", "tektonika": "strefa subdukcji / skorupa kontynentalna (>25 km)", "legenda": "Wulkan", "źródło": "Global Volcanism Program, 2013. Volcanoes of the World, v. 4.11.0. Venzke, E (ed.). Smithsonian Institution. Downloaded 20 Jun 2022. https://doi.org/10.5479/si.GVP.VOTW4-2013" }, "geometry": { "type": "Point", "coordinates": [ -89.45, 14.57 ] } },
{ "type": "Feature", "properties": { "gid": 1306, "nazwa": "San Diego", "ostatnia_erupcja": "brak danych", "kraj": "Salwador - Gwatemala", "typ": "pole wulkaniczne", "rodzaj_erupcji": "nieznana data wybuchu", "materiał": "bazalt / pikryt", "tektonika": "strefa subdukcji / skorupa kontynentalna (>25 km)", "legenda": "Wulkan", "źródło": "Global Volcanism Program, 2013. Volcanoes of the World, v. 4.11.0. Venzke, E (ed.). Smithsonian Institution. Downloaded 20 Jun 2022. https://doi.org/10.5479/si.GVP.VOTW4-2013" }, "geometry": { "type": "Point", "coordinates": [ -89.48, 14.27 ] } },
{ "type": "Feature", "properties": { "gid": 1313, "nazwa": "Cinotepeque, Cerro", "ostatnia_erupcja": "brak danych", "kraj": "Salwador", "typ": "pole wulkaniczne", "rodzaj_erupcji": "nieznana data wybuchu", "materiał": "-", "tektonika": "strefa subdukcji / skorupa kontynentalna (>25 km)", "legenda": "Wulkan", "źródło": "Global Volcanism Program, 2013. Volcanoes of the World, v. 4.11.0. Venzke, E (ed.). Smithsonian Institution. Downloaded 20 Jun 2022. https://doi.org/10.5479/si.GVP.VOTW4-2013" }, "geometry": { "type": "Point", "coordinates": [ -89.25, 14.02 ] } },
{ "type": "Feature", "properties": { "gid": 1317, "nazwa": "Apastepeque Field", "ostatnia_erupcja": "brak danych", "kraj": "Salwador", "typ": "pole wulkaniczne", "rodzaj_erupcji": "nieznana data wybuchu", "materiał": "dacyt", "tektonika": "strefa subdukcji / skorupa kontynentalna (>25 km)", "legenda": "Wulkan", "źródło": "Global Volcanism Program, 2013. Volcanoes of the World, v. 4.11.0. Venzke, E (ed.). Smithsonian Institution. Downloaded 20 Jun 2022. https://doi.org/10.5479/si.GVP.VOTW4-2013" }, "geometry": { "type": "Point", "coordinates": [ -88.77, 13.72 ] } },
{ "type": "Feature", "properties": { "gid": 1327, "nazwa": "Yojoa, Lake", "ostatnia_erupcja": "brak danych", "kraj": "Honduras", "typ": "pole wulkaniczne", "rodzaj_erupcji": "nieznana data wybuchu", "materiał": "tefryt / trachybazalt", "tektonika": "strefa subdukcji / skorupa kontynentalna (>25 km)", "legenda": "Wulkan", "źródło": "Global Volcanism Program, 2013. Volcanoes of the World, v. 4.11.0. Venzke, E (ed.). Smithsonian Institution. Downloaded 20 Jun 2022. https://doi.org/10.5479/si.GVP.VOTW4-2013" }, "geometry": { "type": "Point", "coordinates": [ -87.98, 14.98 ] } },
{ "type": "Feature", "properties": { "gid": 1388, "nazwa": "Blanca, Laguna", "ostatnia_erupcja": "brak danych", "kraj": "Argentyna", "typ": "pole wulkaniczne", "rodzaj_erupcji": "nieznana data wybuchu", "materiał": "bazalt / pikryt", "tektonika": "strefa subdukcji / skorupa kontynentalna (>25 km)", "legenda": "Wulkan", "źródło": "Global Volcanism Program, 2013. Volcanoes of the World, v. 4.11.0. Venzke, E (ed.). Smithsonian Institution. Downloaded 20 Jun 2022. https://doi.org/10.5479/si.GVP.VOTW4-2013" }, "geometry": { "type": "Point", "coordinates": [ -70.37, -39.02 ] } },
{ "type": "Feature", "properties": { "gid": 1427, "nazwa": "Meullin", "ostatnia_erupcja": "brak danych", "kraj": "Chile", "typ": "pole wulkaniczne", "rodzaj_erupcji": "nieznana data wybuchu", "materiał": "bazalt / pikryt", "tektonika": "strefa subdukcji / skorupa kontynentalna (>25 km)", "legenda": "Wulkan", "źródło": "Global Volcanism Program, 2013. Volcanoes of the World, v. 4.11.0. Venzke, E (ed.). Smithsonian Institution. Downloaded 20 Jun 2022. https://doi.org/10.5479/si.GVP.VOTW4-2013" }, "geometry": { "type": "Point", "coordinates": [ -73.05, -45.22 ] } },
{ "type": "Feature", "properties": { "gid": 1274, "nazwa": "Humeros, Los", "ostatnia_erupcja": "4470 p.n.e.", "kraj": "Meksyk", "typ": "kaldera", "rodzaj_erupcji": "erupcja datowana", "materiał": "ryolit", "tektonika": "strefa subdukcji / skorupa kontynentalna (>25 km)", "legenda": "Wulkan", "źródło": "Global Volcanism Program, 2013. Volcanoes of the World, v. 4.11.0. Venzke, E (ed.). Smithsonian Institution. Downloaded 20 Jun 2022. https://doi.org/10.5479/si.GVP.VOTW4-2013" }, "geometry": { "type": "Point", "coordinates": [ -97.45, 19.68 ] } },
{ "type": "Feature", "properties": { "gid": 545, "nazwa": "Taupo", "ostatnia_erupcja": "260", "kraj": "Nowa Zelandia", "typ": "kaldera", "rodzaj_erupcji": "erupcja datowana", "materiał": "ryolit", "tektonika": "strefa subdukcji / skorupa kontynentalna (>25 km)", "legenda": "Wulkan", "źródło": "Global Volcanism Program, 2013. Volcanoes of the World, v. 4.11.0. Venzke, E (ed.). Smithsonian Institution. Downloaded 20 Jun 2022. https://doi.org/10.5479/si.GVP.VOTW4-2013" }, "geometry": { "type": "Point", "coordinates": [ 176.000000000000114, -38.82 ] } },
{ "type": "Feature", "properties": { "gid": 569, "nazwa": "Tofua", "ostatnia_erupcja": "2014", "kraj": "Tonga", "typ": "kaldera", "rodzaj_erupcji": "erupcja zaobserwowana", "materiał": "andezyt / andezyt bazaltowy", "tektonika": "strefa subdukcji / skorupa oceaniczna (< 15 km)", "legenda": "Wulkan", "źródło": "Global Volcanism Program, 2013. Volcanoes of the World, v. 4.11.0. Venzke, E (ed.). Smithsonian Institution. Downloaded 20 Jun 2022. https://doi.org/10.5479/si.GVP.VOTW4-2013" }, "geometry": { "type": "Point", "coordinates": [ -175.07, -19.75 ] } },
{ "type": "Feature", "properties": { "gid": 6, "nazwa": "Vulsini", "ostatnia_erupcja": "104 p.n.e.", "kraj": "Włochy", "typ": "kaldera", "rodzaj_erupcji": "erupcja zaobserwowana", "materiał": "trachit", "tektonika": "strefa subdukcji / skorupa kontynentalna (>25 km)", "legenda": "Wulkan", "źródło": "Global Volcanism Program, 2013. Volcanoes of the World, v. 4.11.0. Venzke, E (ed.). Smithsonian Institution. Downloaded 20 Jun 2022. https://doi.org/10.5479/si.GVP.VOTW4-2013" }, "geometry": { "type": "Point", "coordinates": [ 11.93, 42.6 ] } },
{ "type": "Feature", "properties": { "gid": 8, "nazwa": "Campi Flegrei", "ostatnia_erupcja": "1538", "kraj": "Włochy", "typ": "kaldera", "rodzaj_erupcji": "erupcja zaobserwowana", "materiał": "trachit", "tektonika": "strefa subdukcji / skorupa kontynentalna (>25 km)", "legenda": "Wulkan", "źródło": "Global Volcanism Program, 2013. Volcanoes of the World, v. 4.11.0. Venzke, E (ed.). Smithsonian Institution. Downloaded 20 Jun 2022. https://doi.org/10.5479/si.GVP.VOTW4-2013" }, "geometry": { "type": "Point", "coordinates": [ 14.139, 40.827 ] } },
{ "type": "Feature", "properties": { "gid": 89, "nazwa": "Kone", "ostatnia_erupcja": "1820", "kraj": "Etiopia", "typ": "kaldera", "rodzaj_erupcji": "erupcja zaobserwowana", "materiał": "ryolit", "tektonika": "strefa ryftowa / skorupa kontynentalna (>25 km)", "legenda": "Wulkan", "źródło": "Global Volcanism Program, 2013. Volcanoes of the World, v. 4.11.0. Venzke, E (ed.). Smithsonian Institution. Downloaded 20 Jun 2022. https://doi.org/10.5479/si.GVP.VOTW4-2013" }, "geometry": { "type": "Point", "coordinates": [ 39.701, 8.788 ] } },
{ "type": "Feature", "properties": { "gid": 671, "nazwa": "Banda Api", "ostatnia_erupcja": "1988", "kraj": "Indonezja", "typ": "kaldera", "rodzaj_erupcji": "erupcja zaobserwowana", "materiał": "dacyt", "tektonika": "strefa subdukcji / skorupa oceaniczna (< 15 km)", "legenda": "Wulkan", "źródło": "Global Volcanism Program, 2013. Volcanoes of the World, v. 4.11.0. Venzke, E (ed.). Smithsonian Institution. Downloaded 20 Jun 2022. https://doi.org/10.5479/si.GVP.VOTW4-2013" }, "geometry": { "type": "Point", "coordinates": [ 129.881, -4.523 ] } },
{ "type": "Feature", "properties": { "gid": 849, "nazwa": "Singkut", "ostatnia_erupcja": "1881", "kraj": "Indonezja", "typ": "kaldera", "rodzaj_erupcji": "erupcja zaobserwowana", "materiał": "andezyt / andezyt bazaltowy", "tektonika": "strefa subdukcji / skorupa kontynentalna (>25 km)", "legenda": "Wulkan", "źródło": "Global Volcanism Program, 2013. Volcanoes of the World, v. 4.11.0. Venzke, E (ed.). Smithsonian Institution. Downloaded 20 Jun 2022. https://doi.org/10.5479/si.GVP.VOTW4-2013" }, "geometry": { "type": "Point", "coordinates": [ 98.501, 3.248 ] } },
{ "type": "Feature", "properties": { "gid": 870, "nazwa": "Suoh", "ostatnia_erupcja": "1933", "kraj": "Indonezja", "typ": "kaldera", "rodzaj_erupcji": "erupcja zaobserwowana", "materiał": "-", "tektonika": "strefa subdukcji / skorupa kontynentalna (>25 km)", "legenda": "Wulkan", "źródło": "Global Volcanism Program, 2013. Volcanoes of the World, v. 4.11.0. Venzke, E (ed.). Smithsonian Institution. Downloaded 20 Jun 2022. https://doi.org/10.5479/si.GVP.VOTW4-2013" }, "geometry": { "type": "Point", "coordinates": [ 104.27, -5.25 ] } },
{ "type": "Feature", "properties": { "gid": 143, "nazwa": "Kikai", "ostatnia_erupcja": "2013", "kraj": "Japonia", "typ": "kaldera", "rodzaj_erupcji": "erupcja zaobserwowana", "materiał": "ryolit", "tektonika": "strefa subdukcji / skorupa oceaniczna (< 15 km)", "legenda": "Wulkan", "źródło": "Global Volcanism Program, 2013. Volcanoes of the World, v. 4.11.0. Venzke, E (ed.). Smithsonian Institution. Downloaded 20 Jun 2022. https://doi.org/10.5479/si.GVP.VOTW4-2013" }, "geometry": { "type": "Point", "coordinates": [ 130.305, 30.793 ] } },
{ "type": "Feature", "properties": { "gid": 144, "nazwa": "Ata", "ostatnia_erupcja": "885", "kraj": "Japonia", "typ": "kaldera", "rodzaj_erupcji": "erupcja zaobserwowana", "materiał": "andezyt / andezyt bazaltowy", "tektonika": "strefa subdukcji / skorupa kontynentalna (>25 km)", "legenda": "Wulkan", "źródło": "Global Volcanism Program, 2013. Volcanoes of the World, v. 4.11.0. Venzke, E (ed.). Smithsonian Institution. Downloaded 20 Jun 2022. https://doi.org/10.5479/si.GVP.VOTW4-2013" }, "geometry": { "type": "Point", "coordinates": [ 130.57, 31.22 ] } },
{ "type": "Feature", "properties": { "gid": 145, "nazwa": "Aira", "ostatnia_erupcja": "2018", "kraj": "Japonia", "typ": "kaldera", "rodzaj_erupcji": "erupcja zaobserwowana", "materiał": "andezyt / andezyt bazaltowy", "tektonika": "strefa subdukcji / skorupa kontynentalna (>25 km)", "legenda": "Wulkan", "źródło": "Global Volcanism Program, 2013. Volcanoes of the World, v. 4.11.0. Venzke, E (ed.). Smithsonian Institution. Downloaded 20 Jun 2022. https://doi.org/10.5479/si.GVP.VOTW4-2013" }, "geometry": { "type": "Point", "coordinates": [ 130.657, 31.593 ] } },
{ "type": "Feature", "properties": { "gid": 150, "nazwa": "Asosan", "ostatnia_erupcja": "2016", "kraj": "Japonia", "typ": "kaldera", "rodzaj_erupcji": "erupcja zaobserwowana", "materiał": "andezyt / andezyt bazaltowy", "tektonika": "strefa subdukcji / skorupa kontynentalna (>25 km)", "legenda": "Wulkan", "źródło": "Global Volcanism Program, 2013. Volcanoes of the World, v. 4.11.0. Venzke, E (ed.). Smithsonian Institution. Downloaded 20 Jun 2022. https://doi.org/10.5479/si.GVP.VOTW4-2013" }, "geometry": { "type": "Point", "coordinates": [ 131.104, 32.884 ] } },
{ "type": "Feature", "properties": { "gid": 186, "nazwa": "Naruko", "ostatnia_erupcja": "837", "kraj": "Japonia", "typ": "kaldera", "rodzaj_erupcji": "erupcja zaobserwowana", "materiał": "ryolit", "tektonika": "strefa subdukcji / skorupa kontynentalna (>25 km)", "legenda": "Wulkan", "źródło": "Global Volcanism Program, 2013. Volcanoes of the World, v. 4.11.0. Venzke, E (ed.). Smithsonian Institution. Downloaded 20 Jun 2022. https://doi.org/10.5479/si.GVP.VOTW4-2013" }, "geometry": { "type": "Point", "coordinates": [ 140.734, 38.729 ] } },
{ "type": "Feature", "properties": { "gid": 195, "nazwa": "Towada", "ostatnia_erupcja": "915", "kraj": "Japonia", "typ": "kaldera", "rodzaj_erupcji": "erupcja zaobserwowana", "materiał": "andezyt / andezyt bazaltowy", "tektonika": "strefa subdukcji / skorupa kontynentalna (>25 km)", "legenda": "Wulkan", "źródło": "Global Volcanism Program, 2013. Volcanoes of the World, v. 4.11.0. Venzke, E (ed.). Smithsonian Institution. Downloaded 20 Jun 2022. https://doi.org/10.5479/si.GVP.VOTW4-2013" }, "geometry": { "type": "Point", "coordinates": [ 140.880000000000109, 40.51 ] } },
{ "type": "Feature", "properties": { "gid": 217, "nazwa": "Nishinoshima", "ostatnia_erupcja": "2017", "kraj": "Japonia", "typ": "kaldera", "rodzaj_erupcji": "erupcja zaobserwowana", "materiał": "andezyt / andezyt bazaltowy", "tektonika": "strefa subdukcji / grubość skorupy nieznana", "legenda": "Wulkan", "źródło": "Global Volcanism Program, 2013. Volcanoes of the World, v. 4.11.0. Venzke, E (ed.). Smithsonian Institution. Downloaded 20 Jun 2022. https://doi.org/10.5479/si.GVP.VOTW4-2013" }, "geometry": { "type": "Point", "coordinates": [ 140.874, 27.247 ] } },
{ "type": "Feature", "properties": { "gid": 221, "nazwa": "Ioto", "ostatnia_erupcja": "2012", "kraj": "Japonia", "typ": "kaldera", "rodzaj_erupcji": "erupcja zaobserwowana", "materiał": "trachyandezyt / bazaltowy trachyandezyt", "tektonika": "strefa subdukcji / grubość skorupy nieznana", "legenda": "Wulkan", "źródło": "Global Volcanism Program, 2013. Volcanoes of the World, v. 4.11.0. Venzke, E (ed.). Smithsonian Institution. Downloaded 20 Jun 2022. https://doi.org/10.5479/si.GVP.VOTW4-2013" }, "geometry": { "type": "Point", "coordinates": [ 141.289000000000101, 24.751 ] } },
{ "type": "Feature", "properties": { "gid": 961, "nazwa": "Crater Lake", "ostatnia_erupcja": "2850 p.n.e.", "kraj": "Stany Zjednoczone", "typ": "kaldera", "rodzaj_erupcji": "erupcja datowana", "materiał": "dacyt", "tektonika": "strefa subdukcji / skorupa kontynentalna (>25 km)", "legenda": "Wulkan", "źródło": "Global Volcanism Program, 2013. Volcanoes of the World, v. 4.11.0. Venzke, E (ed.). Smithsonian Institution. Downloaded 20 Jun 2022. https://doi.org/10.5479/si.GVP.VOTW4-2013" }, "geometry": { "type": "Point", "coordinates": [ -122.12, 42.93 ] } },
{ "type": "Feature", "properties": { "gid": 621, "nazwa": "Lolobau", "ostatnia_erupcja": "1912", "kraj": "Papua - Nowa Gwinea", "typ": "kaldera", "rodzaj_erupcji": "erupcja zaobserwowana", "materiał": "bazalt / pikryt", "tektonika": "strefa subdukcji / skorupa kontynentalna (>25 km)", "legenda": "Wulkan", "źródło": "Global Volcanism Program, 2013. Volcanoes of the World, v. 4.11.0. Venzke, E (ed.). Smithsonian Institution. Downloaded 20 Jun 2022. https://doi.org/10.5479/si.GVP.VOTW4-2013" }, "geometry": { "type": "Point", "coordinates": [ 151.158, -4.92 ] } },
{ "type": "Feature", "properties": { "gid": 312, "nazwa": "Kurile Lake", "ostatnia_erupcja": "6440 p.n.e.", "kraj": "Rosja", "typ": "kaldera", "rodzaj_erupcji": "erupcja datowana", "materiał": "dacyt", "tektonika": "strefa subdukcji / skorupa kontynentalna (>25 km)", "legenda": "Wulkan", "źródło": "Global Volcanism Program, 2013. Volcanoes of the World, v. 4.11.0. Venzke, E (ed.). Smithsonian Institution. Downloaded 20 Jun 2022. https://doi.org/10.5479/si.GVP.VOTW4-2013" }, "geometry": { "type": "Point", "coordinates": [ 157.120000000000118, 51.45 ] } },
{ "type": "Feature", "properties": { "gid": 258, "nazwa": "Shikotsu", "ostatnia_erupcja": "1979", "kraj": "Japonia", "typ": "kaldera", "rodzaj_erupcji": "erupcja zaobserwowana", "materiał": "andezyt / andezyt bazaltowy", "tektonika": "strefa subdukcji / skorupa kontynentalna (>25 km)", "legenda": "Wulkan", "źródło": "Global Volcanism Program, 2013. Volcanoes of the World, v. 4.11.0. Venzke, E (ed.). Smithsonian Institution. Downloaded 20 Jun 2022. https://doi.org/10.5479/si.GVP.VOTW4-2013" }, "geometry": { "type": "Point", "coordinates": [ 141.380000000000109, 42.688 ] } },
{ "type": "Feature", "properties": { "gid": 979, "nazwa": "Yellowstone", "ostatnia_erupcja": "1350 p.n.e.", "kraj": "Stany Zjednoczone", "typ": "kaldera", "rodzaj_erupcji": "erupcja datowana", "materiał": "ryolit", "tektonika": "strefa ryftowa / skorupa kontynentalna (>25 km)", "legenda": "Wulkan", "źródło": "Global Volcanism Program, 2013. Volcanoes of the World, v. 4.11.0. Venzke, E (ed.). Smithsonian Institution. Downloaded 20 Jun 2022. https://doi.org/10.5479/si.GVP.VOTW4-2013" }, "geometry": { "type": "Point", "coordinates": [ -110.67, 44.43 ] } },
{ "type": "Feature", "properties": { "gid": 263, "nazwa": "Akan", "ostatnia_erupcja": "2008", "kraj": "Japonia", "typ": "kaldera", "rodzaj_erupcji": "erupcja zaobserwowana", "materiał": "andezyt / andezyt bazaltowy", "tektonika": "strefa subdukcji / skorupa kontynentalna (>25 km)", "legenda": "Wulkan", "źródło": "Global Volcanism Program, 2013. Volcanoes of the World, v. 4.11.0. Venzke, E (ed.). Smithsonian Institution. Downloaded 20 Jun 2022. https://doi.org/10.5479/si.GVP.VOTW4-2013" }, "geometry": { "type": "Point", "coordinates": [ 144.013, 43.384 ] } },
{ "type": "Feature", "properties": { "gid": 264, "nazwa": "Kussharo", "ostatnia_erupcja": "1320", "kraj": "Japonia", "typ": "kaldera", "rodzaj_erupcji": "erupcja datowana", "materiał": "dacyt", "tektonika": "strefa subdukcji / skorupa kontynentalna (>25 km)", "legenda": "Wulkan", "źródło": "Global Volcanism Program, 2013. Volcanoes of the World, v. 4.11.0. Venzke, E (ed.). Smithsonian Institution. Downloaded 20 Jun 2022. https://doi.org/10.5479/si.GVP.VOTW4-2013" }, "geometry": { "type": "Point", "coordinates": [ 144.427, 43.615 ] } },
{ "type": "Feature", "properties": { "gid": 265, "nazwa": "Mashu", "ostatnia_erupcja": "1080", "kraj": "Japonia", "typ": "kaldera", "rodzaj_erupcji": "erupcja datowana", "materiał": "andezyt / andezyt bazaltowy", "tektonika": "strefa subdukcji / skorupa kontynentalna (>25 km)", "legenda": "Wulkan", "źródło": "Global Volcanism Program, 2013. Volcanoes of the World, v. 4.11.0. Venzke, E (ed.). Smithsonian Institution. Downloaded 20 Jun 2022. https://doi.org/10.5479/si.GVP.VOTW4-2013" }, "geometry": { "type": "Point", "coordinates": [ 144.561, 43.572 ] } },
{ "type": "Feature", "properties": { "gid": 269, "nazwa": "Tomariyama [Golovnin]", "ostatnia_erupcja": "1848", "kraj": "Japonia", "typ": "kaldera", "rodzaj_erupcji": "erupcja zaobserwowana", "materiał": "andezyt / andezyt bazaltowy", "tektonika": "strefa subdukcji / skorupa oceaniczna (< 15 km)", "legenda": "Wulkan", "źródło": "Global Volcanism Program, 2013. Volcanoes of the World, v. 4.11.0. Venzke, E (ed.). Smithsonian Institution. Downloaded 20 Jun 2022. https://doi.org/10.5479/si.GVP.VOTW4-2013" }, "geometry": { "type": "Point", "coordinates": [ 145.504, 43.844 ] } },
{ "type": "Feature", "properties": { "gid": 616, "nazwa": "Witori", "ostatnia_erupcja": "2012", "kraj": "Papua - Nowa Gwinea", "typ": "kaldera", "rodzaj_erupcji": "erupcja zaobserwowana", "materiał": "dacyt", "tektonika": "strefa subdukcji / skorupa kontynentalna (>25 km)", "legenda": "Wulkan", "źródło": "Global Volcanism Program, 2013. Volcanoes of the World, v. 4.11.0. Venzke, E (ed.). Smithsonian Institution. Downloaded 20 Jun 2022. https://doi.org/10.5479/si.GVP.VOTW4-2013" }, "geometry": { "type": "Point", "coordinates": [ 150.516, -5.576 ] } },
{ "type": "Feature", "properties": { "gid": 1018, "nazwa": "Qualibou", "ostatnia_erupcja": "1766", "kraj": "Saint Lucia", "typ": "kaldera", "rodzaj_erupcji": "erupcja zaobserwowana", "materiał": "andezyt / andezyt bazaltowy", "tektonika": "strefa subdukcji / skorupa oceaniczna (< 15 km)", "legenda": "Wulkan", "źródło": "Global Volcanism Program, 2013. Volcanoes of the World, v. 4.11.0. Venzke, E (ed.). Smithsonian Institution. Downloaded 20 Jun 2022. https://doi.org/10.5479/si.GVP.VOTW4-2013" }, "geometry": { "type": "Point", "coordinates": [ -61.05, 13.83 ] } },
{ "type": "Feature", "properties": { "gid": 289, "nazwa": "Chirpoi", "ostatnia_erupcja": "2016", "kraj": "Rosja", "typ": "kaldera", "rodzaj_erupcji": "erupcja zaobserwowana", "materiał": "andezyt / andezyt bazaltowy", "tektonika": "strefa subdukcji / skorupa oceaniczna (< 15 km)", "legenda": "Wulkan", "źródło": "Global Volcanism Program, 2013. Volcanoes of the World, v. 4.11.0. Venzke, E (ed.). Smithsonian Institution. Downloaded 20 Jun 2022. https://doi.org/10.5479/si.GVP.VOTW4-2013" }, "geometry": { "type": "Point", "coordinates": [ 150.871, 46.532 ] } },
{ "type": "Feature", "properties": { "gid": 292, "nazwa": "Zavaritzki Caldera", "ostatnia_erupcja": "1957", "kraj": "Rosja", "typ": "kaldera", "rodzaj_erupcji": "erupcja zaobserwowana", "materiał": "andezyt / andezyt bazaltowy", "tektonika": "strefa subdukcji / skorupa oceaniczna (< 15 km)", "legenda": "Wulkan", "źródło": "Global Volcanism Program, 2013. Volcanoes of the World, v. 4.11.0. Venzke, E (ed.). Smithsonian Institution. Downloaded 20 Jun 2022. https://doi.org/10.5479/si.GVP.VOTW4-2013" }, "geometry": { "type": "Point", "coordinates": [ 151.95, 46.925 ] } },
{ "type": "Feature", "properties": { "gid": 296, "nazwa": "Ushishur", "ostatnia_erupcja": "1884", "kraj": "Rosja", "typ": "kaldera", "rodzaj_erupcji": "erupcja zaobserwowana", "materiał": "andezyt / andezyt bazaltowy", "tektonika": "strefa subdukcji / skorupa oceaniczna (< 15 km)", "legenda": "Wulkan", "źródło": "Global Volcanism Program, 2013. Volcanoes of the World, v. 4.11.0. Venzke, E (ed.). Smithsonian Institution. Downloaded 20 Jun 2022. https://doi.org/10.5479/si.GVP.VOTW4-2013" }, "geometry": { "type": "Point", "coordinates": [ 152.8, 47.52 ] } },
{ "type": "Feature", "properties": { "gid": 1041, "nazwa": "Grimsvotn", "ostatnia_erupcja": "2011", "kraj": "Islandia", "typ": "kaldera", "rodzaj_erupcji": "erupcja zaobserwowana", "materiał": "bazalt / pikryt", "tektonika": "strefa ryftowa / skorupa oceaniczna (< 15 km)", "legenda": "Wulkan", "źródło": "Global Volcanism Program, 2013. Volcanoes of the World, v. 4.11.0. Venzke, E (ed.). Smithsonian Institution. Downloaded 20 Jun 2022. https://doi.org/10.5479/si.GVP.VOTW4-2013" }, "geometry": { "type": "Point", "coordinates": [ -17.316, 64.416 ] } },
{ "type": "Feature", "properties": { "gid": 1047, "nazwa": "Krafla", "ostatnia_erupcja": "1984", "kraj": "Islandia", "typ": "kaldera", "rodzaj_erupcji": "erupcja zaobserwowana", "materiał": "bazalt / pikryt", "tektonika": "strefa ryftowa / skorupa oceaniczna (< 15 km)", "legenda": "Wulkan", "źródło": "Global Volcanism Program, 2013. Volcanoes of the World, v. 4.11.0. Venzke, E (ed.). Smithsonian Institution. Downloaded 20 Jun 2022. https://doi.org/10.5479/si.GVP.VOTW4-2013" }, "geometry": { "type": "Point", "coordinates": [ -16.728, 65.715 ] } },
{ "type": "Feature", "properties": { "gid": 306, "nazwa": "Nemo Peak", "ostatnia_erupcja": "1938", "kraj": "Rosja", "typ": "kaldera", "rodzaj_erupcji": "erupcja zaobserwowana", "materiał": "andezyt / andezyt bazaltowy", "tektonika": "strefa subdukcji / skorupa oceaniczna (< 15 km)", "legenda": "Wulkan", "źródło": "Global Volcanism Program, 2013. Volcanoes of the World, v. 4.11.0. Venzke, E (ed.). Smithsonian Institution. Downloaded 20 Jun 2022. https://doi.org/10.5479/si.GVP.VOTW4-2013" }, "geometry": { "type": "Point", "coordinates": [ 154.808000000000106, 49.57 ] } },
{ "type": "Feature", "properties": { "gid": 349, "nazwa": "Ngozi", "ostatnia_erupcja": "1450", "kraj": "Tanzania", "typ": "kaldera", "rodzaj_erupcji": "erupcja datowana", "materiał": "trachit", "tektonika": "strefa ryftowa / skorupa kontynentalna (>25 km)", "legenda": "Wulkan", "źródło": "Global Volcanism Program, 2013. Volcanoes of the World, v. 4.11.0. Venzke, E (ed.). Smithsonian Institution. Downloaded 20 Jun 2022. https://doi.org/10.5479/si.GVP.VOTW4-2013" }, "geometry": { "type": "Point", "coordinates": [ 33.554, -8.989 ] } },
{ "type": "Feature", "properties": { "gid": 1100, "nazwa": "Deception Island", "ostatnia_erupcja": "1970", "kraj": "Antarktyda", "typ": "kaldera", "rodzaj_erupcji": "erupcja zaobserwowana", "materiał": "bazalt / pikryt", "tektonika": "strefa subdukcji / skorupa kontynentalna (>25 km)", "legenda": "Wulkan", "źródło": "Global Volcanism Program, 2013. Volcanoes of the World, v. 4.11.0. Venzke, E (ed.). Smithsonian Institution. Downloaded 20 Jun 2022. https://doi.org/10.5479/si.GVP.VOTW4-2013" }, "geometry": { "type": "Point", "coordinates": [ -60.652, -63.001 ] } },
{ "type": "Feature", "properties": { "gid": 1120, "nazwa": "Masaya", "ostatnia_erupcja": "2018", "kraj": "Nikaragua", "typ": "kaldera", "rodzaj_erupcji": "erupcja zaobserwowana", "materiał": "bazalt / pikryt", "tektonika": "strefa subdukcji / skorupa kontynentalna (>25 km)", "legenda": "Wulkan", "źródło": "Global Volcanism Program, 2013. Volcanoes of the World, v. 4.11.0. Venzke, E (ed.). Smithsonian Institution. Downloaded 20 Jun 2022. https://doi.org/10.5479/si.GVP.VOTW4-2013" }, "geometry": { "type": "Point", "coordinates": [ -86.161, 11.984 ] } },
{ "type": "Feature", "properties": { "gid": 1158, "nazwa": "Cuicocha", "ostatnia_erupcja": "650", "kraj": "Ekwador", "typ": "kaldera", "rodzaj_erupcji": "erupcja datowana", "materiał": "dacyt", "tektonika": "strefa subdukcji / skorupa kontynentalna (>25 km)", "legenda": "Wulkan", "źródło": "Global Volcanism Program, 2013. Volcanoes of the World, v. 4.11.0. Venzke, E (ed.). Smithsonian Institution. Downloaded 20 Jun 2022. https://doi.org/10.5479/si.GVP.VOTW4-2013" }, "geometry": { "type": "Point", "coordinates": [ -78.364, 0.308 ] } },
{ "type": "Feature", "properties": { "gid": 1163, "nazwa": "Pululahua", "ostatnia_erupcja": "290", "kraj": "Ekwador", "typ": "kaldera", "rodzaj_erupcji": "erupcja datowana", "materiał": "dacyt", "tektonika": "strefa subdukcji / skorupa kontynentalna (>25 km)", "legenda": "Wulkan", "źródło": "Global Volcanism Program, 2013. Volcanoes of the World, v. 4.11.0. Venzke, E (ed.). Smithsonian Institution. Downloaded 20 Jun 2022. https://doi.org/10.5479/si.GVP.VOTW4-2013" }, "geometry": { "type": "Point", "coordinates": [ -78.463, 0.038 ] } },
{ "type": "Feature", "properties": { "gid": 1166, "nazwa": "Chacana", "ostatnia_erupcja": "1773", "kraj": "Ekwador", "typ": "kaldera", "rodzaj_erupcji": "erupcja zaobserwowana", "materiał": "ryolit", "tektonika": "strefa subdukcji / skorupa kontynentalna (>25 km)", "legenda": "Wulkan", "źródło": "Global Volcanism Program, 2013. Volcanoes of the World, v. 4.11.0. Venzke, E (ed.). Smithsonian Institution. Downloaded 20 Jun 2022. https://doi.org/10.5479/si.GVP.VOTW4-2013" }, "geometry": { "type": "Point", "coordinates": [ -78.25, -0.375 ] } },
{ "type": "Feature", "properties": { "gid": 1172, "nazwa": "Quilotoa", "ostatnia_erupcja": "1280", "kraj": "Ekwador", "typ": "kaldera", "rodzaj_erupcji": "erupcja datowana", "materiał": "dacyt", "tektonika": "strefa subdukcji / skorupa kontynentalna (>25 km)", "legenda": "Wulkan", "źródło": "Global Volcanism Program, 2013. Volcanoes of the World, v. 4.11.0. Venzke, E (ed.). Smithsonian Institution. Downloaded 20 Jun 2022. https://doi.org/10.5479/si.GVP.VOTW4-2013" }, "geometry": { "type": "Point", "coordinates": [ -78.9, -0.85 ] } },
{ "type": "Feature", "properties": { "gid": 508, "nazwa": "Aniakchak", "ostatnia_erupcja": "1931", "kraj": "Stany Zjednoczone", "typ": "kaldera", "rodzaj_erupcji": "erupcja zaobserwowana", "materiał": "andezyt / andezyt bazaltowy", "tektonika": "strefa subdukcji / skorupa kontynentalna (>25 km)", "legenda": "Wulkan", "źródło": "Global Volcanism Program, 2013. Volcanoes of the World, v. 4.11.0. Venzke, E (ed.). Smithsonian Institution. Downloaded 20 Jun 2022. https://doi.org/10.5479/si.GVP.VOTW4-2013" }, "geometry": { "type": "Point", "coordinates": [ -158.17, 56.88 ] } },
{ "type": "Feature", "properties": { "gid": 1265, "nazwa": "Zitacuaro-Valle de Bravo", "ostatnia_erupcja": "3050 p.n.e.", "kraj": "Meksyk", "typ": "kaldera", "rodzaj_erupcji": "erupcja datowana", "materiał": "dacyt", "tektonika": "strefa subdukcji / skorupa kontynentalna (>25 km)", "legenda": "Wulkan", "źródło": "Global Volcanism Program, 2013. Volcanoes of the World, v. 4.11.0. Venzke, E (ed.). Smithsonian Institution. Downloaded 20 Jun 2022. https://doi.org/10.5479/si.GVP.VOTW4-2013" }, "geometry": { "type": "Point", "coordinates": [ -100.25, 19.4 ] } },
{ "type": "Feature", "properties": { "gid": 623, "nazwa": "Tavui", "ostatnia_erupcja": "4946 p.n.e.", "kraj": "Papua - Nowa Gwinea", "typ": "kaldera", "rodzaj_erupcji": "erupcja datowana", "materiał": "ryolit", "tektonika": "strefa subdukcji / skorupa kontynentalna (>25 km)", "legenda": "Wulkan", "źródło": "Global Volcanism Program, 2013. Volcanoes of the World, v. 4.11.0. Venzke, E (ed.). Smithsonian Institution. Downloaded 20 Jun 2022. https://doi.org/10.5479/si.GVP.VOTW4-2013" }, "geometry": { "type": "Point", "coordinates": [ 152.2, -4.12 ] } },
{ "type": "Feature", "properties": { "gid": 519, "nazwa": "Novarupta", "ostatnia_erupcja": "1912", "kraj": "Stany Zjednoczone", "typ": "kaldera", "rodzaj_erupcji": "erupcja zaobserwowana", "materiał": "ryolit", "tektonika": "strefa subdukcji / skorupa kontynentalna (>25 km)", "legenda": "Wulkan", "źródło": "Global Volcanism Program, 2013. Volcanoes of the World, v. 4.11.0. Venzke, E (ed.). Smithsonian Institution. Downloaded 20 Jun 2022. https://doi.org/10.5479/si.GVP.VOTW4-2013" }, "geometry": { "type": "Point", "coordinates": [ -155.157, 58.27 ] } },
{ "type": "Feature", "properties": { "gid": 542, "nazwa": "Reporoa", "ostatnia_erupcja": "1180", "kraj": "Nowa Zelandia", "typ": "kaldera", "rodzaj_erupcji": "erupcja datowana", "materiał": "ryolit", "tektonika": "strefa subdukcji / skorupa kontynentalna (>25 km)", "legenda": "Wulkan", "źródło": "Global Volcanism Program, 2013. Volcanoes of the World, v. 4.11.0. Venzke, E (ed.). Smithsonian Institution. Downloaded 20 Jun 2022. https://doi.org/10.5479/si.GVP.VOTW4-2013" }, "geometry": { "type": "Point", "coordinates": [ 176.33, -38.42 ] } },
{ "type": "Feature", "properties": { "gid": 1315, "nazwa": "Ilopango", "ostatnia_erupcja": "1880", "kraj": "Salwador", "typ": "kaldera", "rodzaj_erupcji": "erupcja zaobserwowana", "materiał": "dacyt", "tektonika": "strefa subdukcji / skorupa kontynentalna (>25 km)", "legenda": "Wulkan", "źródło": "Global Volcanism Program, 2013. Volcanoes of the World, v. 4.11.0. Venzke, E (ed.). Smithsonian Institution. Downloaded 20 Jun 2022. https://doi.org/10.5479/si.GVP.VOTW4-2013" }, "geometry": { "type": "Point", "coordinates": [ -89.053, 13.672 ] } },
{ "type": "Feature", "properties": { "gid": 559, "nazwa": "Macauley", "ostatnia_erupcja": "4360 p.n.e.", "kraj": "Nowa Zelandia", "typ": "kaldera", "rodzaj_erupcji": "erupcja datowana", "materiał": "bazalt / pikryt", "tektonika": "strefa subdukcji / skorupa oceaniczna (< 15 km)", "legenda": "Wulkan", "źródło": "Global Volcanism Program, 2013. Volcanoes of the World, v. 4.11.0. Venzke, E (ed.). Smithsonian Institution. Downloaded 20 Jun 2022. https://doi.org/10.5479/si.GVP.VOTW4-2013" }, "geometry": { "type": "Point", "coordinates": [ -178.475, -30.21 ] } },
{ "type": "Feature", "properties": { "gid": 611, "nazwa": "Dakataua", "ostatnia_erupcja": "1895", "kraj": "Papua - Nowa Gwinea", "typ": "kaldera", "rodzaj_erupcji": "erupcja datowana", "materiał": "andezyt / andezyt bazaltowy", "tektonika": "strefa subdukcji / skorupa kontynentalna (>25 km)", "legenda": "Wulkan", "źródło": "Global Volcanism Program, 2013. Volcanoes of the World, v. 4.11.0. Venzke, E (ed.). Smithsonian Institution. Downloaded 20 Jun 2022. https://doi.org/10.5479/si.GVP.VOTW4-2013" }, "geometry": { "type": "Point", "coordinates": [ 150.094, -5.094 ] } },
{ "type": "Feature", "properties": { "gid": 629, "nazwa": "Gorely", "ostatnia_erupcja": "2010", "kraj": "Rosja", "typ": "kaldera", "rodzaj_erupcji": "erupcja zaobserwowana", "materiał": "bazalt / pikryt", "tektonika": "strefa subdukcji / skorupa kontynentalna (>25 km)", "legenda": "Wulkan", "źródło": "Global Volcanism Program, 2013. Volcanoes of the World, v. 4.11.0. Venzke, E (ed.). Smithsonian Institution. Downloaded 20 Jun 2022. https://doi.org/10.5479/si.GVP.VOTW4-2013" }, "geometry": { "type": "Point", "coordinates": [ 158.03, 52.559 ] } },
{ "type": "Feature", "properties": { "gid": 631, "nazwa": "Opala", "ostatnia_erupcja": "1776", "kraj": "Rosja", "typ": "kaldera", "rodzaj_erupcji": "erupcja zaobserwowana", "materiał": "bazalt / pikryt", "tektonika": "strefa subdukcji / skorupa kontynentalna (>25 km)", "legenda": "Wulkan", "źródło": "Global Volcanism Program, 2013. Volcanoes of the World, v. 4.11.0. Venzke, E (ed.). Smithsonian Institution. Downloaded 20 Jun 2022. https://doi.org/10.5479/si.GVP.VOTW4-2013" }, "geometry": { "type": "Point", "coordinates": [ 157.339, 52.543 ] } },
{ "type": "Feature", "properties": { "gid": 641, "nazwa": "Batur", "ostatnia_erupcja": "2000", "kraj": "Indonezja", "typ": "kaldera", "rodzaj_erupcji": "erupcja zaobserwowana", "materiał": "andezyt / andezyt bazaltowy", "tektonika": "strefa subdukcji / skorupa kontynentalna (>25 km)", "legenda": "Wulkan", "źródło": "Global Volcanism Program, 2013. Volcanoes of the World, v. 4.11.0. Venzke, E (ed.). Smithsonian Institution. Downloaded 20 Jun 2022. https://doi.org/10.5479/si.GVP.VOTW4-2013" }, "geometry": { "type": "Point", "coordinates": [ 115.375000000000114, -8.242 ] } },
{ "type": "Feature", "properties": { "gid": 1356, "nazwa": "Blanco, Cerro", "ostatnia_erupcja": "2300 p.n.e.", "kraj": "Argentyna", "typ": "kaldera", "rodzaj_erupcji": "erupcja datowana", "materiał": "ryolit", "tektonika": "strefa subdukcji / skorupa kontynentalna (>25 km)", "legenda": "Wulkan", "źródło": "Global Volcanism Program, 2013. Volcanoes of the World, v. 4.11.0. Venzke, E (ed.). Smithsonian Institution. Downloaded 20 Jun 2022. https://doi.org/10.5479/si.GVP.VOTW4-2013" }, "geometry": { "type": "Point", "coordinates": [ -67.765, -26.789 ] } },
{ "type": "Feature", "properties": { "gid": 646, "nazwa": "Sano, Wai", "ostatnia_erupcja": "brak danych", "kraj": "Indonezja", "typ": "kaldera", "rodzaj_erupcji": "nieznana data wybuchu", "materiał": "dacyt", "tektonika": "strefa subdukcji / skorupa kontynentalna (>25 km)", "legenda": "Wulkan", "źródło": "Global Volcanism Program, 2013. Volcanoes of the World, v. 4.11.0. Venzke, E (ed.). Smithsonian Institution. Downloaded 20 Jun 2022. https://doi.org/10.5479/si.GVP.VOTW4-2013" }, "geometry": { "type": "Point", "coordinates": [ 120.02, -8.72 ] } },
{ "type": "Feature", "properties": { "gid": 1361, "nazwa": "Maipo", "ostatnia_erupcja": "1912", "kraj": "Chile - Argentyna", "typ": "kaldera", "rodzaj_erupcji": "erupcja zaobserwowana", "materiał": "trachyandezyt / bazaltowy trachyandezyt", "tektonika": "strefa subdukcji / skorupa kontynentalna (>25 km)", "legenda": "Wulkan", "źródło": "Global Volcanism Program, 2013. Volcanoes of the World, v. 4.11.0. Venzke, E (ed.). Smithsonian Institution. Downloaded 20 Jun 2022. https://doi.org/10.5479/si.GVP.VOTW4-2013" }, "geometry": { "type": "Point", "coordinates": [ -69.832, -34.164 ] } },
{ "type": "Feature", "properties": { "gid": 1371, "nazwa": "Maule, Laguna del", "ostatnia_erupcja": "50 p.n.e.", "kraj": "Chile", "typ": "kaldera", "rodzaj_erupcji": "erupcja datowana", "materiał": "andezyt / andezyt bazaltowy", "tektonika": "strefa subdukcji / skorupa kontynentalna (>25 km)", "legenda": "Wulkan", "źródło": "Global Volcanism Program, 2013. Volcanoes of the World, v. 4.11.0. Venzke, E (ed.). Smithsonian Institution. Downloaded 20 Jun 2022. https://doi.org/10.5479/si.GVP.VOTW4-2013" }, "geometry": { "type": "Point", "coordinates": [ -70.492, -36.058 ] } },
{ "type": "Feature", "properties": { "gid": 1390, "nazwa": "Sollipulli", "ostatnia_erupcja": "1240", "kraj": "Chile", "typ": "kaldera", "rodzaj_erupcji": "erupcja datowana", "materiał": "andezyt / andezyt bazaltowy", "tektonika": "strefa subdukcji / skorupa kontynentalna (>25 km)", "legenda": "Wulkan", "źródło": "Global Volcanism Program, 2013. Volcanoes of the World, v. 4.11.0. Venzke, E (ed.). Smithsonian Institution. Downloaded 20 Jun 2022. https://doi.org/10.5479/si.GVP.VOTW4-2013" }, "geometry": { "type": "Point", "coordinates": [ -71.52, -38.97 ] } },
{ "type": "Feature", "properties": { "gid": 1412, "nazwa": "Chaiten", "ostatnia_erupcja": "2011", "kraj": "Chile", "typ": "kaldera", "rodzaj_erupcji": "erupcja zaobserwowana", "materiał": "ryolit", "tektonika": "strefa subdukcji / skorupa kontynentalna (>25 km)", "legenda": "Wulkan", "źródło": "Global Volcanism Program, 2013. Volcanoes of the World, v. 4.11.0. Venzke, E (ed.). Smithsonian Institution. Downloaded 20 Jun 2022. https://doi.org/10.5479/si.GVP.VOTW4-2013" }, "geometry": { "type": "Point", "coordinates": [ -72.646, -42.833 ] } },
{ "type": "Feature", "properties": { "gid": 29, "nazwa": "Acigol-Nevsehir", "ostatnia_erupcja": "2080 p.n.e.", "kraj": "Turcja", "typ": "kaldera", "rodzaj_erupcji": "erupcja datowana", "materiał": "ryolit", "tektonika": "strefa subdukcji / skorupa kontynentalna (>25 km)", "legenda": "Wulkan", "źródło": "Global Volcanism Program, 2013. Volcanoes of the World, v. 4.11.0. Venzke, E (ed.). Smithsonian Institution. Downloaded 20 Jun 2022. https://doi.org/10.5479/si.GVP.VOTW4-2013" }, "geometry": { "type": "Point", "coordinates": [ 34.621, 38.537 ] } },
{ "type": "Feature", "properties": { "gid": 749, "nazwa": "Maly Semyachik", "ostatnia_erupcja": "1952", "kraj": "Rosja", "typ": "kaldera", "rodzaj_erupcji": "erupcja zaobserwowana", "materiał": "bazalt / pikryt", "tektonika": "strefa subdukcji / skorupa kontynentalna (>25 km)", "legenda": "Wulkan", "źródło": "Global Volcanism Program, 2013. Volcanoes of the World, v. 4.11.0. Venzke, E (ed.). Smithsonian Institution. Downloaded 20 Jun 2022. https://doi.org/10.5479/si.GVP.VOTW4-2013" }, "geometry": { "type": "Point", "coordinates": [ 159.674, 54.135 ] } },
{ "type": "Feature", "properties": { "gid": 752, "nazwa": "Uzon", "ostatnia_erupcja": "200", "kraj": "Rosja", "typ": "kaldera", "rodzaj_erupcji": "erupcja datowana", "materiał": "andezyt / andezyt bazaltowy", "tektonika": "strefa subdukcji / skorupa kontynentalna (>25 km)", "legenda": "Wulkan", "źródło": "Global Volcanism Program, 2013. Volcanoes of the World, v. 4.11.0. Venzke, E (ed.). Smithsonian Institution. Downloaded 20 Jun 2022. https://doi.org/10.5479/si.GVP.VOTW4-2013" }, "geometry": { "type": "Point", "coordinates": [ 159.97, 54.5 ] } },
{ "type": "Feature", "properties": { "gid": 754, "nazwa": "Krasheninnikov", "ostatnia_erupcja": "1550", "kraj": "Rosja", "typ": "kaldera", "rodzaj_erupcji": "erupcja datowana", "materiał": "bazalt / pikryt", "tektonika": "strefa subdukcji / skorupa kontynentalna (>25 km)", "legenda": "Wulkan", "źródło": "Global Volcanism Program, 2013. Volcanoes of the World, v. 4.11.0. Venzke, E (ed.). Smithsonian Institution. Downloaded 20 Jun 2022. https://doi.org/10.5479/si.GVP.VOTW4-2013" }, "geometry": { "type": "Point", "coordinates": [ 160.27, 54.596 ] } },
{ "type": "Feature", "properties": { "gid": 583, "nazwa": "Niuatahi", "ostatnia_erupcja": "brak danych", "kraj": "Tonga", "typ": "kaldera", "rodzaj_erupcji": "holocen", "materiał": "-", "tektonika": "strefa subdukcji / skorupa oceaniczna (< 15 km)", "legenda": "Wulkan", "źródło": "Global Volcanism Program, 2013. Volcanoes of the World, v. 4.11.0. Venzke, E (ed.). Smithsonian Institution. Downloaded 20 Jun 2022. https://doi.org/10.5479/si.GVP.VOTW4-2013" }, "geometry": { "type": "Point", "coordinates": [ -174.003, -15.379 ] } },
{ "type": "Feature", "properties": { "gid": 544, "nazwa": "Maroa", "ostatnia_erupcja": "180", "kraj": "Nowa Zelandia", "typ": "kaldera", "rodzaj_erupcji": "erupcja datowana", "materiał": "ryolit", "tektonika": "strefa subdukcji / skorupa kontynentalna (>25 km)", "legenda": "Wulkan", "źródło": "Global Volcanism Program, 2013. Volcanoes of the World, v. 4.11.0. Venzke, E (ed.). Smithsonian Institution. Downloaded 20 Jun 2022. https://doi.org/10.5479/si.GVP.VOTW4-2013" }, "geometry": { "type": "Point", "coordinates": [ 176.08, -38.42 ] } },
{ "type": "Feature", "properties": { "gid": 317, "nazwa": "Hobicha Caldera", "ostatnia_erupcja": "brak danych", "kraj": "Etiopia", "typ": "kaldera", "rodzaj_erupcji": "brak dowodów na wybuch", "materiał": "bazalt / pikryt", "tektonika": "strefa subdukcji / skorupa kontynentalna (>25 km)", "legenda": "Wulkan", "źródło": "Global Volcanism Program, 2013. Volcanoes of the World, v. 4.11.0. Venzke, E (ed.). Smithsonian Institution. Downloaded 20 Jun 2022. https://doi.org/10.5479/si.GVP.VOTW4-2013" }, "geometry": { "type": "Point", "coordinates": [ 37.83, 6.78 ] } },
{ "type": "Feature", "properties": { "gid": 7, "nazwa": "Colli Albani", "ostatnia_erupcja": "brak danych", "kraj": "Włochy", "typ": "kaldera", "rodzaj_erupcji": "brak dowodów na wybuch", "materiał": "foidyt", "tektonika": "strefa subdukcji / skorupa kontynentalna (>25 km)", "legenda": "Wulkan", "źródło": "Global Volcanism Program, 2013. Volcanoes of the World, v. 4.11.0. Venzke, E (ed.). Smithsonian Institution. Downloaded 20 Jun 2022. https://doi.org/10.5479/si.GVP.VOTW4-2013" }, "geometry": { "type": "Point", "coordinates": [ 12.7, 41.73 ] } },
{ "type": "Feature", "properties": { "gid": 868, "nazwa": "Ranau", "ostatnia_erupcja": "brak danych", "kraj": "Indonezja", "typ": "kaldera", "rodzaj_erupcji": "brak dowodów na wybuch", "materiał": "dacyt", "tektonika": "strefa subdukcji / skorupa kontynentalna (>25 km)", "legenda": "Wulkan", "źródło": "Global Volcanism Program, 2013. Volcanoes of the World, v. 4.11.0. Venzke, E (ed.). Smithsonian Institution. Downloaded 20 Jun 2022. https://doi.org/10.5479/si.GVP.VOTW4-2013" }, "geometry": { "type": "Point", "coordinates": [ 103.925, -4.871 ] } },
{ "type": "Feature", "properties": { "gid": 851, "nazwa": "Toba", "ostatnia_erupcja": "brak danych", "kraj": "Indonezja", "typ": "kaldera", "rodzaj_erupcji": "nieznana data wybuchu", "materiał": "dacyt", "tektonika": "strefa subdukcji / skorupa kontynentalna (>25 km)", "legenda": "Wulkan", "źródło": "Global Volcanism Program, 2013. Volcanoes of the World, v. 4.11.0. Venzke, E (ed.). Smithsonian Institution. Downloaded 20 Jun 2022. https://doi.org/10.5479/si.GVP.VOTW4-2013" }, "geometry": { "type": "Point", "coordinates": [ 98.83, 2.58 ] } },
{ "type": "Feature", "properties": { "gid": 498, "nazwa": "Emmons Lake", "ostatnia_erupcja": "brak danych", "kraj": "Stany Zjednoczone", "typ": "kaldera", "rodzaj_erupcji": "nieznana data wybuchu", "materiał": "andezyt / andezyt bazaltowy", "tektonika": "strefa subdukcji / skorupa kontynentalna (>25 km)", "legenda": "Wulkan", "źródło": "Global Volcanism Program, 2013. Volcanoes of the World, v. 4.11.0. Venzke, E (ed.). Smithsonian Institution. Downloaded 20 Jun 2022. https://doi.org/10.5479/si.GVP.VOTW4-2013" }, "geometry": { "type": "Point", "coordinates": [ -162.073, 55.341 ] } },
{ "type": "Feature", "properties": { "gid": 101, "nazwa": "Corbetti Caldera", "ostatnia_erupcja": "brak danych", "kraj": "Etiopia", "typ": "kaldera", "rodzaj_erupcji": "nieznana data wybuchu", "materiał": "ryolit", "tektonika": "strefa ryftowa / skorupa kontynentalna (>25 km)", "legenda": "Wulkan", "źródło": "Global Volcanism Program, 2013. Volcanoes of the World, v. 4.11.0. Venzke, E (ed.). Smithsonian Institution. Downloaded 20 Jun 2022. https://doi.org/10.5479/si.GVP.VOTW4-2013" }, "geometry": { "type": "Point", "coordinates": [ 38.43, 7.18 ] } },
{ "type": "Feature", "properties": { "gid": 100, "nazwa": "O'a Caldera", "ostatnia_erupcja": "brak danych", "kraj": "Etiopia", "typ": "kaldera", "rodzaj_erupcji": "nieznana data wybuchu", "materiał": "ryolit", "tektonika": "strefa ryftowa / skorupa kontynentalna (>25 km)", "legenda": "Wulkan", "źródło": "Global Volcanism Program, 2013. Volcanoes of the World, v. 4.11.0. Venzke, E (ed.). Smithsonian Institution. Downloaded 20 Jun 2022. https://doi.org/10.5479/si.GVP.VOTW4-2013" }, "geometry": { "type": "Point", "coordinates": [ 38.58, 7.47 ] } },
{ "type": "Feature", "properties": { "gid": 185, "nazwa": "Hijiori", "ostatnia_erupcja": "brak danych", "kraj": "Japonia", "typ": "kaldera", "rodzaj_erupcji": "nieznana data wybuchu", "materiał": "dacyt", "tektonika": "strefa subdukcji / skorupa kontynentalna (>25 km)", "legenda": "Wulkan", "źródło": "Global Volcanism Program, 2013. Volcanoes of the World, v. 4.11.0. Venzke, E (ed.). Smithsonian Institution. Downloaded 20 Jun 2022. https://doi.org/10.5479/si.GVP.VOTW4-2013" }, "geometry": { "type": "Point", "coordinates": [ 140.162, 38.599 ] } },
{ "type": "Feature", "properties": { "gid": 640, "nazwa": "Buyan-Bratan", "ostatnia_erupcja": "brak danych", "kraj": "Indonezja", "typ": "kaldera", "rodzaj_erupcji": "nieznana data wybuchu", "materiał": "andezyt / andezyt bazaltowy", "tektonika": "strefa subdukcji / skorupa kontynentalna (>25 km)", "legenda": "Wulkan", "źródło": "Global Volcanism Program, 2013. Volcanoes of the World, v. 4.11.0. Venzke, E (ed.). Smithsonian Institution. Downloaded 20 Jun 2022. https://doi.org/10.5479/si.GVP.VOTW4-2013" }, "geometry": { "type": "Point", "coordinates": [ 115.133, -8.283 ] } },
{ "type": "Feature", "properties": { "gid": 692, "nazwa": "Todoko-Ranu", "ostatnia_erupcja": "brak danych", "kraj": "Indonezja", "typ": "kaldera", "rodzaj_erupcji": "nieznana data wybuchu", "materiał": "andezyt / andezyt bazaltowy", "tektonika": "strefa subdukcji / skorupa oceaniczna (< 15 km)", "legenda": "Wulkan", "źródło": "Global Volcanism Program, 2013. Volcanoes of the World, v. 4.11.0. Venzke, E (ed.). Smithsonian Institution. Downloaded 20 Jun 2022. https://doi.org/10.5479/si.GVP.VOTW4-2013" }, "geometry": { "type": "Point", "coordinates": [ 127.47, 1.25 ] } },
{ "type": "Feature", "properties": { "gid": 937, "nazwa": "Silverthrone", "ostatnia_erupcja": "brak danych", "kraj": "Kanada", "typ": "kaldera", "rodzaj_erupcji": "nieznana data wybuchu", "materiał": "andezyt / andezyt bazaltowy", "tektonika": "strefa subdukcji / skorupa kontynentalna (>25 km)", "legenda": "Wulkan", "źródło": "Global Volcanism Program, 2013. Volcanoes of the World, v. 4.11.0. Venzke, E (ed.). Smithsonian Institution. Downloaded 20 Jun 2022. https://doi.org/10.5479/si.GVP.VOTW4-2013" }, "geometry": { "type": "Point", "coordinates": [ -126.3, 51.43 ] } },
{ "type": "Feature", "properties": { "gid": 1311, "nazwa": "Coatepeque Caldera", "ostatnia_erupcja": "brak danych", "kraj": "Salwador", "typ": "kaldera", "rodzaj_erupcji": "nieznana data wybuchu", "materiał": "ryolit", "tektonika": "strefa subdukcji / skorupa kontynentalna (>25 km)", "legenda": "Wulkan", "źródło": "Global Volcanism Program, 2013. Volcanoes of the World, v. 4.11.0. Venzke, E (ed.). Smithsonian Institution. Downloaded 20 Jun 2022. https://doi.org/10.5479/si.GVP.VOTW4-2013" }, "geometry": { "type": "Point", "coordinates": [ -89.55, 13.87 ] } },
{ "type": "Feature", "properties": { "gid": 1363, "nazwa": "Atuel, Caldera del", "ostatnia_erupcja": "brak danych", "kraj": "Argentyna", "typ": "kaldera", "rodzaj_erupcji": "nieznana data wybuchu", "materiał": "andezyt / andezyt bazaltowy", "tektonika": "strefa subdukcji / skorupa kontynentalna (>25 km)", "legenda": "Wulkan", "źródło": "Global Volcanism Program, 2013. Volcanoes of the World, v. 4.11.0. Venzke, E (ed.). Smithsonian Institution. Downloaded 20 Jun 2022. https://doi.org/10.5479/si.GVP.VOTW4-2013" }, "geometry": { "type": "Point", "coordinates": [ -70.05, -34.65 ] } },
{ "type": "Feature", "properties": { "gid": 1368, "nazwa": "Calabozos", "ostatnia_erupcja": "brak danych", "kraj": "Chile", "typ": "kaldera", "rodzaj_erupcji": "nieznana data wybuchu", "materiał": "dacyt", "tektonika": "strefa subdukcji / skorupa kontynentalna (>25 km)", "legenda": "Wulkan", "źródło": "Global Volcanism Program, 2013. Volcanoes of the World, v. 4.11.0. Venzke, E (ed.). Smithsonian Institution. Downloaded 20 Jun 2022. https://doi.org/10.5479/si.GVP.VOTW4-2013" }, "geometry": { "type": "Point", "coordinates": [ -70.496, -35.558 ] } },
{ "type": "Feature", "properties": { "gid": 102, "nazwa": "Laguna Caldera", "ostatnia_erupcja": "brak danych", "kraj": "Filipiny", "typ": "kaldera", "rodzaj_erupcji": "holocen", "materiał": "andezyt / andezyt bazaltowy", "tektonika": "strefa subdukcji / skorupa kontynentalna (>25 km)", "legenda": "Wulkan", "źródło": "Global Volcanism Program, 2013. Volcanoes of the World, v. 4.11.0. Venzke, E (ed.). Smithsonian Institution. Downloaded 20 Jun 2022. https://doi.org/10.5479/si.GVP.VOTW4-2013" }, "geometry": { "type": "Point", "coordinates": [ 121.27, 14.42 ] } },
{ "type": "Feature", "properties": { "gid": 675, "nazwa": "Riendengan-Sempu", "ostatnia_erupcja": "brak danych", "kraj": "Indonezja", "typ": "kaldera", "rodzaj_erupcji": "holocen", "materiał": "-", "tektonika": "strefa subdukcji / skorupa kontynentalna (>25 km)", "legenda": "Wulkan", "źródło": "Global Volcanism Program, 2013. Volcanoes of the World, v. 4.11.0. Venzke, E (ed.). Smithsonian Institution. Downloaded 20 Jun 2022. https://doi.org/10.5479/si.GVP.VOTW4-2013" }, "geometry": { "type": "Point", "coordinates": [ 124.758, 1.13 ] } },
{ "type": "Feature", "properties": { "gid": 676, "nazwa": "Tondano Caldera", "ostatnia_erupcja": "brak danych", "kraj": "Indonezja", "typ": "kaldera", "rodzaj_erupcji": "holocen", "materiał": "andezyt / andezyt bazaltowy", "tektonika": "strefa subdukcji / skorupa kontynentalna (>25 km)", "legenda": "Wulkan", "źródło": "Global Volcanism Program, 2013. Volcanoes of the World, v. 4.11.0. Venzke, E (ed.). Smithsonian Institution. Downloaded 20 Jun 2022. https://doi.org/10.5479/si.GVP.VOTW4-2013" }, "geometry": { "type": "Point", "coordinates": [ 124.83, 1.23 ] } },
{ "type": "Feature", "properties": { "gid": 869, "nazwa": "Sekincau Belirang", "ostatnia_erupcja": "brak danych", "kraj": "Indonezja", "typ": "kaldera", "rodzaj_erupcji": "holocen", "materiał": "andezyt / andezyt bazaltowy", "tektonika": "strefa subdukcji / skorupa kontynentalna (>25 km)", "legenda": "Wulkan", "źródło": "Global Volcanism Program, 2013. Volcanoes of the World, v. 4.11.0. Venzke, E (ed.). Smithsonian Institution. Downloaded 20 Jun 2022. https://doi.org/10.5479/si.GVP.VOTW4-2013" }, "geometry": { "type": "Point", "coordinates": [ 104.317, -5.107 ] } },
{ "type": "Feature", "properties": { "gid": 871, "nazwa": "Hulubelu", "ostatnia_erupcja": "brak danych", "kraj": "Indonezja", "typ": "kaldera", "rodzaj_erupcji": "holocen", "materiał": "andezyt / andezyt bazaltowy", "tektonika": "strefa subdukcji / skorupa kontynentalna (>25 km)", "legenda": "Wulkan", "źródło": "Global Volcanism Program, 2013. Volcanoes of the World, v. 4.11.0. Venzke, E (ed.). Smithsonian Institution. Downloaded 20 Jun 2022. https://doi.org/10.5479/si.GVP.VOTW4-2013" }, "geometry": { "type": "Point", "coordinates": [ 104.59, -5.334 ] } },
{ "type": "Feature", "properties": { "gid": 10, "nazwa": "Ischia", "ostatnia_erupcja": "1302", "kraj": "Włochy", "typ": "mieszane, złożone", "rodzaj_erupcji": "erupcja zaobserwowana", "materiał": "trachit", "tektonika": "strefa subdukcji / skorupa kontynentalna (>25 km)", "legenda": "Wulkan", "źródło": "Global Volcanism Program, 2013. Volcanoes of the World, v. 4.11.0. Venzke, E (ed.). Smithsonian Institution. Downloaded 20 Jun 2022. https://doi.org/10.5479/si.GVP.VOTW4-2013" }, "geometry": { "type": "Point", "coordinates": [ 13.897, 40.73 ] } },
{ "type": "Feature", "properties": { "gid": 169, "nazwa": "Asamayama", "ostatnia_erupcja": "2015", "kraj": "Japonia", "typ": "mieszane, złożone", "rodzaj_erupcji": "erupcja zaobserwowana", "materiał": "andezyt / andezyt bazaltowy", "tektonika": "strefa subdukcji / skorupa kontynentalna (>25 km)", "legenda": "Wulkan", "źródło": "Global Volcanism Program, 2013. Volcanoes of the World, v. 4.11.0. Venzke, E (ed.). Smithsonian Institution. Downloaded 20 Jun 2022. https://doi.org/10.5479/si.GVP.VOTW4-2013" }, "geometry": { "type": "Point", "coordinates": [ 138.523, 36.406 ] } },
{ "type": "Feature", "properties": { "gid": 673, "nazwa": "Ambang", "ostatnia_erupcja": "2005", "kraj": "Indonezja", "typ": "mieszane, złożone", "rodzaj_erupcji": "erupcja zaobserwowana", "materiał": "andezyt / andezyt bazaltowy", "tektonika": "strefa subdukcji / skorupa kontynentalna (>25 km)", "legenda": "Wulkan", "źródło": "Global Volcanism Program, 2013. Volcanoes of the World, v. 4.11.0. Venzke, E (ed.). Smithsonian Institution. Downloaded 20 Jun 2022. https://doi.org/10.5479/si.GVP.VOTW4-2013" }, "geometry": { "type": "Point", "coordinates": [ 124.42, 0.75 ] } },
{ "type": "Feature", "properties": { "gid": 688, "nazwa": "Dukono", "ostatnia_erupcja": "2018", "kraj": "Indonezja", "typ": "mieszane, złożone", "rodzaj_erupcji": "erupcja zaobserwowana", "materiał": "andezyt / andezyt bazaltowy", "tektonika": "strefa subdukcji / skorupa oceaniczna (< 15 km)", "legenda": "Wulkan", "źródło": "Global Volcanism Program, 2013. Volcanoes of the World, v. 4.11.0. Venzke, E (ed.). Smithsonian Institution. Downloaded 20 Jun 2022. https://doi.org/10.5479/si.GVP.VOTW4-2013" }, "geometry": { "type": "Point", "coordinates": [ 127.894000000000119, 1.693 ] } },
{ "type": "Feature", "properties": { "gid": 767, "nazwa": "Ushkovsky", "ostatnia_erupcja": "1890", "kraj": "Rosja", "typ": "mieszane, złożone", "rodzaj_erupcji": "erupcja zaobserwowana", "materiał": "bazalt / pikryt", "tektonika": "strefa subdukcji / skorupa kontynentalna (>25 km)", "legenda": "Wulkan", "źródło": "Global Volcanism Program, 2013. Volcanoes of the World, v. 4.11.0. Venzke, E (ed.). Smithsonian Institution. Downloaded 20 Jun 2022. https://doi.org/10.5479/si.GVP.VOTW4-2013" }, "geometry": { "type": "Point", "coordinates": [ 160.509, 56.113 ] } },
{ "type": "Feature", "properties": { "gid": 827, "nazwa": "Suretamatai", "ostatnia_erupcja": "1966", "kraj": "Vanuatu", "typ": "mieszane, złożone", "rodzaj_erupcji": "erupcja zaobserwowana", "materiał": "andezyt / andezyt bazaltowy", "tektonika": "strefa subdukcji / skorupa oceaniczna (< 15 km)", "legenda": "Wulkan", "źródło": "Global Volcanism Program, 2013. Volcanoes of the World, v. 4.11.0. Venzke, E (ed.). Smithsonian Institution. Downloaded 20 Jun 2022. https://doi.org/10.5479/si.GVP.VOTW4-2013" }, "geometry": { "type": "Point", "coordinates": [ 167.47, -13.8 ] } },
{ "type": "Feature", "properties": { "gid": 117, "nazwa": "Didicas", "ostatnia_erupcja": "1978", "kraj": "Filipiny", "typ": "mieszane, złożone", "rodzaj_erupcji": "erupcja zaobserwowana", "materiał": "andezyt / andezyt bazaltowy", "tektonika": "strefa subdukcji / grubość skorupy nieznana", "legenda": "Wulkan", "źródło": "Global Volcanism Program, 2013. Volcanoes of the World, v. 4.11.0. Venzke, E (ed.). Smithsonian Institution. Downloaded 20 Jun 2022. https://doi.org/10.5479/si.GVP.VOTW4-2013" }, "geometry": { "type": "Point", "coordinates": [ 122.202000000000112, 19.077 ] } },
{ "type": "Feature", "properties": { "gid": 136, "nazwa": "Io-Torishima", "ostatnia_erupcja": "1968", "kraj": "Japonia", "typ": "mieszane, złożone", "rodzaj_erupcji": "erupcja zaobserwowana", "materiał": "andezyt / andezyt bazaltowy", "tektonika": "strefa subdukcji / skorupa oceaniczna (< 15 km)", "legenda": "Wulkan", "źródło": "Global Volcanism Program, 2013. Volcanoes of the World, v. 4.11.0. Venzke, E (ed.). Smithsonian Institution. Downloaded 20 Jun 2022. https://doi.org/10.5479/si.GVP.VOTW4-2013" }, "geometry": { "type": "Point", "coordinates": [ 128.223, 27.881 ] } },
{ "type": "Feature", "properties": { "gid": 847, "nazwa": "Peuet Sague", "ostatnia_erupcja": "2000", "kraj": "Indonezja", "typ": "mieszane, złożone", "rodzaj_erupcji": "erupcja zaobserwowana", "materiał": "andezyt / andezyt bazaltowy", "tektonika": "strefa subdukcji / skorupa kontynentalna (>25 km)", "legenda": "Wulkan", "źródło": "Global Volcanism Program, 2013. Volcanoes of the World, v. 4.11.0. Venzke, E (ed.). Smithsonian Institution. Downloaded 20 Jun 2022. https://doi.org/10.5479/si.GVP.VOTW4-2013" }, "geometry": { "type": "Point", "coordinates": [ 96.329, 4.914 ] } },
{ "type": "Feature", "properties": { "gid": 883, "nazwa": "Guntur", "ostatnia_erupcja": "1847", "kraj": "Indonezja", "typ": "mieszane, złożone", "rodzaj_erupcji": "erupcja zaobserwowana", "materiał": "andezyt / andezyt bazaltowy", "tektonika": "strefa subdukcji / skorupa kontynentalna (>25 km)", "legenda": "Wulkan", "źródło": "Global Volcanism Program, 2013. Volcanoes of the World, v. 4.11.0. Venzke, E (ed.). Smithsonian Institution. Downloaded 20 Jun 2022. https://doi.org/10.5479/si.GVP.VOTW4-2013" }, "geometry": { "type": "Point", "coordinates": [ 107.84, -7.143 ] } },
{ "type": "Feature", "properties": { "gid": 889, "nazwa": "Dieng Volcanic Complex", "ostatnia_erupcja": "2018", "kraj": "Indonezja", "typ": "mieszane, złożone", "rodzaj_erupcji": "erupcja zaobserwowana", "materiał": "andezyt / andezyt bazaltowy", "tektonika": "strefa subdukcji / skorupa kontynentalna (>25 km)", "legenda": "Wulkan", "źródło": "Global Volcanism Program, 2013. Volcanoes of the World, v. 4.11.0. Venzke, E (ed.). Smithsonian Institution. Downloaded 20 Jun 2022. https://doi.org/10.5479/si.GVP.VOTW4-2013" }, "geometry": { "type": "Point", "coordinates": [ 109.879, -7.2 ] } },
{ "type": "Feature", "properties": { "gid": 160, "nazwa": "Ontakesan", "ostatnia_erupcja": "2014", "kraj": "Japonia", "typ": "mieszane, złożone", "rodzaj_erupcji": "erupcja zaobserwowana", "materiał": "andezyt / andezyt bazaltowy", "tektonika": "strefa subdukcji / skorupa kontynentalna (>25 km)", "legenda": "Wulkan", "źródło": "Global Volcanism Program, 2013. Volcanoes of the World, v. 4.11.0. Venzke, E (ed.). Smithsonian Institution. Downloaded 20 Jun 2022. https://doi.org/10.5479/si.GVP.VOTW4-2013" }, "geometry": { "type": "Point", "coordinates": [ 137.48, 35.893 ] } },
{ "type": "Feature", "properties": { "gid": 149, "nazwa": "Unzendake", "ostatnia_erupcja": "1996", "kraj": "Japonia", "typ": "mieszane, złożone", "rodzaj_erupcji": "erupcja zaobserwowana", "materiał": "andezyt / andezyt bazaltowy", "tektonika": "strefa subdukcji / skorupa kontynentalna (>25 km)", "legenda": "Wulkan", "źródło": "Global Volcanism Program, 2013. Volcanoes of the World, v. 4.11.0. Venzke, E (ed.). Smithsonian Institution. Downloaded 20 Jun 2022. https://doi.org/10.5479/si.GVP.VOTW4-2013" }, "geometry": { "type": "Point", "coordinates": [ 130.299, 32.761 ] } },
{ "type": "Feature", "properties": { "gid": 157, "nazwa": "Hakoneyama", "ostatnia_erupcja": "2015", "kraj": "Japonia", "typ": "mieszane, złożone", "rodzaj_erupcji": "erupcja datowana", "materiał": "andezyt / andezyt bazaltowy", "tektonika": "strefa subdukcji / skorupa kontynentalna (>25 km)", "legenda": "Wulkan", "źródło": "Global Volcanism Program, 2013. Volcanoes of the World, v. 4.11.0. Venzke, E (ed.). Smithsonian Institution. Downloaded 20 Jun 2022. https://doi.org/10.5479/si.GVP.VOTW4-2013" }, "geometry": { "type": "Point", "coordinates": [ 139.021, 35.233 ] } },
{ "type": "Feature", "properties": { "gid": 184, "nazwa": "Zaozan", "ostatnia_erupcja": "1940", "kraj": "Japonia", "typ": "mieszane, złożone", "rodzaj_erupcji": "erupcja zaobserwowana", "materiał": "andezyt / andezyt bazaltowy", "tektonika": "strefa subdukcji / skorupa kontynentalna (>25 km)", "legenda": "Wulkan", "źródło": "Global Volcanism Program, 2013. Volcanoes of the World, v. 4.11.0. Venzke, E (ed.). Smithsonian Institution. Downloaded 20 Jun 2022. https://doi.org/10.5479/si.GVP.VOTW4-2013" }, "geometry": { "type": "Point", "coordinates": [ 140.44, 38.144 ] } },
{ "type": "Feature", "properties": { "gid": 190, "nazwa": "Iwatesan", "ostatnia_erupcja": "1919", "kraj": "Japonia", "typ": "mieszane, złożone", "rodzaj_erupcji": "erupcja zaobserwowana", "materiał": "bazalt / pikryt", "tektonika": "strefa subdukcji / skorupa kontynentalna (>25 km)", "legenda": "Wulkan", "źródło": "Global Volcanism Program, 2013. Volcanoes of the World, v. 4.11.0. Venzke, E (ed.). Smithsonian Institution. Downloaded 20 Jun 2022. https://doi.org/10.5479/si.GVP.VOTW4-2013" }, "geometry": { "type": "Point", "coordinates": [ 141.001, 39.853 ] } },
{ "type": "Feature", "properties": { "gid": 939, "nazwa": "Meager", "ostatnia_erupcja": "410 p.n.e.", "kraj": "Kanada", "typ": "mieszane, złożone", "rodzaj_erupcji": "erupcja datowana", "materiał": "dacyt", "tektonika": "strefa subdukcji / skorupa kontynentalna (>25 km)", "legenda": "Wulkan", "źródło": "Global Volcanism Program, 2013. Volcanoes of the World, v. 4.11.0. Venzke, E (ed.). Smithsonian Institution. Downloaded 20 Jun 2022. https://doi.org/10.5479/si.GVP.VOTW4-2013" }, "geometry": { "type": "Point", "coordinates": [ -123.5, 50.63 ] } },
{ "type": "Feature", "properties": { "gid": 955, "nazwa": "Three Sisters", "ostatnia_erupcja": "440", "kraj": "Stany Zjednoczone", "typ": "mieszane, złożone", "rodzaj_erupcji": "erupcja datowana", "materiał": "andezyt / andezyt bazaltowy", "tektonika": "strefa subdukcji / skorupa kontynentalna (>25 km)", "legenda": "Wulkan", "źródło": "Global Volcanism Program, 2013. Volcanoes of the World, v. 4.11.0. Venzke, E (ed.). Smithsonian Institution. Downloaded 20 Jun 2022. https://doi.org/10.5479/si.GVP.VOTW4-2013" }, "geometry": { "type": "Point", "coordinates": [ -121.767, 44.133 ] } },
{ "type": "Feature", "properties": { "gid": 278, "nazwa": "Etorofu-Yakeyama [Grozny Group]", "ostatnia_erupcja": "2013", "kraj": "Japonia", "typ": "mieszane, złożone", "rodzaj_erupcji": "erupcja zaobserwowana", "materiał": "andezyt / andezyt bazaltowy", "tektonika": "strefa subdukcji / skorupa oceaniczna (< 15 km)", "legenda": "Wulkan", "źródło": "Global Volcanism Program, 2013. Volcanoes of the World, v. 4.11.0. Venzke, E (ed.). Smithsonian Institution. Downloaded 20 Jun 2022. https://doi.org/10.5479/si.GVP.VOTW4-2013" }, "geometry": { "type": "Point", "coordinates": [ 147.871, 45.012 ] } },
{ "type": "Feature", "properties": { "gid": 1011, "nazwa": "Trois Pitons, Morne", "ostatnia_erupcja": "920", "kraj": "Dominika", "typ": "mieszane, złożone", "rodzaj_erupcji": "erupcja datowana", "materiał": "andezyt / andezyt bazaltowy", "tektonika": "strefa subdukcji / skorupa oceaniczna (< 15 km)", "legenda": "Wulkan", "źródło": "Global Volcanism Program, 2013. Volcanoes of the World, v. 4.11.0. Venzke, E (ed.). Smithsonian Institution. Downloaded 20 Jun 2022. https://doi.org/10.5479/si.GVP.VOTW4-2013" }, "geometry": { "type": "Point", "coordinates": [ -61.33, 15.37 ] } },
{ "type": "Feature", "properties": { "gid": 1116, "nazwa": "Pilas, Las", "ostatnia_erupcja": "1954", "kraj": "Nikaragua", "typ": "mieszane, złożone", "rodzaj_erupcji": "erupcja zaobserwowana", "materiał": "andezyt / andezyt bazaltowy", "tektonika": "strefa subdukcji / skorupa kontynentalna (>25 km)", "legenda": "Wulkan", "źródło": "Global Volcanism Program, 2013. Volcanoes of the World, v. 4.11.0. Venzke, E (ed.). Smithsonian Institution. Downloaded 20 Jun 2022. https://doi.org/10.5479/si.GVP.VOTW4-2013" }, "geometry": { "type": "Point", "coordinates": [ -86.688, 12.495 ] } },
{ "type": "Feature", "properties": { "gid": 1136, "nazwa": "Barva", "ostatnia_erupcja": "6050 p.n.e.", "kraj": "Kostaryka", "typ": "mieszane, złożone", "rodzaj_erupcji": "erupcja datowana", "materiał": "andezyt / andezyt bazaltowy", "tektonika": "strefa subdukcji / skorupa kontynentalna (>25 km)", "legenda": "Wulkan", "źródło": "Global Volcanism Program, 2013. Volcanoes of the World, v. 4.11.0. Venzke, E (ed.). Smithsonian Institution. Downloaded 20 Jun 2022. https://doi.org/10.5479/si.GVP.VOTW4-2013" }, "geometry": { "type": "Point", "coordinates": [ -84.1, 10.135 ] } },
{ "type": "Feature", "properties": { "gid": 1152, "nazwa": "Galeras", "ostatnia_erupcja": "2014", "kraj": "Kolumbia", "typ": "mieszane, złożone", "rodzaj_erupcji": "erupcja zaobserwowana", "materiał": "andezyt / andezyt bazaltowy", "tektonika": "strefa subdukcji / skorupa kontynentalna (>25 km)", "legenda": "Wulkan", "źródło": "Global Volcanism Program, 2013. Volcanoes of the World, v. 4.11.0. Venzke, E (ed.). Smithsonian Institution. Downloaded 20 Jun 2022. https://doi.org/10.5479/si.GVP.VOTW4-2013" }, "geometry": { "type": "Point", "coordinates": [ -77.37, 1.22 ] } },
{ "type": "Feature", "properties": { "gid": 1159, "nazwa": "Imbabura", "ostatnia_erupcja": "5550 p.n.e.", "kraj": "Ekwador", "typ": "mieszane, złożone", "rodzaj_erupcji": "erupcja datowana", "materiał": "andezyt / andezyt bazaltowy", "tektonika": "strefa subdukcji / skorupa kontynentalna (>25 km)", "legenda": "Wulkan", "źródło": "Global Volcanism Program, 2013. Volcanoes of the World, v. 4.11.0. Venzke, E (ed.). Smithsonian Institution. Downloaded 20 Jun 2022. https://doi.org/10.5479/si.GVP.VOTW4-2013" }, "geometry": { "type": "Point", "coordinates": [ -78.183, 0.258 ] } },
{ "type": "Feature", "properties": { "gid": 1161, "nazwa": "Cayambe", "ostatnia_erupcja": "1786", "kraj": "Ekwador", "typ": "mieszane, złożone", "rodzaj_erupcji": "erupcja zaobserwowana", "materiał": "andezyt / andezyt bazaltowy", "tektonika": "strefa subdukcji / skorupa kontynentalna (>25 km)", "legenda": "Wulkan", "źródło": "Global Volcanism Program, 2013. Volcanoes of the World, v. 4.11.0. Venzke, E (ed.). Smithsonian Institution. Downloaded 20 Jun 2022. https://doi.org/10.5479/si.GVP.VOTW4-2013" }, "geometry": { "type": "Point", "coordinates": [ -77.986, 0.029 ] } },
{ "type": "Feature", "properties": { "gid": 1207, "nazwa": "Taapaca", "ostatnia_erupcja": "320 p.n.e.", "kraj": "Chile", "typ": "mieszane, złożone", "rodzaj_erupcji": "erupcja datowana", "materiał": "dacyt", "tektonika": "strefa subdukcji / skorupa kontynentalna (>25 km)", "legenda": "Wulkan", "źródło": "Global Volcanism Program, 2013. Volcanoes of the World, v. 4.11.0. Venzke, E (ed.). Smithsonian Institution. Downloaded 20 Jun 2022. https://doi.org/10.5479/si.GVP.VOTW4-2013" }, "geometry": { "type": "Point", "coordinates": [ -69.5, -18.1 ] } },
{ "type": "Feature", "properties": { "gid": 1292, "nazwa": "Pacaya", "ostatnia_erupcja": "2018", "kraj": "Gwatemala", "typ": "mieszane, złożone", "rodzaj_erupcji": "erupcja zaobserwowana", "materiał": "bazalt / pikryt", "tektonika": "strefa subdukcji / skorupa kontynentalna (>25 km)", "legenda": "Wulkan", "źródło": "Global Volcanism Program, 2013. Volcanoes of the World, v. 4.11.0. Venzke, E (ed.). Smithsonian Institution. Downloaded 20 Jun 2022. https://doi.org/10.5479/si.GVP.VOTW4-2013" }, "geometry": { "type": "Point", "coordinates": [ -90.601, 14.382 ] } },
{ "type": "Feature", "properties": { "gid": 528, "nazwa": "McDonald Islands", "ostatnia_erupcja": "2005", "kraj": "Australia", "typ": "mieszane, złożone", "rodzaj_erupcji": "erupcja zaobserwowana", "materiał": "fonolit", "tektonika": "strefa subdukcji / skorupa oceaniczna (< 15 km)", "legenda": "Wulkan", "źródło": "Global Volcanism Program, 2013. Volcanoes of the World, v. 4.11.0. Venzke, E (ed.). Smithsonian Institution. Downloaded 20 Jun 2022. https://doi.org/10.5479/si.GVP.VOTW4-2013" }, "geometry": { "type": "Point", "coordinates": [ 72.6, -53.03 ] } },
{ "type": "Feature", "properties": { "gid": 594, "nazwa": "St. Andrew Strait", "ostatnia_erupcja": "1957", "kraj": "Papua - Nowa Gwinea", "typ": "mieszane, złożone", "rodzaj_erupcji": "erupcja zaobserwowana", "materiał": "ryolit", "tektonika": "strefa subdukcji / skorupa oceaniczna (< 15 km)", "legenda": "Wulkan", "źródło": "Global Volcanism Program, 2013. Volcanoes of the World, v. 4.11.0. Venzke, E (ed.). Smithsonian Institution. Downloaded 20 Jun 2022. https://doi.org/10.5479/si.GVP.VOTW4-2013" }, "geometry": { "type": "Point", "coordinates": [ 147.35, -2.38 ] } },
{ "type": "Feature", "properties": { "gid": 334, "nazwa": "Paka", "ostatnia_erupcja": "7550 p.n.e.", "kraj": "Kenia", "typ": "tarczowy", "rodzaj_erupcji": "erupcja datowana", "materiał": "trachit", "tektonika": "strefa ryftowa / skorupa kontynentalna (>25 km)", "legenda": "Wulkan", "źródło": "Global Volcanism Program, 2013. Volcanoes of the World, v. 4.11.0. Venzke, E (ed.). Smithsonian Institution. Downloaded 20 Jun 2022. https://doi.org/10.5479/si.GVP.VOTW4-2013" }, "geometry": { "type": "Point", "coordinates": [ 36.18, 0.92 ] } },
{ "type": "Feature", "properties": { "gid": 604, "nazwa": "Long Island", "ostatnia_erupcja": "1993", "kraj": "Papua - Nowa Gwinea", "typ": "mieszane, złożone", "rodzaj_erupcji": "erupcja zaobserwowana", "materiał": "andezyt / andezyt bazaltowy", "tektonika": "strefa subdukcji / skorupa kontynentalna (>25 km)", "legenda": "Wulkan", "źródło": "Global Volcanism Program, 2013. Volcanoes of the World, v. 4.11.0. Venzke, E (ed.). Smithsonian Institution. Downloaded 20 Jun 2022. https://doi.org/10.5479/si.GVP.VOTW4-2013" }, "geometry": { "type": "Point", "coordinates": [ 147.120000000000118, -5.358 ] } },
{ "type": "Feature", "properties": { "gid": 608, "nazwa": "Langila", "ostatnia_erupcja": "2018", "kraj": "Papua - Nowa Gwinea", "typ": "mieszane, złożone", "rodzaj_erupcji": "erupcja zaobserwowana", "materiał": "bazalt / pikryt", "tektonika": "strefa subdukcji / skorupa kontynentalna (>25 km)", "legenda": "Wulkan", "źródło": "Global Volcanism Program, 2013. Volcanoes of the World, v. 4.11.0. Venzke, E (ed.). Smithsonian Institution. Downloaded 20 Jun 2022. https://doi.org/10.5479/si.GVP.VOTW4-2013" }, "geometry": { "type": "Point", "coordinates": [ 148.42, -5.525 ] } },
{ "type": "Feature", "properties": { "gid": 628, "nazwa": "Mutnovsky", "ostatnia_erupcja": "2000", "kraj": "Rosja", "typ": "mieszane, złożone", "rodzaj_erupcji": "erupcja zaobserwowana", "materiał": "bazalt / pikryt", "tektonika": "strefa subdukcji / skorupa kontynentalna (>25 km)", "legenda": "Wulkan", "źródło": "Global Volcanism Program, 2013. Volcanoes of the World, v. 4.11.0. Venzke, E (ed.). Smithsonian Institution. Downloaded 20 Jun 2022. https://doi.org/10.5479/si.GVP.VOTW4-2013" }, "geometry": { "type": "Point", "coordinates": [ 158.196, 52.449 ] } },
{ "type": "Feature", "properties": { "gid": 858, "nazwa": "Marapi", "ostatnia_erupcja": "2017", "kraj": "Indonezja", "typ": "mieszane, złożone", "rodzaj_erupcji": "erupcja zaobserwowana", "materiał": "andezyt / andezyt bazaltowy", "tektonika": "strefa subdukcji / skorupa kontynentalna (>25 km)", "legenda": "Wulkan", "źródło": "Global Volcanism Program, 2013. Volcanoes of the World, v. 4.11.0. Venzke, E (ed.). Smithsonian Institution. Downloaded 20 Jun 2022. https://doi.org/10.5479/si.GVP.VOTW4-2013" }, "geometry": { "type": "Point", "coordinates": [ 100.474, -0.38 ] } },
{ "type": "Feature", "properties": { "gid": 649, "nazwa": "Inielika", "ostatnia_erupcja": "2001", "kraj": "Indonezja", "typ": "mieszane, złożone", "rodzaj_erupcji": "erupcja zaobserwowana", "materiał": "andezyt / andezyt bazaltowy", "tektonika": "strefa subdukcji / grubość skorupy nieznana", "legenda": "Wulkan", "źródło": "Global Volcanism Program, 2013. Volcanoes of the World, v. 4.11.0. Venzke, E (ed.). Smithsonian Institution. Downloaded 20 Jun 2022. https://doi.org/10.5479/si.GVP.VOTW4-2013" }, "geometry": { "type": "Point", "coordinates": [ 120.98, -8.73 ] } },
{ "type": "Feature", "properties": { "gid": 653, "nazwa": "Kelimutu", "ostatnia_erupcja": "1968", "kraj": "Indonezja", "typ": "mieszane, złożone", "rodzaj_erupcji": "erupcja zaobserwowana", "materiał": "andezyt / andezyt bazaltowy", "tektonika": "strefa subdukcji / grubość skorupy nieznana", "legenda": "Wulkan", "źródło": "Global Volcanism Program, 2013. Volcanoes of the World, v. 4.11.0. Venzke, E (ed.). Smithsonian Institution. Downloaded 20 Jun 2022. https://doi.org/10.5479/si.GVP.VOTW4-2013" }, "geometry": { "type": "Point", "coordinates": [ 121.82, -8.77 ] } },
{ "type": "Feature", "properties": { "gid": 658, "nazwa": "Leroboleng", "ostatnia_erupcja": "2003", "kraj": "Indonezja", "typ": "mieszane, złożone", "rodzaj_erupcji": "erupcja zaobserwowana", "materiał": "andezyt / andezyt bazaltowy", "tektonika": "strefa subdukcji / grubość skorupy nieznana", "legenda": "Wulkan", "źródło": "Global Volcanism Program, 2013. Volcanoes of the World, v. 4.11.0. Venzke, E (ed.). Smithsonian Institution. Downloaded 20 Jun 2022. https://doi.org/10.5479/si.GVP.VOTW4-2013" }, "geometry": { "type": "Point", "coordinates": [ 122.833, -8.365 ] } },
{ "type": "Feature", "properties": { "gid": 662, "nazwa": "Iliwerung", "ostatnia_erupcja": "2013", "kraj": "Indonezja", "typ": "mieszane, złożone", "rodzaj_erupcji": "erupcja zaobserwowana", "materiał": "bazalt / pikryt", "tektonika": "strefa subdukcji / grubość skorupy nieznana", "legenda": "Wulkan", "źródło": "Global Volcanism Program, 2013. Volcanoes of the World, v. 4.11.0. Venzke, E (ed.). Smithsonian Institution. Downloaded 20 Jun 2022. https://doi.org/10.5479/si.GVP.VOTW4-2013" }, "geometry": { "type": "Point", "coordinates": [ 123.57, -8.53 ] } },
{ "type": "Feature", "properties": { "gid": 664, "nazwa": "Sirung", "ostatnia_erupcja": "2015", "kraj": "Indonezja", "typ": "mieszane, złożone", "rodzaj_erupcji": "erupcja zaobserwowana", "materiał": "andezyt / andezyt bazaltowy", "tektonika": "strefa subdukcji / grubość skorupy nieznana", "legenda": "Wulkan", "źródło": "Global Volcanism Program, 2013. Volcanoes of the World, v. 4.11.0. Venzke, E (ed.). Smithsonian Institution. Downloaded 20 Jun 2022. https://doi.org/10.5479/si.GVP.VOTW4-2013" }, "geometry": { "type": "Point", "coordinates": [ 124.130000000000109, -8.508 ] } },
{ "type": "Feature", "properties": { "gid": 721, "nazwa": "Biliran", "ostatnia_erupcja": "1939", "kraj": "Filipiny", "typ": "mieszane, złożone", "rodzaj_erupcji": "erupcja zaobserwowana", "materiał": "andezyt / andezyt bazaltowy", "tektonika": "strefa subdukcji / skorupa kontynentalna (>25 km)", "legenda": "Wulkan", "źródło": "Global Volcanism Program, 2013. Volcanoes of the World, v. 4.11.0. Venzke, E (ed.). Smithsonian Institution. Downloaded 20 Jun 2022. https://doi.org/10.5479/si.GVP.VOTW4-2013" }, "geometry": { "type": "Point", "coordinates": [ 124.535, 11.523 ] } },
{ "type": "Feature", "properties": { "gid": 741, "nazwa": "Zhupanovsky", "ostatnia_erupcja": "2016", "kraj": "Rosja", "typ": "mieszane, złożone", "rodzaj_erupcji": "erupcja zaobserwowana", "materiał": "andezyt / andezyt bazaltowy", "tektonika": "strefa subdukcji / skorupa kontynentalna (>25 km)", "legenda": "Wulkan", "źródło": "Global Volcanism Program, 2013. Volcanoes of the World, v. 4.11.0. Venzke, E (ed.). Smithsonian Institution. Downloaded 20 Jun 2022. https://doi.org/10.5479/si.GVP.VOTW4-2013" }, "geometry": { "type": "Point", "coordinates": [ 159.15, 53.589 ] } },
{ "type": "Feature", "properties": { "gid": 757, "nazwa": "Gamchen", "ostatnia_erupcja": "550 p.n.e.", "kraj": "Rosja", "typ": "mieszane, złożone", "rodzaj_erupcji": "erupcja datowana", "materiał": "bazalt / pikryt", "tektonika": "strefa subdukcji / skorupa kontynentalna (>25 km)", "legenda": "Wulkan", "źródło": "Global Volcanism Program, 2013. Volcanoes of the World, v. 4.11.0. Venzke, E (ed.). Smithsonian Institution. Downloaded 20 Jun 2022. https://doi.org/10.5479/si.GVP.VOTW4-2013" }, "geometry": { "type": "Point", "coordinates": [ 160.703, 54.974 ] } },
{ "type": "Feature", "properties": { "gid": 1346, "nazwa": "Falso Azufre", "ostatnia_erupcja": "brak danych", "kraj": "Chile - Argentyna", "typ": "mieszane, złożone", "rodzaj_erupcji": "brak dowodów na wybuch", "materiał": "-", "tektonika": "strefa subdukcji / skorupa kontynentalna (>25 km)", "legenda": "Wulkan", "źródło": "Global Volcanism Program, 2013. Volcanoes of the World, v. 4.11.0. Venzke, E (ed.). Smithsonian Institution. Downloaded 20 Jun 2022. https://doi.org/10.5479/si.GVP.VOTW4-2013" }, "geometry": { "type": "Point", "coordinates": [ -68.37, -26.8 ] } },
{ "type": "Feature", "properties": { "gid": 527, "nazwa": "Asacha", "ostatnia_erupcja": "brak danych", "kraj": "Rosja", "typ": "mieszane, złożone", "rodzaj_erupcji": "nieznana data wybuchu", "materiał": "bazalt / pikryt", "tektonika": "strefa subdukcji / skorupa kontynentalna (>25 km)", "legenda": "Wulkan", "źródło": "Global Volcanism Program, 2013. Volcanoes of the World, v. 4.11.0. Venzke, E (ed.). Smithsonian Institution. Downloaded 20 Jun 2022. https://doi.org/10.5479/si.GVP.VOTW4-2013" }, "geometry": { "type": "Point", "coordinates": [ 157.827000000000112, 52.355 ] } },
{ "type": "Feature", "properties": { "gid": 339, "nazwa": "Homa Mountain", "ostatnia_erupcja": "brak danych", "kraj": "Kenia", "typ": "mieszane, złożone", "rodzaj_erupcji": "nieznana data wybuchu", "materiał": "foidyt", "tektonika": "strefa ryftowa / skorupa kontynentalna (>25 km)", "legenda": "Wulkan", "źródło": "Global Volcanism Program, 2013. Volcanoes of the World, v. 4.11.0. Venzke, E (ed.). Smithsonian Institution. Downloaded 20 Jun 2022. https://doi.org/10.5479/si.GVP.VOTW4-2013" }, "geometry": { "type": "Point", "coordinates": [ 34.5, -0.38 ] } },
{ "type": "Feature", "properties": { "gid": 81, "nazwa": "Yangudi", "ostatnia_erupcja": "brak danych", "kraj": "Etiopia", "typ": "mieszane, złożone", "rodzaj_erupcji": "nieznana data wybuchu", "materiał": "ryolit", "tektonika": "strefa ryftowa / skorupa pośrednia (15-25 km)", "legenda": "Wulkan", "źródło": "Global Volcanism Program, 2013. Volcanoes of the World, v. 4.11.0. Venzke, E (ed.). Smithsonian Institution. Downloaded 20 Jun 2022. https://doi.org/10.5479/si.GVP.VOTW4-2013" }, "geometry": { "type": "Point", "coordinates": [ 41.042, 10.58 ] } },
{ "type": "Feature", "properties": { "gid": 341, "nazwa": "Eburru, Ol Doinyo", "ostatnia_erupcja": "brak danych", "kraj": "Kenia", "typ": "mieszane, złożone", "rodzaj_erupcji": "nieznana data wybuchu", "materiał": "ryolit", "tektonika": "strefa ryftowa / skorupa kontynentalna (>25 km)", "legenda": "Wulkan", "źródło": "Global Volcanism Program, 2013. Volcanoes of the World, v. 4.11.0. Venzke, E (ed.). Smithsonian Institution. Downloaded 20 Jun 2022. https://doi.org/10.5479/si.GVP.VOTW4-2013" }, "geometry": { "type": "Point", "coordinates": [ 36.22, -0.65 ] } },
{ "type": "Feature", "properties": { "gid": 605, "nazwa": "Umboi", "ostatnia_erupcja": "brak danych", "kraj": "Papua - Nowa Gwinea", "typ": "mieszane, złożone", "rodzaj_erupcji": "nieznana data wybuchu", "materiał": "bazalt / pikryt", "tektonika": "strefa subdukcji / skorupa kontynentalna (>25 km)", "legenda": "Wulkan", "źródło": "Global Volcanism Program, 2013. Volcanoes of the World, v. 4.11.0. Venzke, E (ed.). Smithsonian Institution. Downloaded 20 Jun 2022. https://doi.org/10.5479/si.GVP.VOTW4-2013" }, "geometry": { "type": "Point", "coordinates": [ 147.875000000000114, -5.589 ] } },
{ "type": "Feature", "properties": { "gid": 609, "nazwa": "Mundua", "ostatnia_erupcja": "brak danych", "kraj": "Papua - Nowa Gwinea", "typ": "mieszane, złożone", "rodzaj_erupcji": "nieznana data wybuchu", "materiał": "bazalt / pikryt", "tektonika": "strefa subdukcji / skorupa kontynentalna (>25 km)", "legenda": "Wulkan", "źródło": "Global Volcanism Program, 2013. Volcanoes of the World, v. 4.11.0. Venzke, E (ed.). Smithsonian Institution. Downloaded 20 Jun 2022. https://doi.org/10.5479/si.GVP.VOTW4-2013" }, "geometry": { "type": "Point", "coordinates": [ 149.35, -4.63 ] } },
{ "type": "Feature", "properties": { "gid": 636, "nazwa": "Iyang-Argapura", "ostatnia_erupcja": "brak danych", "kraj": "Indonezja", "typ": "mieszane, złożone", "rodzaj_erupcji": "nieznana data wybuchu", "materiał": "andezyt / andezyt bazaltowy", "tektonika": "strefa subdukcji / skorupa kontynentalna (>25 km)", "legenda": "Wulkan", "źródło": "Global Volcanism Program, 2013. Volcanoes of the World, v. 4.11.0. Venzke, E (ed.). Smithsonian Institution. Downloaded 20 Jun 2022. https://doi.org/10.5479/si.GVP.VOTW4-2013" }, "geometry": { "type": "Point", "coordinates": [ 113.57, -7.97 ] } },
{ "type": "Feature", "properties": { "gid": 729, "nazwa": "Banahaw", "ostatnia_erupcja": "brak danych", "kraj": "Filipiny", "typ": "mieszane, złożone", "rodzaj_erupcji": "nieznana data wybuchu", "materiał": "andezyt / andezyt bazaltowy", "tektonika": "strefa subdukcji / skorupa kontynentalna (>25 km)", "legenda": "Wulkan", "źródło": "Global Volcanism Program, 2013. Volcanoes of the World, v. 4.11.0. Venzke, E (ed.). Smithsonian Institution. Downloaded 20 Jun 2022. https://doi.org/10.5479/si.GVP.VOTW4-2013" }, "geometry": { "type": "Point", "coordinates": [ 121.48, 14.07 ] } },
{ "type": "Feature", "properties": { "gid": 739, "nazwa": "Dzenzursky", "ostatnia_erupcja": "brak danych", "kraj": "Rosja", "typ": "mieszane, złożone", "rodzaj_erupcji": "nieznana data wybuchu", "materiał": "andezyt / andezyt bazaltowy", "tektonika": "strefa subdukcji / skorupa kontynentalna (>25 km)", "legenda": "Wulkan", "źródło": "Global Volcanism Program, 2013. Volcanoes of the World, v. 4.11.0. Venzke, E (ed.). Smithsonian Institution. Downloaded 20 Jun 2022. https://doi.org/10.5479/si.GVP.VOTW4-2013" }, "geometry": { "type": "Point", "coordinates": [ 158.922, 53.637 ] } },
{ "type": "Feature", "properties": { "gid": 810, "nazwa": "Lihir", "ostatnia_erupcja": "brak danych", "kraj": "Papua - Nowa Gwinea", "typ": "mieszane, złożone", "rodzaj_erupcji": "nieznana data wybuchu", "materiał": "tefryt / trachybazalt", "tektonika": "strefa subdukcji / grubość skorupy nieznana", "legenda": "Wulkan", "źródło": "Global Volcanism Program, 2013. Volcanoes of the World, v. 4.11.0. Venzke, E (ed.). Smithsonian Institution. Downloaded 20 Jun 2022. https://doi.org/10.5479/si.GVP.VOTW4-2013" }, "geometry": { "type": "Point", "coordinates": [ 152.642, -3.125 ] } },
{ "type": "Feature", "properties": { "gid": 816, "nazwa": "Takuan Group", "ostatnia_erupcja": "brak danych", "kraj": "Papua - Nowa Gwinea", "typ": "mieszane, złożone", "rodzaj_erupcji": "nieznana data wybuchu", "materiał": "andezyt / andezyt bazaltowy", "tektonika": "strefa subdukcji / grubość skorupy nieznana", "legenda": "Wulkan", "źródło": "Global Volcanism Program, 2013. Volcanoes of the World, v. 4.11.0. Venzke, E (ed.). Smithsonian Institution. Downloaded 20 Jun 2022. https://doi.org/10.5479/si.GVP.VOTW4-2013" }, "geometry": { "type": "Point", "coordinates": [ 155.608, -6.442 ] } },
{ "type": "Feature", "properties": { "gid": 856, "nazwa": "Talakmau", "ostatnia_erupcja": "brak danych", "kraj": "Indonezja", "typ": "mieszane, złożone", "rodzaj_erupcji": "nieznana data wybuchu", "materiał": "andezyt / andezyt bazaltowy", "tektonika": "strefa subdukcji / skorupa kontynentalna (>25 km)", "legenda": "Wulkan", "źródło": "Global Volcanism Program, 2013. Volcanoes of the World, v. 4.11.0. Venzke, E (ed.). Smithsonian Institution. Downloaded 20 Jun 2022. https://doi.org/10.5479/si.GVP.VOTW4-2013" }, "geometry": { "type": "Point", "coordinates": [ 99.98, 0.079 ] } },
{ "type": "Feature", "properties": { "gid": 1343, "nazwa": "Cordon del Azufre", "ostatnia_erupcja": "brak danych", "kraj": "Chile - Argentyna", "typ": "mieszane, złożone", "rodzaj_erupcji": "nieznana data wybuchu", "materiał": "andezyt / andezyt bazaltowy", "tektonika": "strefa subdukcji / skorupa kontynentalna (>25 km)", "legenda": "Wulkan", "źródło": "Global Volcanism Program, 2013. Volcanoes of the World, v. 4.11.0. Venzke, E (ed.). Smithsonian Institution. Downloaded 20 Jun 2022. https://doi.org/10.5479/si.GVP.VOTW4-2013" }, "geometry": { "type": "Point", "coordinates": [ -68.521, -25.336 ] } },
{ "type": "Feature", "properties": { "gid": 1344, "nazwa": "Bayo Gorbea, Cerro", "ostatnia_erupcja": "brak danych", "kraj": "Chile - Argentyna", "typ": "mieszane, złożone", "rodzaj_erupcji": "nieznana data wybuchu", "materiał": "andezyt / andezyt bazaltowy", "tektonika": "strefa subdukcji / skorupa kontynentalna (>25 km)", "legenda": "Wulkan", "źródło": "Global Volcanism Program, 2013. Volcanoes of the World, v. 4.11.0. Venzke, E (ed.). Smithsonian Institution. Downloaded 20 Jun 2022. https://doi.org/10.5479/si.GVP.VOTW4-2013" }, "geometry": { "type": "Point", "coordinates": [ -68.588, -25.414 ] } },
{ "type": "Feature", "properties": { "gid": 1345, "nazwa": "Nevada, Sierra", "ostatnia_erupcja": "brak danych", "kraj": "Chile - Argentyna", "typ": "mieszane, złożone", "rodzaj_erupcji": "nieznana data wybuchu", "materiał": "-", "tektonika": "strefa subdukcji / skorupa kontynentalna (>25 km)", "legenda": "Wulkan", "źródło": "Global Volcanism Program, 2013. Volcanoes of the World, v. 4.11.0. Venzke, E (ed.). Smithsonian Institution. Downloaded 20 Jun 2022. https://doi.org/10.5479/si.GVP.VOTW4-2013" }, "geometry": { "type": "Point", "coordinates": [ -68.58, -26.48 ] } },
{ "type": "Feature", "properties": { "gid": 1357, "nazwa": "Tipas", "ostatnia_erupcja": "brak danych", "kraj": "Argentyna", "typ": "mieszane, złożone", "rodzaj_erupcji": "nieznana data wybuchu", "materiał": "-", "tektonika": "strefa subdukcji / skorupa kontynentalna (>25 km)", "legenda": "Wulkan", "źródło": "Global Volcanism Program, 2013. Volcanoes of the World, v. 4.11.0. Venzke, E (ed.). Smithsonian Institution. Downloaded 20 Jun 2022. https://doi.org/10.5479/si.GVP.VOTW4-2013" }, "geometry": { "type": "Point", "coordinates": [ -68.561, -27.196 ] } },
{ "type": "Feature", "properties": { "gid": 1025, "nazwa": "Reykjanes", "ostatnia_erupcja": "1926", "kraj": "Islandia", "typ": "mieszane, złożone", "rodzaj_erupcji": "erupcja zaobserwowana", "materiał": "bazalt / pikryt", "tektonika": "strefa ryftowa / skorupa oceaniczna (< 15 km)", "legenda": "Wulkan", "źródło": "Global Volcanism Program, 2013. Volcanoes of the World, v. 4.11.0. Venzke, E (ed.). Smithsonian Institution. Downloaded 20 Jun 2022. https://doi.org/10.5479/si.GVP.VOTW4-2013" }, "geometry": { "type": "Point", "coordinates": [ -22.566, 63.85 ] } },
{ "type": "Feature", "properties": { "gid": 1026, "nazwa": "Krysuvik", "ostatnia_erupcja": "1340", "kraj": "Islandia", "typ": "mieszane, złożone", "rodzaj_erupcji": "erupcja zaobserwowana", "materiał": "bazalt / pikryt", "tektonika": "strefa ryftowa / skorupa oceaniczna (< 15 km)", "legenda": "Wulkan", "źródło": "Global Volcanism Program, 2013. Volcanoes of the World, v. 4.11.0. Venzke, E (ed.). Smithsonian Institution. Downloaded 20 Jun 2022. https://doi.org/10.5479/si.GVP.VOTW4-2013" }, "geometry": { "type": "Point", "coordinates": [ -22.083, 63.883 ] } },
{ "type": "Feature", "properties": { "gid": 1027, "nazwa": "Brennisteinsfjoll", "ostatnia_erupcja": "1341", "kraj": "Islandia", "typ": "mieszane, złożone", "rodzaj_erupcji": "erupcja zaobserwowana", "materiał": "bazalt / pikryt", "tektonika": "strefa ryftowa / skorupa oceaniczna (< 15 km)", "legenda": "Wulkan", "źródło": "Global Volcanism Program, 2013. Volcanoes of the World, v. 4.11.0. Venzke, E (ed.). Smithsonian Institution. Downloaded 20 Jun 2022. https://doi.org/10.5479/si.GVP.VOTW4-2013" }, "geometry": { "type": "Point", "coordinates": [ -21.783, 63.933 ] } },
{ "type": "Feature", "properties": { "gid": 1028, "nazwa": "Hengill", "ostatnia_erupcja": "150", "kraj": "Islandia", "typ": "mieszane, złożone", "rodzaj_erupcji": "erupcja datowana", "materiał": "bazalt / pikryt", "tektonika": "strefa ryftowa / skorupa oceaniczna (< 15 km)", "legenda": "Wulkan", "źródło": "Global Volcanism Program, 2013. Volcanoes of the World, v. 4.11.0. Venzke, E (ed.). Smithsonian Institution. Downloaded 20 Jun 2022. https://doi.org/10.5479/si.GVP.VOTW4-2013" }, "geometry": { "type": "Point", "coordinates": [ -21.416, 64.083 ] } },
{ "type": "Feature", "properties": { "gid": 1030, "nazwa": "Grimsnes", "ostatnia_erupcja": "3500 p.n.e.", "kraj": "Islandia", "typ": "mieszane, złożone", "rodzaj_erupcji": "erupcja datowana", "materiał": "bazalt / pikryt", "tektonika": "strefa ryftowa / skorupa oceaniczna (< 15 km)", "legenda": "Wulkan", "źródło": "Global Volcanism Program, 2013. Volcanoes of the World, v. 4.11.0. Venzke, E (ed.). Smithsonian Institution. Downloaded 20 Jun 2022. https://doi.org/10.5479/si.GVP.VOTW4-2013" }, "geometry": { "type": "Point", "coordinates": [ -20.883, 64.05 ] } },
{ "type": "Feature", "properties": { "gid": 113, "nazwa": "Ambalatungan Group", "ostatnia_erupcja": "brak danych", "kraj": "Filipiny", "typ": "mieszane, złożone", "rodzaj_erupcji": "holocen", "materiał": "dacyt", "tektonika": "strefa subdukcji / skorupa kontynentalna (>25 km)", "legenda": "Wulkan", "źródło": "Global Volcanism Program, 2013. Volcanoes of the World, v. 4.11.0. Venzke, E (ed.). Smithsonian Institution. Downloaded 20 Jun 2022. https://doi.org/10.5479/si.GVP.VOTW4-2013" }, "geometry": { "type": "Point", "coordinates": [ 121.1, 17.32 ] } },
{ "type": "Feature", "properties": { "gid": 267, "nazwa": "Tenchozan", "ostatnia_erupcja": "brak danych", "kraj": "Japonia", "typ": "mieszane, złożone", "rodzaj_erupcji": "erupcja datowana", "materiał": "-", "tektonika": "-", "legenda": "Wulkan", "źródło": "Global Volcanism Program, 2013. Volcanoes of the World, v. 4.11.0. Venzke, E (ed.). Smithsonian Institution. Downloaded 20 Jun 2022. https://doi.org/10.5479/si.GVP.VOTW4-2013" }, "geometry": { "type": "Point", "coordinates": [ 145.086, 44.044 ] } },
{ "type": "Feature", "properties": { "gid": 715, "nazwa": "Cuernos de Negros", "ostatnia_erupcja": "brak danych", "kraj": "Filipiny", "typ": "mieszane, złożone", "rodzaj_erupcji": "holocen", "materiał": "andezyt / andezyt bazaltowy", "tektonika": "strefa subdukcji / skorupa kontynentalna (>25 km)", "legenda": "Wulkan", "źródło": "Global Volcanism Program, 2013. Volcanoes of the World, v. 4.11.0. Venzke, E (ed.). Smithsonian Institution. Downloaded 20 Jun 2022. https://doi.org/10.5479/si.GVP.VOTW4-2013" }, "geometry": { "type": "Point", "coordinates": [ 123.17, 9.25 ] } },
{ "type": "Feature", "properties": { "gid": 717, "nazwa": "Mandalagan", "ostatnia_erupcja": "brak danych", "kraj": "Filipiny", "typ": "mieszane, złożone", "rodzaj_erupcji": "holocen", "materiał": "andezyt / andezyt bazaltowy", "tektonika": "strefa subdukcji / skorupa kontynentalna (>25 km)", "legenda": "Wulkan", "źródło": "Global Volcanism Program, 2013. Volcanoes of the World, v. 4.11.0. Venzke, E (ed.). Smithsonian Institution. Downloaded 20 Jun 2022. https://doi.org/10.5479/si.GVP.VOTW4-2013" }, "geometry": { "type": "Point", "coordinates": [ 123.250000000000114, 10.65 ] } },
{ "type": "Feature", "properties": { "gid": 723, "nazwa": "Pocdol Mountains", "ostatnia_erupcja": "brak danych", "kraj": "Filipiny", "typ": "mieszane, złożone", "rodzaj_erupcji": "holocen", "materiał": "andezyt / andezyt bazaltowy", "tektonika": "strefa subdukcji / skorupa kontynentalna (>25 km)", "legenda": "Wulkan", "źródło": "Global Volcanism Program, 2013. Volcanoes of the World, v. 4.11.0. Venzke, E (ed.). Smithsonian Institution. Downloaded 20 Jun 2022. https://doi.org/10.5479/si.GVP.VOTW4-2013" }, "geometry": { "type": "Point", "coordinates": [ 123.958, 13.05 ] } },
{ "type": "Feature", "properties": { "gid": 863, "nazwa": "Hululais", "ostatnia_erupcja": "brak danych", "kraj": "Indonezja", "typ": "mieszane, złożone", "rodzaj_erupcji": "holocen", "materiał": "bazalt / pikryt", "tektonika": "strefa subdukcji / skorupa kontynentalna (>25 km)", "legenda": "Wulkan", "źródło": "Global Volcanism Program, 2013. Volcanoes of the World, v. 4.11.0. Venzke, E (ed.). Smithsonian Institution. Downloaded 20 Jun 2022. https://doi.org/10.5479/si.GVP.VOTW4-2013" }, "geometry": { "type": "Point", "coordinates": [ 102.239, -3.247 ] } },
{ "type": "Feature", "properties": { "gid": 1277, "nazwa": "Cofre de Perote", "ostatnia_erupcja": "1150", "kraj": "Meksyk", "typ": "tarczowy", "rodzaj_erupcji": "erupcja datowana", "materiał": "andezyt / andezyt bazaltowy", "tektonika": "strefa subdukcji / skorupa kontynentalna (>25 km)", "legenda": "Wulkan", "źródło": "Global Volcanism Program, 2013. Volcanoes of the World, v. 4.11.0. Venzke, E (ed.). Smithsonian Institution. Downloaded 20 Jun 2022. https://doi.org/10.5479/si.GVP.VOTW4-2013" }, "geometry": { "type": "Point", "coordinates": [ -97.15, 19.492 ] } },
{ "type": "Feature", "properties": { "gid": 1281, "nazwa": "San Martin", "ostatnia_erupcja": "1796", "kraj": "Meksyk", "typ": "tarczowy", "rodzaj_erupcji": "erupcja zaobserwowana", "materiał": "tefryt / trachybazalt", "tektonika": "strefa subdukcji / skorupa kontynentalna (>25 km)", "legenda": "Wulkan", "źródło": "Global Volcanism Program, 2013. Volcanoes of the World, v. 4.11.0. Venzke, E (ed.). Smithsonian Institution. Downloaded 20 Jun 2022. https://doi.org/10.5479/si.GVP.VOTW4-2013" }, "geometry": { "type": "Point", "coordinates": [ -95.2, 18.57 ] } },
{ "type": "Feature", "properties": { "gid": 18, "nazwa": "Pantelleria", "ostatnia_erupcja": "1891", "kraj": "Włochy", "typ": "tarczowy", "rodzaj_erupcji": "erupcja zaobserwowana", "materiał": "ryolit", "tektonika": "strefa ryftowa / skorupa kontynentalna (>25 km)", "legenda": "Wulkan", "źródło": "Global Volcanism Program, 2013. Volcanoes of the World, v. 4.11.0. Venzke, E (ed.). Smithsonian Institution. Downloaded 20 Jun 2022. https://doi.org/10.5479/si.GVP.VOTW4-2013" }, "geometry": { "type": "Point", "coordinates": [ 12.02, 36.77 ] } },
{ "type": "Feature", "properties": { "gid": 22, "nazwa": "Santorini", "ostatnia_erupcja": "1950", "kraj": "Grecja", "typ": "tarczowy", "rodzaj_erupcji": "erupcja zaobserwowana", "materiał": "dacyt", "tektonika": "strefa subdukcji / skorupa kontynentalna (>25 km)", "legenda": "Wulkan", "źródło": "Global Volcanism Program, 2013. Volcanoes of the World, v. 4.11.0. Venzke, E (ed.). Smithsonian Institution. Downloaded 20 Jun 2022. https://doi.org/10.5479/si.GVP.VOTW4-2013" }, "geometry": { "type": "Point", "coordinates": [ 25.396, 36.404 ] } },
{ "type": "Feature", "properties": { "gid": 44, "nazwa": "Zubair Group", "ostatnia_erupcja": "2013", "kraj": "Jemen", "typ": "tarczowy", "rodzaj_erupcji": "erupcja zaobserwowana", "materiał": "bazalt / pikryt", "tektonika": "strefa ryftowa / skorupa oceaniczna (< 15 km)", "legenda": "Wulkan", "źródło": "Global Volcanism Program, 2013. Volcanoes of the World, v. 4.11.0. Venzke, E (ed.). Smithsonian Institution. Downloaded 20 Jun 2022. https://doi.org/10.5479/si.GVP.VOTW4-2013" }, "geometry": { "type": "Point", "coordinates": [ 42.18, 15.05 ] } },
{ "type": "Feature", "properties": { "gid": 54, "nazwa": "Erta Ale", "ostatnia_erupcja": "2018", "kraj": "Etiopia", "typ": "tarczowy", "rodzaj_erupcji": "erupcja zaobserwowana", "materiał": "bazalt / pikryt", "tektonika": "strefa ryftowa / skorupa pośrednia (15-25 km)", "legenda": "Wulkan", "źródło": "Global Volcanism Program, 2013. Volcanoes of the World, v. 4.11.0. Venzke, E (ed.). Smithsonian Institution. Downloaded 20 Jun 2022. https://doi.org/10.5479/si.GVP.VOTW4-2013" }, "geometry": { "type": "Point", "coordinates": [ 40.67, 13.6 ] } },
{ "type": "Feature", "properties": { "gid": 67, "nazwa": "Alayta", "ostatnia_erupcja": "1915", "kraj": "Etiopia", "typ": "tarczowy", "rodzaj_erupcji": "erupcja zaobserwowana", "materiał": "bazalt / pikryt", "tektonika": "strefa ryftowa / skorupa pośrednia (15-25 km)", "legenda": "Wulkan", "źródło": "Global Volcanism Program, 2013. Volcanoes of the World, v. 4.11.0. Venzke, E (ed.). Smithsonian Institution. Downloaded 20 Jun 2022. https://doi.org/10.5479/si.GVP.VOTW4-2013" }, "geometry": { "type": "Point", "coordinates": [ 40.573, 12.888 ] } },
{ "type": "Feature", "properties": { "gid": 79, "nazwa": "Dama Ali", "ostatnia_erupcja": "1631", "kraj": "Etiopia", "typ": "tarczowy", "rodzaj_erupcji": "erupcja zaobserwowana", "materiał": "bazalt / pikryt", "tektonika": "strefa ryftowa / skorupa pośrednia (15-25 km)", "legenda": "Wulkan", "źródło": "Global Volcanism Program, 2013. Volcanoes of the World, v. 4.11.0. Venzke, E (ed.). Smithsonian Institution. Downloaded 20 Jun 2022. https://doi.org/10.5479/si.GVP.VOTW4-2013" }, "geometry": { "type": "Point", "coordinates": [ 41.63, 11.28 ] } },
{ "type": "Feature", "properties": { "gid": 431, "nazwa": "Severny", "ostatnia_erupcja": "1550 p.n.e.", "kraj": "Rosja", "typ": "tarczowy", "rodzaj_erupcji": "erupcja datowana", "materiał": "bazalt / pikryt", "tektonika": "strefa subdukcji / skorupa kontynentalna (>25 km)", "legenda": "Wulkan", "źródło": "Global Volcanism Program, 2013. Volcanoes of the World, v. 4.11.0. Venzke, E (ed.). Smithsonian Institution. Downloaded 20 Jun 2022. https://doi.org/10.5479/si.GVP.VOTW4-2013" }, "geometry": { "type": "Point", "coordinates": [ 160.870000000000118, 58.28 ] } },
{ "type": "Feature", "properties": { "gid": 338, "nazwa": "Menengai", "ostatnia_erupcja": "6050 p.n.e.", "kraj": "Kenia", "typ": "tarczowy", "rodzaj_erupcji": "erupcja datowana", "materiał": "trachit", "tektonika": "strefa ryftowa / skorupa kontynentalna (>25 km)", "legenda": "Wulkan", "źródło": "Global Volcanism Program, 2013. Volcanoes of the World, v. 4.11.0. Venzke, E (ed.). Smithsonian Institution. Downloaded 20 Jun 2022. https://doi.org/10.5479/si.GVP.VOTW4-2013" }, "geometry": { "type": "Point", "coordinates": [ 36.07, -0.2 ] } },
{ "type": "Feature", "properties": { "gid": 761, "nazwa": "Tolbachik", "ostatnia_erupcja": "2013", "kraj": "Rosja", "typ": "tarczowy", "rodzaj_erupcji": "erupcja zaobserwowana", "materiał": "bazalt / pikryt", "tektonika": "strefa subdukcji / skorupa kontynentalna (>25 km)", "legenda": "Wulkan", "źródło": "Global Volcanism Program, 2013. Volcanoes of the World, v. 4.11.0. Venzke, E (ed.). Smithsonian Institution. Downloaded 20 Jun 2022. https://doi.org/10.5479/si.GVP.VOTW4-2013" }, "geometry": { "type": "Point", "coordinates": [ 160.326, 55.832 ] } },
{ "type": "Feature", "properties": { "gid": 780, "nazwa": "Bolshoi-Kekuknaysky", "ostatnia_erupcja": "5310 p.n.e.", "kraj": "Rosja", "typ": "tarczowy", "rodzaj_erupcji": "erupcja datowana", "materiał": "bazalt / pikryt", "tektonika": "strefa subdukcji / skorupa kontynentalna (>25 km)", "legenda": "Wulkan", "źródło": "Global Volcanism Program, 2013. Volcanoes of the World, v. 4.11.0. Venzke, E (ed.). Smithsonian Institution. Downloaded 20 Jun 2022. https://doi.org/10.5479/si.GVP.VOTW4-2013" }, "geometry": { "type": "Point", "coordinates": [ 157.917, 56.483 ] } },
{ "type": "Feature", "properties": { "gid": 796, "nazwa": "Terpuk", "ostatnia_erupcja": "800 p.n.e.", "kraj": "Rosja", "typ": "tarczowy", "rodzaj_erupcji": "erupcja datowana", "materiał": "bazalt / pikryt", "tektonika": "strefa subdukcji / skorupa kontynentalna (>25 km)", "legenda": "Wulkan", "źródło": "Global Volcanism Program, 2013. Volcanoes of the World, v. 4.11.0. Venzke, E (ed.). Smithsonian Institution. Downloaded 20 Jun 2022. https://doi.org/10.5479/si.GVP.VOTW4-2013" }, "geometry": { "type": "Point", "coordinates": [ 159.83, 57.2 ] } },
{ "type": "Feature", "properties": { "gid": 797, "nazwa": "Sedankinsky", "ostatnia_erupcja": "7050 p.n.e.", "kraj": "Rosja", "typ": "tarczowy", "rodzaj_erupcji": "erupcja datowana", "materiał": "bazalt / pikryt", "tektonika": "strefa subdukcji / skorupa kontynentalna (>25 km)", "legenda": "Wulkan", "źródło": "Global Volcanism Program, 2013. Volcanoes of the World, v. 4.11.0. Venzke, E (ed.). Smithsonian Institution. Downloaded 20 Jun 2022. https://doi.org/10.5479/si.GVP.VOTW4-2013" }, "geometry": { "type": "Point", "coordinates": [ 160.08, 57.27 ] } },
{ "type": "Feature", "properties": { "gid": 803, "nazwa": "Titila", "ostatnia_erupcja": "550 p.n.e.", "kraj": "Rosja", "typ": "tarczowy", "rodzaj_erupcji": "erupcja datowana", "materiał": "bazalt / pikryt", "tektonika": "strefa subdukcji / skorupa kontynentalna (>25 km)", "legenda": "Wulkan", "źródło": "Global Volcanism Program, 2013. Volcanoes of the World, v. 4.11.0. Venzke, E (ed.). Smithsonian Institution. Downloaded 20 Jun 2022. https://doi.org/10.5479/si.GVP.VOTW4-2013" }, "geometry": { "type": "Point", "coordinates": [ 160.108, 57.406 ] } },
{ "type": "Feature", "properties": { "gid": 806, "nazwa": "Elovsky", "ostatnia_erupcja": "7550 p.n.e.", "kraj": "Rosja", "typ": "tarczowy", "rodzaj_erupcji": "erupcja datowana", "materiał": "bazalt / pikryt", "tektonika": "strefa subdukcji / skorupa kontynentalna (>25 km)", "legenda": "Wulkan", "źródło": "Global Volcanism Program, 2013. Volcanoes of the World, v. 4.11.0. Venzke, E (ed.). Smithsonian Institution. Downloaded 20 Jun 2022. https://doi.org/10.5479/si.GVP.VOTW4-2013" }, "geometry": { "type": "Point", "coordinates": [ 160.53, 57.55 ] } },
{ "type": "Feature", "properties": { "gid": 843, "nazwa": "Newer Volcanics Province", "ostatnia_erupcja": "2900 p.n.e.", "kraj": "Australia", "typ": "tarczowy", "rodzaj_erupcji": "erupcja datowana", "materiał": "tefryt / trachybazalt", "tektonika": "strefa subdukcji / skorupa kontynentalna (>25 km)", "legenda": "Wulkan", "źródło": "Global Volcanism Program, 2013. Volcanoes of the World, v. 4.11.0. Venzke, E (ed.). Smithsonian Institution. Downloaded 20 Jun 2022. https://doi.org/10.5479/si.GVP.VOTW4-2013" }, "geometry": { "type": "Point", "coordinates": [ 142.500000000000114, -37.77 ] } },
{ "type": "Feature", "properties": { "gid": 175, "nazwa": "Nikko-Shiranesan", "ostatnia_erupcja": "1952", "kraj": "Japonia", "typ": "tarczowy", "rodzaj_erupcji": "erupcja zaobserwowana", "materiał": "andezyt / andezyt bazaltowy", "tektonika": "strefa subdukcji / skorupa kontynentalna (>25 km)", "legenda": "Wulkan", "źródło": "Global Volcanism Program, 2013. Volcanoes of the World, v. 4.11.0. Venzke, E (ed.). Smithsonian Institution. Downloaded 20 Jun 2022. https://doi.org/10.5479/si.GVP.VOTW4-2013" }, "geometry": { "type": "Point", "coordinates": [ 139.376, 36.799 ] } },
{ "type": "Feature", "properties": { "gid": 180, "nazwa": "Numazawa", "ostatnia_erupcja": "3400 p.n.e.", "kraj": "Japonia", "typ": "tarczowy", "rodzaj_erupcji": "erupcja datowana", "materiał": "dacyt", "tektonika": "strefa subdukcji / skorupa kontynentalna (>25 km)", "legenda": "Wulkan", "źródło": "Global Volcanism Program, 2013. Volcanoes of the World, v. 4.11.0. Venzke, E (ed.). Smithsonian Institution. Downloaded 20 Jun 2022. https://doi.org/10.5479/si.GVP.VOTW4-2013" }, "geometry": { "type": "Point", "coordinates": [ 139.566, 37.444 ] } },
{ "type": "Feature", "properties": { "gid": 147, "nazwa": "Kirishimayama", "ostatnia_erupcja": "2018", "kraj": "Japonia", "typ": "tarczowy", "rodzaj_erupcji": "erupcja zaobserwowana", "materiał": "andezyt / andezyt bazaltowy", "tektonika": "strefa subdukcji / skorupa kontynentalna (>25 km)", "legenda": "Wulkan", "źródło": "Global Volcanism Program, 2013. Volcanoes of the World, v. 4.11.0. Venzke, E (ed.). Smithsonian Institution. Downloaded 20 Jun 2022. https://doi.org/10.5479/si.GVP.VOTW4-2013" }, "geometry": { "type": "Point", "coordinates": [ 130.862, 31.934 ] } },
{ "type": "Feature", "properties": { "gid": 148, "nazwa": "Fukue", "ostatnia_erupcja": "400 p.n.e.", "kraj": "Japonia", "typ": "tarczowy", "rodzaj_erupcji": "erupcja datowana", "materiał": "bazalt / pikryt", "tektonika": "strefa subdukcji / skorupa kontynentalna (>25 km)", "legenda": "Wulkan", "źródło": "Global Volcanism Program, 2013. Volcanoes of the World, v. 4.11.0. Venzke, E (ed.). Smithsonian Institution. Downloaded 20 Jun 2022. https://doi.org/10.5479/si.GVP.VOTW4-2013" }, "geometry": { "type": "Point", "coordinates": [ 128.849, 32.657 ] } },
{ "type": "Feature", "properties": { "gid": 911, "nazwa": "St. Paul Island", "ostatnia_erupcja": "1280 p.n.e.", "kraj": "Stany Zjednoczone", "typ": "tarczowy", "rodzaj_erupcji": "erupcja datowana", "materiał": "tefryt / trachybazalt", "tektonika": "strefa subdukcji / skorupa kontynentalna (>25 km)", "legenda": "Wulkan", "źródło": "Global Volcanism Program, 2013. Volcanoes of the World, v. 4.11.0. Venzke, E (ed.). Smithsonian Institution. Downloaded 20 Jun 2022. https://doi.org/10.5479/si.GVP.VOTW4-2013" }, "geometry": { "type": "Point", "coordinates": [ -170.3, 57.18 ] } },
{ "type": "Feature", "properties": { "gid": 914, "nazwa": "Imuruk Lake", "ostatnia_erupcja": "300", "kraj": "Stany Zjednoczone", "typ": "tarczowy", "rodzaj_erupcji": "erupcja datowana", "materiał": "bazalt / pikryt", "tektonika": "strefa subdukcji / skorupa kontynentalna (>25 km)", "legenda": "Wulkan", "źródło": "Global Volcanism Program, 2013. Volcanoes of the World, v. 4.11.0. Venzke, E (ed.). Smithsonian Institution. Downloaded 20 Jun 2022. https://doi.org/10.5479/si.GVP.VOTW4-2013" }, "geometry": { "type": "Point", "coordinates": [ -163.45, 65.517 ] } },
{ "type": "Feature", "properties": { "gid": 153, "nazwa": "Abu", "ostatnia_erupcja": "6850 p.n.e.", "kraj": "Japonia", "typ": "tarczowy", "rodzaj_erupcji": "erupcja datowana", "materiał": "andezyt / andezyt bazaltowy", "tektonika": "strefa subdukcji / skorupa kontynentalna (>25 km)", "legenda": "Wulkan", "źródło": "Global Volcanism Program, 2013. Volcanoes of the World, v. 4.11.0. Venzke, E (ed.). Smithsonian Institution. Downloaded 20 Jun 2022. https://doi.org/10.5479/si.GVP.VOTW4-2013" }, "geometry": { "type": "Point", "coordinates": [ 131.6, 34.5 ] } },
{ "type": "Feature", "properties": { "gid": 916, "nazwa": "Wrangell", "ostatnia_erupcja": "1912", "kraj": "Stany Zjednoczone", "typ": "tarczowy", "rodzaj_erupcji": "erupcja zaobserwowana", "materiał": "andezyt / andezyt bazaltowy", "tektonika": "strefa subdukcji / skorupa kontynentalna (>25 km)", "legenda": "Wulkan", "źródło": "Global Volcanism Program, 2013. Volcanoes of the World, v. 4.11.0. Venzke, E (ed.). Smithsonian Institution. Downloaded 20 Jun 2022. https://doi.org/10.5479/si.GVP.VOTW4-2013" }, "geometry": { "type": "Point", "coordinates": [ -144.017, 62.006 ] } },
{ "type": "Feature", "properties": { "gid": 949, "nazwa": "Indian Heaven", "ostatnia_erupcja": "6250 p.n.e.", "kraj": "Stany Zjednoczone", "typ": "tarczowy", "rodzaj_erupcji": "erupcja datowana", "materiał": "bazalt / pikryt", "tektonika": "strefa subdukcji / skorupa kontynentalna (>25 km)", "legenda": "Wulkan", "źródło": "Global Volcanism Program, 2013. Volcanoes of the World, v. 4.11.0. Venzke, E (ed.). Smithsonian Institution. Downloaded 20 Jun 2022. https://doi.org/10.5479/si.GVP.VOTW4-2013" }, "geometry": { "type": "Point", "coordinates": [ -121.82, 45.93 ] } },
{ "type": "Feature", "properties": { "gid": 332, "nazwa": "Emuruangogolak", "ostatnia_erupcja": "1910", "kraj": "Kenia", "typ": "tarczowy", "rodzaj_erupcji": "erupcja datowana", "materiał": "trachit", "tektonika": "strefa ryftowa / skorupa kontynentalna (>25 km)", "legenda": "Wulkan", "źródło": "Global Volcanism Program, 2013. Volcanoes of the World, v. 4.11.0. Venzke, E (ed.). Smithsonian Institution. Downloaded 20 Jun 2022. https://doi.org/10.5479/si.GVP.VOTW4-2013" }, "geometry": { "type": "Point", "coordinates": [ 36.33, 1.5 ] } },
{ "type": "Feature", "properties": { "gid": 954, "nazwa": "Belknap", "ostatnia_erupcja": "480", "kraj": "Stany Zjednoczone", "typ": "tarczowy", "rodzaj_erupcji": "erupcja datowana", "materiał": "andezyt / andezyt bazaltowy", "tektonika": "strefa subdukcji / skorupa kontynentalna (>25 km)", "legenda": "Wulkan", "źródło": "Global Volcanism Program, 2013. Volcanoes of the World, v. 4.11.0. Venzke, E (ed.). Smithsonian Institution. Downloaded 20 Jun 2022. https://doi.org/10.5479/si.GVP.VOTW4-2013" }, "geometry": { "type": "Point", "coordinates": [ -121.841, 44.285 ] } },
{ "type": "Feature", "properties": { "gid": 958, "nazwa": "Newberry", "ostatnia_erupcja": "690", "kraj": "Stany Zjednoczone", "typ": "tarczowy", "rodzaj_erupcji": "erupcja datowana", "materiał": "andezyt / andezyt bazaltowy", "tektonika": "strefa subdukcji / skorupa kontynentalna (>25 km)", "legenda": "Wulkan", "źródło": "Global Volcanism Program, 2013. Volcanoes of the World, v. 4.11.0. Venzke, E (ed.). Smithsonian Institution. Downloaded 20 Jun 2022. https://doi.org/10.5479/si.GVP.VOTW4-2013" }, "geometry": { "type": "Point", "coordinates": [ -121.229, 43.722 ] } },
{ "type": "Feature", "properties": { "gid": 965, "nazwa": "Medicine Lake", "ostatnia_erupcja": "1060", "kraj": "Stany Zjednoczone", "typ": "tarczowy", "rodzaj_erupcji": "erupcja datowana", "materiał": "bazalt / pikryt", "tektonika": "strefa subdukcji / skorupa kontynentalna (>25 km)", "legenda": "Wulkan", "źródło": "Global Volcanism Program, 2013. Volcanoes of the World, v. 4.11.0. Venzke, E (ed.). Smithsonian Institution. Downloaded 20 Jun 2022. https://doi.org/10.5479/si.GVP.VOTW4-2013" }, "geometry": { "type": "Point", "coordinates": [ -121.554, 41.611 ] } },
{ "type": "Feature", "properties": { "gid": 975, "nazwa": "Black Butte Crater Lava Field", "ostatnia_erupcja": "8400 p.n.e.", "kraj": "Stany Zjednoczone", "typ": "tarczowy", "rodzaj_erupcji": "erupcja datowana", "materiał": "bazalt / pikryt", "tektonika": "strefa ryftowa / skorupa kontynentalna (>25 km)", "legenda": "Wulkan", "źródło": "Global Volcanism Program, 2013. Volcanoes of the World, v. 4.11.0. Venzke, E (ed.). Smithsonian Institution. Downloaded 20 Jun 2022. https://doi.org/10.5479/si.GVP.VOTW4-2013" }, "geometry": { "type": "Point", "coordinates": [ -114.352, 43.183 ] } },
{ "type": "Feature", "properties": { "gid": 538, "nazwa": "Mayor Island", "ostatnia_erupcja": "5060 p.n.e.", "kraj": "Nowa Zelandia", "typ": "tarczowy", "rodzaj_erupcji": "erupcja datowana", "materiał": "ryolit", "tektonika": "strefa subdukcji / skorupa kontynentalna (>25 km)", "legenda": "Wulkan", "źródło": "Global Volcanism Program, 2013. Volcanoes of the World, v. 4.11.0. Venzke, E (ed.). Smithsonian Institution. Downloaded 20 Jun 2022. https://doi.org/10.5479/si.GVP.VOTW4-2013" }, "geometry": { "type": "Point", "coordinates": [ 176.250000000000114, -37.28 ] } },
{ "type": "Feature", "properties": { "gid": 977, "nazwa": "Wapi Lava Field", "ostatnia_erupcja": "300 p.n.e.", "kraj": "Stany Zjednoczone", "typ": "tarczowy", "rodzaj_erupcji": "erupcja datowana", "materiał": "bazalt / pikryt", "tektonika": "strefa ryftowa / skorupa kontynentalna (>25 km)", "legenda": "Wulkan", "źródło": "Global Volcanism Program, 2013. Volcanoes of the World, v. 4.11.0. Venzke, E (ed.). Smithsonian Institution. Downloaded 20 Jun 2022. https://doi.org/10.5479/si.GVP.VOTW4-2013" }, "geometry": { "type": "Point", "coordinates": [ -113.22, 42.88 ] } },
{ "type": "Feature", "properties": { "gid": 978, "nazwa": "Hell's Half Acre", "ostatnia_erupcja": "3250 p.n.e.", "kraj": "Stany Zjednoczone", "typ": "tarczowy", "rodzaj_erupcji": "erupcja datowana", "materiał": "bazalt / pikryt", "tektonika": "strefa ryftowa / skorupa kontynentalna (>25 km)", "legenda": "Wulkan", "źródło": "Global Volcanism Program, 2013. Volcanoes of the World, v. 4.11.0. Venzke, E (ed.). Smithsonian Institution. Downloaded 20 Jun 2022. https://doi.org/10.5479/si.GVP.VOTW4-2013" }, "geometry": { "type": "Point", "coordinates": [ -112.45, 43.5 ] } },
{ "type": "Feature", "properties": { "gid": 1000, "nazwa": "Kilauea", "ostatnia_erupcja": "2021", "kraj": "Stany Zjednoczone", "typ": "tarczowy", "rodzaj_erupcji": "erupcja zaobserwowana", "materiał": "bazalt / pikryt", "tektonika": "strefa subdukcji / skorupa oceaniczna (< 15 km)", "legenda": "Wulkan", "źródło": "Global Volcanism Program, 2013. Volcanoes of the World, v. 4.11.0. Venzke, E (ed.). Smithsonian Institution. Downloaded 20 Jun 2022. https://doi.org/10.5479/si.GVP.VOTW4-2013" }, "geometry": { "type": "Point", "coordinates": [ -155.287, 19.421 ] } },
{ "type": "Feature", "properties": { "gid": 357, "nazwa": "Nyamuragira", "ostatnia_erupcja": "2018", "kraj": "Demokratyczna Republika Konga", "typ": "tarczowy", "rodzaj_erupcji": "erupcja zaobserwowana", "materiał": "tefryt / trachybazalt", "tektonika": "strefa ryftowa / skorupa kontynentalna (>25 km)", "legenda": "Wulkan", "źródło": "Global Volcanism Program, 2013. Volcanoes of the World, v. 4.11.0. Venzke, E (ed.). Smithsonian Institution. Downloaded 20 Jun 2022. https://doi.org/10.5479/si.GVP.VOTW4-2013" }, "geometry": { "type": "Point", "coordinates": [ 29.2, -1.408 ] } },
{ "type": "Feature", "properties": { "gid": 1015, "nazwa": "Mauna Loa", "ostatnia_erupcja": "1984", "kraj": "Stany Zjednoczone", "typ": "tarczowy", "rodzaj_erupcji": "erupcja zaobserwowana", "materiał": "bazalt / pikryt", "tektonika": "strefa subdukcji / skorupa oceaniczna (< 15 km)", "legenda": "Wulkan", "źródło": "Global Volcanism Program, 2013. Volcanoes of the World, v. 4.11.0. Venzke, E (ed.). Smithsonian Institution. Downloaded 20 Jun 2022. https://doi.org/10.5479/si.GVP.VOTW4-2013" }, "geometry": { "type": "Point", "coordinates": [ -155.608, 19.475 ] } },
{ "type": "Feature", "properties": { "gid": 1048, "nazwa": "Theistareykir", "ostatnia_erupcja": "900 p.n.e.", "kraj": "Islandia", "typ": "tarczowy", "rodzaj_erupcji": "erupcja datowana", "materiał": "bazalt / pikryt", "tektonika": "strefa ryftowa / skorupa oceaniczna (< 15 km)", "legenda": "Wulkan", "źródło": "Global Volcanism Program, 2013. Volcanoes of the World, v. 4.11.0. Venzke, E (ed.). Smithsonian Institution. Downloaded 20 Jun 2022. https://doi.org/10.5479/si.GVP.VOTW4-2013" }, "geometry": { "type": "Point", "coordinates": [ -17.166, 65.833 ] } },
{ "type": "Feature", "properties": { "gid": 329, "nazwa": "Barrier, The", "ostatnia_erupcja": "1921", "kraj": "Kenia", "typ": "tarczowy", "rodzaj_erupcji": "erupcja zaobserwowana", "materiał": "trachit", "tektonika": "strefa ryftowa / skorupa kontynentalna (>25 km)", "legenda": "Wulkan", "źródło": "Global Volcanism Program, 2013. Volcanoes of the World, v. 4.11.0. Venzke, E (ed.). Smithsonian Institution. Downloaded 20 Jun 2022. https://doi.org/10.5479/si.GVP.VOTW4-2013" }, "geometry": { "type": "Point", "coordinates": [ 36.57, 2.32 ] } },
{ "type": "Feature", "properties": { "gid": 330, "nazwa": "Namarunu", "ostatnia_erupcja": "6550 p.n.e.", "kraj": "Kenia", "typ": "tarczowy", "rodzaj_erupcji": "erupcja datowana", "materiał": "bazalt / pikryt", "tektonika": "strefa ryftowa / skorupa kontynentalna (>25 km)", "legenda": "Wulkan", "źródło": "Global Volcanism Program, 2013. Volcanoes of the World, v. 4.11.0. Venzke, E (ed.). Smithsonian Institution. Downloaded 20 Jun 2022. https://doi.org/10.5479/si.GVP.VOTW4-2013" }, "geometry": { "type": "Point", "coordinates": [ 36.43, 1.98 ] } },
{ "type": "Feature", "properties": { "gid": 333, "nazwa": "Silali", "ostatnia_erupcja": "5050 p.n.e.", "kraj": "Kenia", "typ": "tarczowy", "rodzaj_erupcji": "erupcja datowana", "materiał": "trachit", "tektonika": "strefa ryftowa / skorupa kontynentalna (>25 km)", "legenda": "Wulkan", "źródło": "Global Volcanism Program, 2013. Volcanoes of the World, v. 4.11.0. Venzke, E (ed.). Smithsonian Institution. Downloaded 20 Jun 2022. https://doi.org/10.5479/si.GVP.VOTW4-2013" }, "geometry": { "type": "Point", "coordinates": [ 36.23, 1.15 ] } },
{ "type": "Feature", "properties": { "gid": 1068, "nazwa": "Madeira", "ostatnia_erupcja": "4500 p.n.e.", "kraj": "Portugalia", "typ": "tarczowy", "rodzaj_erupcji": "erupcja datowana", "materiał": "bazalt / pikryt", "tektonika": "strefa subdukcji / skorupa oceaniczna (< 15 km)", "legenda": "Wulkan", "źródło": "Global Volcanism Program, 2013. Volcanoes of the World, v. 4.11.0. Venzke, E (ed.). Smithsonian Institution. Downloaded 20 Jun 2022. https://doi.org/10.5479/si.GVP.VOTW4-2013" }, "geometry": { "type": "Point", "coordinates": [ -16.97, 32.73 ] } },
{ "type": "Feature", "properties": { "gid": 1070, "nazwa": "Hierro", "ostatnia_erupcja": "2012", "kraj": "Hiszpania", "typ": "tarczowy", "rodzaj_erupcji": "erupcja zaobserwowana", "materiał": "tefryt / trachybazalt", "tektonika": "strefa subdukcji / skorupa oceaniczna (< 15 km)", "legenda": "Wulkan", "źródło": "Global Volcanism Program, 2013. Volcanoes of the World, v. 4.11.0. Venzke, E (ed.). Smithsonian Institution. Downloaded 20 Jun 2022. https://doi.org/10.5479/si.GVP.VOTW4-2013" }, "geometry": { "type": "Point", "coordinates": [ -18.03, 27.73 ] } },
{ "type": "Feature", "properties": { "gid": 366, "nazwa": "Santa Isabel", "ostatnia_erupcja": "1923", "kraj": "Gwinea Równikowa", "typ": "tarczowy", "rodzaj_erupcji": "erupcja zaobserwowana", "materiał": "bazalt / pikryt", "tektonika": "strefa subdukcji / skorupa kontynentalna (>25 km)", "legenda": "Wulkan", "źródło": "Global Volcanism Program, 2013. Volcanoes of the World, v. 4.11.0. Venzke, E (ed.). Smithsonian Institution. Downloaded 20 Jun 2022. https://doi.org/10.5479/si.GVP.VOTW4-2013" }, "geometry": { "type": "Point", "coordinates": [ 8.762, 3.588 ] } },
{ "type": "Feature", "properties": { "gid": 1080, "nazwa": "Tristan da Cunha", "ostatnia_erupcja": "1962", "kraj": "Wielka Brytania", "typ": "tarczowy", "rodzaj_erupcji": "erupcja zaobserwowana", "materiał": "tefryt / trachybazalt", "tektonika": "strefa ryftowa / skorupa oceaniczna (< 15 km)", "legenda": "Wulkan", "źródło": "Global Volcanism Program, 2013. Volcanoes of the World, v. 4.11.0. Venzke, E (ed.). Smithsonian Institution. Downloaded 20 Jun 2022. https://doi.org/10.5479/si.GVP.VOTW4-2013" }, "geometry": { "type": "Point", "coordinates": [ -12.28, -37.092 ] } },
{ "type": "Feature", "properties": { "gid": 1082, "nazwa": "Bouvet", "ostatnia_erupcja": "50 p.n.e.", "kraj": "Norwegia", "typ": "tarczowy", "rodzaj_erupcji": "erupcja datowana", "materiał": "bazalt / pikryt", "tektonika": "strefa ryftowa / skorupa oceaniczna (< 15 km)", "legenda": "Wulkan", "źródło": "Global Volcanism Program, 2013. Volcanoes of the World, v. 4.11.0. Venzke, E (ed.). Smithsonian Institution. Downloaded 20 Jun 2022. https://doi.org/10.5479/si.GVP.VOTW4-2013" }, "geometry": { "type": "Point", "coordinates": [ 3.351, -54.408 ] } },
{ "type": "Feature", "properties": { "gid": 1092, "nazwa": "Berlin", "ostatnia_erupcja": "8350 p.n.e.", "kraj": "Antarktyda", "typ": "tarczowy", "rodzaj_erupcji": "erupcja datowana", "materiał": "trachit", "tektonika": "strefa subdukcji / skorupa kontynentalna (>25 km)", "legenda": "Wulkan", "źródło": "Global Volcanism Program, 2013. Volcanoes of the World, v. 4.11.0. Venzke, E (ed.). Smithsonian Institution. Downloaded 20 Jun 2022. https://doi.org/10.5479/si.GVP.VOTW4-2013" }, "geometry": { "type": "Point", "coordinates": [ -136.0, -76.05 ] } },
{ "type": "Feature", "properties": { "gid": 1097, "nazwa": "Takahe", "ostatnia_erupcja": "5550 p.n.e.", "kraj": "Antarktyda", "typ": "tarczowy", "rodzaj_erupcji": "erupcja datowana", "materiał": "trachit", "tektonika": "strefa subdukcji / skorupa kontynentalna (>25 km)", "legenda": "Wulkan", "źródło": "Global Volcanism Program, 2013. Volcanoes of the World, v. 4.11.0. Venzke, E (ed.). Smithsonian Institution. Downloaded 20 Jun 2022. https://doi.org/10.5479/si.GVP.VOTW4-2013" }, "geometry": { "type": "Point", "coordinates": [ -112.08, -76.28 ] } },
{ "type": "Feature", "properties": { "gid": 1187, "nazwa": "Santiago", "ostatnia_erupcja": "1906", "kraj": "Ekwador", "typ": "tarczowy", "rodzaj_erupcji": "erupcja zaobserwowana", "materiał": "bazalt / pikryt", "tektonika": "strefa ryftowa / skorupa oceaniczna (< 15 km)", "legenda": "Wulkan", "źródło": "Global Volcanism Program, 2013. Volcanoes of the World, v. 4.11.0. Venzke, E (ed.). Smithsonian Institution. Downloaded 20 Jun 2022. https://doi.org/10.5479/si.GVP.VOTW4-2013" }, "geometry": { "type": "Point", "coordinates": [ -90.77, -0.22 ] } },
{ "type": "Feature", "properties": { "gid": 408, "nazwa": "Mayotte Island", "ostatnia_erupcja": "2050 p.n.e.", "kraj": "Francja", "typ": "tarczowy", "rodzaj_erupcji": "erupcja datowana", "materiał": "bazalt / pikryt", "tektonika": "strefa subdukcji / skorupa oceaniczna (< 15 km)", "legenda": "Wulkan", "źródło": "Global Volcanism Program, 2013. Volcanoes of the World, v. 4.11.0. Venzke, E (ed.). Smithsonian Institution. Downloaded 20 Jun 2022. https://doi.org/10.5479/si.GVP.VOTW4-2013" }, "geometry": { "type": "Point", "coordinates": [ 45.17, -12.83 ] } },
{ "type": "Feature", "properties": { "gid": 409, "nazwa": "Karthala", "ostatnia_erupcja": "2007", "kraj": "Komory", "typ": "tarczowy", "rodzaj_erupcji": "erupcja zaobserwowana", "materiał": "bazalt / pikryt", "tektonika": "strefa subdukcji / skorupa oceaniczna (< 15 km)", "legenda": "Wulkan", "źródło": "Global Volcanism Program, 2013. Volcanoes of the World, v. 4.11.0. Venzke, E (ed.). Smithsonian Institution. Downloaded 20 Jun 2022. https://doi.org/10.5479/si.GVP.VOTW4-2013" }, "geometry": { "type": "Point", "coordinates": [ 43.38, -11.75 ] } },
{ "type": "Feature", "properties": { "gid": 415, "nazwa": "Fournaise, Piton de la", "ostatnia_erupcja": "2018", "kraj": "Francja", "typ": "tarczowy", "rodzaj_erupcji": "erupcja zaobserwowana", "materiał": "bazalt / pikryt", "tektonika": "strefa subdukcji / skorupa oceaniczna (< 15 km)", "legenda": "Wulkan", "źródło": "Global Volcanism Program, 2013. Volcanoes of the World, v. 4.11.0. Venzke, E (ed.). Smithsonian Institution. Downloaded 20 Jun 2022. https://doi.org/10.5479/si.GVP.VOTW4-2013" }, "geometry": { "type": "Point", "coordinates": [ 55.708, -21.244 ] } },
{ "type": "Feature", "properties": { "gid": 1107, "nazwa": "Montagu Island", "ostatnia_erupcja": "2007", "kraj": "Wielka Brytania", "typ": "tarczowy", "rodzaj_erupcji": "erupcja zaobserwowana", "materiał": "bazalt / pikryt", "tektonika": "strefa subdukcji / skorupa oceaniczna (< 15 km)", "legenda": "Wulkan", "źródło": "Global Volcanism Program, 2013. Volcanoes of the World, v. 4.11.0. Venzke, E (ed.). Smithsonian Institution. Downloaded 20 Jun 2022. https://doi.org/10.5479/si.GVP.VOTW4-2013" }, "geometry": { "type": "Point", "coordinates": [ -26.374, -58.445 ] } },
{ "type": "Feature", "properties": { "gid": 421, "nazwa": "Nylgimelkin", "ostatnia_erupcja": "3550 p.n.e.", "kraj": "Rosja", "typ": "tarczowy", "rodzaj_erupcji": "erupcja datowana", "materiał": "bazalt / pikryt", "tektonika": "strefa subdukcji / skorupa kontynentalna (>25 km)", "legenda": "Wulkan", "źródło": "Global Volcanism Program, 2013. Volcanoes of the World, v. 4.11.0. Venzke, E (ed.). Smithsonian Institution. Downloaded 20 Jun 2022. https://doi.org/10.5479/si.GVP.VOTW4-2013" }, "geometry": { "type": "Point", "coordinates": [ 160.65, 57.97 ] } },
{ "type": "Feature", "properties": { "gid": 456, "nazwa": "Halla", "ostatnia_erupcja": "1007", "kraj": "Korea Południowa", "typ": "tarczowy", "rodzaj_erupcji": "erupcja zaobserwowana", "materiał": "bazalt / pikryt", "tektonika": "strefa subdukcji / skorupa kontynentalna (>25 km)", "legenda": "Wulkan", "źródło": "Global Volcanism Program, 2013. Volcanoes of the World, v. 4.11.0. Venzke, E (ed.). Smithsonian Institution. Downloaded 20 Jun 2022. https://doi.org/10.5479/si.GVP.VOTW4-2013" }, "geometry": { "type": "Point", "coordinates": [ 126.53, 33.361 ] } },
{ "type": "Feature", "properties": { "gid": 1144, "nazwa": "Santa Isabel", "ostatnia_erupcja": "850 p.n.e.", "kraj": "Kolumbia", "typ": "tarczowy", "rodzaj_erupcji": "erupcja datowana", "materiał": "andezyt / andezyt bazaltowy", "tektonika": "strefa subdukcji / skorupa kontynentalna (>25 km)", "legenda": "Wulkan", "źródło": "Global Volcanism Program, 2013. Volcanoes of the World, v. 4.11.0. Venzke, E (ed.). Smithsonian Institution. Downloaded 20 Jun 2022. https://doi.org/10.5479/si.GVP.VOTW4-2013" }, "geometry": { "type": "Point", "coordinates": [ -75.365, 4.818 ] } },
{ "type": "Feature", "properties": { "gid": 477, "nazwa": "Yunaska", "ostatnia_erupcja": "1937", "kraj": "Stany Zjednoczone", "typ": "tarczowy", "rodzaj_erupcji": "erupcja zaobserwowana", "materiał": "andezyt / andezyt bazaltowy", "tektonika": "strefa subdukcji / skorupa oceaniczna (< 15 km)", "legenda": "Wulkan", "źródło": "Global Volcanism Program, 2013. Volcanoes of the World, v. 4.11.0. Venzke, E (ed.). Smithsonian Institution. Downloaded 20 Jun 2022. https://doi.org/10.5479/si.GVP.VOTW4-2013" }, "geometry": { "type": "Point", "coordinates": [ -170.629, 52.643 ] } },
{ "type": "Feature", "properties": { "gid": 1177, "nazwa": "Fernandina", "ostatnia_erupcja": "2018", "kraj": "Ekwador", "typ": "tarczowy", "rodzaj_erupcji": "erupcja zaobserwowana", "materiał": "bazalt / pikryt", "tektonika": "strefa ryftowa / skorupa oceaniczna (< 15 km)", "legenda": "Wulkan", "źródło": "Global Volcanism Program, 2013. Volcanoes of the World, v. 4.11.0. Venzke, E (ed.). Smithsonian Institution. Downloaded 20 Jun 2022. https://doi.org/10.5479/si.GVP.VOTW4-2013" }, "geometry": { "type": "Point", "coordinates": [ -91.55, -0.37 ] } },
{ "type": "Feature", "properties": { "gid": 1178, "nazwa": "Ecuador", "ostatnia_erupcja": "1150", "kraj": "Ekwador", "typ": "tarczowy", "rodzaj_erupcji": "erupcja datowana", "materiał": "bazalt / pikryt", "tektonika": "strefa ryftowa / skorupa oceaniczna (< 15 km)", "legenda": "Wulkan", "źródło": "Global Volcanism Program, 2013. Volcanoes of the World, v. 4.11.0. Venzke, E (ed.). Smithsonian Institution. Downloaded 20 Jun 2022. https://doi.org/10.5479/si.GVP.VOTW4-2013" }, "geometry": { "type": "Point", "coordinates": [ -91.546, -0.02 ] } },
{ "type": "Feature", "properties": { "gid": 1180, "nazwa": "Darwin", "ostatnia_erupcja": "1813", "kraj": "Ekwador", "typ": "tarczowy", "rodzaj_erupcji": "erupcja datowana", "materiał": "bazalt / pikryt", "tektonika": "strefa ryftowa / skorupa oceaniczna (< 15 km)", "legenda": "Wulkan", "źródło": "Global Volcanism Program, 2013. Volcanoes of the World, v. 4.11.0. Venzke, E (ed.). Smithsonian Institution. Downloaded 20 Jun 2022. https://doi.org/10.5479/si.GVP.VOTW4-2013" }, "geometry": { "type": "Point", "coordinates": [ -91.28, -0.18 ] } },
{ "type": "Feature", "properties": { "gid": 1181, "nazwa": "Alcedo", "ostatnia_erupcja": "1993", "kraj": "Ekwador", "typ": "tarczowy", "rodzaj_erupcji": "erupcja zaobserwowana", "materiał": "bazalt / pikryt", "tektonika": "strefa ryftowa / skorupa oceaniczna (< 15 km)", "legenda": "Wulkan", "źródło": "Global Volcanism Program, 2013. Volcanoes of the World, v. 4.11.0. Venzke, E (ed.). Smithsonian Institution. Downloaded 20 Jun 2022. https://doi.org/10.5479/si.GVP.VOTW4-2013" }, "geometry": { "type": "Point", "coordinates": [ -91.12, -0.43 ] } },
{ "type": "Feature", "properties": { "gid": 1182, "nazwa": "Negra, Sierra", "ostatnia_erupcja": "2018", "kraj": "Ekwador", "typ": "tarczowy", "rodzaj_erupcji": "erupcja zaobserwowana", "materiał": "bazalt / pikryt", "tektonika": "strefa ryftowa / skorupa oceaniczna (< 15 km)", "legenda": "Wulkan", "źródło": "Global Volcanism Program, 2013. Volcanoes of the World, v. 4.11.0. Venzke, E (ed.). Smithsonian Institution. Downloaded 20 Jun 2022. https://doi.org/10.5479/si.GVP.VOTW4-2013" }, "geometry": { "type": "Point", "coordinates": [ -91.17, -0.83 ] } },
{ "type": "Feature", "properties": { "gid": 1183, "nazwa": "Azul, Cerro", "ostatnia_erupcja": "2008", "kraj": "Ekwador", "typ": "tarczowy", "rodzaj_erupcji": "erupcja zaobserwowana", "materiał": "bazalt / pikryt", "tektonika": "strefa ryftowa / skorupa oceaniczna (< 15 km)", "legenda": "Wulkan", "źródło": "Global Volcanism Program, 2013. Volcanoes of the World, v. 4.11.0. Venzke, E (ed.). Smithsonian Institution. Downloaded 20 Jun 2022. https://doi.org/10.5479/si.GVP.VOTW4-2013" }, "geometry": { "type": "Point", "coordinates": [ -91.408, -0.92 ] } },
{ "type": "Feature", "properties": { "gid": 1184, "nazwa": "Pinta", "ostatnia_erupcja": "1928", "kraj": "Ekwador", "typ": "tarczowy", "rodzaj_erupcji": "erupcja zaobserwowana", "materiał": "bazalt / pikryt", "tektonika": "strefa ryftowa / skorupa oceaniczna (< 15 km)", "legenda": "Wulkan", "źródło": "Global Volcanism Program, 2013. Volcanoes of the World, v. 4.11.0. Venzke, E (ed.). Smithsonian Institution. Downloaded 20 Jun 2022. https://doi.org/10.5479/si.GVP.VOTW4-2013" }, "geometry": { "type": "Point", "coordinates": [ -90.75, 0.58 ] } },
{ "type": "Feature", "properties": { "gid": 1185, "nazwa": "Marchena", "ostatnia_erupcja": "1991", "kraj": "Ekwador", "typ": "tarczowy", "rodzaj_erupcji": "erupcja zaobserwowana", "materiał": "bazalt / pikryt", "tektonika": "strefa ryftowa / skorupa oceaniczna (< 15 km)", "legenda": "Wulkan", "źródło": "Global Volcanism Program, 2013. Volcanoes of the World, v. 4.11.0. Venzke, E (ed.). Smithsonian Institution. Downloaded 20 Jun 2022. https://doi.org/10.5479/si.GVP.VOTW4-2013" }, "geometry": { "type": "Point", "coordinates": [ -90.47, 0.33 ] } },
{ "type": "Feature", "properties": { "gid": 486, "nazwa": "Okmok", "ostatnia_erupcja": "2008", "kraj": "Stany Zjednoczone", "typ": "tarczowy", "rodzaj_erupcji": "erupcja zaobserwowana", "materiał": "bazalt / pikryt", "tektonika": "strefa subdukcji / skorupa oceaniczna (< 15 km)", "legenda": "Wulkan", "źródło": "Global Volcanism Program, 2013. Volcanoes of the World, v. 4.11.0. Venzke, E (ed.). Smithsonian Institution. Downloaded 20 Jun 2022. https://doi.org/10.5479/si.GVP.VOTW4-2013" }, "geometry": { "type": "Point", "coordinates": [ -168.13, 53.43 ] } },
{ "type": "Feature", "properties": { "gid": 1225, "nazwa": "Mauna Kea", "ostatnia_erupcja": "2460 p.n.e.", "kraj": "Stany Zjednoczone", "typ": "tarczowy", "rodzaj_erupcji": "erupcja datowana", "materiał": "bazalt / pikryt", "tektonika": "strefa subdukcji / skorupa oceaniczna (< 15 km)", "legenda": "Wulkan", "źródło": "Global Volcanism Program, 2013. Volcanoes of the World, v. 4.11.0. Venzke, E (ed.). Smithsonian Institution. Downloaded 20 Jun 2022. https://doi.org/10.5479/si.GVP.VOTW4-2013" }, "geometry": { "type": "Point", "coordinates": [ -155.47, 19.82 ] } },
{ "type": "Feature", "properties": { "gid": 1226, "nazwa": "Hualalai", "ostatnia_erupcja": "1801", "kraj": "Stany Zjednoczone", "typ": "tarczowy", "rodzaj_erupcji": "erupcja zaobserwowana", "materiał": "bazalt / pikryt", "tektonika": "strefa subdukcji / skorupa oceaniczna (< 15 km)", "legenda": "Wulkan", "źródło": "Global Volcanism Program, 2013. Volcanoes of the World, v. 4.11.0. Venzke, E (ed.). Smithsonian Institution. Downloaded 20 Jun 2022. https://doi.org/10.5479/si.GVP.VOTW4-2013" }, "geometry": { "type": "Point", "coordinates": [ -155.87, 19.692 ] } },
{ "type": "Feature", "properties": { "gid": 1227, "nazwa": "Haleakala", "ostatnia_erupcja": "1750", "kraj": "Stany Zjednoczone", "typ": "tarczowy", "rodzaj_erupcji": "erupcja datowana", "materiał": "bazalt / pikryt", "tektonika": "strefa subdukcji / skorupa oceaniczna (< 15 km)", "legenda": "Wulkan", "źródło": "Global Volcanism Program, 2013. Volcanoes of the World, v. 4.11.0. Venzke, E (ed.). Smithsonian Institution. Downloaded 20 Jun 2022. https://doi.org/10.5479/si.GVP.VOTW4-2013" }, "geometry": { "type": "Point", "coordinates": [ -156.25, 20.708 ] } },
{ "type": "Feature", "properties": { "gid": 1257, "nazwa": "Socorro", "ostatnia_erupcja": "1994", "kraj": "Meksyk", "typ": "tarczowy", "rodzaj_erupcji": "erupcja zaobserwowana", "materiał": "trachit", "tektonika": "strefa ryftowa / skorupa oceaniczna (< 15 km)", "legenda": "Wulkan", "źródło": "Global Volcanism Program, 2013. Volcanoes of the World, v. 4.11.0. Venzke, E (ed.). Smithsonian Institution. Downloaded 20 Jun 2022. https://doi.org/10.5479/si.GVP.VOTW4-2013" }, "geometry": { "type": "Point", "coordinates": [ -110.95, 18.78 ] } },
{ "type": "Feature", "properties": { "gid": 534, "nazwa": "Marion Island", "ostatnia_erupcja": "2004", "kraj": "Republika Południowej Afryki", "typ": "tarczowy", "rodzaj_erupcji": "erupcja zaobserwowana", "materiał": "bazalt / pikryt", "tektonika": "strefa ryftowa / skorupa oceaniczna (< 15 km)", "legenda": "Wulkan", "źródło": "Global Volcanism Program, 2013. Volcanoes of the World, v. 4.11.0. Venzke, E (ed.). Smithsonian Institution. Downloaded 20 Jun 2022. https://doi.org/10.5479/si.GVP.VOTW4-2013" }, "geometry": { "type": "Point", "coordinates": [ 37.75, -46.9 ] } },
{ "type": "Feature", "properties": { "gid": 578, "nazwa": "Niuafo'ou", "ostatnia_erupcja": "1985", "kraj": "Tonga", "typ": "tarczowy", "rodzaj_erupcji": "erupcja zaobserwowana", "materiał": "bazalt / pikryt", "tektonika": "strefa subdukcji / skorupa oceaniczna (< 15 km)", "legenda": "Wulkan", "źródło": "Global Volcanism Program, 2013. Volcanoes of the World, v. 4.11.0. Venzke, E (ed.). Smithsonian Institution. Downloaded 20 Jun 2022. https://doi.org/10.5479/si.GVP.VOTW4-2013" }, "geometry": { "type": "Point", "coordinates": [ -175.63, -15.6 ] } },
{ "type": "Feature", "properties": { "gid": 1179, "nazwa": "Wolf", "ostatnia_erupcja": "2022", "kraj": "Ekwador", "typ": "tarczowy", "rodzaj_erupcji": "erupcja zaobserwowana", "materiał": "bazalt / pikryt", "tektonika": "strefa ryftowa / skorupa oceaniczna (< 15 km)", "legenda": "Wulkan", "źródło": "Global Volcanism Program, 2013. Volcanoes of the World, v. 4.11.0. Venzke, E (ed.). Smithsonian Institution. Downloaded 20 Jun 2022. https://doi.org/10.5479/si.GVP.VOTW4-2013" }, "geometry": { "type": "Point", "coordinates": [ -91.35, 0.02 ] } },
{ "type": "Feature", "properties": { "gid": 322, "nazwa": "Unnamed", "ostatnia_erupcja": "brak danych", "kraj": "Etiopia", "typ": "stożkowy", "rodzaj_erupcji": "nieznana data wybuchu", "materiał": "bazalt / pikryt", "tektonika": "strefa ryftowa / skorupa pośrednia (15-25 km)", "legenda": "Wulkan", "źródło": "Global Volcanism Program, 2013. Volcanoes of the World, v. 4.11.0. Venzke, E (ed.). Smithsonian Institution. Downloaded 20 Jun 2022. https://doi.org/10.5479/si.GVP.VOTW4-2013" }, "geometry": { "type": "Point", "coordinates": [ 37.67, 5.65 ] } },
{ "type": "Feature", "properties": { "gid": 418, "nazwa": "Bely", "ostatnia_erupcja": "brak danych", "kraj": "Rosja", "typ": "tarczowy", "rodzaj_erupcji": "brak dowodów na wybuch", "materiał": "bazalt / pikryt", "tektonika": "strefa subdukcji / skorupa kontynentalna (>25 km)", "legenda": "Wulkan", "źródło": "Global Volcanism Program, 2013. Volcanoes of the World, v. 4.11.0. Venzke, E (ed.). Smithsonian Institution. Downloaded 20 Jun 2022. https://doi.org/10.5479/si.GVP.VOTW4-2013" }, "geometry": { "type": "Point", "coordinates": [ 160.53, 57.88 ] } },
{ "type": "Feature", "properties": { "gid": 324, "nazwa": "Mega Basalt Field", "ostatnia_erupcja": "brak danych", "kraj": "Etiopia - Kenia", "typ": "stożkowy", "rodzaj_erupcji": "nieznana data wybuchu", "materiał": "bazalt / pikryt", "tektonika": "strefa ryftowa / skorupa pośrednia (15-25 km)", "legenda": "Wulkan", "źródło": "Global Volcanism Program, 2013. Volcanoes of the World, v. 4.11.0. Venzke, E (ed.). Smithsonian Institution. Downloaded 20 Jun 2022. https://doi.org/10.5479/si.GVP.VOTW4-2013" }, "geometry": { "type": "Point", "coordinates": [ 37.42, 4.08 ] } },
{ "type": "Feature", "properties": { "gid": 331, "nazwa": "Segererua Plateau", "ostatnia_erupcja": "brak danych", "kraj": "Kenia", "typ": "stożkowy", "rodzaj_erupcji": "nieznana data wybuchu", "materiał": "bazalt / pikryt", "tektonika": "strefa ryftowa / skorupa kontynentalna (>25 km)", "legenda": "Wulkan", "źródło": "Global Volcanism Program, 2013. Volcanoes of the World, v. 4.11.0. Venzke, E (ed.). Smithsonian Institution. Downloaded 20 Jun 2022. https://doi.org/10.5479/si.GVP.VOTW4-2013" }, "geometry": { "type": "Point", "coordinates": [ 37.9, 1.57 ] } },
{ "type": "Feature", "properties": { "gid": 363, "nazwa": "Tshibinda", "ostatnia_erupcja": "brak danych", "kraj": "Demokratyczna Republika Konga", "typ": "stożkowy", "rodzaj_erupcji": "nieznana data wybuchu", "materiał": "bazalt / pikryt", "tektonika": "strefa ryftowa / skorupa kontynentalna (>25 km)", "legenda": "Wulkan", "źródło": "Global Volcanism Program, 2013. Volcanoes of the World, v. 4.11.0. Venzke, E (ed.). Smithsonian Institution. Downloaded 20 Jun 2022. https://doi.org/10.5479/si.GVP.VOTW4-2013" }, "geometry": { "type": "Point", "coordinates": [ 28.75, -2.32 ] } },
{ "type": "Feature", "properties": { "gid": 368, "nazwa": "Tombel Graben", "ostatnia_erupcja": "brak danych", "kraj": "Kamerun", "typ": "stożkowy", "rodzaj_erupcji": "nieznana data wybuchu", "materiał": "tefryt / trachybazalt", "tektonika": "strefa subdukcji / skorupa kontynentalna (>25 km)", "legenda": "Wulkan", "źródło": "Global Volcanism Program, 2013. Volcanoes of the World, v. 4.11.0. Venzke, E (ed.). Smithsonian Institution. Downloaded 20 Jun 2022. https://doi.org/10.5479/si.GVP.VOTW4-2013" }, "geometry": { "type": "Point", "coordinates": [ 9.717, 4.758 ] } },
{ "type": "Feature", "properties": { "gid": 586, "nazwa": "Ofu-Olosega", "ostatnia_erupcja": "1866", "kraj": "Stany Zjednoczone", "typ": "tarczowy", "rodzaj_erupcji": "erupcja zaobserwowana", "materiał": "bazalt / pikryt", "tektonika": "strefa subdukcji / skorupa oceaniczna (< 15 km)", "legenda": "Wulkan", "źródło": "Global Volcanism Program, 2013. Volcanoes of the World, v. 4.11.0. Venzke, E (ed.). Smithsonian Institution. Downloaded 20 Jun 2022. https://doi.org/10.5479/si.GVP.VOTW4-2013" }, "geometry": { "type": "Point", "coordinates": [ -169.618, -14.175 ] } },
{ "type": "Feature", "properties": { "gid": 589, "nazwa": "Savai'i", "ostatnia_erupcja": "1911", "kraj": "Samoa", "typ": "tarczowy", "rodzaj_erupcji": "erupcja zaobserwowana", "materiał": "bazalt / pikryt", "tektonika": "strefa subdukcji / skorupa oceaniczna (< 15 km)", "legenda": "Wulkan", "źródło": "Global Volcanism Program, 2013. Volcanoes of the World, v. 4.11.0. Venzke, E (ed.). Smithsonian Institution. Downloaded 20 Jun 2022. https://doi.org/10.5479/si.GVP.VOTW4-2013" }, "geometry": { "type": "Point", "coordinates": [ -172.525, -13.612 ] } },
{ "type": "Feature", "properties": { "gid": 591, "nazwa": "Taveuni", "ostatnia_erupcja": "1550", "kraj": "Fidżi", "typ": "tarczowy", "rodzaj_erupcji": "erupcja datowana", "materiał": "bazalt / pikryt", "tektonika": "strefa subdukcji / grubość skorupy nieznana", "legenda": "Wulkan", "źródło": "Global Volcanism Program, 2013. Volcanoes of the World, v. 4.11.0. Venzke, E (ed.). Smithsonian Institution. Downloaded 20 Jun 2022. https://doi.org/10.5479/si.GVP.VOTW4-2013" }, "geometry": { "type": "Point", "coordinates": [ -179.97, -16.82 ] } },
{ "type": "Feature", "properties": { "gid": 1376, "nazwa": "Payun Matru", "ostatnia_erupcja": "5050 p.n.e.", "kraj": "Argentyna", "typ": "tarczowy", "rodzaj_erupcji": "erupcja datowana", "materiał": "tefryt / trachybazalt", "tektonika": "strefa subdukcji / skorupa kontynentalna (>25 km)", "legenda": "Wulkan", "źródło": "Global Volcanism Program, 2013. Volcanoes of the World, v. 4.11.0. Venzke, E (ed.). Smithsonian Institution. Downloaded 20 Jun 2022. https://doi.org/10.5479/si.GVP.VOTW4-2013" }, "geometry": { "type": "Point", "coordinates": [ -69.241, -36.422 ] } },
{ "type": "Feature", "properties": { "gid": 33, "nazwa": "Tenduruk Dagi", "ostatnia_erupcja": "1855", "kraj": "Turcja", "typ": "tarczowy", "rodzaj_erupcji": "erupcja zaobserwowana", "materiał": "bazalt / pikryt", "tektonika": "strefa subdukcji / skorupa kontynentalna (>25 km)", "legenda": "Wulkan", "źródło": "Global Volcanism Program, 2013. Volcanoes of the World, v. 4.11.0. Venzke, E (ed.). Smithsonian Institution. Downloaded 20 Jun 2022. https://doi.org/10.5479/si.GVP.VOTW4-2013" }, "geometry": { "type": "Point", "coordinates": [ 43.874, 39.356 ] } },
{ "type": "Feature", "properties": { "gid": 70, "nazwa": "Manda Hararo", "ostatnia_erupcja": "2009", "kraj": "Etiopia", "typ": "tarczowy", "rodzaj_erupcji": "erupcja zaobserwowana", "materiał": "bazalt / pikryt", "tektonika": "strefa ryftowa / skorupa pośrednia (15-25 km)", "legenda": "Wulkan", "źródło": "Global Volcanism Program, 2013. Volcanoes of the World, v. 4.11.0. Venzke, E (ed.). Smithsonian Institution. Downloaded 20 Jun 2022. https://doi.org/10.5479/si.GVP.VOTW4-2013" }, "geometry": { "type": "Point", "coordinates": [ 40.82, 12.17 ] } },
{ "type": "Feature", "properties": { "gid": 814, "nazwa": "Billy Mitchell", "ostatnia_erupcja": "1580", "kraj": "Papua - Nowa Gwinea", "typ": "tarczowy", "rodzaj_erupcji": "erupcja datowana", "materiał": "andezyt / andezyt bazaltowy", "tektonika": "strefa subdukcji / grubość skorupy nieznana", "legenda": "Wulkan", "źródło": "Global Volcanism Program, 2013. Volcanoes of the World, v. 4.11.0. Venzke, E (ed.). Smithsonian Institution. Downloaded 20 Jun 2022. https://doi.org/10.5479/si.GVP.VOTW4-2013" }, "geometry": { "type": "Point", "coordinates": [ 155.225, -6.092 ] } },
{ "type": "Feature", "properties": { "gid": 817, "nazwa": "Loloru", "ostatnia_erupcja": "1050 p.n.e.", "kraj": "Papua - Nowa Gwinea", "typ": "tarczowy", "rodzaj_erupcji": "erupcja datowana", "materiał": "andezyt / andezyt bazaltowy", "tektonika": "strefa subdukcji / grubość skorupy nieznana", "legenda": "Wulkan", "źródło": "Global Volcanism Program, 2013. Volcanoes of the World, v. 4.11.0. Venzke, E (ed.). Smithsonian Institution. Downloaded 20 Jun 2022. https://doi.org/10.5479/si.GVP.VOTW4-2013" }, "geometry": { "type": "Point", "coordinates": [ 155.620000000000118, -6.52 ] } },
{ "type": "Feature", "properties": { "gid": 1118, "nazwa": "Apoyeque", "ostatnia_erupcja": "50 p.n.e.", "kraj": "Nikaragua", "typ": "tarczowy", "rodzaj_erupcji": "erupcja datowana", "materiał": "dacyt", "tektonika": "strefa subdukcji / skorupa kontynentalna (>25 km)", "legenda": "Wulkan", "źródło": "Global Volcanism Program, 2013. Volcanoes of the World, v. 4.11.0. Venzke, E (ed.). Smithsonian Institution. Downloaded 20 Jun 2022. https://doi.org/10.5479/si.GVP.VOTW4-2013" }, "geometry": { "type": "Point", "coordinates": [ -86.342, 12.242 ] } },
{ "type": "Feature", "properties": { "gid": 622, "nazwa": "Rabaul", "ostatnia_erupcja": "2014", "kraj": "Papua - Nowa Gwinea", "typ": "tarczowy", "rodzaj_erupcji": "erupcja zaobserwowana", "materiał": "dacyt", "tektonika": "strefa subdukcji / skorupa kontynentalna (>25 km)", "legenda": "Wulkan", "źródło": "Global Volcanism Program, 2013. Volcanoes of the World, v. 4.11.0. Venzke, E (ed.). Smithsonian Institution. Downloaded 20 Jun 2022. https://doi.org/10.5479/si.GVP.VOTW4-2013" }, "geometry": { "type": "Point", "coordinates": [ 152.203, -4.271 ] } },
{ "type": "Feature", "properties": { "gid": 831, "nazwa": "Ambrym", "ostatnia_erupcja": "2022", "kraj": "Vanuatu", "typ": "tarczowy", "rodzaj_erupcji": "erupcja zaobserwowana", "materiał": "bazalt / pikryt", "tektonika": "strefa subdukcji / skorupa oceaniczna (< 15 km)", "legenda": "Wulkan", "źródło": "Global Volcanism Program, 2013. Volcanoes of the World, v. 4.11.0. Venzke, E (ed.). Smithsonian Institution. Downloaded 20 Jun 2022. https://doi.org/10.5479/si.GVP.VOTW4-2013" }, "geometry": { "type": "Point", "coordinates": [ 168.120000000000118, -16.25 ] } },
{ "type": "Feature", "properties": { "gid": 378, "nazwa": "Koussi, Emi", "ostatnia_erupcja": "brak danych", "kraj": "Czad", "typ": "tarczowy", "rodzaj_erupcji": "nieznana data wybuchu", "materiał": "trachit", "tektonika": "strefa subdukcji / skorupa kontynentalna (>25 km)", "legenda": "Wulkan", "źródło": "Global Volcanism Program, 2013. Volcanoes of the World, v. 4.11.0. Venzke, E (ed.). Smithsonian Institution. Downloaded 20 Jun 2022. https://doi.org/10.5479/si.GVP.VOTW4-2013" }, "geometry": { "type": "Point", "coordinates": [ 18.53, 19.8 ] } },
{ "type": "Feature", "properties": { "gid": 1002, "nazwa": "Purico Complex", "ostatnia_erupcja": "brak danych", "kraj": "Chile", "typ": "tarczowy", "rodzaj_erupcji": "nieznana data wybuchu", "materiał": "dacyt", "tektonika": "strefa subdukcji / skorupa kontynentalna (>25 km)", "legenda": "Wulkan", "źródło": "Global Volcanism Program, 2013. Volcanoes of the World, v. 4.11.0. Venzke, E (ed.). Smithsonian Institution. Downloaded 20 Jun 2022. https://doi.org/10.5479/si.GVP.VOTW4-2013" }, "geometry": { "type": "Point", "coordinates": [ -67.75, -23.0 ] } },
{ "type": "Feature", "properties": { "gid": 1210, "nazwa": "Tambo Quemado", "ostatnia_erupcja": "brak danych", "kraj": "Boliwia", "typ": "tarczowy", "rodzaj_erupcji": "nieznana data wybuchu", "materiał": "ryolit", "tektonika": "strefa subdukcji / skorupa kontynentalna (>25 km)", "legenda": "Wulkan", "źródło": "Global Volcanism Program, 2013. Volcanoes of the World, v. 4.11.0. Venzke, E (ed.). Smithsonian Institution. Downloaded 20 Jun 2022. https://doi.org/10.5479/si.GVP.VOTW4-2013" }, "geometry": { "type": "Point", "coordinates": [ -68.75, -18.62 ] } },
{ "type": "Feature", "properties": { "gid": 1093, "nazwa": "Andrus", "ostatnia_erupcja": "brak danych", "kraj": "Antarktyda", "typ": "tarczowy", "rodzaj_erupcji": "brak dowodów na wybuch", "materiał": "trachit", "tektonika": "strefa subdukcji / skorupa kontynentalna (>25 km)", "legenda": "Wulkan", "źródło": "Global Volcanism Program, 2013. Volcanoes of the World, v. 4.11.0. Venzke, E (ed.). Smithsonian Institution. Downloaded 20 Jun 2022. https://doi.org/10.5479/si.GVP.VOTW4-2013" }, "geometry": { "type": "Point", "coordinates": [ -132.33, -75.8 ] } },
{ "type": "Feature", "properties": { "gid": 370, "nazwa": "Todra Volcanic Field", "ostatnia_erupcja": "brak danych", "kraj": "Niger", "typ": "stożkowy", "rodzaj_erupcji": "nieznana data wybuchu", "materiał": "bazalt / pikryt", "tektonika": "strefa subdukcji / skorupa kontynentalna (>25 km)", "legenda": "Wulkan", "źródło": "Global Volcanism Program, 2013. Volcanoes of the World, v. 4.11.0. Venzke, E (ed.). Smithsonian Institution. Downloaded 20 Jun 2022. https://doi.org/10.5479/si.GVP.VOTW4-2013" }, "geometry": { "type": "Point", "coordinates": [ 8.5, 17.68 ] } },
{ "type": "Feature", "properties": { "gid": 422, "nazwa": "Snezhniy", "ostatnia_erupcja": "brak danych", "kraj": "Rosja", "typ": "tarczowy", "rodzaj_erupcji": "brak dowodów na wybuch", "materiał": "bazalt / pikryt", "tektonika": "strefa subdukcji / skorupa kontynentalna (>25 km)", "legenda": "Wulkan", "źródło": "Global Volcanism Program, 2013. Volcanoes of the World, v. 4.11.0. Venzke, E (ed.). Smithsonian Institution. Downloaded 20 Jun 2022. https://doi.org/10.5479/si.GVP.VOTW4-2013" }, "geometry": { "type": "Point", "coordinates": [ 160.8, 58.02 ] } },
{ "type": "Feature", "properties": { "gid": 424, "nazwa": "Iktunup", "ostatnia_erupcja": "brak danych", "kraj": "Rosja", "typ": "tarczowy", "rodzaj_erupcji": "brak dowodów na wybuch", "materiał": "bazalt / pikryt", "tektonika": "strefa subdukcji / skorupa kontynentalna (>25 km)", "legenda": "Wulkan", "źródło": "Global Volcanism Program, 2013. Volcanoes of the World, v. 4.11.0. Venzke, E (ed.). Smithsonian Institution. Downloaded 20 Jun 2022. https://doi.org/10.5479/si.GVP.VOTW4-2013" }, "geometry": { "type": "Point", "coordinates": [ 160.77, 58.08 ] } },
{ "type": "Feature", "properties": { "gid": 430, "nazwa": "Snegovoy", "ostatnia_erupcja": "brak danych", "kraj": "Rosja", "typ": "tarczowy", "rodzaj_erupcji": "brak dowodów na wybuch", "materiał": "bazalt / pikryt", "tektonika": "strefa subdukcji / skorupa kontynentalna (>25 km)", "legenda": "Wulkan", "źródło": "Global Volcanism Program, 2013. Volcanoes of the World, v. 4.11.0. Venzke, E (ed.). Smithsonian Institution. Downloaded 20 Jun 2022. https://doi.org/10.5479/si.GVP.VOTW4-2013" }, "geometry": { "type": "Point", "coordinates": [ 160.97, 58.2 ] } },
{ "type": "Feature", "properties": { "gid": 432, "nazwa": "Iettunup", "ostatnia_erupcja": "brak danych", "kraj": "Rosja", "typ": "tarczowy", "rodzaj_erupcji": "brak dowodów na wybuch", "materiał": "bazalt / pikryt", "tektonika": "strefa subdukcji / skorupa kontynentalna (>25 km)", "legenda": "Wulkan", "źródło": "Global Volcanism Program, 2013. Volcanoes of the World, v. 4.11.0. Venzke, E (ed.). Smithsonian Institution. Downloaded 20 Jun 2022. https://doi.org/10.5479/si.GVP.VOTW4-2013" }, "geometry": { "type": "Point", "coordinates": [ 161.08, 58.4 ] } },
{ "type": "Feature", "properties": { "gid": 433, "nazwa": "Voyampolsky", "ostatnia_erupcja": "brak danych", "kraj": "Rosja", "typ": "tarczowy", "rodzaj_erupcji": "brak dowodów na wybuch", "materiał": "bazalt / pikryt", "tektonika": "strefa subdukcji / skorupa kontynentalna (>25 km)", "legenda": "Wulkan", "źródło": "Global Volcanism Program, 2013. Volcanoes of the World, v. 4.11.0. Venzke, E (ed.). Smithsonian Institution. Downloaded 20 Jun 2022. https://doi.org/10.5479/si.GVP.VOTW4-2013" }, "geometry": { "type": "Point", "coordinates": [ 160.631, 58.374 ] } },
{ "type": "Feature", "properties": { "gid": 454, "nazwa": "Ch'uga-ryong", "ostatnia_erupcja": "brak danych", "kraj": "Korea Północna - Korea Południowa", "typ": "tarczowy", "rodzaj_erupcji": "brak dowodów na wybuch", "materiał": "bazalt / pikryt", "tektonika": "strefa subdukcji / skorupa kontynentalna (>25 km)", "legenda": "Wulkan", "źródło": "Global Volcanism Program, 2013. Volcanoes of the World, v. 4.11.0. Venzke, E (ed.). Smithsonian Institution. Downloaded 20 Jun 2022. https://doi.org/10.5479/si.GVP.VOTW4-2013" }, "geometry": { "type": "Point", "coordinates": [ 127.33, 38.33 ] } },
{ "type": "Feature", "properties": { "gid": 171, "nazwa": "Shiga", "ostatnia_erupcja": "brak danych", "kraj": "Japonia", "typ": "tarczowy", "rodzaj_erupcji": "brak dowodów na wybuch", "materiał": "andezyt / andezyt bazaltowy", "tektonika": "strefa subdukcji / skorupa kontynentalna (>25 km)", "legenda": "Wulkan", "źródło": "Global Volcanism Program, 2013. Volcanoes of the World, v. 4.11.0. Venzke, E (ed.). Smithsonian Institution. Downloaded 20 Jun 2022. https://doi.org/10.5479/si.GVP.VOTW4-2013" }, "geometry": { "type": "Point", "coordinates": [ 138.519000000000119, 36.688 ] } },
{ "type": "Feature", "properties": { "gid": 310, "nazwa": "Uka", "ostatnia_erupcja": "brak danych", "kraj": "Rosja", "typ": "tarczowy", "rodzaj_erupcji": "brak dowodów na wybuch", "materiał": "bazalt / pikryt", "tektonika": "strefa subdukcji / skorupa kontynentalna (>25 km)", "legenda": "Wulkan", "źródło": "Global Volcanism Program, 2013. Volcanoes of the World, v. 4.11.0. Venzke, E (ed.). Smithsonian Institution. Downloaded 20 Jun 2022. https://doi.org/10.5479/si.GVP.VOTW4-2013" }, "geometry": { "type": "Point", "coordinates": [ 160.59, 57.706 ] } },
{ "type": "Feature", "properties": { "gid": 316, "nazwa": "Kaileney", "ostatnia_erupcja": "brak danych", "kraj": "Rosja", "typ": "tarczowy", "rodzaj_erupcji": "brak dowodów na wybuch", "materiał": "bazalt / pikryt", "tektonika": "strefa subdukcji / skorupa kontynentalna (>25 km)", "legenda": "Wulkan", "źródło": "Global Volcanism Program, 2013. Volcanoes of the World, v. 4.11.0. Venzke, E (ed.). Smithsonian Institution. Downloaded 20 Jun 2022. https://doi.org/10.5479/si.GVP.VOTW4-2013" }, "geometry": { "type": "Point", "coordinates": [ 160.67, 57.8 ] } },
{ "type": "Feature", "properties": { "gid": 319, "nazwa": "Plosky", "ostatnia_erupcja": "brak danych", "kraj": "Rosja", "typ": "tarczowy", "rodzaj_erupcji": "brak dowodów na wybuch", "materiał": "bazalt / pikryt", "tektonika": "strefa subdukcji / skorupa kontynentalna (>25 km)", "legenda": "Wulkan", "źródło": "Global Volcanism Program, 2013. Volcanoes of the World, v. 4.11.0. Venzke, E (ed.). Smithsonian Institution. Downloaded 20 Jun 2022. https://doi.org/10.5479/si.GVP.VOTW4-2013" }, "geometry": { "type": "Point", "coordinates": [ 160.250000000000114, 57.83 ] } },
{ "type": "Feature", "properties": { "gid": 328, "nazwa": "Marsabit", "ostatnia_erupcja": "brak danych", "kraj": "Kenia", "typ": "tarczowy", "rodzaj_erupcji": "brak dowodów na wybuch", "materiał": "bazalt / pikryt", "tektonika": "strefa ryftowa / skorupa kontynentalna (>25 km)", "legenda": "Wulkan", "źródło": "Global Volcanism Program, 2013. Volcanoes of the World, v. 4.11.0. Venzke, E (ed.). Smithsonian Institution. Downloaded 20 Jun 2022. https://doi.org/10.5479/si.GVP.VOTW4-2013" }, "geometry": { "type": "Point", "coordinates": [ 37.97, 2.32 ] } },
{ "type": "Feature", "properties": { "gid": 773, "nazwa": "Maly Payalpan", "ostatnia_erupcja": "brak danych", "kraj": "Rosja", "typ": "tarczowy", "rodzaj_erupcji": "brak dowodów na wybuch", "materiał": "andezyt / andezyt bazaltowy", "tektonika": "strefa subdukcji / skorupa kontynentalna (>25 km)", "legenda": "Wulkan", "źródło": "Global Volcanism Program, 2013. Volcanoes of the World, v. 4.11.0. Venzke, E (ed.). Smithsonian Institution. Downloaded 20 Jun 2022. https://doi.org/10.5479/si.GVP.VOTW4-2013" }, "geometry": { "type": "Point", "coordinates": [ 157.98, 55.82 ] } },
{ "type": "Feature", "properties": { "gid": 774, "nazwa": "Bolshoi Payalpan", "ostatnia_erupcja": "brak danych", "kraj": "Rosja", "typ": "tarczowy", "rodzaj_erupcji": "brak dowodów na wybuch", "materiał": "andezyt / andezyt bazaltowy", "tektonika": "strefa subdukcji / skorupa kontynentalna (>25 km)", "legenda": "Wulkan", "źródło": "Global Volcanism Program, 2013. Volcanoes of the World, v. 4.11.0. Venzke, E (ed.). Smithsonian Institution. Downloaded 20 Jun 2022. https://doi.org/10.5479/si.GVP.VOTW4-2013" }, "geometry": { "type": "Point", "coordinates": [ 157.78, 55.88 ] } },
{ "type": "Feature", "properties": { "gid": 775, "nazwa": "Plosky", "ostatnia_erupcja": "brak danych", "kraj": "Rosja", "typ": "tarczowy", "rodzaj_erupcji": "brak dowodów na wybuch", "materiał": "bazalt / pikryt", "tektonika": "strefa subdukcji / skorupa kontynentalna (>25 km)", "legenda": "Wulkan", "źródło": "Global Volcanism Program, 2013. Volcanoes of the World, v. 4.11.0. Venzke, E (ed.). Smithsonian Institution. Downloaded 20 Jun 2022. https://doi.org/10.5479/si.GVP.VOTW4-2013" }, "geometry": { "type": "Point", "coordinates": [ 158.47, 55.2 ] } },
{ "type": "Feature", "properties": { "gid": 776, "nazwa": "Akhtang", "ostatnia_erupcja": "brak danych", "kraj": "Rosja", "typ": "tarczowy", "rodzaj_erupcji": "brak dowodów na wybuch", "materiał": "bazalt / pikryt", "tektonika": "strefa subdukcji / skorupa kontynentalna (>25 km)", "legenda": "Wulkan", "źródło": "Global Volcanism Program, 2013. Volcanoes of the World, v. 4.11.0. Venzke, E (ed.). Smithsonian Institution. Downloaded 20 Jun 2022. https://doi.org/10.5479/si.GVP.VOTW4-2013" }, "geometry": { "type": "Point", "coordinates": [ 158.65, 55.43 ] } },
{ "type": "Feature", "properties": { "gid": 777, "nazwa": "Kozyrevsky", "ostatnia_erupcja": "brak danych", "kraj": "Rosja", "typ": "tarczowy", "rodzaj_erupcji": "brak dowodów na wybuch", "materiał": "bazalt / pikryt", "tektonika": "strefa subdukcji / skorupa kontynentalna (>25 km)", "legenda": "Wulkan", "źródło": "Global Volcanism Program, 2013. Volcanoes of the World, v. 4.11.0. Venzke, E (ed.). Smithsonian Institution. Downloaded 20 Jun 2022. https://doi.org/10.5479/si.GVP.VOTW4-2013" }, "geometry": { "type": "Point", "coordinates": [ 158.380000000000109, 55.58 ] } },
{ "type": "Feature", "properties": { "gid": 779, "nazwa": "Uksichan", "ostatnia_erupcja": "brak danych", "kraj": "Rosja", "typ": "tarczowy", "rodzaj_erupcji": "brak dowodów na wybuch", "materiał": "bazalt / pikryt", "tektonika": "strefa subdukcji / skorupa kontynentalna (>25 km)", "legenda": "Wulkan", "źródło": "Global Volcanism Program, 2013. Volcanoes of the World, v. 4.11.0. Venzke, E (ed.). Smithsonian Institution. Downloaded 20 Jun 2022. https://doi.org/10.5479/si.GVP.VOTW4-2013" }, "geometry": { "type": "Point", "coordinates": [ 158.380000000000109, 56.08 ] } },
{ "type": "Feature", "properties": { "gid": 781, "nazwa": "Kulkev", "ostatnia_erupcja": "brak danych", "kraj": "Rosja", "typ": "tarczowy", "rodzaj_erupcji": "brak dowodów na wybuch", "materiał": "bazalt / pikryt", "tektonika": "strefa subdukcji / skorupa kontynentalna (>25 km)", "legenda": "Wulkan", "źródło": "Global Volcanism Program, 2013. Volcanoes of the World, v. 4.11.0. Venzke, E (ed.). Smithsonian Institution. Downloaded 20 Jun 2022. https://doi.org/10.5479/si.GVP.VOTW4-2013" }, "geometry": { "type": "Point", "coordinates": [ 158.370000000000118, 56.37 ] } },
{ "type": "Feature", "properties": { "gid": 782, "nazwa": "Geodesistoy", "ostatnia_erupcja": "brak danych", "kraj": "Rosja", "typ": "tarczowy", "rodzaj_erupcji": "brak dowodów na wybuch", "materiał": "bazalt / pikryt", "tektonika": "strefa subdukcji / skorupa kontynentalna (>25 km)", "legenda": "Wulkan", "źródło": "Global Volcanism Program, 2013. Volcanoes of the World, v. 4.11.0. Venzke, E (ed.). Smithsonian Institution. Downloaded 20 Jun 2022. https://doi.org/10.5479/si.GVP.VOTW4-2013" }, "geometry": { "type": "Point", "coordinates": [ 158.67, 56.33 ] } },
{ "type": "Feature", "properties": { "gid": 784, "nazwa": "Krainy", "ostatnia_erupcja": "brak danych", "kraj": "Rosja", "typ": "tarczowy", "rodzaj_erupcji": "brak dowodów na wybuch", "materiał": "bazalt / pikryt", "tektonika": "strefa subdukcji / skorupa kontynentalna (>25 km)", "legenda": "Wulkan", "źródło": "Global Volcanism Program, 2013. Volcanoes of the World, v. 4.11.0. Venzke, E (ed.). Smithsonian Institution. Downloaded 20 Jun 2022. https://doi.org/10.5479/si.GVP.VOTW4-2013" }, "geometry": { "type": "Point", "coordinates": [ 159.03, 56.37 ] } },
{ "type": "Feature", "properties": { "gid": 785, "nazwa": "Kekurny", "ostatnia_erupcja": "brak danych", "kraj": "Rosja", "typ": "tarczowy", "rodzaj_erupcji": "brak dowodów na wybuch", "materiał": "bazalt / pikryt", "tektonika": "strefa subdukcji / skorupa kontynentalna (>25 km)", "legenda": "Wulkan", "źródło": "Global Volcanism Program, 2013. Volcanoes of the World, v. 4.11.0. Venzke, E (ed.). Smithsonian Institution. Downloaded 20 Jun 2022. https://doi.org/10.5479/si.GVP.VOTW4-2013" }, "geometry": { "type": "Point", "coordinates": [ 158.85, 56.4 ] } },
{ "type": "Feature", "properties": { "gid": 786, "nazwa": "Eggella", "ostatnia_erupcja": "brak danych", "kraj": "Rosja", "typ": "tarczowy", "rodzaj_erupcji": "brak dowodów na wybuch", "materiał": "bazalt / pikryt", "tektonika": "strefa subdukcji / skorupa kontynentalna (>25 km)", "legenda": "Wulkan", "źródło": "Global Volcanism Program, 2013. Volcanoes of the World, v. 4.11.0. Venzke, E (ed.). Smithsonian Institution. Downloaded 20 Jun 2022. https://doi.org/10.5479/si.GVP.VOTW4-2013" }, "geometry": { "type": "Point", "coordinates": [ 158.52, 56.57 ] } },
{ "type": "Feature", "properties": { "gid": 787, "nazwa": "Verkhovoy", "ostatnia_erupcja": "brak danych", "kraj": "Rosja", "typ": "tarczowy", "rodzaj_erupcji": "brak dowodów na wybuch", "materiał": "bazalt / pikryt", "tektonika": "strefa subdukcji / skorupa kontynentalna (>25 km)", "legenda": "Wulkan", "źródło": "Global Volcanism Program, 2013. Volcanoes of the World, v. 4.11.0. Venzke, E (ed.). Smithsonian Institution. Downloaded 20 Jun 2022. https://doi.org/10.5479/si.GVP.VOTW4-2013" }, "geometry": { "type": "Point", "coordinates": [ 159.53, 56.52 ] } },
{ "type": "Feature", "properties": { "gid": 790, "nazwa": "Pogranychny", "ostatnia_erupcja": "brak danych", "kraj": "Rosja", "typ": "tarczowy", "rodzaj_erupcji": "brak dowodów na wybuch", "materiał": "bazalt / pikryt", "tektonika": "strefa subdukcji / skorupa kontynentalna (>25 km)", "legenda": "Wulkan", "źródło": "Global Volcanism Program, 2013. Volcanoes of the World, v. 4.11.0. Venzke, E (ed.). Smithsonian Institution. Downloaded 20 Jun 2022. https://doi.org/10.5479/si.GVP.VOTW4-2013" }, "geometry": { "type": "Point", "coordinates": [ 159.8, 56.85 ] } },
{ "type": "Feature", "properties": { "gid": 791, "nazwa": "Zaozerny", "ostatnia_erupcja": "brak danych", "kraj": "Rosja", "typ": "tarczowy", "rodzaj_erupcji": "brak dowodów na wybuch", "materiał": "bazalt / pikryt", "tektonika": "strefa subdukcji / skorupa kontynentalna (>25 km)", "legenda": "Wulkan", "źródło": "Global Volcanism Program, 2013. Volcanoes of the World, v. 4.11.0. Venzke, E (ed.). Smithsonian Institution. Downloaded 20 Jun 2022. https://doi.org/10.5479/si.GVP.VOTW4-2013" }, "geometry": { "type": "Point", "coordinates": [ 159.95, 56.88 ] } },
{ "type": "Feature", "properties": { "gid": 793, "nazwa": "Kebeney", "ostatnia_erupcja": "brak danych", "kraj": "Rosja", "typ": "tarczowy", "rodzaj_erupcji": "brak dowodów na wybuch", "materiał": "bazalt / pikryt", "tektonika": "strefa subdukcji / skorupa kontynentalna (>25 km)", "legenda": "Wulkan", "źródło": "Global Volcanism Program, 2013. Volcanoes of the World, v. 4.11.0. Venzke, E (ed.). Smithsonian Institution. Downloaded 20 Jun 2022. https://doi.org/10.5479/si.GVP.VOTW4-2013" }, "geometry": { "type": "Point", "coordinates": [ 159.93, 57.1 ] } },
{ "type": "Feature", "properties": { "gid": 794, "nazwa": "Fedotych", "ostatnia_erupcja": "brak danych", "kraj": "Rosja", "typ": "tarczowy", "rodzaj_erupcji": "brak dowodów na wybuch", "materiał": "bazalt / pikryt", "tektonika": "strefa subdukcji / skorupa kontynentalna (>25 km)", "legenda": "Wulkan", "źródło": "Global Volcanism Program, 2013. Volcanoes of the World, v. 4.11.0. Venzke, E (ed.). Smithsonian Institution. Downloaded 20 Jun 2022. https://doi.org/10.5479/si.GVP.VOTW4-2013" }, "geometry": { "type": "Point", "coordinates": [ 160.4, 57.13 ] } },
{ "type": "Feature", "properties": { "gid": 798, "nazwa": "Leutongey", "ostatnia_erupcja": "brak danych", "kraj": "Rosja", "typ": "tarczowy", "rodzaj_erupcji": "brak dowodów na wybuch", "materiał": "bazalt / pikryt", "tektonika": "strefa subdukcji / skorupa kontynentalna (>25 km)", "legenda": "Wulkan", "źródło": "Global Volcanism Program, 2013. Volcanoes of the World, v. 4.11.0. Venzke, E (ed.). Smithsonian Institution. Downloaded 20 Jun 2022. https://doi.org/10.5479/si.GVP.VOTW4-2013" }, "geometry": { "type": "Point", "coordinates": [ 159.827000000000112, 57.306 ] } },
{ "type": "Feature", "properties": { "gid": 799, "nazwa": "Tuzovsky", "ostatnia_erupcja": "brak danych", "kraj": "Rosja", "typ": "tarczowy", "rodzaj_erupcji": "brak dowodów na wybuch", "materiał": "bazalt / pikryt", "tektonika": "strefa subdukcji / skorupa kontynentalna (>25 km)", "legenda": "Wulkan", "źródło": "Global Volcanism Program, 2013. Volcanoes of the World, v. 4.11.0. Venzke, E (ed.). Smithsonian Institution. Downloaded 20 Jun 2022. https://doi.org/10.5479/si.GVP.VOTW4-2013" }, "geometry": { "type": "Point", "coordinates": [ 159.967, 57.32 ] } },
{ "type": "Feature", "properties": { "gid": 804, "nazwa": "Mezhdusopochny", "ostatnia_erupcja": "brak danych", "kraj": "Rosja", "typ": "tarczowy", "rodzaj_erupcji": "brak dowodów na wybuch", "materiał": "bazalt / pikryt", "tektonika": "strefa subdukcji / skorupa kontynentalna (>25 km)", "legenda": "Wulkan", "źródło": "Global Volcanism Program, 2013. Volcanoes of the World, v. 4.11.0. Venzke, E (ed.). Smithsonian Institution. Downloaded 20 Jun 2022. https://doi.org/10.5479/si.GVP.VOTW4-2013" }, "geometry": { "type": "Point", "coordinates": [ 160.250000000000114, 57.47 ] } },
{ "type": "Feature", "properties": { "gid": 805, "nazwa": "Shishel", "ostatnia_erupcja": "brak danych", "kraj": "Rosja", "typ": "tarczowy", "rodzaj_erupcji": "brak dowodów na wybuch", "materiał": "bazalt / pikryt", "tektonika": "strefa subdukcji / skorupa kontynentalna (>25 km)", "legenda": "Wulkan", "źródło": "Global Volcanism Program, 2013. Volcanoes of the World, v. 4.11.0. Venzke, E (ed.). Smithsonian Institution. Downloaded 20 Jun 2022. https://doi.org/10.5479/si.GVP.VOTW4-2013" }, "geometry": { "type": "Point", "coordinates": [ 160.370000000000118, 57.45 ] } },
{ "type": "Feature", "properties": { "gid": 926, "nazwa": "Heart Peaks", "ostatnia_erupcja": "brak danych", "kraj": "Kanada", "typ": "tarczowy", "rodzaj_erupcji": "brak dowodów na wybuch", "materiał": "bazalt / pikryt", "tektonika": "strefa subdukcji / skorupa kontynentalna (>25 km)", "legenda": "Wulkan", "źródło": "Global Volcanism Program, 2013. Volcanoes of the World, v. 4.11.0. Venzke, E (ed.). Smithsonian Institution. Downloaded 20 Jun 2022. https://doi.org/10.5479/si.GVP.VOTW4-2013" }, "geometry": { "type": "Point", "coordinates": [ -131.97, 58.6 ] } },
{ "type": "Feature", "properties": { "gid": 927, "nazwa": "Level Mountain", "ostatnia_erupcja": "brak danych", "kraj": "Kanada", "typ": "tarczowy", "rodzaj_erupcji": "brak dowodów na wybuch", "materiał": "trachit", "tektonika": "strefa subdukcji / skorupa kontynentalna (>25 km)", "legenda": "Wulkan", "źródło": "Global Volcanism Program, 2013. Volcanoes of the World, v. 4.11.0. Venzke, E (ed.). Smithsonian Institution. Downloaded 20 Jun 2022. https://doi.org/10.5479/si.GVP.VOTW4-2013" }, "geometry": { "type": "Point", "coordinates": [ -131.35, 58.42 ] } },
{ "type": "Feature", "properties": { "gid": 1089, "nazwa": "Morning", "ostatnia_erupcja": "brak danych", "kraj": "Antarktyda", "typ": "tarczowy", "rodzaj_erupcji": "brak dowodów na wybuch", "materiał": "fonolit", "tektonika": "strefa subdukcji / skorupa kontynentalna (>25 km)", "legenda": "Wulkan", "źródło": "Global Volcanism Program, 2013. Volcanoes of the World, v. 4.11.0. Venzke, E (ed.). Smithsonian Institution. Downloaded 20 Jun 2022. https://doi.org/10.5479/si.GVP.VOTW4-2013" }, "geometry": { "type": "Point", "coordinates": [ 163.53, -78.5 ] } },
{ "type": "Feature", "properties": { "gid": 1094, "nazwa": "Waesche", "ostatnia_erupcja": "brak danych", "kraj": "Antarktyda", "typ": "tarczowy", "rodzaj_erupcji": "brak dowodów na wybuch", "materiał": "tefryt / trachybazalt", "tektonika": "strefa subdukcji / skorupa kontynentalna (>25 km)", "legenda": "Wulkan", "źródło": "Global Volcanism Program, 2013. Volcanoes of the World, v. 4.11.0. Venzke, E (ed.). Smithsonian Institution. Downloaded 20 Jun 2022. https://doi.org/10.5479/si.GVP.VOTW4-2013" }, "geometry": { "type": "Point", "coordinates": [ -126.88, -77.17 ] } },
{ "type": "Feature", "properties": { "gid": 1095, "nazwa": "Siple", "ostatnia_erupcja": "brak danych", "kraj": "Antarktyda", "typ": "tarczowy", "rodzaj_erupcji": "brak dowodów na wybuch", "materiał": "bazalt / pikryt", "tektonika": "strefa subdukcji / skorupa kontynentalna (>25 km)", "legenda": "Wulkan", "źródło": "Global Volcanism Program, 2013. Volcanoes of the World, v. 4.11.0. Venzke, E (ed.). Smithsonian Institution. Downloaded 20 Jun 2022. https://doi.org/10.5479/si.GVP.VOTW4-2013" }, "geometry": { "type": "Point", "coordinates": [ -126.67, -73.43 ] } },
{ "type": "Feature", "properties": { "gid": 1096, "nazwa": "Toney Mountain", "ostatnia_erupcja": "brak danych", "kraj": "Antarktyda", "typ": "tarczowy", "rodzaj_erupcji": "brak dowodów na wybuch", "materiał": "tefryt / trachybazalt", "tektonika": "strefa subdukcji / skorupa kontynentalna (>25 km)", "legenda": "Wulkan", "źródło": "Global Volcanism Program, 2013. Volcanoes of the World, v. 4.11.0. Venzke, E (ed.). Smithsonian Institution. Downloaded 20 Jun 2022. https://doi.org/10.5479/si.GVP.VOTW4-2013" }, "geometry": { "type": "Point", "coordinates": [ -115.83, -75.8 ] } },
{ "type": "Feature", "properties": { "gid": 1127, "nazwa": "Lajas, Las", "ostatnia_erupcja": "brak danych", "kraj": "Nikaragua", "typ": "tarczowy", "rodzaj_erupcji": "brak dowodów na wybuch", "materiał": "bazalt / pikryt", "tektonika": "strefa subdukcji / skorupa kontynentalna (>25 km)", "legenda": "Wulkan", "źródło": "Global Volcanism Program, 2013. Volcanoes of the World, v. 4.11.0. Venzke, E (ed.). Smithsonian Institution. Downloaded 20 Jun 2022. https://doi.org/10.5479/si.GVP.VOTW4-2013" }, "geometry": { "type": "Point", "coordinates": [ -85.73, 12.3 ] } },
{ "type": "Feature", "properties": { "gid": 420, "nazwa": "Ozernoy", "ostatnia_erupcja": "brak danych", "kraj": "Rosja", "typ": "tarczowy", "rodzaj_erupcji": "nieznana data wybuchu", "materiał": "bazalt / pikryt", "tektonika": "strefa subdukcji / skorupa kontynentalna (>25 km)", "legenda": "Wulkan", "źródło": "Global Volcanism Program, 2013. Volcanoes of the World, v. 4.11.0. Venzke, E (ed.). Smithsonian Institution. Downloaded 20 Jun 2022. https://doi.org/10.5479/si.GVP.VOTW4-2013" }, "geometry": { "type": "Point", "coordinates": [ 157.380000000000109, 51.88 ] } },
{ "type": "Feature", "properties": { "gid": 429, "nazwa": "Ostanets", "ostatnia_erupcja": "brak danych", "kraj": "Rosja", "typ": "tarczowy", "rodzaj_erupcji": "nieznana data wybuchu", "materiał": "bazalt / pikryt", "tektonika": "strefa subdukcji / skorupa kontynentalna (>25 km)", "legenda": "Wulkan", "źródło": "Global Volcanism Program, 2013. Volcanoes of the World, v. 4.11.0. Venzke, E (ed.). Smithsonian Institution. Downloaded 20 Jun 2022. https://doi.org/10.5479/si.GVP.VOTW4-2013" }, "geometry": { "type": "Point", "coordinates": [ 157.322000000000116, 52.146 ] } },
{ "type": "Feature", "properties": { "gid": 61, "nazwa": "Asavyo", "ostatnia_erupcja": "brak danych", "kraj": "Etiopia", "typ": "tarczowy", "rodzaj_erupcji": "nieznana data wybuchu", "materiał": "bazalt / pikryt", "tektonika": "strefa ryftowa / skorupa pośrednia (15-25 km)", "legenda": "Wulkan", "źródło": "Global Volcanism Program, 2013. Volcanoes of the World, v. 4.11.0. Venzke, E (ed.). Smithsonian Institution. Downloaded 20 Jun 2022. https://doi.org/10.5479/si.GVP.VOTW4-2013" }, "geometry": { "type": "Point", "coordinates": [ 41.599, 13.098 ] } },
{ "type": "Feature", "properties": { "gid": 45, "nazwa": "Zukur", "ostatnia_erupcja": "brak danych", "kraj": "Jemen", "typ": "tarczowy", "rodzaj_erupcji": "nieznana data wybuchu", "materiał": "bazalt / pikryt", "tektonika": "strefa ryftowa / skorupa oceaniczna (< 15 km)", "legenda": "Wulkan", "źródło": "Global Volcanism Program, 2013. Volcanoes of the World, v. 4.11.0. Venzke, E (ed.). Smithsonian Institution. Downloaded 20 Jun 2022. https://doi.org/10.5479/si.GVP.VOTW4-2013" }, "geometry": { "type": "Point", "coordinates": [ 42.75, 14.02 ] } },
{ "type": "Feature", "properties": { "gid": 46, "nazwa": "Hanish", "ostatnia_erupcja": "brak danych", "kraj": "Jemen", "typ": "tarczowy", "rodzaj_erupcji": "nieznana data wybuchu", "materiał": "bazalt / pikryt", "tektonika": "strefa ryftowa / skorupa oceaniczna (< 15 km)", "legenda": "Wulkan", "źródło": "Global Volcanism Program, 2013. Volcanoes of the World, v. 4.11.0. Venzke, E (ed.). Smithsonian Institution. Downloaded 20 Jun 2022. https://doi.org/10.5479/si.GVP.VOTW4-2013" }, "geometry": { "type": "Point", "coordinates": [ 42.73, 13.72 ] } },
{ "type": "Feature", "properties": { "gid": 56, "nazwa": "Hayli Gubbi", "ostatnia_erupcja": "brak danych", "kraj": "Etiopia", "typ": "tarczowy", "rodzaj_erupcji": "nieznana data wybuchu", "materiał": "bazalt / pikryt", "tektonika": "strefa ryftowa / skorupa pośrednia (15-25 km)", "legenda": "Wulkan", "źródło": "Global Volcanism Program, 2013. Volcanoes of the World, v. 4.11.0. Venzke, E (ed.). Smithsonian Institution. Downloaded 20 Jun 2022. https://doi.org/10.5479/si.GVP.VOTW4-2013" }, "geometry": { "type": "Point", "coordinates": [ 40.722, 13.51 ] } },
{ "type": "Feature", "properties": { "gid": 62, "nazwa": "Mat Ala", "ostatnia_erupcja": "brak danych", "kraj": "Etiopia", "typ": "tarczowy", "rodzaj_erupcji": "nieznana data wybuchu", "materiał": "bazalt / pikryt", "tektonika": "strefa ryftowa / skorupa pośrednia (15-25 km)", "legenda": "Wulkan", "źródło": "Global Volcanism Program, 2013. Volcanoes of the World, v. 4.11.0. Venzke, E (ed.). Smithsonian Institution. Downloaded 20 Jun 2022. https://doi.org/10.5479/si.GVP.VOTW4-2013" }, "geometry": { "type": "Point", "coordinates": [ 41.161, 13.106 ] } },
{ "type": "Feature", "properties": { "gid": 63, "nazwa": "Tat Ali", "ostatnia_erupcja": "brak danych", "kraj": "Etiopia", "typ": "tarczowy", "rodzaj_erupcji": "nieznana data wybuchu", "materiał": "bazalt / pikryt", "tektonika": "strefa ryftowa / skorupa pośrednia (15-25 km)", "legenda": "Wulkan", "źródło": "Global Volcanism Program, 2013. Volcanoes of the World, v. 4.11.0. Venzke, E (ed.). Smithsonian Institution. Downloaded 20 Jun 2022. https://doi.org/10.5479/si.GVP.VOTW4-2013" }, "geometry": { "type": "Point", "coordinates": [ 41.063, 13.284 ] } },
{ "type": "Feature", "properties": { "gid": 69, "nazwa": "Dabbayra", "ostatnia_erupcja": "brak danych", "kraj": "Etiopia", "typ": "tarczowy", "rodzaj_erupcji": "nieznana data wybuchu", "materiał": "bazalt / pikryt", "tektonika": "strefa ryftowa / skorupa pośrednia (15-25 km)", "legenda": "Wulkan", "źródło": "Global Volcanism Program, 2013. Volcanoes of the World, v. 4.11.0. Venzke, E (ed.). Smithsonian Institution. Downloaded 20 Jun 2022. https://doi.org/10.5479/si.GVP.VOTW4-2013" }, "geometry": { "type": "Point", "coordinates": [ 40.07, 12.38 ] } },
{ "type": "Feature", "properties": { "gid": 72, "nazwa": "Kurub", "ostatnia_erupcja": "brak danych", "kraj": "Etiopia", "typ": "tarczowy", "rodzaj_erupcji": "nieznana data wybuchu", "materiał": "bazalt / pikryt", "tektonika": "strefa ryftowa / skorupa pośrednia (15-25 km)", "legenda": "Wulkan", "źródło": "Global Volcanism Program, 2013. Volcanoes of the World, v. 4.11.0. Venzke, E (ed.). Smithsonian Institution. Downloaded 20 Jun 2022. https://doi.org/10.5479/si.GVP.VOTW4-2013" }, "geometry": { "type": "Point", "coordinates": [ 41.208, 11.88 ] } },
{ "type": "Feature", "properties": { "gid": 523, "nazwa": "Otdelniy", "ostatnia_erupcja": "brak danych", "kraj": "Rosja", "typ": "tarczowy", "rodzaj_erupcji": "nieznana data wybuchu", "materiał": "bazalt / pikryt", "tektonika": "strefa subdukcji / skorupa kontynentalna (>25 km)", "legenda": "Wulkan", "źródło": "Global Volcanism Program, 2013. Volcanoes of the World, v. 4.11.0. Venzke, E (ed.). Smithsonian Institution. Downloaded 20 Jun 2022. https://doi.org/10.5479/si.GVP.VOTW4-2013" }, "geometry": { "type": "Point", "coordinates": [ 157.435, 52.221 ] } },
{ "type": "Feature", "properties": { "gid": 337, "nazwa": "Nyambeni Hills", "ostatnia_erupcja": "brak danych", "kraj": "Kenia", "typ": "tarczowy", "rodzaj_erupcji": "nieznana data wybuchu", "materiał": "bazalt / pikryt", "tektonika": "strefa ryftowa / skorupa kontynentalna (>25 km)", "legenda": "Wulkan", "źródło": "Global Volcanism Program, 2013. Volcanoes of the World, v. 4.11.0. Venzke, E (ed.). Smithsonian Institution. Downloaded 20 Jun 2022. https://doi.org/10.5479/si.GVP.VOTW4-2013" }, "geometry": { "type": "Point", "coordinates": [ 37.87, 0.23 ] } },
{ "type": "Feature", "properties": { "gid": 86, "nazwa": "Dofan", "ostatnia_erupcja": "brak danych", "kraj": "Etiopia", "typ": "tarczowy", "rodzaj_erupcji": "nieznana data wybuchu", "materiał": "ryolit", "tektonika": "strefa ryftowa / skorupa kontynentalna (>25 km)", "legenda": "Wulkan", "źródło": "Global Volcanism Program, 2013. Volcanoes of the World, v. 4.11.0. Venzke, E (ed.). Smithsonian Institution. Downloaded 20 Jun 2022. https://doi.org/10.5479/si.GVP.VOTW4-2013" }, "geometry": { "type": "Point", "coordinates": [ 40.13, 9.35 ] } },
{ "type": "Feature", "properties": { "gid": 155, "nazwa": "Oki-Dogo", "ostatnia_erupcja": "brak danych", "kraj": "Japonia", "typ": "tarczowy", "rodzaj_erupcji": "nieznana data wybuchu", "materiał": "bazalt / pikryt", "tektonika": "strefa subdukcji / skorupa kontynentalna (>25 km)", "legenda": "Wulkan", "źródło": "Global Volcanism Program, 2013. Volcanoes of the World, v. 4.11.0. Venzke, E (ed.). Smithsonian Institution. Downloaded 20 Jun 2022. https://doi.org/10.5479/si.GVP.VOTW4-2013" }, "geometry": { "type": "Point", "coordinates": [ 133.334, 36.176 ] } },
{ "type": "Feature", "properties": { "gid": 165, "nazwa": "Washiba-Kumonotaira", "ostatnia_erupcja": "brak danych", "kraj": "Japonia", "typ": "tarczowy", "rodzaj_erupcji": "nieznana data wybuchu", "materiał": "andezyt / andezyt bazaltowy", "tektonika": "strefa subdukcji / skorupa kontynentalna (>25 km)", "legenda": "Wulkan", "źródło": "Global Volcanism Program, 2013. Volcanoes of the World, v. 4.11.0. Venzke, E (ed.). Smithsonian Institution. Downloaded 20 Jun 2022. https://doi.org/10.5479/si.GVP.VOTW4-2013" }, "geometry": { "type": "Point", "coordinates": [ 137.594, 36.408 ] } },
{ "type": "Feature", "properties": { "gid": 344, "nazwa": "Suswa", "ostatnia_erupcja": "brak danych", "kraj": "Kenia", "typ": "tarczowy", "rodzaj_erupcji": "nieznana data wybuchu", "materiał": "fonolit", "tektonika": "strefa ryftowa / skorupa kontynentalna (>25 km)", "legenda": "Wulkan", "źródło": "Global Volcanism Program, 2013. Volcanoes of the World, v. 4.11.0. Venzke, E (ed.). Smithsonian Institution. Downloaded 20 Jun 2022. https://doi.org/10.5479/si.GVP.VOTW4-2013" }, "geometry": { "type": "Point", "coordinates": [ 36.357, -1.151 ] } },
{ "type": "Feature", "properties": { "gid": 335, "nazwa": "Korosi", "ostatnia_erupcja": "brak danych", "kraj": "Kenia", "typ": "tarczowy", "rodzaj_erupcji": "nieznana data wybuchu", "materiał": "trachit", "tektonika": "strefa ryftowa / skorupa kontynentalna (>25 km)", "legenda": "Wulkan", "źródło": "Global Volcanism Program, 2013. Volcanoes of the World, v. 4.11.0. Venzke, E (ed.). Smithsonian Institution. Downloaded 20 Jun 2022. https://doi.org/10.5479/si.GVP.VOTW4-2013" }, "geometry": { "type": "Point", "coordinates": [ 36.12, 0.77 ] } },
{ "type": "Feature", "properties": { "gid": 336, "nazwa": "Ol Kokwe", "ostatnia_erupcja": "brak danych", "kraj": "Kenia", "typ": "tarczowy", "rodzaj_erupcji": "nieznana data wybuchu", "materiał": "bazalt / pikryt", "tektonika": "strefa ryftowa / skorupa kontynentalna (>25 km)", "legenda": "Wulkan", "źródło": "Global Volcanism Program, 2013. Volcanoes of the World, v. 4.11.0. Venzke, E (ed.). Smithsonian Institution. Downloaded 20 Jun 2022. https://doi.org/10.5479/si.GVP.VOTW4-2013" }, "geometry": { "type": "Point", "coordinates": [ 36.075, 0.62 ] } },
{ "type": "Feature", "properties": { "gid": 364, "nazwa": "San Carlos", "ostatnia_erupcja": "brak danych", "kraj": "Gwinea Równikowa", "typ": "tarczowy", "rodzaj_erupcji": "nieznana data wybuchu", "materiał": "bazalt / pikryt", "tektonika": "strefa subdukcji / skorupa kontynentalna (>25 km)", "legenda": "Wulkan", "źródło": "Global Volcanism Program, 2013. Volcanoes of the World, v. 4.11.0. Venzke, E (ed.). Smithsonian Institution. Downloaded 20 Jun 2022. https://doi.org/10.5479/si.GVP.VOTW4-2013" }, "geometry": { "type": "Point", "coordinates": [ 8.52, 3.35 ] } },
{ "type": "Feature", "properties": { "gid": 365, "nazwa": "San Joaquin", "ostatnia_erupcja": "brak danych", "kraj": "Gwinea Równikowa", "typ": "tarczowy", "rodzaj_erupcji": "nieznana data wybuchu", "materiał": "bazalt / pikryt", "tektonika": "strefa subdukcji / skorupa kontynentalna (>25 km)", "legenda": "Wulkan", "źródło": "Global Volcanism Program, 2013. Volcanoes of the World, v. 4.11.0. Venzke, E (ed.). Smithsonian Institution. Downloaded 20 Jun 2022. https://doi.org/10.5479/si.GVP.VOTW4-2013" }, "geometry": { "type": "Point", "coordinates": [ 8.63, 3.35 ] } },
{ "type": "Feature", "properties": { "gid": 407, "nazwa": "Grille, La", "ostatnia_erupcja": "brak danych", "kraj": "Komory", "typ": "tarczowy", "rodzaj_erupcji": "nieznana data wybuchu", "materiał": "tefryt / trachybazalt", "tektonika": "strefa subdukcji / skorupa oceaniczna (< 15 km)", "legenda": "Wulkan", "źródło": "Global Volcanism Program, 2013. Volcanoes of the World, v. 4.11.0. Venzke, E (ed.). Smithsonian Institution. Downloaded 20 Jun 2022. https://doi.org/10.5479/si.GVP.VOTW4-2013" }, "geometry": { "type": "Point", "coordinates": [ 43.33, -11.47 ] } },
{ "type": "Feature", "properties": { "gid": 533, "nazwa": "Prince Edward Island", "ostatnia_erupcja": "brak danych", "kraj": "Republika Południowej Afryki", "typ": "tarczowy", "rodzaj_erupcji": "nieznana data wybuchu", "materiał": "bazalt / pikryt", "tektonika": "strefa ryftowa / skorupa oceaniczna (< 15 km)", "legenda": "Wulkan", "źródło": "Global Volcanism Program, 2013. Volcanoes of the World, v. 4.11.0. Venzke, E (ed.). Smithsonian Institution. Downloaded 20 Jun 2022. https://doi.org/10.5479/si.GVP.VOTW4-2013" }, "geometry": { "type": "Point", "coordinates": [ 37.95, -46.63 ] } },
{ "type": "Feature", "properties": { "gid": 31, "nazwa": "Karaca Dag", "ostatnia_erupcja": "brak danych", "kraj": "Turcja", "typ": "tarczowy", "rodzaj_erupcji": "nieznana data wybuchu", "materiał": "bazalt / pikryt", "tektonika": "strefa subdukcji / skorupa kontynentalna (>25 km)", "legenda": "Wulkan", "źródło": "Global Volcanism Program, 2013. Volcanoes of the World, v. 4.11.0. Venzke, E (ed.). Smithsonian Institution. Downloaded 20 Jun 2022. https://doi.org/10.5479/si.GVP.VOTW4-2013" }, "geometry": { "type": "Point", "coordinates": [ 39.83, 37.67 ] } },
{ "type": "Feature", "properties": { "gid": 585, "nazwa": "Ta'u", "ostatnia_erupcja": "brak danych", "kraj": "Stany Zjednoczone", "typ": "tarczowy", "rodzaj_erupcji": "nieznana data wybuchu", "materiał": "bazalt / pikryt", "tektonika": "strefa subdukcji / skorupa oceaniczna (< 15 km)", "legenda": "Wulkan", "źródło": "Global Volcanism Program, 2013. Volcanoes of the World, v. 4.11.0. Venzke, E (ed.). Smithsonian Institution. Downloaded 20 Jun 2022. https://doi.org/10.5479/si.GVP.VOTW4-2013" }, "geometry": { "type": "Point", "coordinates": [ -169.454, -14.23 ] } },
{ "type": "Feature", "properties": { "gid": 588, "nazwa": "Upolu", "ostatnia_erupcja": "brak danych", "kraj": "Samoa", "typ": "tarczowy", "rodzaj_erupcji": "nieznana data wybuchu", "materiał": "bazalt / pikryt", "tektonika": "strefa subdukcji / skorupa oceaniczna (< 15 km)", "legenda": "Wulkan", "źródło": "Global Volcanism Program, 2013. Volcanoes of the World, v. 4.11.0. Venzke, E (ed.). Smithsonian Institution. Downloaded 20 Jun 2022. https://doi.org/10.5479/si.GVP.VOTW4-2013" }, "geometry": { "type": "Point", "coordinates": [ -171.72, -13.935 ] } },
{ "type": "Feature", "properties": { "gid": 590, "nazwa": "Wallis Islands", "ostatnia_erupcja": "brak danych", "kraj": "Francja", "typ": "tarczowy", "rodzaj_erupcji": "nieznana data wybuchu", "materiał": "bazalt / pikryt", "tektonika": "strefa subdukcji / skorupa oceaniczna (< 15 km)", "legenda": "Wulkan", "źródło": "Global Volcanism Program, 2013. Volcanoes of the World, v. 4.11.0. Venzke, E (ed.). Smithsonian Institution. Downloaded 20 Jun 2022. https://doi.org/10.5479/si.GVP.VOTW4-2013" }, "geometry": { "type": "Point", "coordinates": [ -176.17, -13.3 ] } },
{ "type": "Feature", "properties": { "gid": 756, "nazwa": "Schmidt", "ostatnia_erupcja": "brak danych", "kraj": "Rosja", "typ": "tarczowy", "rodzaj_erupcji": "nieznana data wybuchu", "materiał": "bazalt / pikryt", "tektonika": "strefa subdukcji / skorupa kontynentalna (>25 km)", "legenda": "Wulkan", "źródło": "Global Volcanism Program, 2013. Volcanoes of the World, v. 4.11.0. Venzke, E (ed.). Smithsonian Institution. Downloaded 20 Jun 2022. https://doi.org/10.5479/si.GVP.VOTW4-2013" }, "geometry": { "type": "Point", "coordinates": [ 160.630000000000109, 54.92 ] } },
{ "type": "Feature", "properties": { "gid": 913, "nazwa": "St. Michael", "ostatnia_erupcja": "brak danych", "kraj": "Stany Zjednoczone", "typ": "tarczowy", "rodzaj_erupcji": "nieznana data wybuchu", "materiał": "bazalt / pikryt", "tektonika": "strefa subdukcji / skorupa kontynentalna (>25 km)", "legenda": "Wulkan", "źródło": "Global Volcanism Program, 2013. Volcanoes of the World, v. 4.11.0. Venzke, E (ed.). Smithsonian Institution. Downloaded 20 Jun 2022. https://doi.org/10.5479/si.GVP.VOTW4-2013" }, "geometry": { "type": "Point", "coordinates": [ -162.12, 63.45 ] } },
{ "type": "Feature", "properties": { "gid": 929, "nazwa": "Spectrum Range", "ostatnia_erupcja": "brak danych", "kraj": "Kanada", "typ": "tarczowy", "rodzaj_erupcji": "nieznana data wybuchu", "materiał": "ryolit", "tektonika": "strefa subdukcji / skorupa kontynentalna (>25 km)", "legenda": "Wulkan", "źródło": "Global Volcanism Program, 2013. Volcanoes of the World, v. 4.11.0. Venzke, E (ed.). Smithsonian Institution. Downloaded 20 Jun 2022. https://doi.org/10.5479/si.GVP.VOTW4-2013" }, "geometry": { "type": "Point", "coordinates": [ -130.68, 57.43 ] } },
{ "type": "Feature", "properties": { "gid": 1099, "nazwa": "Peter I Island", "ostatnia_erupcja": "brak danych", "kraj": "Antarktyda", "typ": "tarczowy", "rodzaj_erupcji": "nieznana data wybuchu", "materiał": "bazalt / pikryt", "tektonika": "strefa subdukcji / skorupa oceaniczna (< 15 km)", "legenda": "Wulkan", "źródło": "Global Volcanism Program, 2013. Volcanoes of the World, v. 4.11.0. Venzke, E (ed.). Smithsonian Institution. Downloaded 20 Jun 2022. https://doi.org/10.5479/si.GVP.VOTW4-2013" }, "geometry": { "type": "Point", "coordinates": [ -90.58, -68.85 ] } },
{ "type": "Feature", "properties": { "gid": 1114, "nazwa": "James Ross Island", "ostatnia_erupcja": "brak danych", "kraj": "Antarktyda", "typ": "tarczowy", "rodzaj_erupcji": "nieznana data wybuchu", "materiał": "bazalt / pikryt", "tektonika": "strefa subdukcji / skorupa kontynentalna (>25 km)", "legenda": "Wulkan", "źródło": "Global Volcanism Program, 2013. Volcanoes of the World, v. 4.11.0. Venzke, E (ed.). Smithsonian Institution. Downloaded 20 Jun 2022. https://doi.org/10.5479/si.GVP.VOTW4-2013" }, "geometry": { "type": "Point", "coordinates": [ -57.75, -64.15 ] } },
{ "type": "Feature", "properties": { "gid": 1123, "nazwa": "Zapatera", "ostatnia_erupcja": "brak danych", "kraj": "Nikaragua", "typ": "tarczowy", "rodzaj_erupcji": "nieznana data wybuchu", "materiał": "andezyt / andezyt bazaltowy", "tektonika": "strefa subdukcji / skorupa kontynentalna (>25 km)", "legenda": "Wulkan", "źródło": "Global Volcanism Program, 2013. Volcanoes of the World, v. 4.11.0. Venzke, E (ed.). Smithsonian Institution. Downloaded 20 Jun 2022. https://doi.org/10.5479/si.GVP.VOTW4-2013" }, "geometry": { "type": "Point", "coordinates": [ -85.82, 11.73 ] } },
{ "type": "Feature", "properties": { "gid": 1186, "nazwa": "Genovesa", "ostatnia_erupcja": "brak danych", "kraj": "Ekwador", "typ": "tarczowy", "rodzaj_erupcji": "nieznana data wybuchu", "materiał": "bazalt / pikryt", "tektonika": "strefa ryftowa / skorupa oceaniczna (< 15 km)", "legenda": "Wulkan", "źródło": "Global Volcanism Program, 2013. Volcanoes of the World, v. 4.11.0. Venzke, E (ed.). Smithsonian Institution. Downloaded 20 Jun 2022. https://doi.org/10.5479/si.GVP.VOTW4-2013" }, "geometry": { "type": "Point", "coordinates": [ -89.958, 0.32 ] } }
]
}
