fid,gid,nazwa,ostatnia_e,kraj,typ,rodzaj_eru,materiał,tektonika,legenda,źródło,x,y
"1","830",Ambae,"2021",Vanuatu,tarczowy,erupcja zaobserwowana,bazalt / pikryt,strefa subdukcji / skorupa oceaniczna (< 15 km),Wulkan,"Global Volcanism Program, 2013. Volcanoes of the World, v. 4.11.0. Venzke, E (ed.). Smithsonian Institution. Downloaded 20 Jun 2022. https://doi.org/10.5479/si.GVP.VOTW4-2013","168","-15"
"2","499",Pavlof,"2021",Stany Zjednoczone,stratowulkan,erupcja zaobserwowana,andezyt / andezyt bazaltowy,strefa subdukcji / skorupa kontynentalna (>25 km),Wulkan,"Global Volcanism Program, 2013. Volcanoes of the World, v. 4.11.0. Venzke, E (ed.). Smithsonian Institution. Downloaded 20 Jun 2022. https://doi.org/10.5479/si.GVP.VOTW4-2013","-162","55"
"3","821",Kavachi,"2021",Wyspy Salomona,podwodny,erupcja zaobserwowana,andezyt / andezyt bazaltowy,strefa subdukcji / grubość skorupy nieznana,Wulkan,"Global Volcanism Program, 2013. Volcanoes of the World, v. 4.11.0. Venzke, E (ed.). Smithsonian Institution. Downloaded 20 Jun 2022. https://doi.org/10.5479/si.GVP.VOTW4-2013","158","-9"
"4","1130",Rincon de la Vieja,"2021",Kostaryka,"mieszane, złożone",erupcja zaobserwowana,andezyt / andezyt bazaltowy,strefa subdukcji / skorupa kontynentalna (>25 km),Wulkan,"Global Volcanism Program, 2013. Volcanoes of the World, v. 4.11.0. Venzke, E (ed.). Smithsonian Institution. Downloaded 20 Jun 2022. https://doi.org/10.5479/si.GVP.VOTW4-2013","-85","11"
"5","469",Great Sitkin,"2021",Stany Zjednoczone,stratowulkan,erupcja zaobserwowana,andezyt / andezyt bazaltowy,strefa subdukcji / skorupa oceaniczna (< 15 km),Wulkan,"Global Volcanism Program, 2013. Volcanoes of the World, v. 4.11.0. Venzke, E (ed.). Smithsonian Institution. Downloaded 20 Jun 2022. https://doi.org/10.5479/si.GVP.VOTW4-2013","-176","52"
"6","873",Krakatau,"2021",Indonezja,kaldera,erupcja zaobserwowana,andezyt / andezyt bazaltowy,strefa subdukcji / skorupa kontynentalna (>25 km),Wulkan,"Global Volcanism Program, 2013. Volcanoes of the World, v. 4.11.0. Venzke, E (ed.). Smithsonian Institution. Downloaded 20 Jun 2022. https://doi.org/10.5479/si.GVP.VOTW4-2013","105","-6"
"7","1330",San Cristobal,"2020",Nikaragua,stratowulkan,erupcja zaobserwowana,bazalt / pikryt,strefa subdukcji / skorupa kontynentalna (>25 km),Wulkan,"Global Volcanism Program, 2013. Volcanoes of the World, v. 4.11.0. Venzke, E (ed.). Smithsonian Institution. Downloaded 20 Jun 2022. https://doi.org/10.5479/si.GVP.VOTW4-2013","-87","13"
"8","686",Awu,"2004",Indonezja,stratowulkan,erupcja zaobserwowana,andezyt / andezyt bazaltowy,strefa subdukcji / skorupa oceaniczna (< 15 km),Wulkan,"Global Volcanism Program, 2013. Volcanoes of the World, v. 4.11.0. Venzke, E (ed.). Smithsonian Institution. Downloaded 20 Jun 2022. https://doi.org/10.5479/si.GVP.VOTW4-2013","125","4"
"9","567",Hunga Tonga-Hunga Ha'apai,"2022",Tonga,podwodny,erupcja zaobserwowana,andezyt / andezyt bazaltowy,strefa subdukcji / skorupa oceaniczna (< 15 km),Wulkan,"Global Volcanism Program, 2013. Volcanoes of the World, v. 4.11.0. Venzke, E (ed.). Smithsonian Institution. Downloaded 20 Jun 2022. https://doi.org/10.5479/si.GVP.VOTW4-2013","-175","-21"
"10","731",Taal,"2021",Filipiny,kaldera,erupcja zaobserwowana,andezyt / andezyt bazaltowy,strefa subdukcji / skorupa kontynentalna (>25 km),Wulkan,"Global Volcanism Program, 2013. Volcanoes of the World, v. 4.11.0. Venzke, E (ed.). Smithsonian Institution. Downloaded 20 Jun 2022. https://doi.org/10.5479/si.GVP.VOTW4-2013","121","14"
"11","645",Sangeang Api,"2022",Indonezja,"mieszane, złożone",erupcja zaobserwowana,tefryt / trachybazalt,strefa subdukcji / skorupa kontynentalna (>25 km),Wulkan,"Global Volcanism Program, 2013. Volcanoes of the World, v. 4.11.0. Venzke, E (ed.). Smithsonian Institution. Downloaded 20 Jun 2022. https://doi.org/10.5479/si.GVP.VOTW4-2013","119","-8"
"12","651",Iya,"1969",Indonezja,stratowulkan,erupcja zaobserwowana,bazalt / pikryt,strefa subdukcji / grubość skorupy nieznana,Wulkan,"Global Volcanism Program, 2013. Volcanoes of the World, v. 4.11.0. Venzke, E (ed.). Smithsonian Institution. Downloaded 20 Jun 2022. https://doi.org/10.5479/si.GVP.VOTW4-2013","122","-9"
"13","1271",Popocatepetl,"2018",Meksyk,stratowulkan,erupcja zaobserwowana,andezyt / andezyt bazaltowy,strefa subdukcji / skorupa kontynentalna (>25 km),Wulkan,"Global Volcanism Program, 2013. Volcanoes of the World, v. 4.11.0. Venzke, E (ed.). Smithsonian Institution. Downloaded 20 Jun 2022. https://doi.org/10.5479/si.GVP.VOTW4-2013","-99","19"
"14","1272","Malinche, La",1170 p.n.e.,Meksyk,stratowulkan,erupcja datowana,andezyt / andezyt bazaltowy,strefa subdukcji / skorupa kontynentalna (>25 km),Wulkan,"Global Volcanism Program, 2013. Volcanoes of the World, v. 4.11.0. Venzke, E (ed.). Smithsonian Institution. Downloaded 20 Jun 2022. https://doi.org/10.5479/si.GVP.VOTW4-2013","-98","19"
"15","1279","Cumbres,  Las",3920 p.n.e.,Meksyk,stratowulkan,erupcja datowana,andezyt / andezyt bazaltowy,strefa subdukcji / skorupa kontynentalna (>25 km),Wulkan,"Global Volcanism Program, 2013. Volcanoes of the World, v. 4.11.0. Venzke, E (ed.). Smithsonian Institution. Downloaded 20 Jun 2022. https://doi.org/10.5479/si.GVP.VOTW4-2013","-97","19"
"16","1280","Orizaba, Pico de","1846",Meksyk,stratowulkan,erupcja zaobserwowana,andezyt / andezyt bazaltowy,strefa subdukcji / skorupa kontynentalna (>25 km),Wulkan,"Global Volcanism Program, 2013. Volcanoes of the World, v. 4.11.0. Venzke, E (ed.). Smithsonian Institution. Downloaded 20 Jun 2022. https://doi.org/10.5479/si.GVP.VOTW4-2013","-97","19"
"17","1283",Tacana,"1986",Meksyk - Gwatemala,stratowulkan,erupcja zaobserwowana,andezyt / andezyt bazaltowy,strefa subdukcji / skorupa kontynentalna (>25 km),Wulkan,"Global Volcanism Program, 2013. Volcanoes of the World, v. 4.11.0. Venzke, E (ed.). Smithsonian Institution. Downloaded 20 Jun 2022. https://doi.org/10.5479/si.GVP.VOTW4-2013","-92","15"
"18","1286",Almolonga,"1818",Gwatemala,stratowulkan,erupcja zaobserwowana,dacyt,strefa subdukcji / skorupa kontynentalna (>25 km),Wulkan,"Global Volcanism Program, 2013. Volcanoes of the World, v. 4.11.0. Venzke, E (ed.). Smithsonian Institution. Downloaded 20 Jun 2022. https://doi.org/10.5479/si.GVP.VOTW4-2013","-92","15"
"19","35",Elbrus,"50",Rosja,stratowulkan,erupcja datowana,dacyt,strefa subdukcji / skorupa kontynentalna (>25 km),Wulkan,"Global Volcanism Program, 2013. Volcanoes of the World, v. 4.11.0. Venzke, E (ed.). Smithsonian Institution. Downloaded 20 Jun 2022. https://doi.org/10.5479/si.GVP.VOTW4-2013","42","43"
"20","21",Milos,"140",Grecja,stratowulkan,erupcja datowana,ryolit,strefa subdukcji / skorupa kontynentalna (>25 km),Wulkan,"Global Volcanism Program, 2013. Volcanoes of the World, v. 4.11.0. Venzke, E (ed.). Smithsonian Institution. Downloaded 20 Jun 2022. https://doi.org/10.5479/si.GVP.VOTW4-2013","24","37"
"21","36",Kazbek,750 p.n.e.,Georgia,stratowulkan,erupcja datowana,andezyt / andezyt bazaltowy,strefa subdukcji / skorupa kontynentalna (>25 km),Wulkan,"Global Volcanism Program, 2013. Volcanoes of the World, v. 4.11.0. Venzke, E (ed.). Smithsonian Institution. Downloaded 20 Jun 2022. https://doi.org/10.5479/si.GVP.VOTW4-2013","45","43"
"22","52",Chikurachki,"2022",Rosja,stratowulkan,erupcja zaobserwowana,bazalt / pikryt,strefa subdukcji / skorupa kontynentalna (>25 km),Wulkan,"Global Volcanism Program, 2013. Volcanoes of the World, v. 4.11.0. Venzke, E (ed.). Smithsonian Institution. Downloaded 20 Jun 2022. https://doi.org/10.5479/si.GVP.VOTW4-2013","155","50"
"23","41",Porak,778 p.n.e.,Armenia-Azerbejdżan,stratowulkan,erupcja datowana,andezyt / andezyt bazaltowy,strefa subdukcji / skorupa kontynentalna (>25 km),Wulkan,"Global Volcanism Program, 2013. Volcanoes of the World, v. 4.11.0. Venzke, E (ed.). Smithsonian Institution. Downloaded 20 Jun 2022. https://doi.org/10.5479/si.GVP.VOTW4-2013","46","40"
"24","43","Tair, Jebel at","2008",Jemen,stratowulkan,erupcja zaobserwowana,tefryt / trachybazalt,strefa ryftowa / skorupa oceaniczna (< 15 km),Wulkan,"Global Volcanism Program, 2013. Volcanoes of the World, v. 4.11.0. Venzke, E (ed.). Smithsonian Institution. Downloaded 20 Jun 2022. https://doi.org/10.5479/si.GVP.VOTW4-2013","42","16"
"25","57",Dubbi,"1861",Erytrea,stratowulkan,erupcja zaobserwowana,bazalt / pikryt,strefa ryftowa / skorupa pośrednia (15-25 km),Wulkan,"Global Volcanism Program, 2013. Volcanoes of the World, v. 4.11.0. Venzke, E (ed.). Smithsonian Institution. Downloaded 20 Jun 2022. https://doi.org/10.5479/si.GVP.VOTW4-2013","42","14"
"26","58",Nabro,"2012",Erytrea,stratowulkan,erupcja zaobserwowana,trachit,strefa ryftowa / skorupa pośrednia (15-25 km),Wulkan,"Global Volcanism Program, 2013. Volcanoes of the World, v. 4.11.0. Venzke, E (ed.). Smithsonian Institution. Downloaded 20 Jun 2022. https://doi.org/10.5479/si.GVP.VOTW4-2013","42","13"
"27","87",Fentale,"1820",Etiopia,stratowulkan,erupcja zaobserwowana,ryolit,strefa ryftowa / skorupa kontynentalna (>25 km),Wulkan,"Global Volcanism Program, 2013. Volcanoes of the World, v. 4.11.0. Venzke, E (ed.). Smithsonian Institution. Downloaded 20 Jun 2022. https://doi.org/10.5479/si.GVP.VOTW4-2013","40","9"
"28","99",Alutu,50 p.n.e.,Etiopia,stratowulkan,erupcja datowana,ryolit,strefa ryftowa / skorupa kontynentalna (>25 km),Wulkan,"Global Volcanism Program, 2013. Volcanoes of the World, v. 4.11.0. Venzke, E (ed.). Smithsonian Institution. Downloaded 20 Jun 2022. https://doi.org/10.5479/si.GVP.VOTW4-2013","39","8"
"29","103",Mariveles,2050 p.n.e.,Filipiny,stratowulkan,erupcja datowana,andezyt / andezyt bazaltowy,strefa subdukcji / skorupa kontynentalna (>25 km),Wulkan,"Global Volcanism Program, 2013. Volcanoes of the World, v. 4.11.0. Venzke, E (ed.). Smithsonian Institution. Downloaded 20 Jun 2022. https://doi.org/10.5479/si.GVP.VOTW4-2013","120","15"
"30","106",Ebeko,"2018",Rosja,stratowulkan,erupcja zaobserwowana,andezyt / andezyt bazaltowy,strefa subdukcji / skorupa kontynentalna (>25 km),Wulkan,"Global Volcanism Program, 2013. Volcanoes of the World, v. 4.11.0. Venzke, E (ed.). Smithsonian Institution. Downloaded 20 Jun 2022. https://doi.org/10.5479/si.GVP.VOTW4-2013","156","51"
"31","107",Pinatubo,"1993",Filipiny,stratowulkan,erupcja zaobserwowana,dacyt,strefa subdukcji / skorupa kontynentalna (>25 km),Wulkan,"Global Volcanism Program, 2013. Volcanoes of the World, v. 4.11.0. Venzke, E (ed.). Smithsonian Institution. Downloaded 20 Jun 2022. https://doi.org/10.5479/si.GVP.VOTW4-2013","120","15"
"32","108",Alaid,"2016",Rosja,stratowulkan,erupcja zaobserwowana,bazalt / pikryt,strefa subdukcji / skorupa kontynentalna (>25 km),Wulkan,"Global Volcanism Program, 2013. Volcanoes of the World, v. 4.11.0. Venzke, E (ed.). Smithsonian Institution. Downloaded 20 Jun 2022. https://doi.org/10.5479/si.GVP.VOTW4-2013","156","51"
"33","170",Kusatsu-Shiranesan,"2018",Japonia,stratowulkan,erupcja zaobserwowana,andezyt / andezyt bazaltowy,strefa subdukcji / skorupa kontynentalna (>25 km),Wulkan,"Global Volcanism Program, 2013. Volcanoes of the World, v. 4.11.0. Venzke, E (ed.). Smithsonian Institution. Downloaded 20 Jun 2022. https://doi.org/10.5479/si.GVP.VOTW4-2013","139","37"
"34","172",Harunasan,"550",Japonia,stratowulkan,erupcja datowana,andezyt / andezyt bazaltowy,strefa subdukcji / skorupa kontynentalna (>25 km),Wulkan,"Global Volcanism Program, 2013. Volcanoes of the World, v. 4.11.0. Venzke, E (ed.). Smithsonian Institution. Downloaded 20 Jun 2022. https://doi.org/10.5479/si.GVP.VOTW4-2013","139","36"
"35","467",Kanaga,"2012",Stany Zjednoczone,stratowulkan,erupcja zaobserwowana,andezyt / andezyt bazaltowy,strefa subdukcji / skorupa oceaniczna (< 15 km),Wulkan,"Global Volcanism Program, 2013. Volcanoes of the World, v. 4.11.0. Venzke, E (ed.). Smithsonian Institution. Downloaded 20 Jun 2022. https://doi.org/10.5479/si.GVP.VOTW4-2013","-177","52"
"36","468",Moffett,1600 p.n.e.,Stany Zjednoczone,stratowulkan,erupcja datowana,andezyt / andezyt bazaltowy,strefa subdukcji / skorupa oceaniczna (< 15 km),Wulkan,"Global Volcanism Program, 2013. Volcanoes of the World, v. 4.11.0. Venzke, E (ed.). Smithsonian Institution. Downloaded 20 Jun 2022. https://doi.org/10.5479/si.GVP.VOTW4-2013","-177","52"
"37","575",Fonualei,"1957",Tonga,stratowulkan,erupcja zaobserwowana,dacyt,strefa subdukcji / skorupa oceaniczna (< 15 km),Wulkan,"Global Volcanism Program, 2013. Volcanoes of the World, v. 4.11.0. Venzke, E (ed.). Smithsonian Institution. Downloaded 20 Jun 2022. https://doi.org/10.5479/si.GVP.VOTW4-2013","-174","-18"
"38","669",Serua,"1921",Indonezja,stratowulkan,erupcja zaobserwowana,andezyt / andezyt bazaltowy,strefa subdukcji / skorupa oceaniczna (< 15 km),Wulkan,"Global Volcanism Program, 2013. Volcanoes of the World, v. 4.11.0. Venzke, E (ed.). Smithsonian Institution. Downloaded 20 Jun 2022. https://doi.org/10.5479/si.GVP.VOTW4-2013","130","-6"
"39","672",Colo,"1983",Indonezja,stratowulkan,erupcja zaobserwowana,trachyandezyt / bazaltowy trachyandezyt,strefa subdukcji / skorupa kontynentalna (>25 km),Wulkan,"Global Volcanism Program, 2013. Volcanoes of the World, v. 4.11.0. Venzke, E (ed.). Smithsonian Institution. Downloaded 20 Jun 2022. https://doi.org/10.5479/si.GVP.VOTW4-2013","122","0"
"40","674",Soputan,"2016",Indonezja,stratowulkan,erupcja zaobserwowana,andezyt / andezyt bazaltowy,strefa subdukcji / skorupa kontynentalna (>25 km),Wulkan,"Global Volcanism Program, 2013. Volcanoes of the World, v. 4.11.0. Venzke, E (ed.). Smithsonian Institution. Downloaded 20 Jun 2022. https://doi.org/10.5479/si.GVP.VOTW4-2013","125","1"
"41","679",Lokon-Empung,"2015",Indonezja,stratowulkan,erupcja zaobserwowana,bazalt / pikryt,strefa subdukcji / skorupa kontynentalna (>25 km),Wulkan,"Global Volcanism Program, 2013. Volcanoes of the World, v. 4.11.0. Venzke, E (ed.). Smithsonian Institution. Downloaded 20 Jun 2022. https://doi.org/10.5479/si.GVP.VOTW4-2013","125","1"
"42","680",Mahawu,"1977",Indonezja,stratowulkan,erupcja zaobserwowana,andezyt / andezyt bazaltowy,strefa subdukcji / skorupa kontynentalna (>25 km),Wulkan,"Global Volcanism Program, 2013. Volcanoes of the World, v. 4.11.0. Venzke, E (ed.). Smithsonian Institution. Downloaded 20 Jun 2022. https://doi.org/10.5479/si.GVP.VOTW4-2013","125","1"
"43","682",Tangkoko-Duasudara,"1880",Indonezja,stratowulkan,erupcja zaobserwowana,andezyt / andezyt bazaltowy,strefa subdukcji / skorupa kontynentalna (>25 km),Wulkan,"Global Volcanism Program, 2013. Volcanoes of the World, v. 4.11.0. Venzke, E (ed.). Smithsonian Institution. Downloaded 20 Jun 2022. https://doi.org/10.5479/si.GVP.VOTW4-2013","125","2"
"44","683",Ruang,"2002",Indonezja,stratowulkan,erupcja zaobserwowana,andezyt / andezyt bazaltowy,strefa subdukcji / skorupa oceaniczna (< 15 km),Wulkan,"Global Volcanism Program, 2013. Volcanoes of the World, v. 4.11.0. Venzke, E (ed.). Smithsonian Institution. Downloaded 20 Jun 2022. https://doi.org/10.5479/si.GVP.VOTW4-2013","125","2"
"45","684",Karangetang,"2018",Indonezja,stratowulkan,erupcja zaobserwowana,andezyt / andezyt bazaltowy,strefa subdukcji / skorupa oceaniczna (< 15 km),Wulkan,"Global Volcanism Program, 2013. Volcanoes of the World, v. 4.11.0. Venzke, E (ed.). Smithsonian Institution. Downloaded 20 Jun 2022. https://doi.org/10.5479/si.GVP.VOTW4-2013","125","3"
"46","690",Ibu,"2018",Indonezja,stratowulkan,erupcja zaobserwowana,andezyt / andezyt bazaltowy,strefa subdukcji / skorupa oceaniczna (< 15 km),Wulkan,"Global Volcanism Program, 2013. Volcanoes of the World, v. 4.11.0. Venzke, E (ed.). Smithsonian Institution. Downloaded 20 Jun 2022. https://doi.org/10.5479/si.GVP.VOTW4-2013","128","1"
"47","691",Gamkonora,"2007",Indonezja,stratowulkan,erupcja zaobserwowana,andezyt / andezyt bazaltowy,strefa subdukcji / skorupa oceaniczna (< 15 km),Wulkan,"Global Volcanism Program, 2013. Volcanoes of the World, v. 4.11.0. Venzke, E (ed.). Smithsonian Institution. Downloaded 20 Jun 2022. https://doi.org/10.5479/si.GVP.VOTW4-2013","128","1"
"48","695",Gamalama,"2016",Indonezja,stratowulkan,erupcja zaobserwowana,andezyt / andezyt bazaltowy,strefa subdukcji / skorupa oceaniczna (< 15 km),Wulkan,"Global Volcanism Program, 2013. Volcanoes of the World, v. 4.11.0. Venzke, E (ed.). Smithsonian Institution. Downloaded 20 Jun 2022. https://doi.org/10.5479/si.GVP.VOTW4-2013","127","1"
"49","699",Makian,"1988",Indonezja,stratowulkan,erupcja zaobserwowana,andezyt / andezyt bazaltowy,strefa subdukcji / skorupa oceaniczna (< 15 km),Wulkan,"Global Volcanism Program, 2013. Volcanoes of the World, v. 4.11.0. Venzke, E (ed.). Smithsonian Institution. Downloaded 20 Jun 2022. https://doi.org/10.5479/si.GVP.VOTW4-2013","127","0"
"50","704",Parker,"1641",Filipiny,stratowulkan,erupcja zaobserwowana,andezyt / andezyt bazaltowy,strefa subdukcji / skorupa kontynentalna (>25 km),Wulkan,"Global Volcanism Program, 2013. Volcanoes of the World, v. 4.11.0. Venzke, E (ed.). Smithsonian Institution. Downloaded 20 Jun 2022. https://doi.org/10.5479/si.GVP.VOTW4-2013","125","6"
"51","705",Matutum,"1290",Filipiny,stratowulkan,erupcja datowana,andezyt / andezyt bazaltowy,strefa subdukcji / skorupa kontynentalna (>25 km),Wulkan,"Global Volcanism Program, 2013. Volcanoes of the World, v. 4.11.0. Venzke, E (ed.). Smithsonian Institution. Downloaded 20 Jun 2022. https://doi.org/10.5479/si.GVP.VOTW4-2013","125","6"
"52","707",Leonard Range,"120",Filipiny,stratowulkan,erupcja datowana,andezyt / andezyt bazaltowy,strefa subdukcji / skorupa kontynentalna (>25 km),Wulkan,"Global Volcanism Program, 2013. Volcanoes of the World, v. 4.11.0. Venzke, E (ed.). Smithsonian Institution. Downloaded 20 Jun 2022. https://doi.org/10.5479/si.GVP.VOTW4-2013","126","7"
"53","708",Makaturing,"1882",Filipiny,stratowulkan,erupcja zaobserwowana,bazalt / pikryt,strefa subdukcji / skorupa kontynentalna (>25 km),Wulkan,"Global Volcanism Program, 2013. Volcanoes of the World, v. 4.11.0. Venzke, E (ed.). Smithsonian Institution. Downloaded 20 Jun 2022. https://doi.org/10.5479/si.GVP.VOTW4-2013","124","8"
"54","764",Bezymianny,"2018",Rosja,stratowulkan,erupcja zaobserwowana,andezyt / andezyt bazaltowy,strefa subdukcji / skorupa kontynentalna (>25 km),Wulkan,"Global Volcanism Program, 2013. Volcanoes of the World, v. 4.11.0. Venzke, E (ed.). Smithsonian Institution. Downloaded 20 Jun 2022. https://doi.org/10.5479/si.GVP.VOTW4-2013","161","56"
"55","766",Klyuchevskoy,"2018",Rosja,stratowulkan,erupcja zaobserwowana,bazalt / pikryt,strefa subdukcji / skorupa kontynentalna (>25 km),Wulkan,"Global Volcanism Program, 2013. Volcanoes of the World, v. 4.11.0. Venzke, E (ed.). Smithsonian Institution. Downloaded 20 Jun 2022. https://doi.org/10.5479/si.GVP.VOTW4-2013","161","56"
"56","768",Sheveluch,"2018",Rosja,stratowulkan,erupcja zaobserwowana,andezyt / andezyt bazaltowy,strefa subdukcji / skorupa kontynentalna (>25 km),Wulkan,"Global Volcanism Program, 2013. Volcanoes of the World, v. 4.11.0. Venzke, E (ed.). Smithsonian Institution. Downloaded 20 Jun 2022. https://doi.org/10.5479/si.GVP.VOTW4-2013","161","57"
"57","770",Khangar,"1500",Rosja,stratowulkan,erupcja datowana,dacyt,strefa subdukcji / skorupa kontynentalna (>25 km),Wulkan,"Global Volcanism Program, 2013. Volcanoes of the World, v. 4.11.0. Venzke, E (ed.). Smithsonian Institution. Downloaded 20 Jun 2022. https://doi.org/10.5479/si.GVP.VOTW4-2013","157","55"
"58","112",Kambalny,"2017",Rosja,stratowulkan,erupcja datowana,bazalt / pikryt,strefa subdukcji / skorupa kontynentalna (>25 km),Wulkan,"Global Volcanism Program, 2013. Volcanoes of the World, v. 4.11.0. Venzke, E (ed.). Smithsonian Institution. Downloaded 20 Jun 2022. https://doi.org/10.5479/si.GVP.VOTW4-2013","157","51"
"59","114",Koshelev,"1690",Rosja,stratowulkan,erupcja zaobserwowana,bazalt / pikryt,strefa subdukcji / skorupa kontynentalna (>25 km),Wulkan,"Global Volcanism Program, 2013. Volcanoes of the World, v. 4.11.0. Venzke, E (ed.). Smithsonian Institution. Downloaded 20 Jun 2022. https://doi.org/10.5479/si.GVP.VOTW4-2013","157","51"
"60","115",Cagua,"1860",Filipiny,stratowulkan,erupcja zaobserwowana,andezyt / andezyt bazaltowy,strefa subdukcji / skorupa kontynentalna (>25 km),Wulkan,"Global Volcanism Program, 2013. Volcanoes of the World, v. 4.11.0. Venzke, E (ed.). Smithsonian Institution. Downloaded 20 Jun 2022. https://doi.org/10.5479/si.GVP.VOTW4-2013","122","18"
"61","116",Camiguin de Babuyanes,"1857",Filipiny,stratowulkan,erupcja zaobserwowana,andezyt / andezyt bazaltowy,strefa subdukcji / grubość skorupy nieznana,Wulkan,"Global Volcanism Program, 2013. Volcanoes of the World, v. 4.11.0. Venzke, E (ed.). Smithsonian Institution. Downloaded 20 Jun 2022. https://doi.org/10.5479/si.GVP.VOTW4-2013","122","19"
"62","887",Cereme,"1951",Indonezja,stratowulkan,erupcja zaobserwowana,andezyt / andezyt bazaltowy,strefa subdukcji / skorupa kontynentalna (>25 km),Wulkan,"Global Volcanism Program, 2013. Volcanoes of the World, v. 4.11.0. Venzke, E (ed.). Smithsonian Institution. Downloaded 20 Jun 2022. https://doi.org/10.5479/si.GVP.VOTW4-2013","108","-7"
"63","788",Alney-Chashakondzha,"1600",Rosja,stratowulkan,erupcja datowana,bazalt / pikryt,strefa subdukcji / skorupa kontynentalna (>25 km),Wulkan,"Global Volcanism Program, 2013. Volcanoes of the World, v. 4.11.0. Venzke, E (ed.). Smithsonian Institution. Downloaded 20 Jun 2022. https://doi.org/10.5479/si.GVP.VOTW4-2013","160","57"
"64","800",Gorny Institute,"1250",Rosja,stratowulkan,erupcja datowana,andezyt / andezyt bazaltowy,strefa subdukcji / skorupa kontynentalna (>25 km),Wulkan,"Global Volcanism Program, 2013. Volcanoes of the World, v. 4.11.0. Venzke, E (ed.). Smithsonian Institution. Downloaded 20 Jun 2022. https://doi.org/10.5479/si.GVP.VOTW4-2013","160","57"
"65","825",Tinakula,"2018",Wyspy Salomona,stratowulkan,erupcja zaobserwowana,andezyt / andezyt bazaltowy,strefa subdukcji / grubość skorupy nieznana,Wulkan,"Global Volcanism Program, 2013. Volcanoes of the World, v. 4.11.0. Venzke, E (ed.). Smithsonian Institution. Downloaded 20 Jun 2022. https://doi.org/10.5479/si.GVP.VOTW4-2013","166","-10"
"66","828",Gaua,"2022",Vanuatu,stratowulkan,erupcja zaobserwowana,andezyt / andezyt bazaltowy,strefa subdukcji / skorupa oceaniczna (< 15 km),Wulkan,"Global Volcanism Program, 2013. Volcanoes of the World, v. 4.11.0. Venzke, E (ed.). Smithsonian Institution. Downloaded 20 Jun 2022. https://doi.org/10.5479/si.GVP.VOTW4-2013","168","-14"
"67","811",Ambitle,350 p.n.e.,Papua - Nowa Gwinea,stratowulkan,erupcja datowana,fonolitowy tefryt,strefa subdukcji / grubość skorupy nieznana,Wulkan,"Global Volcanism Program, 2013. Volcanoes of the World, v. 4.11.0. Venzke, E (ed.). Smithsonian Institution. Downloaded 20 Jun 2022. https://doi.org/10.5479/si.GVP.VOTW4-2013","154","-4"
"68","818",Simbo,"1910",Wyspy Salomona,stratowulkan,erupcja datowana,andezyt / andezyt bazaltowy,strefa subdukcji / grubość skorupy nieznana,Wulkan,"Global Volcanism Program, 2013. Volcanoes of the World, v. 4.11.0. Venzke, E (ed.). Smithsonian Institution. Downloaded 20 Jun 2022. https://doi.org/10.5479/si.GVP.VOTW4-2013","157","-8"
"69","824",Savo,"1847",Wyspy Salomona,stratowulkan,erupcja zaobserwowana,andezyt / andezyt bazaltowy,strefa subdukcji / grubość skorupy nieznana,Wulkan,"Global Volcanism Program, 2013. Volcanoes of the World, v. 4.11.0. Venzke, E (ed.). Smithsonian Institution. Downloaded 20 Jun 2022. https://doi.org/10.5479/si.GVP.VOTW4-2013","160","-9"
"70","832",Lopevi,"2007",Vanuatu,stratowulkan,erupcja zaobserwowana,bazalt / pikryt,strefa subdukcji / skorupa oceaniczna (< 15 km),Wulkan,"Global Volcanism Program, 2013. Volcanoes of the World, v. 4.11.0. Venzke, E (ed.). Smithsonian Institution. Downloaded 20 Jun 2022. https://doi.org/10.5479/si.GVP.VOTW4-2013","168","-17"
"71","833",Epi,"2004",Vanuatu,stratowulkan,erupcja zaobserwowana,bazalt / pikryt,strefa subdukcji / skorupa oceaniczna (< 15 km),Wulkan,"Global Volcanism Program, 2013. Volcanoes of the World, v. 4.11.0. Venzke, E (ed.). Smithsonian Institution. Downloaded 20 Jun 2022. https://doi.org/10.5479/si.GVP.VOTW4-2013","168","-17"
"72","837",Traitor's Head,"1881",Vanuatu,stratowulkan,erupcja zaobserwowana,bazalt / pikryt,strefa subdukcji / skorupa oceaniczna (< 15 km),Wulkan,"Global Volcanism Program, 2013. Volcanoes of the World, v. 4.11.0. Venzke, E (ed.). Smithsonian Institution. Downloaded 20 Jun 2022. https://doi.org/10.5479/si.GVP.VOTW4-2013","169","-19"
"73","118",Babuyan Claro,"1924",Filipiny,stratowulkan,erupcja zaobserwowana,andezyt / andezyt bazaltowy,strefa subdukcji / grubość skorupy nieznana,Wulkan,"Global Volcanism Program, 2013. Volcanoes of the World, v. 4.11.0. Venzke, E (ed.). Smithsonian Institution. Downloaded 20 Jun 2022. https://doi.org/10.5479/si.GVP.VOTW4-2013","122","20"
"74","120",Iraya,"1454",Filipiny,stratowulkan,erupcja zaobserwowana,andezyt / andezyt bazaltowy,strefa subdukcji / grubość skorupy nieznana,Wulkan,"Global Volcanism Program, 2013. Volcanoes of the World, v. 4.11.0. Venzke, E (ed.). Smithsonian Institution. Downloaded 20 Jun 2022. https://doi.org/10.5479/si.GVP.VOTW4-2013","122","20"
"75","133",Kueishantao,"1785",Tajwan,stratowulkan,erupcja zaobserwowana,andezyt / andezyt bazaltowy,strefa subdukcji / skorupa kontynentalna (>25 km),Wulkan,"Global Volcanism Program, 2013. Volcanoes of the World, v. 4.11.0. Venzke, E (ed.). Smithsonian Institution. Downloaded 20 Jun 2022. https://doi.org/10.5479/si.GVP.VOTW4-2013","122","25"
"76","137",Yokoate-jima,"1835",Japonia,stratowulkan,erupcja zaobserwowana,andezyt / andezyt bazaltowy,strefa subdukcji / skorupa oceaniczna (< 15 km),Wulkan,"Global Volcanism Program, 2013. Volcanoes of the World, v. 4.11.0. Venzke, E (ed.). Smithsonian Institution. Downloaded 20 Jun 2022. https://doi.org/10.5479/si.GVP.VOTW4-2013","129","29"
"77","838",Yasur,"2018",Vanuatu,stratowulkan,erupcja zaobserwowana,andezyt / andezyt bazaltowy,strefa subdukcji / skorupa oceaniczna (< 15 km),Wulkan,"Global Volcanism Program, 2013. Volcanoes of the World, v. 4.11.0. Venzke, E (ed.). Smithsonian Institution. Downloaded 20 Jun 2022. https://doi.org/10.5479/si.GVP.VOTW4-2013","169","-20"
"78","841",Matthew Island,"1956",Francja,stratowulkan,erupcja zaobserwowana,andezyt / andezyt bazaltowy,strefa subdukcji / grubość skorupy nieznana,Wulkan,"Global Volcanism Program, 2013. Volcanoes of the World, v. 4.11.0. Venzke, E (ed.). Smithsonian Institution. Downloaded 20 Jun 2022. https://doi.org/10.5479/si.GVP.VOTW4-2013","171","-22"
"79","842",Hunter Island,"1903",Francja,stratowulkan,erupcja zaobserwowana,andezyt / andezyt bazaltowy,strefa subdukcji / grubość skorupy nieznana,Wulkan,"Global Volcanism Program, 2013. Volcanoes of the World, v. 4.11.0. Venzke, E (ed.). Smithsonian Institution. Downloaded 20 Jun 2022. https://doi.org/10.5479/si.GVP.VOTW4-2013","172","-22"
"80","845",Barren Island,"2017",Indie,stratowulkan,erupcja zaobserwowana,bazalt / pikryt,strefa subdukcji / skorupa kontynentalna (>25 km),Wulkan,"Global Volcanism Program, 2013. Volcanoes of the World, v. 4.11.0. Venzke, E (ed.). Smithsonian Institution. Downloaded 20 Jun 2022. https://doi.org/10.5479/si.GVP.VOTW4-2013","94","12"
"81","846",Seulawah Agam,"1839",Indonezja,stratowulkan,erupcja zaobserwowana,andezyt / andezyt bazaltowy,strefa subdukcji / skorupa kontynentalna (>25 km),Wulkan,"Global Volcanism Program, 2013. Volcanoes of the World, v. 4.11.0. Venzke, E (ed.). Smithsonian Institution. Downloaded 20 Jun 2022. https://doi.org/10.5479/si.GVP.VOTW4-2013","96","5"
"82","848","Telong, Bur ni","1937",Indonezja,stratowulkan,erupcja zaobserwowana,andezyt / andezyt bazaltowy,strefa subdukcji / skorupa kontynentalna (>25 km),Wulkan,"Global Volcanism Program, 2013. Volcanoes of the World, v. 4.11.0. Venzke, E (ed.). Smithsonian Institution. Downloaded 20 Jun 2022. https://doi.org/10.5479/si.GVP.VOTW4-2013","97","5"
"83","850",Sinabung,"2018",Indonezja,stratowulkan,erupcja zaobserwowana,andezyt / andezyt bazaltowy,strefa subdukcji / skorupa kontynentalna (>25 km),Wulkan,"Global Volcanism Program, 2013. Volcanoes of the World, v. 4.11.0. Venzke, E (ed.). Smithsonian Institution. Downloaded 20 Jun 2022. https://doi.org/10.5479/si.GVP.VOTW4-2013","98","3"
"84","139",Suwanosejima,"2018",Japonia,stratowulkan,erupcja zaobserwowana,andezyt / andezyt bazaltowy,strefa subdukcji / skorupa oceaniczna (< 15 km),Wulkan,"Global Volcanism Program, 2013. Volcanoes of the World, v. 4.11.0. Venzke, E (ed.). Smithsonian Institution. Downloaded 20 Jun 2022. https://doi.org/10.5479/si.GVP.VOTW4-2013","130","30"
"85","140",Nakanoshima,"1914",Japonia,stratowulkan,erupcja zaobserwowana,andezyt / andezyt bazaltowy,strefa subdukcji / skorupa oceaniczna (< 15 km),Wulkan,"Global Volcanism Program, 2013. Volcanoes of the World, v. 4.11.0. Venzke, E (ed.). Smithsonian Institution. Downloaded 20 Jun 2022. https://doi.org/10.5479/si.GVP.VOTW4-2013","130","30"
"86","854",Sorikmarapi,"1986",Indonezja,stratowulkan,erupcja zaobserwowana,andezyt / andezyt bazaltowy,strefa subdukcji / skorupa kontynentalna (>25 km),Wulkan,"Global Volcanism Program, 2013. Volcanoes of the World, v. 4.11.0. Venzke, E (ed.). Smithsonian Institution. Downloaded 20 Jun 2022. https://doi.org/10.5479/si.GVP.VOTW4-2013","100","1"
"87","859",Tandikat-Singgalang,"1924",Indonezja,stratowulkan,erupcja zaobserwowana,andezyt / andezyt bazaltowy,strefa subdukcji / skorupa kontynentalna (>25 km),Wulkan,"Global Volcanism Program, 2013. Volcanoes of the World, v. 4.11.0. Venzke, E (ed.). Smithsonian Institution. Downloaded 20 Jun 2022. https://doi.org/10.5479/si.GVP.VOTW4-2013","100","0"
"88","860",Talang,"2007",Indonezja,stratowulkan,erupcja zaobserwowana,andezyt / andezyt bazaltowy,strefa subdukcji / skorupa kontynentalna (>25 km),Wulkan,"Global Volcanism Program, 2013. Volcanoes of the World, v. 4.11.0. Venzke, E (ed.). Smithsonian Institution. Downloaded 20 Jun 2022. https://doi.org/10.5479/si.GVP.VOTW4-2013","101","-1"
"89","861",Kerinci,"2018",Indonezja,stratowulkan,erupcja zaobserwowana,andezyt / andezyt bazaltowy,strefa subdukcji / skorupa kontynentalna (>25 km),Wulkan,"Global Volcanism Program, 2013. Volcanoes of the World, v. 4.11.0. Venzke, E (ed.). Smithsonian Institution. Downloaded 20 Jun 2022. https://doi.org/10.5479/si.GVP.VOTW4-2013","101","-2"
"90","862",Sumbing,"1921",Indonezja,stratowulkan,erupcja zaobserwowana,andezyt / andezyt bazaltowy,strefa subdukcji / skorupa kontynentalna (>25 km),Wulkan,"Global Volcanism Program, 2013. Volcanoes of the World, v. 4.11.0. Venzke, E (ed.). Smithsonian Institution. Downloaded 20 Jun 2022. https://doi.org/10.5479/si.GVP.VOTW4-2013","102","-2"
"91","866",Dempo,"2022",Indonezja,stratowulkan,erupcja zaobserwowana,andezyt / andezyt bazaltowy,strefa subdukcji / skorupa kontynentalna (>25 km),Wulkan,"Global Volcanism Program, 2013. Volcanoes of the World, v. 4.11.0. Venzke, E (ed.). Smithsonian Institution. Downloaded 20 Jun 2022. https://doi.org/10.5479/si.GVP.VOTW4-2013","103","-4"
"92","865",Kaba,"2000",Indonezja,stratowulkan,erupcja zaobserwowana,andezyt / andezyt bazaltowy,strefa subdukcji / skorupa kontynentalna (>25 km),Wulkan,"Global Volcanism Program, 2013. Volcanoes of the World, v. 4.11.0. Venzke, E (ed.). Smithsonian Institution. Downloaded 20 Jun 2022. https://doi.org/10.5479/si.GVP.VOTW4-2013","103","-4"
"93","876",Perbakti-Gagak,"1939",Indonezja,stratowulkan,erupcja zaobserwowana,andezyt / andezyt bazaltowy,strefa subdukcji / skorupa kontynentalna (>25 km),Wulkan,"Global Volcanism Program, 2013. Volcanoes of the World, v. 4.11.0. Venzke, E (ed.). Smithsonian Institution. Downloaded 20 Jun 2022. https://doi.org/10.5479/si.GVP.VOTW4-2013","107","-7"
"94","877",Salak,"1938",Indonezja,stratowulkan,erupcja zaobserwowana,andezyt / andezyt bazaltowy,strefa subdukcji / skorupa kontynentalna (>25 km),Wulkan,"Global Volcanism Program, 2013. Volcanoes of the World, v. 4.11.0. Venzke, E (ed.). Smithsonian Institution. Downloaded 20 Jun 2022. https://doi.org/10.5479/si.GVP.VOTW4-2013","107","-7"
"95","878",Gede-Pangrango,"1957",Indonezja,stratowulkan,erupcja zaobserwowana,andezyt / andezyt bazaltowy,strefa subdukcji / skorupa kontynentalna (>25 km),Wulkan,"Global Volcanism Program, 2013. Volcanoes of the World, v. 4.11.0. Venzke, E (ed.). Smithsonian Institution. Downloaded 20 Jun 2022. https://doi.org/10.5479/si.GVP.VOTW4-2013","107","-7"
"96","880",Tangkubanparahu,"2013",Indonezja,stratowulkan,erupcja zaobserwowana,andezyt / andezyt bazaltowy,strefa subdukcji / skorupa kontynentalna (>25 km),Wulkan,"Global Volcanism Program, 2013. Volcanoes of the World, v. 4.11.0. Venzke, E (ed.). Smithsonian Institution. Downloaded 20 Jun 2022. https://doi.org/10.5479/si.GVP.VOTW4-2013","108","-7"
"97","14",Lipari,"1230",Włochy,stratowulkan,erupcja datowana,ryolit,strefa subdukcji / skorupa kontynentalna (>25 km),Wulkan,"Global Volcanism Program, 2013. Volcanoes of the World, v. 4.11.0. Venzke, E (ed.). Smithsonian Institution. Downloaded 20 Jun 2022. https://doi.org/10.5479/si.GVP.VOTW4-2013","15","38"
"98","895",Merapi,"2022",Indonezja,stratowulkan,erupcja zaobserwowana,andezyt / andezyt bazaltowy,strefa subdukcji / skorupa kontynentalna (>25 km),Wulkan,"Global Volcanism Program, 2013. Volcanoes of the World, v. 4.11.0. Venzke, E (ed.). Smithsonian Institution. Downloaded 20 Jun 2022. https://doi.org/10.5479/si.GVP.VOTW4-2013","110","-8"
"99","881",Papandayan,"2002",Indonezja,stratowulkan,erupcja zaobserwowana,andezyt / andezyt bazaltowy,strefa subdukcji / skorupa kontynentalna (>25 km),Wulkan,"Global Volcanism Program, 2013. Volcanoes of the World, v. 4.11.0. Venzke, E (ed.). Smithsonian Institution. Downloaded 20 Jun 2022. https://doi.org/10.5479/si.GVP.VOTW4-2013","108","-7"
"100","885",Galunggung,"1984",Indonezja,stratowulkan,erupcja zaobserwowana,bazalt / pikryt,strefa subdukcji / skorupa kontynentalna (>25 km),Wulkan,"Global Volcanism Program, 2013. Volcanoes of the World, v. 4.11.0. Venzke, E (ed.). Smithsonian Institution. Downloaded 20 Jun 2022. https://doi.org/10.5479/si.GVP.VOTW4-2013","108","-7"
"101","888",Slamet,"2014",Indonezja,stratowulkan,erupcja zaobserwowana,bazalt / pikryt,strefa subdukcji / skorupa kontynentalna (>25 km),Wulkan,"Global Volcanism Program, 2013. Volcanoes of the World, v. 4.11.0. Venzke, E (ed.). Smithsonian Institution. Downloaded 20 Jun 2022. https://doi.org/10.5479/si.GVP.VOTW4-2013","109","-7"
"102","890",Sundoro,"1971",Indonezja,stratowulkan,erupcja zaobserwowana,andezyt / andezyt bazaltowy,strefa subdukcji / skorupa kontynentalna (>25 km),Wulkan,"Global Volcanism Program, 2013. Volcanoes of the World, v. 4.11.0. Venzke, E (ed.). Smithsonian Institution. Downloaded 20 Jun 2022. https://doi.org/10.5479/si.GVP.VOTW4-2013","110","-7"
"103","891",Sumbing,"1730",Indonezja,stratowulkan,erupcja zaobserwowana,andezyt / andezyt bazaltowy,strefa subdukcji / skorupa kontynentalna (>25 km),Wulkan,"Global Volcanism Program, 2013. Volcanoes of the World, v. 4.11.0. Venzke, E (ed.). Smithsonian Institution. Downloaded 20 Jun 2022. https://doi.org/10.5479/si.GVP.VOTW4-2013","110","-7"
"104","162",Norikuradake,50 p.n.e.,Japonia,stratowulkan,erupcja datowana,andezyt / andezyt bazaltowy,strefa subdukcji / skorupa kontynentalna (>25 km),Wulkan,"Global Volcanism Program, 2013. Volcanoes of the World, v. 4.11.0. Venzke, E (ed.). Smithsonian Institution. Downloaded 20 Jun 2022. https://doi.org/10.5479/si.GVP.VOTW4-2013","138","36"
"105","166",Midagahara,"1839",Japonia,stratowulkan,erupcja zaobserwowana,andezyt / andezyt bazaltowy,strefa subdukcji / skorupa kontynentalna (>25 km),Wulkan,"Global Volcanism Program, 2013. Volcanoes of the World, v. 4.11.0. Venzke, E (ed.). Smithsonian Institution. Downloaded 20 Jun 2022. https://doi.org/10.5479/si.GVP.VOTW4-2013","138","37"
"106","178",Takaharayama,4570 p.n.e.,Japonia,stratowulkan,erupcja datowana,andezyt / andezyt bazaltowy,strefa subdukcji / skorupa kontynentalna (>25 km),Wulkan,"Global Volcanism Program, 2013. Volcanoes of the World, v. 4.11.0. Venzke, E (ed.). Smithsonian Institution. Downloaded 20 Jun 2022. https://doi.org/10.5479/si.GVP.VOTW4-2013","140","37"
"107","179",Nasudake,"1963",Japonia,stratowulkan,erupcja zaobserwowana,andezyt / andezyt bazaltowy,strefa subdukcji / skorupa kontynentalna (>25 km),Wulkan,"Global Volcanism Program, 2013. Volcanoes of the World, v. 4.11.0. Venzke, E (ed.). Smithsonian Institution. Downloaded 20 Jun 2022. https://doi.org/10.5479/si.GVP.VOTW4-2013","140","37"
"108","182",Adatarayama,"1996",Japonia,stratowulkan,erupcja zaobserwowana,andezyt / andezyt bazaltowy,strefa subdukcji / skorupa kontynentalna (>25 km),Wulkan,"Global Volcanism Program, 2013. Volcanoes of the World, v. 4.11.0. Venzke, E (ed.). Smithsonian Institution. Downloaded 20 Jun 2022. https://doi.org/10.5479/si.GVP.VOTW4-2013","140","38"
"109","141",Kuchinoshima,"1190",Japonia,stratowulkan,erupcja datowana,andezyt / andezyt bazaltowy,strefa subdukcji / skorupa oceaniczna (< 15 km),Wulkan,"Global Volcanism Program, 2013. Volcanoes of the World, v. 4.11.0. Venzke, E (ed.). Smithsonian Institution. Downloaded 20 Jun 2022. https://doi.org/10.5479/si.GVP.VOTW4-2013","130","30"
"110","897",Lawu,"1885",Indonezja,stratowulkan,erupcja zaobserwowana,andezyt / andezyt bazaltowy,strefa subdukcji / skorupa kontynentalna (>25 km),Wulkan,"Global Volcanism Program, 2013. Volcanoes of the World, v. 4.11.0. Venzke, E (ed.). Smithsonian Institution. Downloaded 20 Jun 2022. https://doi.org/10.5479/si.GVP.VOTW4-2013","111","-8"
"111","899",Kelut,"2014",Indonezja,stratowulkan,erupcja zaobserwowana,andezyt / andezyt bazaltowy,strefa subdukcji / skorupa kontynentalna (>25 km),Wulkan,"Global Volcanism Program, 2013. Volcanoes of the World, v. 4.11.0. Venzke, E (ed.). Smithsonian Institution. Downloaded 20 Jun 2022. https://doi.org/10.5479/si.GVP.VOTW4-2013","112","-8"
"112","191",Hachimantai,5350 p.n.e.,Japonia,stratowulkan,erupcja datowana,andezyt / andezyt bazaltowy,strefa subdukcji / skorupa kontynentalna (>25 km),Wulkan,"Global Volcanism Program, 2013. Volcanoes of the World, v. 4.11.0. Venzke, E (ed.). Smithsonian Institution. Downloaded 20 Jun 2022. https://doi.org/10.5479/si.GVP.VOTW4-2013","141","40"
"113","192",Akita-Yakeyama,"1997",Japonia,stratowulkan,erupcja zaobserwowana,andezyt / andezyt bazaltowy,strefa subdukcji / skorupa kontynentalna (>25 km),Wulkan,"Global Volcanism Program, 2013. Volcanoes of the World, v. 4.11.0. Venzke, E (ed.). Smithsonian Institution. Downloaded 20 Jun 2022. https://doi.org/10.5479/si.GVP.VOTW4-2013","141","40"
"114","194",Iwakisan,"1863",Japonia,stratowulkan,erupcja zaobserwowana,andezyt / andezyt bazaltowy,strefa subdukcji / skorupa kontynentalna (>25 km),Wulkan,"Global Volcanism Program, 2013. Volcanoes of the World, v. 4.11.0. Venzke, E (ed.). Smithsonian Institution. Downloaded 20 Jun 2022. https://doi.org/10.5479/si.GVP.VOTW4-2013","140","41"
"115","196",Hakkodasan,"1550",Japonia,stratowulkan,erupcja datowana,andezyt / andezyt bazaltowy,strefa subdukcji / skorupa kontynentalna (>25 km),Wulkan,"Global Volcanism Program, 2013. Volcanoes of the World, v. 4.11.0. Venzke, E (ed.). Smithsonian Institution. Downloaded 20 Jun 2022. https://doi.org/10.5479/si.GVP.VOTW4-2013","141","41"
"116","198",Izu-Oshima,"1990",Japonia,stratowulkan,erupcja zaobserwowana,bazalt / pikryt,strefa subdukcji / skorupa oceaniczna (< 15 km),Wulkan,"Global Volcanism Program, 2013. Volcanoes of the World, v. 4.11.0. Venzke, E (ed.). Smithsonian Institution. Downloaded 20 Jun 2022. https://doi.org/10.5479/si.GVP.VOTW4-2013","139","35"
"117","202",Miyakejima,"2010",Japonia,stratowulkan,erupcja zaobserwowana,bazalt / pikryt,strefa subdukcji / skorupa oceaniczna (< 15 km),Wulkan,"Global Volcanism Program, 2013. Volcanoes of the World, v. 4.11.0. Venzke, E (ed.). Smithsonian Institution. Downloaded 20 Jun 2022. https://doi.org/10.5479/si.GVP.VOTW4-2013","140","34"
"118","203",Mikurajima,4100 p.n.e.,Japonia,stratowulkan,erupcja datowana,bazalt / pikryt,strefa subdukcji / skorupa oceaniczna (< 15 km),Wulkan,"Global Volcanism Program, 2013. Volcanoes of the World, v. 4.11.0. Venzke, E (ed.). Smithsonian Institution. Downloaded 20 Jun 2022. https://doi.org/10.5479/si.GVP.VOTW4-2013","140","34"
"119","205",Hachijojima,"1606",Japonia,stratowulkan,erupcja zaobserwowana,bazalt / pikryt,strefa subdukcji / skorupa oceaniczna (< 15 km),Wulkan,"Global Volcanism Program, 2013. Volcanoes of the World, v. 4.11.0. Venzke, E (ed.). Smithsonian Institution. Downloaded 20 Jun 2022. https://doi.org/10.5479/si.GVP.VOTW4-2013","140","33"
"120","206",Aogashima,"1785",Japonia,stratowulkan,erupcja zaobserwowana,bazalt / pikryt,strefa subdukcji / skorupa oceaniczna (< 15 km),Wulkan,"Global Volcanism Program, 2013. Volcanoes of the World, v. 4.11.0. Venzke, E (ed.). Smithsonian Institution. Downloaded 20 Jun 2022. https://doi.org/10.5479/si.GVP.VOTW4-2013","140","32"
"121","941",Garibaldi,8060 p.n.e.,Kanada,stratowulkan,erupcja datowana,dacyt,strefa subdukcji / skorupa kontynentalna (>25 km),Wulkan,"Global Volcanism Program, 2013. Volcanoes of the World, v. 4.11.0. Venzke, E (ed.). Smithsonian Institution. Downloaded 20 Jun 2022. https://doi.org/10.5479/si.GVP.VOTW4-2013","-123","50"
"122","1016","Plat Pays, Morne","1270",Dominika,stratowulkan,erupcja datowana,dacyt,strefa subdukcji / skorupa oceaniczna (< 15 km),Wulkan,"Global Volcanism Program, 2013. Volcanoes of the World, v. 4.11.0. Venzke, E (ed.). Smithsonian Institution. Downloaded 20 Jun 2022. https://doi.org/10.5479/si.GVP.VOTW4-2013","-61","15"
"123","1066",Furnas,"1630",Portugalia,stratowulkan,erupcja zaobserwowana,trachit,strefa ryftowa / skorupa oceaniczna (< 15 km),Wulkan,"Global Volcanism Program, 2013. Volcanoes of the World, v. 4.11.0. Venzke, E (ed.). Smithsonian Institution. Downloaded 20 Jun 2022. https://doi.org/10.5479/si.GVP.VOTW4-2013","-25","38"
"124","1146",Machin,"1180",Kolumbia,stratowulkan,erupcja datowana,dacyt,strefa subdukcji / skorupa kontynentalna (>25 km),Wulkan,"Global Volcanism Program, 2013. Volcanoes of the World, v. 4.11.0. Venzke, E (ed.). Smithsonian Institution. Downloaded 20 Jun 2022. https://doi.org/10.5479/si.GVP.VOTW4-2013","-75","4"
"125","1069",La Palma,"1971",Hiszpania,stratowulkan,erupcja zaobserwowana,tefryt / trachybazalt,strefa subdukcji / skorupa oceaniczna (< 15 km),Wulkan,"Global Volcanism Program, 2013. Volcanoes of the World, v. 4.11.0. Venzke, E (ed.). Smithsonian Institution. Downloaded 20 Jun 2022. https://doi.org/10.5479/si.GVP.VOTW4-2013","-18","29"
"126","1071",Tenerife,"1909",Hiszpania,stratowulkan,erupcja zaobserwowana,fonolit,strefa subdukcji / skorupa oceaniczna (< 15 km),Wulkan,"Global Volcanism Program, 2013. Volcanoes of the World, v. 4.11.0. Venzke, E (ed.). Smithsonian Institution. Downloaded 20 Jun 2022. https://doi.org/10.5479/si.GVP.VOTW4-2013","-17","28"
"127","1075",Fogo,"2015",Wyspy Zielonego Przylądka,stratowulkan,erupcja zaobserwowana,foidyt,strefa subdukcji / skorupa pośrednia (15-25 km),Wulkan,"Global Volcanism Program, 2013. Volcanoes of the World, v. 4.11.0. Venzke, E (ed.). Smithsonian Institution. Downloaded 20 Jun 2022. https://doi.org/10.5479/si.GVP.VOTW4-2013","-24","15"
"128","350",Rungwe,"1250",Tanzania,stratowulkan,erupcja datowana,trachit,strefa ryftowa / skorupa kontynentalna (>25 km),Wulkan,"Global Volcanism Program, 2013. Volcanoes of the World, v. 4.11.0. Venzke, E (ed.). Smithsonian Institution. Downloaded 20 Jun 2022. https://doi.org/10.5479/si.GVP.VOTW4-2013","34","-9"
"129","351",Kyejo,"1800",Tanzania,stratowulkan,erupcja zaobserwowana,trachit,strefa ryftowa / skorupa kontynentalna (>25 km),Wulkan,"Global Volcanism Program, 2013. Volcanoes of the World, v. 4.11.0. Venzke, E (ed.). Smithsonian Institution. Downloaded 20 Jun 2022. https://doi.org/10.5479/si.GVP.VOTW4-2013","34","-9"
"130","359",Karisimbi,8050 p.n.e.,Demokratyczna Republika Konga - Rwanda,stratowulkan,erupcja datowana,tefryt / trachybazalt,strefa ryftowa / skorupa kontynentalna (>25 km),Wulkan,"Global Volcanism Program, 2013. Volcanoes of the World, v. 4.11.0. Venzke, E (ed.). Smithsonian Institution. Downloaded 20 Jun 2022. https://doi.org/10.5479/si.GVP.VOTW4-2013","29","-2"
"131","367",Cameroon,"2000",Kamerun,stratowulkan,erupcja zaobserwowana,tefryt / trachybazalt,strefa subdukcji / skorupa kontynentalna (>25 km),Wulkan,"Global Volcanism Program, 2013. Volcanoes of the World, v. 4.11.0. Venzke, E (ed.). Smithsonian Institution. Downloaded 20 Jun 2022. https://doi.org/10.5479/si.GVP.VOTW4-2013","9","4"
"132","1081",Nightingale Island,"2004",Wielka Brytania,stratowulkan,erupcja zaobserwowana,trachit,strefa ryftowa / skorupa oceaniczna (< 15 km),Wulkan,"Global Volcanism Program, 2013. Volcanoes of the World, v. 4.11.0. Venzke, E (ed.). Smithsonian Institution. Downloaded 20 Jun 2022. https://doi.org/10.5479/si.GVP.VOTW4-2013","-12","-37"
"133","983",Carrizozo,3250 p.n.e.,Stany Zjednoczone,stożkowy,erupcja datowana,bazalt / pikryt,strefa ryftowa / skorupa kontynentalna (>25 km),Wulkan,"Global Volcanism Program, 2013. Volcanoes of the World, v. 4.11.0. Venzke, E (ed.). Smithsonian Institution. Downloaded 20 Jun 2022. https://doi.org/10.5479/si.GVP.VOTW4-2013","-106","34"
"134","1267","Toluca, Nevado de",1350 p.n.e.,Meksyk,stratowulkan,erupcja datowana,andezyt / andezyt bazaltowy,strefa subdukcji / skorupa kontynentalna (>25 km),Wulkan,"Global Volcanism Program, 2013. Volcanoes of the World, v. 4.11.0. Venzke, E (ed.). Smithsonian Institution. Downloaded 20 Jun 2022. https://doi.org/10.5479/si.GVP.VOTW4-2013","-100","19"
"135","1142","Bravo, Cerro","1720",Kolumbia,stratowulkan,erupcja datowana,dacyt,strefa subdukcji / skorupa kontynentalna (>25 km),Wulkan,"Global Volcanism Program, 2013. Volcanoes of the World, v. 4.11.0. Venzke, E (ed.). Smithsonian Institution. Downloaded 20 Jun 2022. https://doi.org/10.5479/si.GVP.VOTW4-2013","-75","5"
"136","1339",Socompa,5250 p.n.e.,Chile - Argentyna,stratowulkan,erupcja datowana,dacyt,strefa subdukcji / skorupa kontynentalna (>25 km),Wulkan,"Global Volcanism Program, 2013. Volcanoes of the World, v. 4.11.0. Venzke, E (ed.). Smithsonian Institution. Downloaded 20 Jun 2022. https://doi.org/10.5479/si.GVP.VOTW4-2013","-68","-24"
"137","1340",Llullaillaco,"1877",Chile - Argentyna,stratowulkan,erupcja zaobserwowana,dacyt,strefa subdukcji / skorupa kontynentalna (>25 km),Wulkan,"Global Volcanism Program, 2013. Volcanoes of the World, v. 4.11.0. Venzke, E (ed.). Smithsonian Institution. Downloaded 20 Jun 2022. https://doi.org/10.5479/si.GVP.VOTW4-2013","-69","-25"
"138","131",Unnamed,brak danych,Tajwan,podwodny,brak dowodów na wybuch,"-",strefa subdukcji / skorupa kontynentalna (>25 km),Wulkan,"Global Volcanism Program, 2013. Volcanoes of the World, v. 4.11.0. Venzke, E (ed.). Smithsonian Institution. Downloaded 20 Jun 2022. https://doi.org/10.5479/si.GVP.VOTW4-2013","121","22"
"139","1348","Ojos del Salado, Nevados","750",Chile - Argentyna,stratowulkan,erupcja datowana,dacyt,strefa subdukcji / skorupa kontynentalna (>25 km),Wulkan,"Global Volcanism Program, 2013. Volcanoes of the World, v. 4.11.0. Venzke, E (ed.). Smithsonian Institution. Downloaded 20 Jun 2022. https://doi.org/10.5479/si.GVP.VOTW4-2013","-69","-27"
"140","783",Anaun,brak danych,Rosja,stratowulkan,brak dowodów na wybuch,bazalt / pikryt,strefa subdukcji / skorupa kontynentalna (>25 km),Wulkan,"Global Volcanism Program, 2013. Volcanoes of the World, v. 4.11.0. Venzke, E (ed.). Smithsonian Institution. Downloaded 20 Jun 2022. https://doi.org/10.5479/si.GVP.VOTW4-2013","159","56"
"141","1359",Tupungatito,"1987",Chile - Argentyna,stratowulkan,erupcja zaobserwowana,andezyt / andezyt bazaltowy,strefa subdukcji / skorupa kontynentalna (>25 km),Wulkan,"Global Volcanism Program, 2013. Volcanoes of the World, v. 4.11.0. Venzke, E (ed.). Smithsonian Institution. Downloaded 20 Jun 2022. https://doi.org/10.5479/si.GVP.VOTW4-2013","-70","-33"
"142","1360",San Jose,"1960",Chile - Argentyna,stratowulkan,erupcja zaobserwowana,andezyt / andezyt bazaltowy,strefa subdukcji / skorupa kontynentalna (>25 km),Wulkan,"Global Volcanism Program, 2013. Volcanoes of the World, v. 4.11.0. Venzke, E (ed.). Smithsonian Institution. Downloaded 20 Jun 2022. https://doi.org/10.5479/si.GVP.VOTW4-2013","-70","-34"
"143","1365",Tinguiririca,"1917",Chile,stratowulkan,erupcja zaobserwowana,andezyt / andezyt bazaltowy,strefa subdukcji / skorupa kontynentalna (>25 km),Wulkan,"Global Volcanism Program, 2013. Volcanoes of the World, v. 4.11.0. Venzke, E (ed.). Smithsonian Institution. Downloaded 20 Jun 2022. https://doi.org/10.5479/si.GVP.VOTW4-2013","-70","-35"
"144","1366",Planchon-Peteroa,"2011",Chile,stratowulkan,erupcja zaobserwowana,andezyt / andezyt bazaltowy,strefa subdukcji / skorupa kontynentalna (>25 km),Wulkan,"Global Volcanism Program, 2013. Volcanoes of the World, v. 4.11.0. Venzke, E (ed.). Smithsonian Institution. Downloaded 20 Jun 2022. https://doi.org/10.5479/si.GVP.VOTW4-2013","-71","-35"
"145","1369",Descabezado Grande,"1933",Chile,stratowulkan,erupcja zaobserwowana,andezyt / andezyt bazaltowy,strefa subdukcji / skorupa kontynentalna (>25 km),Wulkan,"Global Volcanism Program, 2013. Volcanoes of the World, v. 4.11.0. Venzke, E (ed.). Smithsonian Institution. Downloaded 20 Jun 2022. https://doi.org/10.5479/si.GVP.VOTW4-2013","-71","-36"
"146","1370","Azul, Cerro","1967",Chile,stratowulkan,erupcja zaobserwowana,dacyt,strefa subdukcji / skorupa kontynentalna (>25 km),Wulkan,"Global Volcanism Program, 2013. Volcanoes of the World, v. 4.11.0. Venzke, E (ed.). Smithsonian Institution. Downloaded 20 Jun 2022. https://doi.org/10.5479/si.GVP.VOTW4-2013","-71","-36"
"147","663","Tara, Batu","2015",Indonezja,stratowulkan,erupcja zaobserwowana,tefryt / trachybazalt,strefa subdukcji / skorupa oceaniczna (< 15 km),Wulkan,"Global Volcanism Program, 2013. Volcanoes of the World, v. 4.11.0. Venzke, E (ed.). Smithsonian Institution. Downloaded 20 Jun 2022. https://doi.org/10.5479/si.GVP.VOTW4-2013","124","-8"
"148","665",Gunungapi Wetar,"1699",Indonezja,stratowulkan,erupcja zaobserwowana,andezyt / andezyt bazaltowy,strefa subdukcji / skorupa oceaniczna (< 15 km),Wulkan,"Global Volcanism Program, 2013. Volcanoes of the World, v. 4.11.0. Venzke, E (ed.). Smithsonian Institution. Downloaded 20 Jun 2022. https://doi.org/10.5479/si.GVP.VOTW4-2013","127","-7"
"149","666",Wurlali,"1892",Indonezja,stratowulkan,erupcja zaobserwowana,andezyt / andezyt bazaltowy,strefa subdukcji / skorupa oceaniczna (< 15 km),Wulkan,"Global Volcanism Program, 2013. Volcanoes of the World, v. 4.11.0. Venzke, E (ed.). Smithsonian Institution. Downloaded 20 Jun 2022. https://doi.org/10.5479/si.GVP.VOTW4-2013","129","-7"
"150","667",Teon,"1904",Indonezja,stratowulkan,erupcja zaobserwowana,andezyt / andezyt bazaltowy,strefa subdukcji / skorupa oceaniczna (< 15 km),Wulkan,"Global Volcanism Program, 2013. Volcanoes of the World, v. 4.11.0. Venzke, E (ed.). Smithsonian Institution. Downloaded 20 Jun 2022. https://doi.org/10.5479/si.GVP.VOTW4-2013","129","-7"
"151","668",Nila,"1968",Indonezja,stratowulkan,erupcja zaobserwowana,andezyt / andezyt bazaltowy,strefa subdukcji / skorupa oceaniczna (< 15 km),Wulkan,"Global Volcanism Program, 2013. Volcanoes of the World, v. 4.11.0. Venzke, E (ed.). Smithsonian Institution. Downloaded 20 Jun 2022. https://doi.org/10.5479/si.GVP.VOTW4-2013","130","-7"
"152","1373","Longavi, Nevado de",4890 p.n.e.,Chile,stratowulkan,erupcja datowana,andezyt / andezyt bazaltowy,strefa subdukcji / skorupa kontynentalna (>25 km),Wulkan,"Global Volcanism Program, 2013. Volcanoes of the World, v. 4.11.0. Venzke, E (ed.). Smithsonian Institution. Downloaded 20 Jun 2022. https://doi.org/10.5479/si.GVP.VOTW4-2013","-71","-36"
"153","1378","Chillan, Nevados de","2018",Chile,stratowulkan,erupcja zaobserwowana,andezyt / andezyt bazaltowy,strefa subdukcji / skorupa kontynentalna (>25 km),Wulkan,"Global Volcanism Program, 2013. Volcanoes of the World, v. 4.11.0. Venzke, E (ed.). Smithsonian Institution. Downloaded 20 Jun 2022. https://doi.org/10.5479/si.GVP.VOTW4-2013","-71","-37"
"154","714",Camiguin,"1953",Filipiny,stratowulkan,erupcja zaobserwowana,andezyt / andezyt bazaltowy,strefa subdukcji / skorupa kontynentalna (>25 km),Wulkan,"Global Volcanism Program, 2013. Volcanoes of the World, v. 4.11.0. Venzke, E (ed.). Smithsonian Institution. Downloaded 20 Jun 2022. https://doi.org/10.5479/si.GVP.VOTW4-2013","125","9"
"155","716",Kanlaon,"2017",Filipiny,stratowulkan,erupcja zaobserwowana,andezyt / andezyt bazaltowy,strefa subdukcji / skorupa kontynentalna (>25 km),Wulkan,"Global Volcanism Program, 2013. Volcanoes of the World, v. 4.11.0. Venzke, E (ed.). Smithsonian Institution. Downloaded 20 Jun 2022. https://doi.org/10.5479/si.GVP.VOTW4-2013","123","10"
"156","719",Cabalían,"1820",Filipiny,stratowulkan,erupcja datowana,andezyt / andezyt bazaltowy,strefa subdukcji / skorupa kontynentalna (>25 km),Wulkan,"Global Volcanism Program, 2013. Volcanoes of the World, v. 4.11.0. Venzke, E (ed.). Smithsonian Institution. Downloaded 20 Jun 2022. https://doi.org/10.5479/si.GVP.VOTW4-2013","125","10"
"157","722",Bulusan,"2017",Filipiny,stratowulkan,erupcja zaobserwowana,andezyt / andezyt bazaltowy,strefa subdukcji / skorupa kontynentalna (>25 km),Wulkan,"Global Volcanism Program, 2013. Volcanoes of the World, v. 4.11.0. Venzke, E (ed.). Smithsonian Institution. Downloaded 20 Jun 2022. https://doi.org/10.5479/si.GVP.VOTW4-2013","124","13"
"158","724",Mayon,"2018",Filipiny,stratowulkan,erupcja zaobserwowana,andezyt / andezyt bazaltowy,strefa subdukcji / skorupa kontynentalna (>25 km),Wulkan,"Global Volcanism Program, 2013. Volcanoes of the World, v. 4.11.0. Venzke, E (ed.). Smithsonian Institution. Downloaded 20 Jun 2022. https://doi.org/10.5479/si.GVP.VOTW4-2013","124","13"
"159","727",Isarog,3500 p.n.e.,Filipiny,stratowulkan,erupcja datowana,andezyt / andezyt bazaltowy,strefa subdukcji / skorupa kontynentalna (>25 km),Wulkan,"Global Volcanism Program, 2013. Volcanoes of the World, v. 4.11.0. Venzke, E (ed.). Smithsonian Institution. Downloaded 20 Jun 2022. https://doi.org/10.5479/si.GVP.VOTW4-2013","123","14"
"160","730",San Pablo Volcanic Field,"1350",Filipiny,stratowulkan,erupcja datowana,trachyandezyt / bazaltowy trachyandezyt,strefa subdukcji / skorupa kontynentalna (>25 km),Wulkan,"Global Volcanism Program, 2013. Volcanoes of the World, v. 4.11.0. Venzke, E (ed.). Smithsonian Institution. Downloaded 20 Jun 2022. https://doi.org/10.5479/si.GVP.VOTW4-2013","121","14"
"161","732",Vilyuchik,8050 p.n.e.,Rosja,stratowulkan,erupcja datowana,andezyt / andezyt bazaltowy,strefa subdukcji / skorupa kontynentalna (>25 km),Wulkan,"Global Volcanism Program, 2013. Volcanoes of the World, v. 4.11.0. Venzke, E (ed.). Smithsonian Institution. Downloaded 20 Jun 2022. https://doi.org/10.5479/si.GVP.VOTW4-2013","158","53"
"162","1396",Mocho-Choshuenco,"1937",Chile,stratowulkan,erupcja zaobserwowana,andezyt / andezyt bazaltowy,strefa subdukcji / skorupa kontynentalna (>25 km),Wulkan,"Global Volcanism Program, 2013. Volcanoes of the World, v. 4.11.0. Venzke, E (ed.). Smithsonian Institution. Downloaded 20 Jun 2022. https://doi.org/10.5479/si.GVP.VOTW4-2013","-72","-40"
"163","1398",Puyehue-Cordon Caulle,"2012",Chile,stratowulkan,erupcja zaobserwowana,andezyt / andezyt bazaltowy,strefa subdukcji / skorupa kontynentalna (>25 km),Wulkan,"Global Volcanism Program, 2013. Volcanoes of the World, v. 4.11.0. Venzke, E (ed.). Smithsonian Institution. Downloaded 20 Jun 2022. https://doi.org/10.5479/si.GVP.VOTW4-2013","-72","-41"
"164","1400",Antillanca Group,230 p.n.e.,Chile,stratowulkan,erupcja datowana,bazalt / pikryt,strefa subdukcji / skorupa kontynentalna (>25 km),Wulkan,"Global Volcanism Program, 2013. Volcanoes of the World, v. 4.11.0. Venzke, E (ed.). Smithsonian Institution. Downloaded 20 Jun 2022. https://doi.org/10.5479/si.GVP.VOTW4-2013","-72","-41"
"165","1401",Puntiagudo-Cordon Cenizos,"1850",Chile,stratowulkan,erupcja zaobserwowana,andezyt / andezyt bazaltowy,strefa subdukcji / skorupa kontynentalna (>25 km),Wulkan,"Global Volcanism Program, 2013. Volcanoes of the World, v. 4.11.0. Venzke, E (ed.). Smithsonian Institution. Downloaded 20 Jun 2022. https://doi.org/10.5479/si.GVP.VOTW4-2013","-72","-41"
"166","1402",Osorno,"1869",Chile,stratowulkan,erupcja zaobserwowana,bazalt / pikryt,strefa subdukcji / skorupa kontynentalna (>25 km),Wulkan,"Global Volcanism Program, 2013. Volcanoes of the World, v. 4.11.0. Venzke, E (ed.). Smithsonian Institution. Downloaded 20 Jun 2022. https://doi.org/10.5479/si.GVP.VOTW4-2013","-72","-41"
"167","1405",Calbuco,"2015",Chile,stratowulkan,erupcja zaobserwowana,andezyt / andezyt bazaltowy,strefa subdukcji / skorupa kontynentalna (>25 km),Wulkan,"Global Volcanism Program, 2013. Volcanoes of the World, v. 4.11.0. Venzke, E (ed.). Smithsonian Institution. Downloaded 20 Jun 2022. https://doi.org/10.5479/si.GVP.VOTW4-2013","-73","-41"
"168","1406",Yate,"1090",Chile,stratowulkan,erupcja datowana,andezyt / andezyt bazaltowy,strefa subdukcji / skorupa kontynentalna (>25 km),Wulkan,"Global Volcanism Program, 2013. Volcanoes of the World, v. 4.11.0. Venzke, E (ed.). Smithsonian Institution. Downloaded 20 Jun 2022. https://doi.org/10.5479/si.GVP.VOTW4-2013","-72","-42"
"169","1407",Hornopiren,"340",Chile,stratowulkan,erupcja datowana,andezyt / andezyt bazaltowy,strefa subdukcji / skorupa kontynentalna (>25 km),Wulkan,"Global Volcanism Program, 2013. Volcanoes of the World, v. 4.11.0. Venzke, E (ed.). Smithsonian Institution. Downloaded 20 Jun 2022. https://doi.org/10.5479/si.GVP.VOTW4-2013","-72","-42"
"170","1411",Michinmahuida,"1835",Chile,stratowulkan,erupcja zaobserwowana,andezyt / andezyt bazaltowy,strefa subdukcji / skorupa kontynentalna (>25 km),Wulkan,"Global Volcanism Program, 2013. Volcanoes of the World, v. 4.11.0. Venzke, E (ed.). Smithsonian Institution. Downloaded 20 Jun 2022. https://doi.org/10.5479/si.GVP.VOTW4-2013","-72","-43"
"171","735",Victory,"1935",Papua - Nowa Gwinea,stratowulkan,erupcja zaobserwowana,andezyt / andezyt bazaltowy,strefa subdukcji / skorupa kontynentalna (>25 km),Wulkan,"Global Volcanism Program, 2013. Volcanoes of the World, v. 4.11.0. Venzke, E (ed.). Smithsonian Institution. Downloaded 20 Jun 2022. https://doi.org/10.5479/si.GVP.VOTW4-2013","149","-9"
"172","736",Koryaksky,"2009",Rosja,stratowulkan,erupcja zaobserwowana,andezyt / andezyt bazaltowy,strefa subdukcji / skorupa kontynentalna (>25 km),Wulkan,"Global Volcanism Program, 2013. Volcanoes of the World, v. 4.11.0. Venzke, E (ed.). Smithsonian Institution. Downloaded 20 Jun 2022. https://doi.org/10.5479/si.GVP.VOTW4-2013","159","53"
"173","737",Avachinsky,"2001",Rosja,stratowulkan,erupcja zaobserwowana,andezyt / andezyt bazaltowy,strefa subdukcji / skorupa kontynentalna (>25 km),Wulkan,"Global Volcanism Program, 2013. Volcanoes of the World, v. 4.11.0. Venzke, E (ed.). Smithsonian Institution. Downloaded 20 Jun 2022. https://doi.org/10.5479/si.GVP.VOTW4-2013","159","53"
"174","1413",Yanteles,6650 p.n.e.,Chile,stratowulkan,erupcja datowana,andezyt / andezyt bazaltowy,strefa subdukcji / skorupa kontynentalna (>25 km),Wulkan,"Global Volcanism Program, 2013. Volcanoes of the World, v. 4.11.0. Venzke, E (ed.). Smithsonian Institution. Downloaded 20 Jun 2022. https://doi.org/10.5479/si.GVP.VOTW4-2013","-73","-43"
"175","1414",Corcovado,4920 p.n.e.,Chile,stratowulkan,erupcja datowana,andezyt / andezyt bazaltowy,strefa subdukcji / skorupa kontynentalna (>25 km),Wulkan,"Global Volcanism Program, 2013. Volcanoes of the World, v. 4.11.0. Venzke, E (ed.). Smithsonian Institution. Downloaded 20 Jun 2022. https://doi.org/10.5479/si.GVP.VOTW4-2013","-73","-43"
"176","30",Erciyes Dagi,6880 p.n.e.,Turcja,stratowulkan,erupcja datowana,dacyt,strefa subdukcji / skorupa kontynentalna (>25 km),Wulkan,"Global Volcanism Program, 2013. Volcanoes of the World, v. 4.11.0. Venzke, E (ed.). Smithsonian Institution. Downloaded 20 Jun 2022. https://doi.org/10.5479/si.GVP.VOTW4-2013","35","39"
"177","32",Nemrut Dagi,"1650",Turcja,stratowulkan,erupcja zaobserwowana,ryolit,strefa subdukcji / skorupa kontynentalna (>25 km),Wulkan,"Global Volcanism Program, 2013. Volcanoes of the World, v. 4.11.0. Venzke, E (ed.). Smithsonian Institution. Downloaded 20 Jun 2022. https://doi.org/10.5479/si.GVP.VOTW4-2013","42","39"
"178","34",Ararat,"1840",Turcja,stratowulkan,erupcja zaobserwowana,andezyt / andezyt bazaltowy,strefa subdukcji / skorupa kontynentalna (>25 km),Wulkan,"Global Volcanism Program, 2013. Volcanoes of the World, v. 4.11.0. Venzke, E (ed.). Smithsonian Institution. Downloaded 20 Jun 2022. https://doi.org/10.5479/si.GVP.VOTW4-2013","44","40"
"179","745",Bakening,550 p.n.e.,Rosja,stratowulkan,erupcja datowana,andezyt / andezyt bazaltowy,strefa subdukcji / skorupa kontynentalna (>25 km),Wulkan,"Global Volcanism Program, 2013. Volcanoes of the World, v. 4.11.0. Venzke, E (ed.). Smithsonian Institution. Downloaded 20 Jun 2022. https://doi.org/10.5479/si.GVP.VOTW4-2013","158","54"
"180","747",Akademia Nauk,"1996",Rosja,stratowulkan,erupcja zaobserwowana,andezyt / andezyt bazaltowy,strefa subdukcji / skorupa kontynentalna (>25 km),Wulkan,"Global Volcanism Program, 2013. Volcanoes of the World, v. 4.11.0. Venzke, E (ed.). Smithsonian Institution. Downloaded 20 Jun 2022. https://doi.org/10.5479/si.GVP.VOTW4-2013","159","54"
"181","826",Motlav,brak danych,Vanuatu,stratowulkan,nieznana data wybuchu,bazalt / pikryt,strefa subdukcji / skorupa oceaniczna (< 15 km),Wulkan,"Global Volcanism Program, 2013. Volcanoes of the World, v. 4.11.0. Venzke, E (ed.). Smithsonian Institution. Downloaded 20 Jun 2022. https://doi.org/10.5479/si.GVP.VOTW4-2013","168","-14"
"182","748",Karymsky,"2020",Rosja,stratowulkan,erupcja zaobserwowana,andezyt / andezyt bazaltowy,strefa subdukcji / skorupa kontynentalna (>25 km),Wulkan,"Global Volcanism Program, 2013. Volcanoes of the World, v. 4.11.0. Venzke, E (ed.). Smithsonian Institution. Downloaded 20 Jun 2022. https://doi.org/10.5479/si.GVP.VOTW4-2013","159","54"
"183","750",Bolshoi Semiachik,4450 p.n.e.,Rosja,stratowulkan,erupcja datowana,bazalt / pikryt,strefa subdukcji / skorupa kontynentalna (>25 km),Wulkan,"Global Volcanism Program, 2013. Volcanoes of the World, v. 4.11.0. Venzke, E (ed.). Smithsonian Institution. Downloaded 20 Jun 2022. https://doi.org/10.5479/si.GVP.VOTW4-2013","160","54"
"184","751",Taunshits,550 p.n.e.,Rosja,stratowulkan,erupcja datowana,andezyt / andezyt bazaltowy,strefa subdukcji / skorupa kontynentalna (>25 km),Wulkan,"Global Volcanism Program, 2013. Volcanoes of the World, v. 4.11.0. Venzke, E (ed.). Smithsonian Institution. Downloaded 20 Jun 2022. https://doi.org/10.5479/si.GVP.VOTW4-2013","160","55"
"185","753",Kikhpinych,"1550",Rosja,stratowulkan,erupcja datowana,bazalt / pikryt,strefa subdukcji / skorupa kontynentalna (>25 km),Wulkan,"Global Volcanism Program, 2013. Volcanoes of the World, v. 4.11.0. Venzke, E (ed.). Smithsonian Institution. Downloaded 20 Jun 2022. https://doi.org/10.5479/si.GVP.VOTW4-2013","160","54"
"186","755",Kronotsky,"1923",Rosja,stratowulkan,erupcja zaobserwowana,bazalt / pikryt,strefa subdukcji / skorupa kontynentalna (>25 km),Wulkan,"Global Volcanism Program, 2013. Volcanoes of the World, v. 4.11.0. Venzke, E (ed.). Smithsonian Institution. Downloaded 20 Jun 2022. https://doi.org/10.5479/si.GVP.VOTW4-2013","161","55"
"187","758",Komarov,"950",Rosja,stratowulkan,erupcja datowana,bazalt / pikryt,strefa subdukcji / skorupa kontynentalna (>25 km),Wulkan,"Global Volcanism Program, 2013. Volcanoes of the World, v. 4.11.0. Venzke, E (ed.). Smithsonian Institution. Downloaded 20 Jun 2022. https://doi.org/10.5479/si.GVP.VOTW4-2013","161","55"
"188","759",Vysoky,550 p.n.e.,Rosja,stratowulkan,erupcja datowana,andezyt / andezyt bazaltowy,strefa subdukcji / skorupa kontynentalna (>25 km),Wulkan,"Global Volcanism Program, 2013. Volcanoes of the World, v. 4.11.0. Venzke, E (ed.). Smithsonian Institution. Downloaded 20 Jun 2022. https://doi.org/10.5479/si.GVP.VOTW4-2013","161","55"
"189","760",Kizimen,"2013",Rosja,stratowulkan,erupcja zaobserwowana,andezyt / andezyt bazaltowy,strefa subdukcji / skorupa kontynentalna (>25 km),Wulkan,"Global Volcanism Program, 2013. Volcanoes of the World, v. 4.11.0. Venzke, E (ed.). Smithsonian Institution. Downloaded 20 Jun 2022. https://doi.org/10.5479/si.GVP.VOTW4-2013","160","55"
"190","68",Dabbahu,"2005",Etiopia,stratowulkan,erupcja zaobserwowana,bazalt / pikryt,strefa ryftowa / skorupa pośrednia (15-25 km),Wulkan,"Global Volcanism Program, 2013. Volcanoes of the World, v. 4.11.0. Venzke, E (ed.). Smithsonian Institution. Downloaded 20 Jun 2022. https://doi.org/10.5479/si.GVP.VOTW4-2013","40","13"
"191","1019",Soufriere St. Vincent,"2021",Saint Vincent i Grenadyny,stratowulkan,erupcja zaobserwowana,andezyt / andezyt bazaltowy,strefa subdukcji / skorupa oceaniczna (< 15 km),Wulkan,"Global Volcanism Program, 2013. Volcanoes of the World, v. 4.11.0. Venzke, E (ed.). Smithsonian Institution. Downloaded 20 Jun 2022. https://doi.org/10.5479/si.GVP.VOTW4-2013","-61","13"
"192","1416",Melimoyu,"200",Chile,stratowulkan,erupcja datowana,andezyt / andezyt bazaltowy,strefa subdukcji / skorupa kontynentalna (>25 km),Wulkan,"Global Volcanism Program, 2013. Volcanoes of the World, v. 4.11.0. Venzke, E (ed.). Smithsonian Institution. Downloaded 20 Jun 2022. https://doi.org/10.5479/si.GVP.VOTW4-2013","-73","-44"
"193","1418",Mentolat,"1710",Chile,stratowulkan,erupcja zaobserwowana,andezyt / andezyt bazaltowy,strefa subdukcji / skorupa kontynentalna (>25 km),Wulkan,"Global Volcanism Program, 2013. Volcanoes of the World, v. 4.11.0. Venzke, E (ed.). Smithsonian Institution. Downloaded 20 Jun 2022. https://doi.org/10.5479/si.GVP.VOTW4-2013","-73","-45"
"194","1420",Maca,"1560",Chile,stratowulkan,erupcja datowana,bazalt / pikryt,strefa subdukcji / skorupa kontynentalna (>25 km),Wulkan,"Global Volcanism Program, 2013. Volcanoes of the World, v. 4.11.0. Venzke, E (ed.). Smithsonian Institution. Downloaded 20 Jun 2022. https://doi.org/10.5479/si.GVP.VOTW4-2013","-73","-45"
"195","1421","Hudson, Cerro","2011",Chile,stratowulkan,erupcja zaobserwowana,bazalt / pikryt,strefa subdukcji / skorupa kontynentalna (>25 km),Wulkan,"Global Volcanism Program, 2013. Volcanoes of the World, v. 4.11.0. Venzke, E (ed.). Smithsonian Institution. Downloaded 20 Jun 2022. https://doi.org/10.5479/si.GVP.VOTW4-2013","-73","-46"
"196","1422",Arenales,"1979",Chile,stratowulkan,erupcja zaobserwowana,"-",strefa subdukcji / skorupa kontynentalna (>25 km),Wulkan,"Global Volcanism Program, 2013. Volcanoes of the World, v. 4.11.0. Venzke, E (ed.). Smithsonian Institution. Downloaded 20 Jun 2022. https://doi.org/10.5479/si.GVP.VOTW4-2013","-73","-47"
"197","128",Popa,442 p.n.e.,Mjanma,stratowulkan,erupcja datowana,bazalt / pikryt,strefa subdukcji / skorupa kontynentalna (>25 km),Wulkan,"Global Volcanism Program, 2013. Volcanoes of the World, v. 4.11.0. Venzke, E (ed.). Smithsonian Institution. Downloaded 20 Jun 2022. https://doi.org/10.5479/si.GVP.VOTW4-2013","95","21"
"198","1155",Chiles-Cerro Negro,"1936",Kolumbia - Ekwador,stratowulkan,brak dowodów na wybuch,dacyt,strefa subdukcji / skorupa kontynentalna (>25 km),Wulkan,"Global Volcanism Program, 2013. Volcanoes of the World, v. 4.11.0. Venzke, E (ed.). Smithsonian Institution. Downloaded 20 Jun 2022. https://doi.org/10.5479/si.GVP.VOTW4-2013","-78","1"
"199","1169",Sumaco,"1895",Ekwador,stratowulkan,brak dowodów na wybuch,tefryt / trachybazalt,strefa subdukcji / skorupa kontynentalna (>25 km),Wulkan,"Global Volcanism Program, 2013. Volcanoes of the World, v. 4.11.0. Venzke, E (ed.). Smithsonian Institution. Downloaded 20 Jun 2022. https://doi.org/10.5479/si.GVP.VOTW4-2013","-78","-1"
"200","529",Kerguelen Islands,brak danych,Francja,stratowulkan,brak dowodów na wybuch,trachyandezyt / bazaltowy trachyandezyt,strefa subdukcji / skorupa oceaniczna (< 15 km),Wulkan,"Global Volcanism Program, 2013. Volcanoes of the World, v. 4.11.0. Venzke, E (ed.). Smithsonian Institution. Downloaded 20 Jun 2022. https://doi.org/10.5479/si.GVP.VOTW4-2013","70","-50"
"201","530","Est, Ile de l'",brak danych,Francja,stratowulkan,brak dowodów na wybuch,bazalt / pikryt,strefa ryftowa / skorupa oceaniczna (< 15 km),Wulkan,"Global Volcanism Program, 2013. Volcanoes of the World, v. 4.11.0. Venzke, E (ed.). Smithsonian Institution. Downloaded 20 Jun 2022. https://doi.org/10.5479/si.GVP.VOTW4-2013","52","-46"
"202","105",Natib,brak danych,Filipiny,stratowulkan,brak dowodów na wybuch,andezyt / andezyt bazaltowy,strefa subdukcji / skorupa kontynentalna (>25 km),Wulkan,"Global Volcanism Program, 2013. Volcanoes of the World, v. 4.11.0. Venzke, E (ed.). Smithsonian Institution. Downloaded 20 Jun 2022. https://doi.org/10.5479/si.GVP.VOTW4-2013","120","15"
"203","109",Arayat,brak danych,Filipiny,stratowulkan,brak dowodów na wybuch,bazalt / pikryt,strefa subdukcji / skorupa kontynentalna (>25 km),Wulkan,"Global Volcanism Program, 2013. Volcanoes of the World, v. 4.11.0. Venzke, E (ed.). Smithsonian Institution. Downloaded 20 Jun 2022. https://doi.org/10.5479/si.GVP.VOTW4-2013","121","15"
"204","138",Akusekijima,brak danych,Japonia,stratowulkan,brak dowodów na wybuch,andezyt / andezyt bazaltowy,strefa subdukcji / skorupa oceaniczna (< 15 km),Wulkan,"Global Volcanism Program, 2013. Volcanoes of the World, v. 4.11.0. Venzke, E (ed.). Smithsonian Institution. Downloaded 20 Jun 2022. https://doi.org/10.5479/si.GVP.VOTW4-2013","130","29"
"205","173",Akagisan,brak danych,Japonia,stratowulkan,brak dowodów na wybuch,andezyt / andezyt bazaltowy,strefa subdukcji / skorupa kontynentalna (>25 km),Wulkan,"Global Volcanism Program, 2013. Volcanoes of the World, v. 4.11.0. Venzke, E (ed.). Smithsonian Institution. Downloaded 20 Jun 2022. https://doi.org/10.5479/si.GVP.VOTW4-2013","139","37"
"206","213",Sofugan,brak danych,Japonia,stratowulkan,brak dowodów na wybuch,bazalt / pikryt,strefa subdukcji / skorupa oceaniczna (< 15 km),Wulkan,"Global Volcanism Program, 2013. Volcanoes of the World, v. 4.11.0. Venzke, E (ed.). Smithsonian Institution. Downloaded 20 Jun 2022. https://doi.org/10.5479/si.GVP.VOTW4-2013","140","30"
"207","279",Odamoisan [Tebenkov],brak danych,Japonia,stratowulkan,brak dowodów na wybuch,"-",strefa subdukcji / skorupa oceaniczna (< 15 km),Wulkan,"Global Volcanism Program, 2013. Volcanoes of the World, v. 4.11.0. Venzke, E (ed.). Smithsonian Institution. Downloaded 20 Jun 2022. https://doi.org/10.5479/si.GVP.VOTW4-2013","148","45"
"208","789",Cherny,brak danych,Rosja,stratowulkan,brak dowodów na wybuch,bazalt / pikryt,strefa subdukcji / skorupa kontynentalna (>25 km),Wulkan,"Global Volcanism Program, 2013. Volcanoes of the World, v. 4.11.0. Venzke, E (ed.). Smithsonian Institution. Downloaded 20 Jun 2022. https://doi.org/10.5479/si.GVP.VOTW4-2013","160","57"
"209","792",Bliznets,brak danych,Rosja,stratowulkan,brak dowodów na wybuch,bazalt / pikryt,strefa subdukcji / skorupa kontynentalna (>25 km),Wulkan,"Global Volcanism Program, 2013. Volcanoes of the World, v. 4.11.0. Venzke, E (ed.). Smithsonian Institution. Downloaded 20 Jun 2022. https://doi.org/10.5479/si.GVP.VOTW4-2013","160","57"
"210","807",Alngey,brak danych,Rosja,stratowulkan,brak dowodów na wybuch,bazalt / pikryt,strefa subdukcji / skorupa kontynentalna (>25 km),Wulkan,"Global Volcanism Program, 2013. Volcanoes of the World, v. 4.11.0. Venzke, E (ed.). Smithsonian Institution. Downloaded 20 Jun 2022. https://doi.org/10.5479/si.GVP.VOTW4-2013","160","58"
"211","835",NE Shepherd Islands,brak danych,Vanuatu,stratowulkan,brak dowodów na wybuch,bazalt / pikryt,strefa subdukcji / skorupa oceaniczna (< 15 km),Wulkan,"Global Volcanism Program, 2013. Volcanoes of the World, v. 4.11.0. Venzke, E (ed.). Smithsonian Institution. Downloaded 20 Jun 2022. https://doi.org/10.5479/si.GVP.VOTW4-2013","169","-17"
"212","839",Aneityum,brak danych,Vanuatu,stratowulkan,brak dowodów na wybuch,bazalt / pikryt,strefa subdukcji / skorupa oceaniczna (< 15 km),Wulkan,"Global Volcanism Program, 2013. Volcanoes of the World, v. 4.11.0. Venzke, E (ed.). Smithsonian Institution. Downloaded 20 Jun 2022. https://doi.org/10.5479/si.GVP.VOTW4-2013","170","-20"
"213","852",Sibualbuali,brak danych,Indonezja,stratowulkan,brak dowodów na wybuch,dacyt,strefa subdukcji / skorupa kontynentalna (>25 km),Wulkan,"Global Volcanism Program, 2013. Volcanoes of the World, v. 4.11.0. Venzke, E (ed.). Smithsonian Institution. Downloaded 20 Jun 2022. https://doi.org/10.5479/si.GVP.VOTW4-2013","99","2"
"214","853",Lubukraya,brak danych,Indonezja,stratowulkan,brak dowodów na wybuch,andezyt / andezyt bazaltowy,strefa subdukcji / skorupa kontynentalna (>25 km),Wulkan,"Global Volcanism Program, 2013. Volcanoes of the World, v. 4.11.0. Venzke, E (ed.). Smithsonian Institution. Downloaded 20 Jun 2022. https://doi.org/10.5479/si.GVP.VOTW4-2013","99","1"
"215","1224",Miniques,brak danych,Chile,stratowulkan,brak dowodów na wybuch,andezyt / andezyt bazaltowy,strefa subdukcji / skorupa kontynentalna (>25 km),Wulkan,"Global Volcanism Program, 2013. Volcanoes of the World, v. 4.11.0. Venzke, E (ed.). Smithsonian Institution. Downloaded 20 Jun 2022. https://doi.org/10.5479/si.GVP.VOTW4-2013","-68","-24"
"216","1253",Tres Virgenes,brak danych,Meksyk,stratowulkan,brak dowodów na wybuch,andezyt / andezyt bazaltowy,strefa ryftowa / skorupa kontynentalna (>25 km),Wulkan,"Global Volcanism Program, 2013. Volcanoes of the World, v. 4.11.0. Venzke, E (ed.). Smithsonian Institution. Downloaded 20 Jun 2022. https://doi.org/10.5479/si.GVP.VOTW4-2013","-113","27"
"217","1314",Guazapa,brak danych,Salwador,stratowulkan,brak dowodów na wybuch,bazalt / pikryt,strefa subdukcji / skorupa kontynentalna (>25 km),Wulkan,"Global Volcanism Program, 2013. Volcanoes of the World, v. 4.11.0. Venzke, E (ed.). Smithsonian Institution. Downloaded 20 Jun 2022. https://doi.org/10.5479/si.GVP.VOTW4-2013","-89","14"
"218","1318",Taburete,brak danych,Salwador,stratowulkan,brak dowodów na wybuch,bazalt / pikryt,strefa subdukcji / skorupa kontynentalna (>25 km),Wulkan,"Global Volcanism Program, 2013. Volcanoes of the World, v. 4.11.0. Venzke, E (ed.). Smithsonian Institution. Downloaded 20 Jun 2022. https://doi.org/10.5479/si.GVP.VOTW4-2013","-89","13"
"219","1334",Caichinque,brak danych,Chile,stratowulkan,brak dowodów na wybuch,andezyt / andezyt bazaltowy,strefa subdukcji / skorupa kontynentalna (>25 km),Wulkan,"Global Volcanism Program, 2013. Volcanoes of the World, v. 4.11.0. Venzke, E (ed.). Smithsonian Institution. Downloaded 20 Jun 2022. https://doi.org/10.5479/si.GVP.VOTW4-2013","-68","-24"
"220","1335",Tilocalar,brak danych,Chile,stratowulkan,brak dowodów na wybuch,andezyt / andezyt bazaltowy,strefa subdukcji / skorupa kontynentalna (>25 km),Wulkan,"Global Volcanism Program, 2013. Volcanoes of the World, v. 4.11.0. Venzke, E (ed.). Smithsonian Institution. Downloaded 20 Jun 2022. https://doi.org/10.5479/si.GVP.VOTW4-2013","-68","-24"
"221","1337",Pular,brak danych,Chile,stratowulkan,brak dowodów na wybuch,andezyt / andezyt bazaltowy,strefa subdukcji / skorupa kontynentalna (>25 km),Wulkan,"Global Volcanism Program, 2013. Volcanoes of the World, v. 4.11.0. Venzke, E (ed.). Smithsonian Institution. Downloaded 20 Jun 2022. https://doi.org/10.5479/si.GVP.VOTW4-2013","-68","-24"
"222","1341",Escorial,brak danych,Chile - Argentyna,stratowulkan,brak dowodów na wybuch,andezyt / andezyt bazaltowy,strefa subdukcji / skorupa kontynentalna (>25 km),Wulkan,"Global Volcanism Program, 2013. Volcanoes of the World, v. 4.11.0. Venzke, E (ed.). Smithsonian Institution. Downloaded 20 Jun 2022. https://doi.org/10.5479/si.GVP.VOTW4-2013","-68","-25"
"223","1347","Incahuasi, Nevado de",brak danych,Chile - Argentyna,stratowulkan,brak dowodów na wybuch,dacyt,strefa subdukcji / skorupa kontynentalna (>25 km),Wulkan,"Global Volcanism Program, 2013. Volcanoes of the World, v. 4.11.0. Venzke, E (ed.). Smithsonian Institution. Downloaded 20 Jun 2022. https://doi.org/10.5479/si.GVP.VOTW4-2013","-68","-27"
"224","377","Voon, Tarso",brak danych,Czad,stratowulkan,holocen,trachit,strefa subdukcji / skorupa kontynentalna (>25 km),Wulkan,"Global Volcanism Program, 2013. Volcanoes of the World, v. 4.11.0. Venzke, E (ed.). Smithsonian Institution. Downloaded 20 Jun 2022. https://doi.org/10.5479/si.GVP.VOTW4-2013","17","21"
"225","571",Metis Shoal,"1995",Tonga,podwodny,erupcja zaobserwowana,dacyt,strefa subdukcji / skorupa oceaniczna (< 15 km),Wulkan,"Global Volcanism Program, 2013. Volcanoes of the World, v. 4.11.0. Venzke, E (ed.). Smithsonian Institution. Downloaded 20 Jun 2022. https://doi.org/10.5479/si.GVP.VOTW4-2013","-175","-19"
"226","999",Loihi,"1996",Stany Zjednoczone,podwodny,erupcja zaobserwowana,bazalt / pikryt,strefa subdukcji / skorupa oceaniczna (< 15 km),Wulkan,"Global Volcanism Program, 2013. Volcanoes of the World, v. 4.11.0. Venzke, E (ed.). Smithsonian Institution. Downloaded 20 Jun 2022. https://doi.org/10.5479/si.GVP.VOTW4-2013","-155","19"
"227","923",Alligator Lake,brak danych,Kanada,pole wulkaniczne,nieznana data wybuchu,bazalt / pikryt,strefa subdukcji / skorupa kontynentalna (>25 km),Wulkan,"Global Volcanism Program, 2013. Volcanoes of the World, v. 4.11.0. Venzke, E (ed.). Smithsonian Institution. Downloaded 20 Jun 2022. https://doi.org/10.5479/si.GVP.VOTW4-2013","-135","60"
"228","326",Central Island,brak danych,Kenia,stożkowy,nieznana data wybuchu,bazalt / pikryt,strefa ryftowa / skorupa kontynentalna (>25 km),Wulkan,"Global Volcanism Program, 2013. Volcanoes of the World, v. 4.11.0. Venzke, E (ed.). Smithsonian Institution. Downloaded 20 Jun 2022. https://doi.org/10.5479/si.GVP.VOTW4-2013","36","3"
"229","652",Sukaria Caldera,brak danych,Indonezja,kaldera,holocen,"-",strefa subdukcji / grubość skorupy nieznana,Wulkan,"Global Volcanism Program, 2013. Volcanoes of the World, v. 4.11.0. Venzke, E (ed.). Smithsonian Institution. Downloaded 20 Jun 2022. https://doi.org/10.5479/si.GVP.VOTW4-2013","122","-9"
"230","502",Stepovak Bay 2,brak danych,Stany Zjednoczone,stożkowy,nieznana data wybuchu,andezyt / andezyt bazaltowy,strefa subdukcji / skorupa kontynentalna (>25 km),Wulkan,"Global Volcanism Program, 2013. Volcanoes of the World, v. 4.11.0. Venzke, E (ed.). Smithsonian Institution. Downloaded 20 Jun 2022. https://doi.org/10.5479/si.GVP.VOTW4-2013","-160","56"
"231","104",Vernadskii Ridge,brak danych,Rosja,stożkowy,nieznana data wybuchu,andezyt / andezyt bazaltowy,strefa subdukcji / skorupa kontynentalna (>25 km),Wulkan,"Global Volcanism Program, 2013. Volcanoes of the World, v. 4.11.0. Venzke, E (ed.). Smithsonian Institution. Downloaded 20 Jun 2022. https://doi.org/10.5479/si.GVP.VOTW4-2013","156","51"
"232","340",Elmenteita Badlands,brak danych,Kenia,stożkowy,nieznana data wybuchu,bazalt / pikryt,strefa ryftowa / skorupa kontynentalna (>25 km),Wulkan,"Global Volcanism Program, 2013. Volcanoes of the World, v. 4.11.0. Venzke, E (ed.). Smithsonian Institution. Downloaded 20 Jun 2022. https://doi.org/10.5479/si.GVP.VOTW4-2013","36","-1"
"233","92",Sodore,brak danych,Etiopia,stożkowy,nieznana data wybuchu,bazalt / pikryt,strefa subdukcji / skorupa kontynentalna (>25 km),Wulkan,"Global Volcanism Program, 2013. Volcanoes of the World, v. 4.11.0. Venzke, E (ed.). Smithsonian Institution. Downloaded 20 Jun 2022. https://doi.org/10.5479/si.GVP.VOTW4-2013","39","8"
"234","94",Bora-Bericcio,brak danych,Etiopia,stożkowy,nieznana data wybuchu,ryolit,strefa ryftowa / skorupa kontynentalna (>25 km),Wulkan,"Global Volcanism Program, 2013. Volcanoes of the World, v. 4.11.0. Venzke, E (ed.). Smithsonian Institution. Downloaded 20 Jun 2022. https://doi.org/10.5479/si.GVP.VOTW4-2013","39","8"
"235","285",Ivao Group,brak danych,Rosja,stożkowy,nieznana data wybuchu,"-",strefa subdukcji / skorupa oceaniczna (< 15 km),Wulkan,"Global Volcanism Program, 2013. Volcanoes of the World, v. 4.11.0. Venzke, E (ed.). Smithsonian Institution. Downloaded 20 Jun 2022. https://doi.org/10.5479/si.GVP.VOTW4-2013","150","46"
"236","1188",Santa Cruz,brak danych,Ekwador,tarczowy,nieznana data wybuchu,bazalt / pikryt,strefa ryftowa / skorupa oceaniczna (< 15 km),Wulkan,"Global Volcanism Program, 2013. Volcanoes of the World, v. 4.11.0. Venzke, E (ed.). Smithsonian Institution. Downloaded 20 Jun 2022. https://doi.org/10.5479/si.GVP.VOTW4-2013","-90","-1"
"237","1189",San Cristobal,brak danych,Ekwador,tarczowy,nieznana data wybuchu,bazalt / pikryt,strefa ryftowa / skorupa oceaniczna (< 15 km),Wulkan,"Global Volcanism Program, 2013. Volcanoes of the World, v. 4.11.0. Venzke, E (ed.). Smithsonian Institution. Downloaded 20 Jun 2022. https://doi.org/10.5479/si.GVP.VOTW4-2013","-89","-1"
"238","1251",Guadalupe,brak danych,Meksyk,tarczowy,nieznana data wybuchu,trachyandezyt / bazaltowy trachyandezyt,strefa ryftowa / skorupa oceaniczna (< 15 km),Wulkan,"Global Volcanism Program, 2013. Volcanoes of the World, v. 4.11.0. Venzke, E (ed.). Smithsonian Institution. Downloaded 20 Jun 2022. https://doi.org/10.5479/si.GVP.VOTW4-2013","-118","29"
"239","1254","Tortuga, Isla",brak danych,Meksyk,tarczowy,nieznana data wybuchu,bazalt / pikryt,strefa ryftowa / skorupa kontynentalna (>25 km),Wulkan,"Global Volcanism Program, 2013. Volcanoes of the World, v. 4.11.0. Venzke, E (ed.). Smithsonian Institution. Downloaded 20 Jun 2022. https://doi.org/10.5479/si.GVP.VOTW4-2013","-112","27"
"240","1275","Atlixcos, Los",brak danych,Meksyk,tarczowy,nieznana data wybuchu,bazalt / pikryt,strefa subdukcji / skorupa kontynentalna (>25 km),Wulkan,"Global Volcanism Program, 2013. Volcanoes of the World, v. 4.11.0. Venzke, E (ed.). Smithsonian Institution. Downloaded 20 Jun 2022. https://doi.org/10.5479/si.GVP.VOTW4-2013","-97","20"
"241","1358",Easter Island,brak danych,Chile,tarczowy,nieznana data wybuchu,bazalt / pikryt,strefa ryftowa / skorupa oceaniczna (< 15 km),Wulkan,"Global Volcanism Program, 2013. Volcanoes of the World, v. 4.11.0. Venzke, E (ed.). Smithsonian Institution. Downloaded 20 Jun 2022. https://doi.org/10.5479/si.GVP.VOTW4-2013","-109","-27"
"242","314",Tepi,brak danych,Etiopia,tarczowy,holocen,bazalt / pikryt,strefa subdukcji / skorupa kontynentalna (>25 km),Wulkan,"Global Volcanism Program, 2013. Volcanoes of the World, v. 4.11.0. Venzke, E (ed.). Smithsonian Institution. Downloaded 20 Jun 2022. https://doi.org/10.5479/si.GVP.VOTW4-2013","35","7"
"243","15",Vulcano,"1890",Włochy,stratowulkan,erupcja zaobserwowana,tefryt / trachybazalt,strefa subdukcji / skorupa kontynentalna (>25 km),Wulkan,"Global Volcanism Program, 2013. Volcanoes of the World, v. 4.11.0. Venzke, E (ed.). Smithsonian Institution. Downloaded 20 Jun 2022. https://doi.org/10.5479/si.GVP.VOTW4-2013","15","38"
"244","1285",Santa Maria,"2018",Gwatemala,stratowulkan,erupcja zaobserwowana,dacyt,strefa subdukcji / skorupa kontynentalna (>25 km),Wulkan,"Global Volcanism Program, 2013. Volcanoes of the World, v. 4.11.0. Venzke, E (ed.). Smithsonian Institution. Downloaded 20 Jun 2022. https://doi.org/10.5479/si.GVP.VOTW4-2013","-92","15"
"245","894",Merbabu,"1797",Indonezja,stratowulkan,erupcja zaobserwowana,bazalt / pikryt,strefa subdukcji / skorupa kontynentalna (>25 km),Wulkan,"Global Volcanism Program, 2013. Volcanoes of the World, v. 4.11.0. Venzke, E (ed.). Smithsonian Institution. Downloaded 20 Jun 2022. https://doi.org/10.5479/si.GVP.VOTW4-2013","110","-7"
"246","896",Muria,160 p.n.e.,Indonezja,stratowulkan,erupcja datowana,tefryt / trachybazalt,strefa subdukcji / skorupa kontynentalna (>25 km),Wulkan,"Global Volcanism Program, 2013. Volcanoes of the World, v. 4.11.0. Venzke, E (ed.). Smithsonian Institution. Downloaded 20 Jun 2022. https://doi.org/10.5479/si.GVP.VOTW4-2013","111","-7"
"247","904",Fourpeaked,"2006",Stany Zjednoczone,stratowulkan,erupcja zaobserwowana,andezyt / andezyt bazaltowy,strefa subdukcji / skorupa kontynentalna (>25 km),Wulkan,"Global Volcanism Program, 2013. Volcanoes of the World, v. 4.11.0. Venzke, E (ed.). Smithsonian Institution. Downloaded 20 Jun 2022. https://doi.org/10.5479/si.GVP.VOTW4-2013","-154","59"
"248","907",Iliamna,"1876",Stany Zjednoczone,stratowulkan,erupcja zaobserwowana,andezyt / andezyt bazaltowy,strefa subdukcji / skorupa kontynentalna (>25 km),Wulkan,"Global Volcanism Program, 2013. Volcanoes of the World, v. 4.11.0. Venzke, E (ed.). Smithsonian Institution. Downloaded 20 Jun 2022. https://doi.org/10.5479/si.GVP.VOTW4-2013","-153","60"
"249","908",Redoubt,"2009",Stany Zjednoczone,stratowulkan,erupcja zaobserwowana,andezyt / andezyt bazaltowy,strefa subdukcji / skorupa kontynentalna (>25 km),Wulkan,"Global Volcanism Program, 2013. Volcanoes of the World, v. 4.11.0. Venzke, E (ed.). Smithsonian Institution. Downloaded 20 Jun 2022. https://doi.org/10.5479/si.GVP.VOTW4-2013","-153","60"
"250","909",Spurr,"1992",Stany Zjednoczone,stratowulkan,erupcja zaobserwowana,andezyt / andezyt bazaltowy,strefa subdukcji / skorupa kontynentalna (>25 km),Wulkan,"Global Volcanism Program, 2013. Volcanoes of the World, v. 4.11.0. Venzke, E (ed.). Smithsonian Institution. Downloaded 20 Jun 2022. https://doi.org/10.5479/si.GVP.VOTW4-2013","-152","61"
"251","910",Hayes,"1200",Stany Zjednoczone,stratowulkan,erupcja datowana,dacyt,strefa subdukcji / skorupa kontynentalna (>25 km),Wulkan,"Global Volcanism Program, 2013. Volcanoes of the World, v. 4.11.0. Venzke, E (ed.). Smithsonian Institution. Downloaded 20 Jun 2022. https://doi.org/10.5479/si.GVP.VOTW4-2013","-152","62"
"252","142",Kuchinoerabujima,"2015",Japonia,stratowulkan,erupcja zaobserwowana,andezyt / andezyt bazaltowy,strefa subdukcji / skorupa oceaniczna (< 15 km),Wulkan,"Global Volcanism Program, 2013. Volcanoes of the World, v. 4.11.0. Venzke, E (ed.). Smithsonian Institution. Downloaded 20 Jun 2022. https://doi.org/10.5479/si.GVP.VOTW4-2013","130","30"
"253","197",Osorezan,"1787",Japonia,stratowulkan,erupcja zaobserwowana,andezyt / andezyt bazaltowy,strefa subdukcji / skorupa kontynentalna (>25 km),Wulkan,"Global Volcanism Program, 2013. Volcanoes of the World, v. 4.11.0. Venzke, E (ed.). Smithsonian Institution. Downloaded 20 Jun 2022. https://doi.org/10.5479/si.GVP.VOTW4-2013","141","41"
"254","199",Toshima,4550 p.n.e.,Japonia,stratowulkan,erupcja datowana,bazalt / pikryt,strefa subdukcji / skorupa oceaniczna (< 15 km),Wulkan,"Global Volcanism Program, 2013. Volcanoes of the World, v. 4.11.0. Venzke, E (ed.). Smithsonian Institution. Downloaded 20 Jun 2022. https://doi.org/10.5479/si.GVP.VOTW4-2013","139","35"
"255","151",Kujusan,"1996",Japonia,stratowulkan,erupcja zaobserwowana,andezyt / andezyt bazaltowy,strefa subdukcji / skorupa kontynentalna (>25 km),Wulkan,"Global Volcanism Program, 2013. Volcanoes of the World, v. 4.11.0. Venzke, E (ed.). Smithsonian Institution. Downloaded 20 Jun 2022. https://doi.org/10.5479/si.GVP.VOTW4-2013","131","33"
"256","154",Sanbesan,"650",Japonia,stratowulkan,erupcja datowana,dacyt,strefa subdukcji / skorupa kontynentalna (>25 km),Wulkan,"Global Volcanism Program, 2013. Volcanoes of the World, v. 4.11.0. Venzke, E (ed.). Smithsonian Institution. Downloaded 20 Jun 2022. https://doi.org/10.5479/si.GVP.VOTW4-2013","133","35"
"257","158",Fujisan,"1708",Japonia,stratowulkan,erupcja zaobserwowana,bazalt / pikryt,strefa subdukcji / skorupa kontynentalna (>25 km),Wulkan,"Global Volcanism Program, 2013. Volcanoes of the World, v. 4.11.0. Venzke, E (ed.). Smithsonian Institution. Downloaded 20 Jun 2022. https://doi.org/10.5479/si.GVP.VOTW4-2013","139","35"
"258","159",Yokodake,"1200",Japonia,stratowulkan,erupcja datowana,andezyt / andezyt bazaltowy,strefa subdukcji / skorupa kontynentalna (>25 km),Wulkan,"Global Volcanism Program, 2013. Volcanoes of the World, v. 4.11.0. Venzke, E (ed.). Smithsonian Institution. Downloaded 20 Jun 2022. https://doi.org/10.5479/si.GVP.VOTW4-2013","138","36"
"259","161",Hakusan,"1659",Japonia,stratowulkan,erupcja zaobserwowana,andezyt / andezyt bazaltowy,strefa subdukcji / skorupa kontynentalna (>25 km),Wulkan,"Global Volcanism Program, 2013. Volcanoes of the World, v. 4.11.0. Venzke, E (ed.). Smithsonian Institution. Downloaded 20 Jun 2022. https://doi.org/10.5479/si.GVP.VOTW4-2013","137","36"
"260","164",Yakedake,"1995",Japonia,stratowulkan,erupcja zaobserwowana,andezyt / andezyt bazaltowy,strefa subdukcji / skorupa kontynentalna (>25 km),Wulkan,"Global Volcanism Program, 2013. Volcanoes of the World, v. 4.11.0. Venzke, E (ed.). Smithsonian Institution. Downloaded 20 Jun 2022. https://doi.org/10.5479/si.GVP.VOTW4-2013","138","36"
"261","168",Myokosan,750 p.n.e.,Japonia,stratowulkan,erupcja datowana,andezyt / andezyt bazaltowy,strefa subdukcji / skorupa kontynentalna (>25 km),Wulkan,"Global Volcanism Program, 2013. Volcanoes of the World, v. 4.11.0. Venzke, E (ed.). Smithsonian Institution. Downloaded 20 Jun 2022. https://doi.org/10.5479/si.GVP.VOTW4-2013","138","37"
"262","917",Churchill,"847",Stany Zjednoczone,stratowulkan,erupcja datowana,dacyt,strefa subdukcji / skorupa kontynentalna (>25 km),Wulkan,"Global Volcanism Program, 2013. Volcanoes of the World, v. 4.11.0. Venzke, E (ed.). Smithsonian Institution. Downloaded 20 Jun 2022. https://doi.org/10.5479/si.GVP.VOTW4-2013","-142","61"
"263","918",Edgecumbe,2220 p.n.e.,Stany Zjednoczone,stratowulkan,erupcja datowana,andezyt / andezyt bazaltowy,strefa subdukcji / skorupa kontynentalna (>25 km),Wulkan,"Global Volcanism Program, 2013. Volcanoes of the World, v. 4.11.0. Venzke, E (ed.). Smithsonian Institution. Downloaded 20 Jun 2022. https://doi.org/10.5479/si.GVP.VOTW4-2013","-136","57"
"264","928",Edziza,"950",Kanada,stratowulkan,erupcja datowana,trachit,strefa subdukcji / skorupa kontynentalna (>25 km),Wulkan,"Global Volcanism Program, 2013. Volcanoes of the World, v. 4.11.0. Venzke, E (ed.). Smithsonian Institution. Downloaded 20 Jun 2022. https://doi.org/10.5479/si.GVP.VOTW4-2013","-131","58"
"265","174",Hiuchigatake,"1544",Japonia,stratowulkan,erupcja zaobserwowana,andezyt / andezyt bazaltowy,strefa subdukcji / skorupa kontynentalna (>25 km),Wulkan,"Global Volcanism Program, 2013. Volcanoes of the World, v. 4.11.0. Venzke, E (ed.). Smithsonian Institution. Downloaded 20 Jun 2022. https://doi.org/10.5479/si.GVP.VOTW4-2013","139","37"
"266","176",Nantaisan,9540 p.n.e.,Japonia,stratowulkan,erupcja datowana,andezyt / andezyt bazaltowy,strefa subdukcji / skorupa kontynentalna (>25 km),Wulkan,"Global Volcanism Program, 2013. Volcanoes of the World, v. 4.11.0. Venzke, E (ed.). Smithsonian Institution. Downloaded 20 Jun 2022. https://doi.org/10.5479/si.GVP.VOTW4-2013","139","37"
"267","181",Bandaisan,"1888",Japonia,stratowulkan,erupcja zaobserwowana,andezyt / andezyt bazaltowy,strefa subdukcji / skorupa kontynentalna (>25 km),Wulkan,"Global Volcanism Program, 2013. Volcanoes of the World, v. 4.11.0. Venzke, E (ed.). Smithsonian Institution. Downloaded 20 Jun 2022. https://doi.org/10.5479/si.GVP.VOTW4-2013","140","38"
"268","183",Azumayama,"1977",Japonia,stratowulkan,erupcja zaobserwowana,andezyt / andezyt bazaltowy,strefa subdukcji / skorupa kontynentalna (>25 km),Wulkan,"Global Volcanism Program, 2013. Volcanoes of the World, v. 4.11.0. Venzke, E (ed.). Smithsonian Institution. Downloaded 20 Jun 2022. https://doi.org/10.5479/si.GVP.VOTW4-2013","140","38"
"269","187",Kurikomayama,"1950",Japonia,stratowulkan,erupcja zaobserwowana,andezyt / andezyt bazaltowy,strefa subdukcji / skorupa kontynentalna (>25 km),Wulkan,"Global Volcanism Program, 2013. Volcanoes of the World, v. 4.11.0. Venzke, E (ed.). Smithsonian Institution. Downloaded 20 Jun 2022. https://doi.org/10.5479/si.GVP.VOTW4-2013","141","39"
"270","188",Chokaisan,"1974",Japonia,stratowulkan,erupcja zaobserwowana,andezyt / andezyt bazaltowy,strefa subdukcji / skorupa kontynentalna (>25 km),Wulkan,"Global Volcanism Program, 2013. Volcanoes of the World, v. 4.11.0. Venzke, E (ed.). Smithsonian Institution. Downloaded 20 Jun 2022. https://doi.org/10.5479/si.GVP.VOTW4-2013","140","39"
"271","189",Akita-Komagatake,"1971",Japonia,stratowulkan,erupcja zaobserwowana,bazalt / pikryt,strefa subdukcji / skorupa kontynentalna (>25 km),Wulkan,"Global Volcanism Program, 2013. Volcanoes of the World, v. 4.11.0. Venzke, E (ed.). Smithsonian Institution. Downloaded 20 Jun 2022. https://doi.org/10.5479/si.GVP.VOTW4-2013","141","40"
"272","236",Agrigan,"1917",Stany Zjednoczone,stratowulkan,erupcja zaobserwowana,bazalt / pikryt,strefa subdukcji / grubość skorupy nieznana,Wulkan,"Global Volcanism Program, 2013. Volcanoes of the World, v. 4.11.0. Venzke, E (ed.). Smithsonian Institution. Downloaded 20 Jun 2022. https://doi.org/10.5479/si.GVP.VOTW4-2013","146","19"
"273","237",Pagan,"2012",Stany Zjednoczone,stratowulkan,erupcja zaobserwowana,bazalt / pikryt,strefa subdukcji / grubość skorupy nieznana,Wulkan,"Global Volcanism Program, 2013. Volcanoes of the World, v. 4.11.0. Venzke, E (ed.). Smithsonian Institution. Downloaded 20 Jun 2022. https://doi.org/10.5479/si.GVP.VOTW4-2013","146","18"
"274","238",Alamagan,"870",Stany Zjednoczone,stratowulkan,erupcja datowana,andezyt / andezyt bazaltowy,strefa subdukcji / grubość skorupy nieznana,Wulkan,"Global Volcanism Program, 2013. Volcanoes of the World, v. 4.11.0. Venzke, E (ed.). Smithsonian Institution. Downloaded 20 Jun 2022. https://doi.org/10.5479/si.GVP.VOTW4-2013","146","18"
"275","239",Guguan,"1883",Stany Zjednoczone,stratowulkan,erupcja zaobserwowana,andezyt / andezyt bazaltowy,strefa subdukcji / grubość skorupy nieznana,Wulkan,"Global Volcanism Program, 2013. Volcanoes of the World, v. 4.11.0. Venzke, E (ed.). Smithsonian Institution. Downloaded 20 Jun 2022. https://doi.org/10.5479/si.GVP.VOTW4-2013","146","17"
"276","243",Anatahan,"2008",Stany Zjednoczone,stratowulkan,erupcja zaobserwowana,andezyt / andezyt bazaltowy,strefa subdukcji / grubość skorupy nieznana,Wulkan,"Global Volcanism Program, 2013. Volcanoes of the World, v. 4.11.0. Venzke, E (ed.). Smithsonian Institution. Downloaded 20 Jun 2022. https://doi.org/10.5479/si.GVP.VOTW4-2013","146","16"
"277","579",Dugong,brak danych,Tonga,podwodny,brak dowodów na wybuch,"-","-",Wulkan,"Global Volcanism Program, 2013. Volcanoes of the World, v. 4.11.0. Venzke, E (ed.). Smithsonian Institution. Downloaded 20 Jun 2022. https://doi.org/10.5479/si.GVP.VOTW4-2013","-176","-15"
"278","943",Baker,"1880",Stany Zjednoczone,stratowulkan,erupcja zaobserwowana,andezyt / andezyt bazaltowy,strefa subdukcji / skorupa kontynentalna (>25 km),Wulkan,"Global Volcanism Program, 2013. Volcanoes of the World, v. 4.11.0. Venzke, E (ed.). Smithsonian Institution. Downloaded 20 Jun 2022. https://doi.org/10.5479/si.GVP.VOTW4-2013","-122","49"
"279","944",Glacier Peak,"1700",Stany Zjednoczone,stratowulkan,erupcja datowana,dacyt,strefa subdukcji / skorupa kontynentalna (>25 km),Wulkan,"Global Volcanism Program, 2013. Volcanoes of the World, v. 4.11.0. Venzke, E (ed.). Smithsonian Institution. Downloaded 20 Jun 2022. https://doi.org/10.5479/si.GVP.VOTW4-2013","-121","48"
"280","209",Yavinsky,4050 p.n.e.,Rosja,stratowulkan,erupcja datowana,bazalt / pikryt,strefa subdukcji / skorupa kontynentalna (>25 km),Wulkan,"Global Volcanism Program, 2013. Volcanoes of the World, v. 4.11.0. Venzke, E (ed.). Smithsonian Institution. Downloaded 20 Jun 2022. https://doi.org/10.5479/si.GVP.VOTW4-2013","157","52"
"281","212",Izu-Torishima,"2002",Japonia,stratowulkan,erupcja zaobserwowana,bazalt / pikryt,strefa subdukcji / skorupa oceaniczna (< 15 km),Wulkan,"Global Volcanism Program, 2013. Volcanoes of the World, v. 4.11.0. Venzke, E (ed.). Smithsonian Institution. Downloaded 20 Jun 2022. https://doi.org/10.5479/si.GVP.VOTW4-2013","140","30"
"282","945",Rainier,"1450",Stany Zjednoczone,stratowulkan,erupcja datowana,andezyt / andezyt bazaltowy,strefa subdukcji / skorupa kontynentalna (>25 km),Wulkan,"Global Volcanism Program, 2013. Volcanoes of the World, v. 4.11.0. Venzke, E (ed.). Smithsonian Institution. Downloaded 20 Jun 2022. https://doi.org/10.5479/si.GVP.VOTW4-2013","-122","47"
"283","946",Adams,"950",Stany Zjednoczone,stratowulkan,erupcja datowana,andezyt / andezyt bazaltowy,strefa subdukcji / skorupa kontynentalna (>25 km),Wulkan,"Global Volcanism Program, 2013. Volcanoes of the World, v. 4.11.0. Venzke, E (ed.). Smithsonian Institution. Downloaded 20 Jun 2022. https://doi.org/10.5479/si.GVP.VOTW4-2013","-121","46"
"284","947",St. Helens,"2008",Stany Zjednoczone,stratowulkan,erupcja zaobserwowana,dacyt,strefa subdukcji / skorupa kontynentalna (>25 km),Wulkan,"Global Volcanism Program, 2013. Volcanoes of the World, v. 4.11.0. Venzke, E (ed.). Smithsonian Institution. Downloaded 20 Jun 2022. https://doi.org/10.5479/si.GVP.VOTW4-2013","-122","46"
"285","950",Hood,"1866",Stany Zjednoczone,stratowulkan,erupcja zaobserwowana,andezyt / andezyt bazaltowy,strefa subdukcji / skorupa kontynentalna (>25 km),Wulkan,"Global Volcanism Program, 2013. Volcanoes of the World, v. 4.11.0. Venzke, E (ed.). Smithsonian Institution. Downloaded 20 Jun 2022. https://doi.org/10.5479/si.GVP.VOTW4-2013","-122","45"
"286","951",Jefferson,"950",Stany Zjednoczone,stratowulkan,erupcja datowana,andezyt / andezyt bazaltowy,strefa subdukcji / skorupa kontynentalna (>25 km),Wulkan,"Global Volcanism Program, 2013. Volcanoes of the World, v. 4.11.0. Venzke, E (ed.). Smithsonian Institution. Downloaded 20 Jun 2022. https://doi.org/10.5479/si.GVP.VOTW4-2013","-122","45"
"287","956",Bachelor,5800 p.n.e.,Stany Zjednoczone,stratowulkan,erupcja datowana,andezyt / andezyt bazaltowy,strefa subdukcji / skorupa kontynentalna (>25 km),Wulkan,"Global Volcanism Program, 2013. Volcanoes of the World, v. 4.11.0. Venzke, E (ed.). Smithsonian Institution. Downloaded 20 Jun 2022. https://doi.org/10.5479/si.GVP.VOTW4-2013","-122","44"
"288","274",Moekeshiwan [Lvinaya Past],7480 p.n.e.,Japonia,stratowulkan,erupcja datowana,andezyt / andezyt bazaltowy,strefa subdukcji / skorupa oceaniczna (< 15 km),Wulkan,"Global Volcanism Program, 2013. Volcanoes of the World, v. 4.11.0. Venzke, E (ed.). Smithsonian Institution. Downloaded 20 Jun 2022. https://doi.org/10.5479/si.GVP.VOTW4-2013","147","45"
"289","275",Etorofu-Atosanupuri [Atosanupuri],"1932",Japonia,stratowulkan,erupcja zaobserwowana,andezyt / andezyt bazaltowy,strefa subdukcji / skorupa oceaniczna (< 15 km),Wulkan,"Global Volcanism Program, 2013. Volcanoes of the World, v. 4.11.0. Venzke, E (ed.). Smithsonian Institution. Downloaded 20 Jun 2022. https://doi.org/10.5479/si.GVP.VOTW4-2013","147","45"
"290","964",Shasta,"1786",Stany Zjednoczone,stratowulkan,erupcja zaobserwowana,andezyt / andezyt bazaltowy,strefa subdukcji / skorupa kontynentalna (>25 km),Wulkan,"Global Volcanism Program, 2013. Volcanoes of the World, v. 4.11.0. Venzke, E (ed.). Smithsonian Institution. Downloaded 20 Jun 2022. https://doi.org/10.5479/si.GVP.VOTW4-2013","-122","41"
"291","966",Lassen Volcanic Center,"1917",Stany Zjednoczone,stratowulkan,erupcja zaobserwowana,andezyt / andezyt bazaltowy,strefa subdukcji / skorupa kontynentalna (>25 km),Wulkan,"Global Volcanism Program, 2013. Volcanoes of the World, v. 4.11.0. Venzke, E (ed.). Smithsonian Institution. Downloaded 20 Jun 2022. https://doi.org/10.5479/si.GVP.VOTW4-2013","-122","40"
"292","231",Farallon de Pajaros,"1967",Stany Zjednoczone,stratowulkan,erupcja zaobserwowana,andezyt / andezyt bazaltowy,strefa subdukcji / grubość skorupy nieznana,Wulkan,"Global Volcanism Program, 2013. Volcanoes of the World, v. 4.11.0. Venzke, E (ed.). Smithsonian Institution. Downloaded 20 Jun 2022. https://doi.org/10.5479/si.GVP.VOTW4-2013","145","21"
"293","235",Asuncion,"1906",Stany Zjednoczone,stratowulkan,erupcja zaobserwowana,andezyt / andezyt bazaltowy,strefa subdukcji / grubość skorupy nieznana,Wulkan,"Global Volcanism Program, 2013. Volcanoes of the World, v. 4.11.0. Venzke, E (ed.). Smithsonian Institution. Downloaded 20 Jun 2022. https://doi.org/10.5479/si.GVP.VOTW4-2013","145","20"
"294","251",Oshima-Oshima,"1790",Japonia,stratowulkan,erupcja zaobserwowana,bazalt / pikryt,strefa subdukcji / skorupa kontynentalna (>25 km),Wulkan,"Global Volcanism Program, 2013. Volcanoes of the World, v. 4.11.0. Venzke, E (ed.). Smithsonian Institution. Downloaded 20 Jun 2022. https://doi.org/10.5479/si.GVP.VOTW4-2013","139","42"
"295","253",Hokkaido-Komagatake,"2000",Japonia,stratowulkan,erupcja zaobserwowana,andezyt / andezyt bazaltowy,strefa subdukcji / skorupa kontynentalna (>25 km),Wulkan,"Global Volcanism Program, 2013. Volcanoes of the World, v. 4.11.0. Venzke, E (ed.). Smithsonian Institution. Downloaded 20 Jun 2022. https://doi.org/10.5479/si.GVP.VOTW4-2013","141","42"
"296","254",Toya,"2001",Japonia,stratowulkan,erupcja zaobserwowana,bazalt / pikryt,strefa subdukcji / skorupa kontynentalna (>25 km),Wulkan,"Global Volcanism Program, 2013. Volcanoes of the World, v. 4.11.0. Venzke, E (ed.). Smithsonian Institution. Downloaded 20 Jun 2022. https://doi.org/10.5479/si.GVP.VOTW4-2013","141","43"
"297","313",Iliinsky,"1901",Rosja,stratowulkan,erupcja zaobserwowana,andezyt / andezyt bazaltowy,strefa subdukcji / skorupa kontynentalna (>25 km),Wulkan,"Global Volcanism Program, 2013. Volcanoes of the World, v. 4.11.0. Venzke, E (ed.). Smithsonian Institution. Downloaded 20 Jun 2022. https://doi.org/10.5479/si.GVP.VOTW4-2013","157","51"
"298","315",Zheltovsky,"1923",Rosja,stratowulkan,erupcja zaobserwowana,bazalt / pikryt,strefa subdukcji / skorupa kontynentalna (>25 km),Wulkan,"Global Volcanism Program, 2013. Volcanoes of the World, v. 4.11.0. Venzke, E (ed.). Smithsonian Institution. Downloaded 20 Jun 2022. https://doi.org/10.5479/si.GVP.VOTW4-2013","157","52"
"299","255",Niseko,4900 p.n.e.,Japonia,stratowulkan,erupcja datowana,andezyt / andezyt bazaltowy,strefa subdukcji / skorupa kontynentalna (>25 km),Wulkan,"Global Volcanism Program, 2013. Volcanoes of the World, v. 4.11.0. Venzke, E (ed.). Smithsonian Institution. Downloaded 20 Jun 2022. https://doi.org/10.5479/si.GVP.VOTW4-2013","141","43"
"300","256",Yoteizan,1050 p.n.e.,Japonia,stratowulkan,erupcja datowana,andezyt / andezyt bazaltowy,strefa subdukcji / skorupa kontynentalna (>25 km),Wulkan,"Global Volcanism Program, 2013. Volcanoes of the World, v. 4.11.0. Venzke, E (ed.). Smithsonian Institution. Downloaded 20 Jun 2022. https://doi.org/10.5479/si.GVP.VOTW4-2013","141","43"
"301","257",Kuttara,"1820",Japonia,stratowulkan,erupcja datowana,bazalt / pikryt,strefa subdukcji / skorupa kontynentalna (>25 km),Wulkan,"Global Volcanism Program, 2013. Volcanoes of the World, v. 4.11.0. Venzke, E (ed.). Smithsonian Institution. Downloaded 20 Jun 2022. https://doi.org/10.5479/si.GVP.VOTW4-2013","141","42"
"302","259",Rishirizan,5830 p.n.e.,Japonia,stratowulkan,erupcja datowana,andezyt / andezyt bazaltowy,strefa subdukcji / skorupa kontynentalna (>25 km),Wulkan,"Global Volcanism Program, 2013. Volcanoes of the World, v. 4.11.0. Venzke, E (ed.). Smithsonian Institution. Downloaded 20 Jun 2022. https://doi.org/10.5479/si.GVP.VOTW4-2013","141","45"
"303","260",Tokachidake,"2004",Japonia,stratowulkan,erupcja zaobserwowana,andezyt / andezyt bazaltowy,strefa subdukcji / skorupa kontynentalna (>25 km),Wulkan,"Global Volcanism Program, 2013. Volcanoes of the World, v. 4.11.0. Venzke, E (ed.). Smithsonian Institution. Downloaded 20 Jun 2022. https://doi.org/10.5479/si.GVP.VOTW4-2013","143","43"
"304","261",Taisetsuzan,"1739",Japonia,stratowulkan,erupcja datowana,andezyt / andezyt bazaltowy,strefa subdukcji / skorupa kontynentalna (>25 km),Wulkan,"Global Volcanism Program, 2013. Volcanoes of the World, v. 4.11.0. Venzke, E (ed.). Smithsonian Institution. Downloaded 20 Jun 2022. https://doi.org/10.5479/si.GVP.VOTW4-2013","143","44"
"305","262",Maruyama,"1898",Japonia,stratowulkan,erupcja zaobserwowana,andezyt / andezyt bazaltowy,strefa subdukcji / skorupa kontynentalna (>25 km),Wulkan,"Global Volcanism Program, 2013. Volcanoes of the World, v. 4.11.0. Venzke, E (ed.). Smithsonian Institution. Downloaded 20 Jun 2022. https://doi.org/10.5479/si.GVP.VOTW4-2013","143","43"
"306","266",Rausudake,"1800",Japonia,stratowulkan,erupcja datowana,andezyt / andezyt bazaltowy,strefa subdukcji / skorupa kontynentalna (>25 km),Wulkan,"Global Volcanism Program, 2013. Volcanoes of the World, v. 4.11.0. Venzke, E (ed.). Smithsonian Institution. Downloaded 20 Jun 2022. https://doi.org/10.5479/si.GVP.VOTW4-2013","145","44"
"307","268",Shiretoko-Iozan,"1936",Japonia,stratowulkan,erupcja zaobserwowana,andezyt / andezyt bazaltowy,strefa subdukcji / skorupa kontynentalna (>25 km),Wulkan,"Global Volcanism Program, 2013. Volcanoes of the World, v. 4.11.0. Venzke, E (ed.). Smithsonian Institution. Downloaded 20 Jun 2022. https://doi.org/10.5479/si.GVP.VOTW4-2013","145","44"
"308","270",Raususan [Mendeleev],"1880",Japonia,stratowulkan,erupcja zaobserwowana,andezyt / andezyt bazaltowy,strefa subdukcji / skorupa oceaniczna (< 15 km),Wulkan,"Global Volcanism Program, 2013. Volcanoes of the World, v. 4.11.0. Venzke, E (ed.). Smithsonian Institution. Downloaded 20 Jun 2022. https://doi.org/10.5479/si.GVP.VOTW4-2013","146","44"
"309","272",Chachadake [Tiatia],"1981",Japonia,stratowulkan,erupcja zaobserwowana,bazalt / pikryt,strefa subdukcji / skorupa oceaniczna (< 15 km),Wulkan,"Global Volcanism Program, 2013. Volcanoes of the World, v. 4.11.0. Venzke, E (ed.). Smithsonian Institution. Downloaded 20 Jun 2022. https://doi.org/10.5479/si.GVP.VOTW4-2013","146","44"
"310","280",Sashiusudake [Baransky],"1951",Japonia,stratowulkan,erupcja zaobserwowana,andezyt / andezyt bazaltowy,strefa subdukcji / skorupa oceaniczna (< 15 km),Wulkan,"Global Volcanism Program, 2013. Volcanoes of the World, v. 4.11.0. Venzke, E (ed.). Smithsonian Institution. Downloaded 20 Jun 2022. https://doi.org/10.5479/si.GVP.VOTW4-2013","148","45"
"311","281",Chirippusan [Chirip],"1860",Japonia,stratowulkan,erupcja zaobserwowana,bazalt / pikryt,strefa subdukcji / skorupa oceaniczna (< 15 km),Wulkan,"Global Volcanism Program, 2013. Volcanoes of the World, v. 4.11.0. Venzke, E (ed.). Smithsonian Institution. Downloaded 20 Jun 2022. https://doi.org/10.5479/si.GVP.VOTW4-2013","148","45"
"312","283",Moyorodake [Medvezhia],"1999",Japonia,stratowulkan,erupcja zaobserwowana,andezyt / andezyt bazaltowy,strefa subdukcji / skorupa oceaniczna (< 15 km),Wulkan,"Global Volcanism Program, 2013. Volcanoes of the World, v. 4.11.0. Venzke, E (ed.). Smithsonian Institution. Downloaded 20 Jun 2022. https://doi.org/10.5479/si.GVP.VOTW4-2013","149","45"
"313","360",Visoke,"1957",Demokratyczna Republika Konga - Rwanda,stratowulkan,erupcja zaobserwowana,trachyandezyt / bazaltowy trachyandezyt,strefa ryftowa / skorupa kontynentalna (>25 km),Wulkan,"Global Volcanism Program, 2013. Volcanoes of the World, v. 4.11.0. Venzke, E (ed.). Smithsonian Institution. Downloaded 20 Jun 2022. https://doi.org/10.5479/si.GVP.VOTW4-2013","29","-1"
"314","288",Kolokol Group,"1973",Rosja,stratowulkan,erupcja zaobserwowana,andezyt / andezyt bazaltowy,strefa subdukcji / skorupa oceaniczna (< 15 km),Wulkan,"Global Volcanism Program, 2013. Volcanoes of the World, v. 4.11.0. Venzke, E (ed.). Smithsonian Institution. Downloaded 20 Jun 2022. https://doi.org/10.5479/si.GVP.VOTW4-2013","150","46"
"315","1003",Soufriere Hills,"2013",Wielka Brytania,stratowulkan,erupcja zaobserwowana,andezyt / andezyt bazaltowy,strefa subdukcji / skorupa oceaniczna (< 15 km),Wulkan,"Global Volcanism Program, 2013. Volcanoes of the World, v. 4.11.0. Venzke, E (ed.). Smithsonian Institution. Downloaded 20 Jun 2022. https://doi.org/10.5479/si.GVP.VOTW4-2013","-62","17"
"316","1005",Soufriere Guadeloupe,"1977",Francja,stratowulkan,erupcja zaobserwowana,andezyt / andezyt bazaltowy,strefa subdukcji / skorupa oceaniczna (< 15 km),Wulkan,"Global Volcanism Program, 2013. Volcanoes of the World, v. 4.11.0. Venzke, E (ed.). Smithsonian Institution. Downloaded 20 Jun 2022. https://doi.org/10.5479/si.GVP.VOTW4-2013","-62","16"
"317","1012",Lascar,"2017",Chile,stratowulkan,erupcja zaobserwowana,andezyt / andezyt bazaltowy,strefa subdukcji / skorupa kontynentalna (>25 km),Wulkan,"Global Volcanism Program, 2013. Volcanoes of the World, v. 4.11.0. Venzke, E (ed.). Smithsonian Institution. Downloaded 20 Jun 2022. https://doi.org/10.5479/si.GVP.VOTW4-2013","-68","-23"
"318","1013","Watt, Morne","1997",Dominika,stratowulkan,erupcja zaobserwowana,andezyt / andezyt bazaltowy,strefa subdukcji / skorupa oceaniczna (< 15 km),Wulkan,"Global Volcanism Program, 2013. Volcanoes of the World, v. 4.11.0. Venzke, E (ed.). Smithsonian Institution. Downloaded 20 Jun 2022. https://doi.org/10.5479/si.GVP.VOTW4-2013","-61","15"
"319","220",Kita-Ioto,"2022",Japonia,stratowulkan,erupcja zaobserwowana,bazalt / pikryt,strefa subdukcji / grubość skorupy nieznana,Wulkan,"Global Volcanism Program, 2013. Volcanoes of the World, v. 4.11.0. Venzke, E (ed.). Smithsonian Institution. Downloaded 20 Jun 2022. https://doi.org/10.5479/si.GVP.VOTW4-2013","141","25"
"320","1017",Pelee,"1932",Francja,stratowulkan,erupcja zaobserwowana,andezyt / andezyt bazaltowy,strefa subdukcji / skorupa oceaniczna (< 15 km),Wulkan,"Global Volcanism Program, 2013. Volcanoes of the World, v. 4.11.0. Venzke, E (ed.). Smithsonian Institution. Downloaded 20 Jun 2022. https://doi.org/10.5479/si.GVP.VOTW4-2013","-61","15"
"321","345","Lengai, Ol Doinyo","2017",Tanzania,stratowulkan,erupcja zaobserwowana,foidyt,strefa ryftowa / skorupa kontynentalna (>25 km),Wulkan,"Global Volcanism Program, 2013. Volcanoes of the World, v. 4.11.0. Venzke, E (ed.). Smithsonian Institution. Downloaded 20 Jun 2022. https://doi.org/10.5479/si.GVP.VOTW4-2013","36","-3"
"322","1022",Snaefellsjokull,"200",Islandia,stratowulkan,erupcja datowana,"-",strefa ryftowa / skorupa oceaniczna (< 15 km),Wulkan,"Global Volcanism Program, 2013. Volcanoes of the World, v. 4.11.0. Venzke, E (ed.). Smithsonian Institution. Downloaded 20 Jun 2022. https://doi.org/10.5479/si.GVP.VOTW4-2013","-24","65"
"323","1036",Eyjafjallajokull,"2010",Islandia,stratowulkan,erupcja zaobserwowana,bazalt / pikryt,strefa ryftowa / skorupa oceaniczna (< 15 km),Wulkan,"Global Volcanism Program, 2013. Volcanoes of the World, v. 4.11.0. Venzke, E (ed.). Smithsonian Institution. Downloaded 20 Jun 2022. https://doi.org/10.5479/si.GVP.VOTW4-2013","-20","64"
"324","291",Milna,"1914",Rosja,stratowulkan,erupcja zaobserwowana,andezyt / andezyt bazaltowy,strefa subdukcji / skorupa oceaniczna (< 15 km),Wulkan,"Global Volcanism Program, 2013. Volcanoes of the World, v. 4.11.0. Venzke, E (ed.). Smithsonian Institution. Downloaded 20 Jun 2022. https://doi.org/10.5479/si.GVP.VOTW4-2013","152","47"
"325","293",Prevo Peak,"1825",Rosja,stratowulkan,erupcja zaobserwowana,bazalt / pikryt,strefa subdukcji / skorupa oceaniczna (< 15 km),Wulkan,"Global Volcanism Program, 2013. Volcanoes of the World, v. 4.11.0. Venzke, E (ed.). Smithsonian Institution. Downloaded 20 Jun 2022. https://doi.org/10.5479/si.GVP.VOTW4-2013","152","47"
"326","295",Ketoi,"1960",Rosja,stratowulkan,erupcja zaobserwowana,andezyt / andezyt bazaltowy,strefa subdukcji / skorupa oceaniczna (< 15 km),Wulkan,"Global Volcanism Program, 2013. Volcanoes of the World, v. 4.11.0. Venzke, E (ed.). Smithsonian Institution. Downloaded 20 Jun 2022. https://doi.org/10.5479/si.GVP.VOTW4-2013","152","47"
"327","298",Rasshua,"1957",Rosja,stratowulkan,erupcja zaobserwowana,andezyt / andezyt bazaltowy,strefa subdukcji / skorupa oceaniczna (< 15 km),Wulkan,"Global Volcanism Program, 2013. Volcanoes of the World, v. 4.11.0. Venzke, E (ed.). Smithsonian Institution. Downloaded 20 Jun 2022. https://doi.org/10.5479/si.GVP.VOTW4-2013","153","48"
"328","299",Sarychev Peak,"2009",Rosja,stratowulkan,erupcja zaobserwowana,andezyt / andezyt bazaltowy,strefa subdukcji / skorupa oceaniczna (< 15 km),Wulkan,"Global Volcanism Program, 2013. Volcanoes of the World, v. 4.11.0. Venzke, E (ed.). Smithsonian Institution. Downloaded 20 Jun 2022. https://doi.org/10.5479/si.GVP.VOTW4-2013","153","48"
"329","300",Raikoke,"1924",Rosja,stratowulkan,erupcja zaobserwowana,bazalt / pikryt,strefa subdukcji / skorupa oceaniczna (< 15 km),Wulkan,"Global Volcanism Program, 2013. Volcanoes of the World, v. 4.11.0. Venzke, E (ed.). Smithsonian Institution. Downloaded 20 Jun 2022. https://doi.org/10.5479/si.GVP.VOTW4-2013","153","48"
"330","301",Chirinkotan,"2017",Rosja,stratowulkan,erupcja zaobserwowana,andezyt / andezyt bazaltowy,strefa subdukcji / skorupa oceaniczna (< 15 km),Wulkan,"Global Volcanism Program, 2013. Volcanoes of the World, v. 4.11.0. Venzke, E (ed.). Smithsonian Institution. Downloaded 20 Jun 2022. https://doi.org/10.5479/si.GVP.VOTW4-2013","153","49"
"331","302",Ekarma,"2010",Rosja,stratowulkan,erupcja zaobserwowana,andezyt / andezyt bazaltowy,strefa subdukcji / skorupa oceaniczna (< 15 km),Wulkan,"Global Volcanism Program, 2013. Volcanoes of the World, v. 4.11.0. Venzke, E (ed.). Smithsonian Institution. Downloaded 20 Jun 2022. https://doi.org/10.5479/si.GVP.VOTW4-2013","154","49"
"332","1156",Soche,6650 p.n.e.,Ekwador,stratowulkan,erupcja datowana,dacyt,strefa subdukcji / skorupa kontynentalna (>25 km),Wulkan,"Global Volcanism Program, 2013. Volcanoes of the World, v. 4.11.0. Venzke, E (ed.). Smithsonian Institution. Downloaded 20 Jun 2022. https://doi.org/10.5479/si.GVP.VOTW4-2013","-78","1"
"333","1039",Torfajokull,"1477",Islandia,stratowulkan,erupcja zaobserwowana,ryolit,strefa ryftowa / skorupa oceaniczna (< 15 km),Wulkan,"Global Volcanism Program, 2013. Volcanoes of the World, v. 4.11.0. Venzke, E (ed.). Smithsonian Institution. Downloaded 20 Jun 2022. https://doi.org/10.5479/si.GVP.VOTW4-2013","-19","64"
"334","1040",Hekla,"2000",Islandia,stratowulkan,erupcja zaobserwowana,andezyt / andezyt bazaltowy,strefa ryftowa / skorupa oceaniczna (< 15 km),Wulkan,"Global Volcanism Program, 2013. Volcanoes of the World, v. 4.11.0. Venzke, E (ed.). Smithsonian Institution. Downloaded 20 Jun 2022. https://doi.org/10.5479/si.GVP.VOTW4-2013","-20","64"
"335","1042",Bardarbunga,"2015",Islandia,stratowulkan,erupcja zaobserwowana,bazalt / pikryt,strefa ryftowa / skorupa oceaniczna (< 15 km),Wulkan,"Global Volcanism Program, 2013. Volcanoes of the World, v. 4.11.0. Venzke, E (ed.). Smithsonian Institution. Downloaded 20 Jun 2022. https://doi.org/10.5479/si.GVP.VOTW4-2013","-18","65"
"336","1044",Kverkfjoll,"1968",Islandia,stratowulkan,erupcja zaobserwowana,bazalt / pikryt,strefa ryftowa / skorupa oceaniczna (< 15 km),Wulkan,"Global Volcanism Program, 2013. Volcanoes of the World, v. 4.11.0. Venzke, E (ed.). Smithsonian Institution. Downloaded 20 Jun 2022. https://doi.org/10.5479/si.GVP.VOTW4-2013","-17","65"
"337","1045",Askja,"1961",Islandia,stratowulkan,erupcja zaobserwowana,bazalt / pikryt,strefa ryftowa / skorupa oceaniczna (< 15 km),Wulkan,"Global Volcanism Program, 2013. Volcanoes of the World, v. 4.11.0. Venzke, E (ed.). Smithsonian Institution. Downloaded 20 Jun 2022. https://doi.org/10.5479/si.GVP.VOTW4-2013","-17","65"
"338","1046",Fremrinamar,1200 p.n.e.,Islandia,stratowulkan,erupcja datowana,bazalt / pikryt,strefa ryftowa / skorupa oceaniczna (< 15 km),Wulkan,"Global Volcanism Program, 2013. Volcanoes of the World, v. 4.11.0. Venzke, E (ed.). Smithsonian Institution. Downloaded 20 Jun 2022. https://doi.org/10.5479/si.GVP.VOTW4-2013","-17","65"
"339","1050",Oraefajokull,"1728",Islandia,stratowulkan,erupcja zaobserwowana,bazalt / pikryt,strefa ryftowa / skorupa oceaniczna (< 15 km),Wulkan,"Global Volcanism Program, 2013. Volcanoes of the World, v. 4.11.0. Venzke, E (ed.). Smithsonian Institution. Downloaded 20 Jun 2022. https://doi.org/10.5479/si.GVP.VOTW4-2013","-17","64"
"340","1053",Jan Mayen,"1985",Norwegia,stratowulkan,erupcja zaobserwowana,bazalt / pikryt,strefa ryftowa / skorupa oceaniczna (< 15 km),Wulkan,"Global Volcanism Program, 2013. Volcanoes of the World, v. 4.11.0. Venzke, E (ed.). Smithsonian Institution. Downloaded 20 Jun 2022. https://doi.org/10.5479/si.GVP.VOTW4-2013","-8","71"
"341","303",Sinarka,"1878",Rosja,stratowulkan,erupcja zaobserwowana,andezyt / andezyt bazaltowy,strefa subdukcji / skorupa oceaniczna (< 15 km),Wulkan,"Global Volcanism Program, 2013. Volcanoes of the World, v. 4.11.0. Venzke, E (ed.). Smithsonian Institution. Downloaded 20 Jun 2022. https://doi.org/10.5479/si.GVP.VOTW4-2013","154","49"
"342","304",Kharimkotan,"1933",Rosja,stratowulkan,erupcja zaobserwowana,andezyt / andezyt bazaltowy,strefa subdukcji / skorupa oceaniczna (< 15 km),Wulkan,"Global Volcanism Program, 2013. Volcanoes of the World, v. 4.11.0. Venzke, E (ed.). Smithsonian Institution. Downloaded 20 Jun 2022. https://doi.org/10.5479/si.GVP.VOTW4-2013","155","49"
"343","305",Tao-Rusyr Caldera,"1952",Rosja,stratowulkan,erupcja zaobserwowana,andezyt / andezyt bazaltowy,strefa subdukcji / skorupa oceaniczna (< 15 km),Wulkan,"Global Volcanism Program, 2013. Volcanoes of the World, v. 4.11.0. Venzke, E (ed.). Smithsonian Institution. Downloaded 20 Jun 2022. https://doi.org/10.5479/si.GVP.VOTW4-2013","155","49"
"344","308",Fuss Peak,"1854",Rosja,stratowulkan,erupcja zaobserwowana,andezyt / andezyt bazaltowy,strefa subdukcji / skorupa kontynentalna (>25 km),Wulkan,"Global Volcanism Program, 2013. Volcanoes of the World, v. 4.11.0. Venzke, E (ed.). Smithsonian Institution. Downloaded 20 Jun 2022. https://doi.org/10.5479/si.GVP.VOTW4-2013","155","50"
"345","327",South Island,"1888",Kenia,stratowulkan,erupcja zaobserwowana,bazalt / pikryt,strefa ryftowa / skorupa kontynentalna (>25 km),Wulkan,"Global Volcanism Program, 2013. Volcanoes of the World, v. 4.11.0. Venzke, E (ed.). Smithsonian Institution. Downloaded 20 Jun 2022. https://doi.org/10.5479/si.GVP.VOTW4-2013","37","3"
"346","343",Longonot,"1863",Kenia,stratowulkan,erupcja datowana,trachit,strefa ryftowa / skorupa kontynentalna (>25 km),Wulkan,"Global Volcanism Program, 2013. Volcanoes of the World, v. 4.11.0. Venzke, E (ed.). Smithsonian Institution. Downloaded 20 Jun 2022. https://doi.org/10.5479/si.GVP.VOTW4-2013","36","-1"
"347","347",Meru,"1910",Tanzania,stratowulkan,erupcja zaobserwowana,fonolit,strefa ryftowa / skorupa kontynentalna (>25 km),Wulkan,"Global Volcanism Program, 2013. Volcanoes of the World, v. 4.11.0. Venzke, E (ed.). Smithsonian Institution. Downloaded 20 Jun 2022. https://doi.org/10.5479/si.GVP.VOTW4-2013","37","-3"
"348","1055",Flores,950 p.n.e.,Portugalia,stratowulkan,erupcja datowana,bazalt / pikryt,strefa subdukcji / skorupa kontynentalna (>25 km),Wulkan,"Global Volcanism Program, 2013. Volcanoes of the World, v. 4.11.0. Venzke, E (ed.). Smithsonian Institution. Downloaded 20 Jun 2022. https://doi.org/10.5479/si.GVP.VOTW4-2013","-31","39"
"349","1057",Fayal,"1958",Portugalia,stratowulkan,erupcja zaobserwowana,andezyt / andezyt bazaltowy,strefa ryftowa / skorupa oceaniczna (< 15 km),Wulkan,"Global Volcanism Program, 2013. Volcanoes of the World, v. 4.11.0. Venzke, E (ed.). Smithsonian Institution. Downloaded 20 Jun 2022. https://doi.org/10.5479/si.GVP.VOTW4-2013","-29","39"
"350","1058",Pico,"1720",Portugalia,stratowulkan,erupcja zaobserwowana,bazalt / pikryt,strefa ryftowa / skorupa oceaniczna (< 15 km),Wulkan,"Global Volcanism Program, 2013. Volcanoes of the World, v. 4.11.0. Venzke, E (ed.). Smithsonian Institution. Downloaded 20 Jun 2022. https://doi.org/10.5479/si.GVP.VOTW4-2013","-28","38"
"351","1060",Graciosa,1950 p.n.e.,Portugalia,stratowulkan,erupcja datowana,bazalt / pikryt,strefa ryftowa / skorupa oceaniczna (< 15 km),Wulkan,"Global Volcanism Program, 2013. Volcanoes of the World, v. 4.11.0. Venzke, E (ed.). Smithsonian Institution. Downloaded 20 Jun 2022. https://doi.org/10.5479/si.GVP.VOTW4-2013","-28","39"
"352","1061",Terceira,"2000",Portugalia,stratowulkan,erupcja zaobserwowana,bazalt / pikryt,strefa ryftowa / skorupa oceaniczna (< 15 km),Wulkan,"Global Volcanism Program, 2013. Volcanoes of the World, v. 4.11.0. Venzke, E (ed.). Smithsonian Institution. Downloaded 20 Jun 2022. https://doi.org/10.5479/si.GVP.VOTW4-2013","-27","39"
"353","1063",Sete Cidades,"1880",Portugalia,stratowulkan,erupcja zaobserwowana,trachit,strefa ryftowa / skorupa oceaniczna (< 15 km),Wulkan,"Global Volcanism Program, 2013. Volcanoes of the World, v. 4.11.0. Venzke, E (ed.). Smithsonian Institution. Downloaded 20 Jun 2022. https://doi.org/10.5479/si.GVP.VOTW4-2013","-26","38"
"354","1065",Agua de Pau,"1564",Portugalia,stratowulkan,erupcja zaobserwowana,trachit,strefa ryftowa / skorupa oceaniczna (< 15 km),Wulkan,"Global Volcanism Program, 2013. Volcanoes of the World, v. 4.11.0. Venzke, E (ed.). Smithsonian Institution. Downloaded 20 Jun 2022. https://doi.org/10.5479/si.GVP.VOTW4-2013","-25","38"
"355","1083",Buckle Island,"1899",Antarktyda,stratowulkan,erupcja zaobserwowana,tefryt / trachybazalt,strefa ryftowa / skorupa oceaniczna (< 15 km),Wulkan,"Global Volcanism Program, 2013. Volcanoes of the World, v. 4.11.0. Venzke, E (ed.). Smithsonian Institution. Downloaded 20 Jun 2022. https://doi.org/10.5479/si.GVP.VOTW4-2013","163","-67"
"356","1086","Pleiades, The",1050 p.n.e.,Antarktyda,stratowulkan,erupcja datowana,trachyandezyt / bazaltowy trachyandezyt,strefa subdukcji / skorupa kontynentalna (>25 km),Wulkan,"Global Volcanism Program, 2013. Volcanoes of the World, v. 4.11.0. Venzke, E (ed.). Smithsonian Institution. Downloaded 20 Jun 2022. https://doi.org/10.5479/si.GVP.VOTW4-2013","166","-73"
"357","1087",Melbourne,"1892",Antarktyda,stratowulkan,erupcja datowana,trachit,strefa subdukcji / skorupa kontynentalna (>25 km),Wulkan,"Global Volcanism Program, 2013. Volcanoes of the World, v. 4.11.0. Venzke, E (ed.). Smithsonian Institution. Downloaded 20 Jun 2022. https://doi.org/10.5479/si.GVP.VOTW4-2013","165","-74"
"358","1090",Erebus,"2018",Antarktyda,stratowulkan,erupcja zaobserwowana,fonolit,strefa subdukcji / skorupa kontynentalna (>25 km),Wulkan,"Global Volcanism Program, 2013. Volcanoes of the World, v. 4.11.0. Venzke, E (ed.). Smithsonian Institution. Downloaded 20 Jun 2022. https://doi.org/10.5479/si.GVP.VOTW4-2013","167","-78"
"359","1098",Hudson Mountains,210 p.n.e.,Antarktyda,stratowulkan,erupcja datowana,bazalt / pikryt,strefa subdukcji / skorupa kontynentalna (>25 km),Wulkan,"Global Volcanism Program, 2013. Volcanoes of the World, v. 4.11.0. Venzke, E (ed.). Smithsonian Institution. Downloaded 20 Jun 2022. https://doi.org/10.5479/si.GVP.VOTW4-2013","-99","-74"
"360","358",Nyiragongo,"2021",Demokratyczna Republika Konga,stratowulkan,erupcja zaobserwowana,foidyt,strefa ryftowa / skorupa kontynentalna (>25 km),Wulkan,"Global Volcanism Program, 2013. Volcanoes of the World, v. 4.11.0. Venzke, E (ed.). Smithsonian Institution. Downloaded 20 Jun 2022. https://doi.org/10.5479/si.GVP.VOTW4-2013","29","-2"
"361","403",Damavand,5350 p.n.e.,Iran,stratowulkan,erupcja datowana,trachyandezyt / bazaltowy trachyandezyt,strefa subdukcji / skorupa kontynentalna (>25 km),Wulkan,"Global Volcanism Program, 2013. Volcanoes of the World, v. 4.11.0. Venzke, E (ed.). Smithsonian Institution. Downloaded 20 Jun 2022. https://doi.org/10.5479/si.GVP.VOTW4-2013","52","36"
"362","505",Kupreanof,"1987",Stany Zjednoczone,stratowulkan,erupcja zaobserwowana,andezyt / andezyt bazaltowy,strefa subdukcji / skorupa kontynentalna (>25 km),Wulkan,"Global Volcanism Program, 2013. Volcanoes of the World, v. 4.11.0. Venzke, E (ed.). Smithsonian Institution. Downloaded 20 Jun 2022. https://doi.org/10.5479/si.GVP.VOTW4-2013","-160","56"
"363","506",Veniaminof,"2013",Stany Zjednoczone,stratowulkan,erupcja zaobserwowana,andezyt / andezyt bazaltowy,strefa subdukcji / skorupa kontynentalna (>25 km),Wulkan,"Global Volcanism Program, 2013. Volcanoes of the World, v. 4.11.0. Venzke, E (ed.). Smithsonian Institution. Downloaded 20 Jun 2022. https://doi.org/10.5479/si.GVP.VOTW4-2013","-159","56"
"364","1101",Penguin Island,"1905",Antarktyda,stratowulkan,erupcja zaobserwowana,bazalt / pikryt,strefa subdukcji / skorupa kontynentalna (>25 km),Wulkan,"Global Volcanism Program, 2013. Volcanoes of the World, v. 4.11.0. Venzke, E (ed.). Smithsonian Institution. Downloaded 20 Jun 2022. https://doi.org/10.5479/si.GVP.VOTW4-2013","-58","-62"
"365","1105",Southern Thule,"1975",Wielka Brytania,stratowulkan,erupcja zaobserwowana,andezyt / andezyt bazaltowy,strefa subdukcji / skorupa oceaniczna (< 15 km),Wulkan,"Global Volcanism Program, 2013. Volcanoes of the World, v. 4.11.0. Venzke, E (ed.). Smithsonian Institution. Downloaded 20 Jun 2022. https://doi.org/10.5479/si.GVP.VOTW4-2013","-27","-59"
"366","1106",Bristol Island,"2016",Wielka Brytania,stratowulkan,erupcja zaobserwowana,bazalt / pikryt,strefa subdukcji / skorupa oceaniczna (< 15 km),Wulkan,"Global Volcanism Program, 2013. Volcanoes of the World, v. 4.11.0. Venzke, E (ed.). Smithsonian Institution. Downloaded 20 Jun 2022. https://doi.org/10.5479/si.GVP.VOTW4-2013","-27","-59"
"367","1108",Saunders,"2018",Wielka Brytania,stratowulkan,erupcja zaobserwowana,bazalt / pikryt,strefa subdukcji / skorupa oceaniczna (< 15 km),Wulkan,"Global Volcanism Program, 2013. Volcanoes of the World, v. 4.11.0. Venzke, E (ed.). Smithsonian Institution. Downloaded 20 Jun 2022. https://doi.org/10.5479/si.GVP.VOTW4-2013","-26","-58"
"368","1109",Candlemas Island,"1911",Wielka Brytania,stratowulkan,erupcja zaobserwowana,bazalt / pikryt,strefa subdukcji / skorupa oceaniczna (< 15 km),Wulkan,"Global Volcanism Program, 2013. Volcanoes of the World, v. 4.11.0. Venzke, E (ed.). Smithsonian Institution. Downloaded 20 Jun 2022. https://doi.org/10.5479/si.GVP.VOTW4-2013","-27","-57"
"369","1112",Zavodovski,"2016",Wielka Brytania,stratowulkan,erupcja zaobserwowana,bazalt / pikryt,strefa subdukcji / skorupa oceaniczna (< 15 km),Wulkan,"Global Volcanism Program, 2013. Volcanoes of the World, v. 4.11.0. Venzke, E (ed.). Smithsonian Institution. Downloaded 20 Jun 2022. https://doi.org/10.5479/si.GVP.VOTW4-2013","-28","-56"
"370","1117",Momotombo,"2016",Nikaragua,stratowulkan,erupcja zaobserwowana,bazalt / pikryt,strefa subdukcji / skorupa kontynentalna (>25 km),Wulkan,"Global Volcanism Program, 2013. Volcanoes of the World, v. 4.11.0. Venzke, E (ed.). Smithsonian Institution. Downloaded 20 Jun 2022. https://doi.org/10.5479/si.GVP.VOTW4-2013","-87","12"
"371","419",Ksudach,"1907",Rosja,stratowulkan,erupcja zaobserwowana,andezyt / andezyt bazaltowy,strefa subdukcji / skorupa kontynentalna (>25 km),Wulkan,"Global Volcanism Program, 2013. Volcanoes of the World, v. 4.11.0. Venzke, E (ed.). Smithsonian Institution. Downloaded 20 Jun 2022. https://doi.org/10.5479/si.GVP.VOTW4-2013","158","52"
"372","425",Khodutka,300 p.n.e.,Rosja,stratowulkan,erupcja datowana,andezyt / andezyt bazaltowy,strefa subdukcji / skorupa kontynentalna (>25 km),Wulkan,"Global Volcanism Program, 2013. Volcanoes of the World, v. 4.11.0. Venzke, E (ed.). Smithsonian Institution. Downloaded 20 Jun 2022. https://doi.org/10.5479/si.GVP.VOTW4-2013","158","52"
"373","426",Spokoiny,3450 p.n.e.,Rosja,stratowulkan,erupcja datowana,dacyt,strefa subdukcji / skorupa kontynentalna (>25 km),Wulkan,"Global Volcanism Program, 2013. Volcanoes of the World, v. 4.11.0. Venzke, E (ed.). Smithsonian Institution. Downloaded 20 Jun 2022. https://doi.org/10.5479/si.GVP.VOTW4-2013","161","58"
"374","428",Ostry,2050 p.n.e.,Rosja,stratowulkan,erupcja datowana,bazalt / pikryt,strefa subdukcji / skorupa kontynentalna (>25 km),Wulkan,"Global Volcanism Program, 2013. Volcanoes of the World, v. 4.11.0. Venzke, E (ed.). Smithsonian Institution. Downloaded 20 Jun 2022. https://doi.org/10.5479/si.GVP.VOTW4-2013","161","58"
"375","446",Arjuno-Welirang,"1952",Indonezja,stratowulkan,erupcja zaobserwowana,andezyt / andezyt bazaltowy,strefa subdukcji / skorupa kontynentalna (>25 km),Wulkan,"Global Volcanism Program, 2013. Volcanoes of the World, v. 4.11.0. Venzke, E (ed.). Smithsonian Institution. Downloaded 20 Jun 2022. https://doi.org/10.5479/si.GVP.VOTW4-2013","113","-8"
"376","453",Changbaishan,"1903",Chiny - Północna Korea,stratowulkan,erupcja zaobserwowana,trachit,strefa subdukcji / skorupa kontynentalna (>25 km),Wulkan,"Global Volcanism Program, 2013. Volcanoes of the World, v. 4.11.0. Venzke, E (ed.). Smithsonian Institution. Downloaded 20 Jun 2022. https://doi.org/10.5479/si.GVP.VOTW4-2013","128","42"
"377","1124",Concepcion,"2011",Nikaragua,stratowulkan,erupcja zaobserwowana,andezyt / andezyt bazaltowy,strefa subdukcji / skorupa kontynentalna (>25 km),Wulkan,"Global Volcanism Program, 2013. Volcanoes of the World, v. 4.11.0. Venzke, E (ed.). Smithsonian Institution. Downloaded 20 Jun 2022. https://doi.org/10.5479/si.GVP.VOTW4-2013","-86","12"
"378","455",Ulreung,2990 p.n.e.,Korea Południowa,stratowulkan,erupcja datowana,trachyandezyt / bazaltowy trachyandezyt,strefa subdukcji / skorupa kontynentalna (>25 km),Wulkan,"Global Volcanism Program, 2013. Volcanoes of the World, v. 4.11.0. Venzke, E (ed.). Smithsonian Institution. Downloaded 20 Jun 2022. https://doi.org/10.5479/si.GVP.VOTW4-2013","131","38"
"379","458",Kiska,"1990",Stany Zjednoczone,stratowulkan,erupcja zaobserwowana,andezyt / andezyt bazaltowy,strefa subdukcji / skorupa oceaniczna (< 15 km),Wulkan,"Global Volcanism Program, 2013. Volcanoes of the World, v. 4.11.0. Venzke, E (ed.). Smithsonian Institution. Downloaded 20 Jun 2022. https://doi.org/10.5479/si.GVP.VOTW4-2013","178","52"
"380","461",Little Sitkin,"1830",Stany Zjednoczone,stratowulkan,erupcja zaobserwowana,andezyt / andezyt bazaltowy,strefa subdukcji / skorupa oceaniczna (< 15 km),Wulkan,"Global Volcanism Program, 2013. Volcanoes of the World, v. 4.11.0. Venzke, E (ed.). Smithsonian Institution. Downloaded 20 Jun 2022. https://doi.org/10.5479/si.GVP.VOTW4-2013","179","52"
"381","463",Gareloi,"1989",Stany Zjednoczone,stratowulkan,erupcja zaobserwowana,bazalt / pikryt,strefa subdukcji / skorupa oceaniczna (< 15 km),Wulkan,"Global Volcanism Program, 2013. Volcanoes of the World, v. 4.11.0. Venzke, E (ed.). Smithsonian Institution. Downloaded 20 Jun 2022. https://doi.org/10.5479/si.GVP.VOTW4-2013","-179","52"
"382","464",Tanaga,"1914",Stany Zjednoczone,stratowulkan,erupcja zaobserwowana,bazalt / pikryt,strefa subdukcji / skorupa oceaniczna (< 15 km),Wulkan,"Global Volcanism Program, 2013. Volcanoes of the World, v. 4.11.0. Venzke, E (ed.). Smithsonian Institution. Downloaded 20 Jun 2022. https://doi.org/10.5479/si.GVP.VOTW4-2013","-178","52"
"383","465",Takawangha,"1550",Stany Zjednoczone,stratowulkan,erupcja datowana,bazalt / pikryt,strefa subdukcji / skorupa oceaniczna (< 15 km),Wulkan,"Global Volcanism Program, 2013. Volcanoes of the World, v. 4.11.0. Venzke, E (ed.). Smithsonian Institution. Downloaded 20 Jun 2022. https://doi.org/10.5479/si.GVP.VOTW4-2013","-178","52"
"384","1131",Miravalles,"1946",Kostaryka,stratowulkan,erupcja zaobserwowana,andezyt / andezyt bazaltowy,strefa subdukcji / skorupa kontynentalna (>25 km),Wulkan,"Global Volcanism Program, 2013. Volcanoes of the World, v. 4.11.0. Venzke, E (ed.). Smithsonian Institution. Downloaded 20 Jun 2022. https://doi.org/10.5479/si.GVP.VOTW4-2013","-85","11"
"385","1133",Arenal,"2010",Kostaryka,stratowulkan,erupcja zaobserwowana,andezyt / andezyt bazaltowy,strefa subdukcji / skorupa kontynentalna (>25 km),Wulkan,"Global Volcanism Program, 2013. Volcanoes of the World, v. 4.11.0. Venzke, E (ed.). Smithsonian Institution. Downloaded 20 Jun 2022. https://doi.org/10.5479/si.GVP.VOTW4-2013","-85","10"
"386","1137",Irazu,"1994",Kostaryka,stratowulkan,erupcja zaobserwowana,andezyt / andezyt bazaltowy,strefa subdukcji / skorupa kontynentalna (>25 km),Wulkan,"Global Volcanism Program, 2013. Volcanoes of the World, v. 4.11.0. Venzke, E (ed.). Smithsonian Institution. Downloaded 20 Jun 2022. https://doi.org/10.5479/si.GVP.VOTW4-2013","-84","10"
"387","1138",Turrialba,"2018",Kostaryka,stratowulkan,erupcja zaobserwowana,andezyt / andezyt bazaltowy,strefa subdukcji / skorupa kontynentalna (>25 km),Wulkan,"Global Volcanism Program, 2013. Volcanoes of the World, v. 4.11.0. Venzke, E (ed.). Smithsonian Institution. Downloaded 20 Jun 2022. https://doi.org/10.5479/si.GVP.VOTW4-2013","-84","10"
"388","1139",Baru,"1550",Panama,stratowulkan,erupcja zaobserwowana,andezyt / andezyt bazaltowy,strefa subdukcji / skorupa kontynentalna (>25 km),Wulkan,"Global Volcanism Program, 2013. Volcanoes of the World, v. 4.11.0. Venzke, E (ed.). Smithsonian Institution. Downloaded 20 Jun 2022. https://doi.org/10.5479/si.GVP.VOTW4-2013","-83","9"
"389","1141",Romeral,5390 p.n.e.,Kolumbia,stratowulkan,erupcja datowana,andezyt / andezyt bazaltowy,strefa subdukcji / skorupa kontynentalna (>25 km),Wulkan,"Global Volcanism Program, 2013. Volcanoes of the World, v. 4.11.0. Venzke, E (ed.). Smithsonian Institution. Downloaded 20 Jun 2022. https://doi.org/10.5479/si.GVP.VOTW4-2013","-75","5"
"390","470",Kasatochi,"2008",Stany Zjednoczone,stratowulkan,erupcja zaobserwowana,bazalt / pikryt,strefa subdukcji / skorupa oceaniczna (< 15 km),Wulkan,"Global Volcanism Program, 2013. Volcanoes of the World, v. 4.11.0. Venzke, E (ed.). Smithsonian Institution. Downloaded 20 Jun 2022. https://doi.org/10.5479/si.GVP.VOTW4-2013","-176","52"
"391","471",Koniuji,1150 p.n.e.,Stany Zjednoczone,stratowulkan,erupcja datowana,andezyt / andezyt bazaltowy,strefa subdukcji / skorupa oceaniczna (< 15 km),Wulkan,"Global Volcanism Program, 2013. Volcanoes of the World, v. 4.11.0. Venzke, E (ed.). Smithsonian Institution. Downloaded 20 Jun 2022. https://doi.org/10.5479/si.GVP.VOTW4-2013","-175","52"
"392","472",Atka,"1812",Stany Zjednoczone,stratowulkan,erupcja zaobserwowana,bazalt / pikryt,strefa subdukcji / skorupa oceaniczna (< 15 km),Wulkan,"Global Volcanism Program, 2013. Volcanoes of the World, v. 4.11.0. Venzke, E (ed.). Smithsonian Institution. Downloaded 20 Jun 2022. https://doi.org/10.5479/si.GVP.VOTW4-2013","-174","52"
"393","473",Korovin,"2007",Stany Zjednoczone,stratowulkan,erupcja zaobserwowana,bazalt / pikryt,strefa subdukcji / skorupa kontynentalna (>25 km),Wulkan,"Global Volcanism Program, 2013. Volcanoes of the World, v. 4.11.0. Venzke, E (ed.). Smithsonian Institution. Downloaded 20 Jun 2022. https://doi.org/10.5479/si.GVP.VOTW4-2013","-174","52"
"394","474",Seguam,"1993",Stany Zjednoczone,stratowulkan,erupcja zaobserwowana,andezyt / andezyt bazaltowy,strefa subdukcji / skorupa oceaniczna (< 15 km),Wulkan,"Global Volcanism Program, 2013. Volcanoes of the World, v. 4.11.0. Venzke, E (ed.). Smithsonian Institution. Downloaded 20 Jun 2022. https://doi.org/10.5479/si.GVP.VOTW4-2013","-173","52"
"395","475",Amukta,"1997",Stany Zjednoczone,stratowulkan,erupcja zaobserwowana,andezyt / andezyt bazaltowy,strefa subdukcji / skorupa oceaniczna (< 15 km),Wulkan,"Global Volcanism Program, 2013. Volcanoes of the World, v. 4.11.0. Venzke, E (ed.). Smithsonian Institution. Downloaded 20 Jun 2022. https://doi.org/10.5479/si.GVP.VOTW4-2013","-171","53"
"396","462",Semisopochnoi,"2021",Stany Zjednoczone,stratowulkan,erupcja zaobserwowana,bazalt / pikryt,strefa subdukcji / skorupa oceaniczna (< 15 km),Wulkan,"Global Volcanism Program, 2013. Volcanoes of the World, v. 4.11.0. Venzke, E (ed.). Smithsonian Institution. Downloaded 20 Jun 2022. https://doi.org/10.5479/si.GVP.VOTW4-2013","180","52"
"397","1135",Poas,"2022",Kostaryka,stratowulkan,erupcja zaobserwowana,andezyt / andezyt bazaltowy,strefa subdukcji / skorupa kontynentalna (>25 km),Wulkan,"Global Volcanism Program, 2013. Volcanoes of the World, v. 4.11.0. Venzke, E (ed.). Smithsonian Institution. Downloaded 20 Jun 2022. https://doi.org/10.5479/si.GVP.VOTW4-2013","-84","10"
"398","1143","Ruiz, Nevado del","2017",Kolumbia,stratowulkan,erupcja zaobserwowana,andezyt / andezyt bazaltowy,strefa subdukcji / skorupa kontynentalna (>25 km),Wulkan,"Global Volcanism Program, 2013. Volcanoes of the World, v. 4.11.0. Venzke, E (ed.). Smithsonian Institution. Downloaded 20 Jun 2022. https://doi.org/10.5479/si.GVP.VOTW4-2013","-75","5"
"399","1145","Tolima, Nevado del","1943",Kolumbia,stratowulkan,erupcja zaobserwowana,andezyt / andezyt bazaltowy,strefa subdukcji / skorupa kontynentalna (>25 km),Wulkan,"Global Volcanism Program, 2013. Volcanoes of the World, v. 4.11.0. Venzke, E (ed.). Smithsonian Institution. Downloaded 20 Jun 2022. https://doi.org/10.5479/si.GVP.VOTW4-2013","-75","5"
"400","1147","Huila, Nevado del","2012",Kolumbia,stratowulkan,erupcja zaobserwowana,andezyt / andezyt bazaltowy,strefa subdukcji / skorupa kontynentalna (>25 km),Wulkan,"Global Volcanism Program, 2013. Volcanoes of the World, v. 4.11.0. Venzke, E (ed.). Smithsonian Institution. Downloaded 20 Jun 2022. https://doi.org/10.5479/si.GVP.VOTW4-2013","-76","3"
"401","1151",Dona Juana,"1906",Kolumbia,stratowulkan,erupcja zaobserwowana,andezyt / andezyt bazaltowy,strefa subdukcji / skorupa kontynentalna (>25 km),Wulkan,"Global Volcanism Program, 2013. Volcanoes of the World, v. 4.11.0. Venzke, E (ed.). Smithsonian Institution. Downloaded 20 Jun 2022. https://doi.org/10.5479/si.GVP.VOTW4-2013","-77","2"
"402","1153",Azufral,930 p.n.e.,Kolumbia,stratowulkan,erupcja datowana,dacyt,strefa subdukcji / skorupa kontynentalna (>25 km),Wulkan,"Global Volcanism Program, 2013. Volcanoes of the World, v. 4.11.0. Venzke, E (ed.). Smithsonian Institution. Downloaded 20 Jun 2022. https://doi.org/10.5479/si.GVP.VOTW4-2013","-78","1"
"403","1154",Cumbal,"1926",Kolumbia,stratowulkan,erupcja zaobserwowana,andezyt / andezyt bazaltowy,strefa subdukcji / skorupa kontynentalna (>25 km),Wulkan,"Global Volcanism Program, 2013. Volcanoes of the World, v. 4.11.0. Venzke, E (ed.). Smithsonian Institution. Downloaded 20 Jun 2022. https://doi.org/10.5479/si.GVP.VOTW4-2013","-78","1"
"404","1157",Chachimbiro,3740 p.n.e.,Ekwador,stratowulkan,erupcja datowana,dacyt,strefa subdukcji / skorupa kontynentalna (>25 km),Wulkan,"Global Volcanism Program, 2013. Volcanoes of the World, v. 4.11.0. Venzke, E (ed.). Smithsonian Institution. Downloaded 20 Jun 2022. https://doi.org/10.5479/si.GVP.VOTW4-2013","-78","0"
"405","479",Carlisle,"1828",Stany Zjednoczone,stratowulkan,erupcja zaobserwowana,andezyt / andezyt bazaltowy,strefa subdukcji / skorupa oceaniczna (< 15 km),Wulkan,"Global Volcanism Program, 2013. Volcanoes of the World, v. 4.11.0. Venzke, E (ed.). Smithsonian Institution. Downloaded 20 Jun 2022. https://doi.org/10.5479/si.GVP.VOTW4-2013","-170","53"
"406","480",Cleveland,"2018",Stany Zjednoczone,stratowulkan,erupcja zaobserwowana,andezyt / andezyt bazaltowy,strefa subdukcji / skorupa oceaniczna (< 15 km),Wulkan,"Global Volcanism Program, 2013. Volcanoes of the World, v. 4.11.0. Venzke, E (ed.). Smithsonian Institution. Downloaded 20 Jun 2022. https://doi.org/10.5479/si.GVP.VOTW4-2013","-170","53"
"407","483",Kagamil,"1929",Stany Zjednoczone,stratowulkan,erupcja zaobserwowana,"-",strefa subdukcji / skorupa oceaniczna (< 15 km),Wulkan,"Global Volcanism Program, 2013. Volcanoes of the World, v. 4.11.0. Venzke, E (ed.). Smithsonian Institution. Downloaded 20 Jun 2022. https://doi.org/10.5479/si.GVP.VOTW4-2013","-170","53"
"408","1162",Reventador,"2018",Ekwador,stratowulkan,erupcja zaobserwowana,andezyt / andezyt bazaltowy,strefa subdukcji / skorupa kontynentalna (>25 km),Wulkan,"Global Volcanism Program, 2013. Volcanoes of the World, v. 4.11.0. Venzke, E (ed.). Smithsonian Institution. Downloaded 20 Jun 2022. https://doi.org/10.5479/si.GVP.VOTW4-2013","-78","0"
"409","1164",Guagua Pichincha,"2002",Ekwador,stratowulkan,erupcja zaobserwowana,andezyt / andezyt bazaltowy,strefa subdukcji / skorupa kontynentalna (>25 km),Wulkan,"Global Volcanism Program, 2013. Volcanoes of the World, v. 4.11.0. Venzke, E (ed.). Smithsonian Institution. Downloaded 20 Jun 2022. https://doi.org/10.5479/si.GVP.VOTW4-2013","-79","0"
"410","1165",Atacazo,320 p.n.e.,Ekwador,stratowulkan,erupcja datowana,andezyt / andezyt bazaltowy,strefa subdukcji / skorupa kontynentalna (>25 km),Wulkan,"Global Volcanism Program, 2013. Volcanoes of the World, v. 4.11.0. Venzke, E (ed.). Smithsonian Institution. Downloaded 20 Jun 2022. https://doi.org/10.5479/si.GVP.VOTW4-2013","-79","0"
"411","1167",Antisana,"1802",Ekwador,stratowulkan,erupcja zaobserwowana,andezyt / andezyt bazaltowy,strefa subdukcji / skorupa kontynentalna (>25 km),Wulkan,"Global Volcanism Program, 2013. Volcanoes of the World, v. 4.11.0. Venzke, E (ed.). Smithsonian Institution. Downloaded 20 Jun 2022. https://doi.org/10.5479/si.GVP.VOTW4-2013","-78","0"
"412","1168",Aliso,2450 p.n.e.,Ekwador,stratowulkan,erupcja datowana,andezyt / andezyt bazaltowy,strefa subdukcji / skorupa kontynentalna (>25 km),Wulkan,"Global Volcanism Program, 2013. Volcanoes of the World, v. 4.11.0. Venzke, E (ed.). Smithsonian Institution. Downloaded 20 Jun 2022. https://doi.org/10.5479/si.GVP.VOTW4-2013","-78","-1"
"413","1171",Cotopaxi,"2016",Ekwador,stratowulkan,erupcja zaobserwowana,andezyt / andezyt bazaltowy,strefa subdukcji / skorupa kontynentalna (>25 km),Wulkan,"Global Volcanism Program, 2013. Volcanoes of the World, v. 4.11.0. Venzke, E (ed.). Smithsonian Institution. Downloaded 20 Jun 2022. https://doi.org/10.5479/si.GVP.VOTW4-2013","-78","-1"
"414","1173",Chimborazo,"550",Ekwador,stratowulkan,erupcja datowana,andezyt / andezyt bazaltowy,strefa subdukcji / skorupa kontynentalna (>25 km),Wulkan,"Global Volcanism Program, 2013. Volcanoes of the World, v. 4.11.0. Venzke, E (ed.). Smithsonian Institution. Downloaded 20 Jun 2022. https://doi.org/10.5479/si.GVP.VOTW4-2013","-79","-1"
"415","1174",Tungurahua,"2016",Ekwador,stratowulkan,erupcja zaobserwowana,andezyt / andezyt bazaltowy,strefa subdukcji / skorupa kontynentalna (>25 km),Wulkan,"Global Volcanism Program, 2013. Volcanoes of the World, v. 4.11.0. Venzke, E (ed.). Smithsonian Institution. Downloaded 20 Jun 2022. https://doi.org/10.5479/si.GVP.VOTW4-2013","-78","-1"
"416","484",Vsevidof,"1878",Stany Zjednoczone,stratowulkan,erupcja zaobserwowana,andezyt / andezyt bazaltowy,strefa subdukcji / skorupa oceaniczna (< 15 km),Wulkan,"Global Volcanism Program, 2013. Volcanoes of the World, v. 4.11.0. Venzke, E (ed.). Smithsonian Institution. Downloaded 20 Jun 2022. https://doi.org/10.5479/si.GVP.VOTW4-2013","-169","53"
"417","488",Makushin,"1995",Stany Zjednoczone,stratowulkan,erupcja zaobserwowana,andezyt / andezyt bazaltowy,strefa subdukcji / skorupa oceaniczna (< 15 km),Wulkan,"Global Volcanism Program, 2013. Volcanoes of the World, v. 4.11.0. Venzke, E (ed.). Smithsonian Institution. Downloaded 20 Jun 2022. https://doi.org/10.5479/si.GVP.VOTW4-2013","-167","54"
"418","489",Akutan,"1992",Stany Zjednoczone,stratowulkan,erupcja zaobserwowana,bazalt / pikryt,strefa subdukcji / skorupa oceaniczna (< 15 km),Wulkan,"Global Volcanism Program, 2013. Volcanoes of the World, v. 4.11.0. Venzke, E (ed.). Smithsonian Institution. Downloaded 20 Jun 2022. https://doi.org/10.5479/si.GVP.VOTW4-2013","-166","54"
"419","490",Westdahl,"1992",Stany Zjednoczone,stratowulkan,erupcja zaobserwowana,bazalt / pikryt,strefa subdukcji / skorupa kontynentalna (>25 km),Wulkan,"Global Volcanism Program, 2013. Volcanoes of the World, v. 4.11.0. Venzke, E (ed.). Smithsonian Institution. Downloaded 20 Jun 2022. https://doi.org/10.5479/si.GVP.VOTW4-2013","-165","55"
"420","491",Fisher,"1830",Stany Zjednoczone,stratowulkan,erupcja zaobserwowana,andezyt / andezyt bazaltowy,strefa subdukcji / skorupa kontynentalna (>25 km),Wulkan,"Global Volcanism Program, 2013. Volcanoes of the World, v. 4.11.0. Venzke, E (ed.). Smithsonian Institution. Downloaded 20 Jun 2022. https://doi.org/10.5479/si.GVP.VOTW4-2013","-164","55"
"421","492",Shishaldin,"2015",Stany Zjednoczone,stratowulkan,erupcja zaobserwowana,bazalt / pikryt,strefa subdukcji / skorupa kontynentalna (>25 km),Wulkan,"Global Volcanism Program, 2013. Volcanoes of the World, v. 4.11.0. Venzke, E (ed.). Smithsonian Institution. Downloaded 20 Jun 2022. https://doi.org/10.5479/si.GVP.VOTW4-2013","-164","55"
"422","494",Roundtop,7600 p.n.e.,Stany Zjednoczone,stratowulkan,erupcja datowana,ryolit,strefa subdukcji / skorupa kontynentalna (>25 km),Wulkan,"Global Volcanism Program, 2013. Volcanoes of the World, v. 4.11.0. Venzke, E (ed.). Smithsonian Institution. Downloaded 20 Jun 2022. https://doi.org/10.5479/si.GVP.VOTW4-2013","-164","55"
"423","495",Amak,"1796",Stany Zjednoczone,stratowulkan,erupcja zaobserwowana,andezyt / andezyt bazaltowy,strefa subdukcji / skorupa kontynentalna (>25 km),Wulkan,"Global Volcanism Program, 2013. Volcanoes of the World, v. 4.11.0. Venzke, E (ed.). Smithsonian Institution. Downloaded 20 Jun 2022. https://doi.org/10.5479/si.GVP.VOTW4-2013","-163","55"
"424","501",Dana,1890 p.n.e.,Stany Zjednoczone,stratowulkan,erupcja datowana,andezyt / andezyt bazaltowy,strefa subdukcji / skorupa kontynentalna (>25 km),Wulkan,"Global Volcanism Program, 2013. Volcanoes of the World, v. 4.11.0. Venzke, E (ed.). Smithsonian Institution. Downloaded 20 Jun 2022. https://doi.org/10.5479/si.GVP.VOTW4-2013","-161","56"
"425","507",Black Peak,1900 p.n.e.,Stany Zjednoczone,stratowulkan,erupcja datowana,andezyt / andezyt bazaltowy,strefa subdukcji / skorupa kontynentalna (>25 km),Wulkan,"Global Volcanism Program, 2013. Volcanoes of the World, v. 4.11.0. Venzke, E (ed.). Smithsonian Institution. Downloaded 20 Jun 2022. https://doi.org/10.5479/si.GVP.VOTW4-2013","-159","57"
"426","1196",Sabancaya,"2018",Peru,stratowulkan,erupcja zaobserwowana,andezyt / andezyt bazaltowy,strefa subdukcji / skorupa kontynentalna (>25 km),Wulkan,"Global Volcanism Program, 2013. Volcanoes of the World, v. 4.11.0. Venzke, E (ed.). Smithsonian Institution. Downloaded 20 Jun 2022. https://doi.org/10.5479/si.GVP.VOTW4-2013","-72","-16"
"427","1199","Misti, El","1985",Peru,stratowulkan,erupcja zaobserwowana,andezyt / andezyt bazaltowy,strefa subdukcji / skorupa kontynentalna (>25 km),Wulkan,"Global Volcanism Program, 2013. Volcanoes of the World, v. 4.11.0. Venzke, E (ed.). Smithsonian Institution. Downloaded 20 Jun 2022. https://doi.org/10.5479/si.GVP.VOTW4-2013","-71","-16"
"428","1200",Ubinas,"2017",Peru,stratowulkan,erupcja zaobserwowana,andezyt / andezyt bazaltowy,strefa subdukcji / skorupa kontynentalna (>25 km),Wulkan,"Global Volcanism Program, 2013. Volcanoes of the World, v. 4.11.0. Venzke, E (ed.). Smithsonian Institution. Downloaded 20 Jun 2022. https://doi.org/10.5479/si.GVP.VOTW4-2013","-71","-16"
"429","1201",Huaynaputina,"1600",Peru,stratowulkan,erupcja zaobserwowana,dacyt,strefa subdukcji / skorupa kontynentalna (>25 km),Wulkan,"Global Volcanism Program, 2013. Volcanoes of the World, v. 4.11.0. Venzke, E (ed.). Smithsonian Institution. Downloaded 20 Jun 2022. https://doi.org/10.5479/si.GVP.VOTW4-2013","-71","-17"
"430","1176",Sangay,"2019",Ekwador,stratowulkan,erupcja zaobserwowana,andezyt / andezyt bazaltowy,strefa subdukcji / skorupa kontynentalna (>25 km),Wulkan,"Global Volcanism Program, 2013. Volcanoes of the World, v. 4.11.0. Venzke, E (ed.). Smithsonian Institution. Downloaded 20 Jun 2022. https://doi.org/10.5479/si.GVP.VOTW4-2013","-78","-2"
"431","1148",Purace,"2022",Kolumbia,stratowulkan,erupcja zaobserwowana,andezyt / andezyt bazaltowy,strefa subdukcji / skorupa kontynentalna (>25 km),Wulkan,"Global Volcanism Program, 2013. Volcanoes of the World, v. 4.11.0. Venzke, E (ed.). Smithsonian Institution. Downloaded 20 Jun 2022. https://doi.org/10.5479/si.GVP.VOTW4-2013","-76","2"
"432","1203",Tutupaca,"1802",Peru,stratowulkan,erupcja zaobserwowana,andezyt / andezyt bazaltowy,strefa subdukcji / skorupa kontynentalna (>25 km),Wulkan,"Global Volcanism Program, 2013. Volcanoes of the World, v. 4.11.0. Venzke, E (ed.). Smithsonian Institution. Downloaded 20 Jun 2022. https://doi.org/10.5479/si.GVP.VOTW4-2013","-70","-17"
"433","1204",Yucamane,1320 p.n.e.,Peru,stratowulkan,erupcja zaobserwowana,andezyt / andezyt bazaltowy,strefa subdukcji / skorupa kontynentalna (>25 km),Wulkan,"Global Volcanism Program, 2013. Volcanoes of the World, v. 4.11.0. Venzke, E (ed.). Smithsonian Institution. Downloaded 20 Jun 2022. https://doi.org/10.5479/si.GVP.VOTW4-2013","-70","-17"
"434","509",Yantarni,800 p.n.e.,Stany Zjednoczone,stratowulkan,erupcja datowana,andezyt / andezyt bazaltowy,strefa subdukcji / skorupa kontynentalna (>25 km),Wulkan,"Global Volcanism Program, 2013. Volcanoes of the World, v. 4.11.0. Venzke, E (ed.). Smithsonian Institution. Downloaded 20 Jun 2022. https://doi.org/10.5479/si.GVP.VOTW4-2013","-157","57"
"435","510",Chiginagak,"1998",Stany Zjednoczone,stratowulkan,erupcja zaobserwowana,andezyt / andezyt bazaltowy,strefa subdukcji / skorupa kontynentalna (>25 km),Wulkan,"Global Volcanism Program, 2013. Volcanoes of the World, v. 4.11.0. Venzke, E (ed.). Smithsonian Institution. Downloaded 20 Jun 2022. https://doi.org/10.5479/si.GVP.VOTW4-2013","-157","57"
"436","512",Ugashik-Peulik,"1814",Stany Zjednoczone,stratowulkan,erupcja zaobserwowana,andezyt / andezyt bazaltowy,strefa subdukcji / skorupa kontynentalna (>25 km),Wulkan,"Global Volcanism Program, 2013. Volcanoes of the World, v. 4.11.0. Venzke, E (ed.). Smithsonian Institution. Downloaded 20 Jun 2022. https://doi.org/10.5479/si.GVP.VOTW4-2013","-156","58"
"437","1208",Parinacota,"290",Chile - Boliwia,stratowulkan,erupcja datowana,andezyt / andezyt bazaltowy,strefa subdukcji / skorupa kontynentalna (>25 km),Wulkan,"Global Volcanism Program, 2013. Volcanoes of the World, v. 4.11.0. Venzke, E (ed.). Smithsonian Institution. Downloaded 20 Jun 2022. https://doi.org/10.5479/si.GVP.VOTW4-2013","-69","-18"
"438","1209",Guallatiri,"1960",Chile,stratowulkan,erupcja zaobserwowana,andezyt / andezyt bazaltowy,strefa subdukcji / skorupa kontynentalna (>25 km),Wulkan,"Global Volcanism Program, 2013. Volcanoes of the World, v. 4.11.0. Venzke, E (ed.). Smithsonian Institution. Downloaded 20 Jun 2022. https://doi.org/10.5479/si.GVP.VOTW4-2013","-69","-18"
"439","1211",Isluga,"1913",Chile,stratowulkan,erupcja zaobserwowana,andezyt / andezyt bazaltowy,strefa subdukcji / skorupa kontynentalna (>25 km),Wulkan,"Global Volcanism Program, 2013. Volcanoes of the World, v. 4.11.0. Venzke, E (ed.). Smithsonian Institution. Downloaded 20 Jun 2022. https://doi.org/10.5479/si.GVP.VOTW4-2013","-69","-19"
"440","1215",Irruputuncu,"1995",Chile - Boliwia,stratowulkan,erupcja zaobserwowana,andezyt / andezyt bazaltowy,strefa subdukcji / skorupa kontynentalna (>25 km),Wulkan,"Global Volcanism Program, 2013. Volcanoes of the World, v. 4.11.0. Venzke, E (ed.). Smithsonian Institution. Downloaded 20 Jun 2022. https://doi.org/10.5479/si.GVP.VOTW4-2013","-69","-21"
"441","1217",Olca-Paruma,"1867",Chile - Boliwia,stratowulkan,erupcja zaobserwowana,andezyt / andezyt bazaltowy,strefa subdukcji / skorupa kontynentalna (>25 km),Wulkan,"Global Volcanism Program, 2013. Volcanoes of the World, v. 4.11.0. Venzke, E (ed.). Smithsonian Institution. Downloaded 20 Jun 2022. https://doi.org/10.5479/si.GVP.VOTW4-2013","-68","-21"
"442","1219",San Pedro-San Pablo,"1960",Chile,stratowulkan,erupcja zaobserwowana,andezyt / andezyt bazaltowy,strefa subdukcji / skorupa kontynentalna (>25 km),Wulkan,"Global Volcanism Program, 2013. Volcanoes of the World, v. 4.11.0. Venzke, E (ed.). Smithsonian Institution. Downloaded 20 Jun 2022. https://doi.org/10.5479/si.GVP.VOTW4-2013","-68","-22"
"443","1220",Putana,"1810",Chile,stratowulkan,erupcja zaobserwowana,dacyt,strefa subdukcji / skorupa kontynentalna (>25 km),Wulkan,"Global Volcanism Program, 2013. Volcanoes of the World, v. 4.11.0. Venzke, E (ed.). Smithsonian Institution. Downloaded 20 Jun 2022. https://doi.org/10.5479/si.GVP.VOTW4-2013","-68","-23"
"444","1261",Ceboruco,"1875",Meksyk,stratowulkan,erupcja zaobserwowana,andezyt / andezyt bazaltowy,strefa subdukcji / skorupa kontynentalna (>25 km),Wulkan,"Global Volcanism Program, 2013. Volcanoes of the World, v. 4.11.0. Venzke, E (ed.). Smithsonian Institution. Downloaded 20 Jun 2022. https://doi.org/10.5479/si.GVP.VOTW4-2013","-105","21"
"445","1263",Colima,"2017",Meksyk,stratowulkan,erupcja zaobserwowana,andezyt / andezyt bazaltowy,strefa subdukcji / skorupa kontynentalna (>25 km),Wulkan,"Global Volcanism Program, 2013. Volcanoes of the World, v. 4.11.0. Venzke, E (ed.). Smithsonian Institution. Downloaded 20 Jun 2022. https://doi.org/10.5479/si.GVP.VOTW4-2013","-104","20"
"446","1266",Jocotitlan,"1270",Meksyk,stratowulkan,erupcja datowana,dacyt,strefa subdukcji / skorupa kontynentalna (>25 km),Wulkan,"Global Volcanism Program, 2013. Volcanoes of the World, v. 4.11.0. Venzke, E (ed.). Smithsonian Institution. Downloaded 20 Jun 2022. https://doi.org/10.5479/si.GVP.VOTW4-2013","-100","20"
"447","619",Bamus,"1886",Papua - Nowa Gwinea,stratowulkan,erupcja zaobserwowana,andezyt / andezyt bazaltowy,strefa subdukcji / skorupa kontynentalna (>25 km),Wulkan,"Global Volcanism Program, 2013. Volcanoes of the World, v. 4.11.0. Venzke, E (ed.). Smithsonian Institution. Downloaded 20 Jun 2022. https://doi.org/10.5479/si.GVP.VOTW4-2013","151","-5"
"448","626",Lamington,"1956",Papua - Nowa Gwinea,stratowulkan,erupcja zaobserwowana,andezyt / andezyt bazaltowy,strefa subdukcji / skorupa kontynentalna (>25 km),Wulkan,"Global Volcanism Program, 2013. Volcanoes of the World, v. 4.11.0. Venzke, E (ed.). Smithsonian Institution. Downloaded 20 Jun 2022. https://doi.org/10.5479/si.GVP.VOTW4-2013","148","-9"
"449","635",Lamongan,"1898",Indonezja,stratowulkan,erupcja zaobserwowana,bazalt / pikryt,strefa subdukcji / skorupa kontynentalna (>25 km),Wulkan,"Global Volcanism Program, 2013. Volcanoes of the World, v. 4.11.0. Venzke, E (ed.). Smithsonian Institution. Downloaded 20 Jun 2022. https://doi.org/10.5479/si.GVP.VOTW4-2013","113","-8"
"450","515",Martin,"1953",Stany Zjednoczone,stratowulkan,erupcja datowana,dacyt,strefa subdukcji / skorupa kontynentalna (>25 km),Wulkan,"Global Volcanism Program, 2013. Volcanoes of the World, v. 4.11.0. Venzke, E (ed.). Smithsonian Institution. Downloaded 20 Jun 2022. https://doi.org/10.5479/si.GVP.VOTW4-2013","-155","58"
"451","516",Mageik,500 p.n.e.,Stany Zjednoczone,stratowulkan,erupcja datowana,andezyt / andezyt bazaltowy,strefa subdukcji / skorupa kontynentalna (>25 km),Wulkan,"Global Volcanism Program, 2013. Volcanoes of the World, v. 4.11.0. Venzke, E (ed.). Smithsonian Institution. Downloaded 20 Jun 2022. https://doi.org/10.5479/si.GVP.VOTW4-2013","-155","58"
"452","517",Trident,"1974",Stany Zjednoczone,stratowulkan,erupcja zaobserwowana,andezyt / andezyt bazaltowy,strefa subdukcji / skorupa kontynentalna (>25 km),Wulkan,"Global Volcanism Program, 2013. Volcanoes of the World, v. 4.11.0. Venzke, E (ed.). Smithsonian Institution. Downloaded 20 Jun 2022. https://doi.org/10.5479/si.GVP.VOTW4-2013","-155","58"
"453","518",Katmai,"1912",Stany Zjednoczone,stratowulkan,erupcja zaobserwowana,andezyt / andezyt bazaltowy,strefa subdukcji / skorupa kontynentalna (>25 km),Wulkan,"Global Volcanism Program, 2013. Volcanoes of the World, v. 4.11.0. Venzke, E (ed.). Smithsonian Institution. Downloaded 20 Jun 2022. https://doi.org/10.5479/si.GVP.VOTW4-2013","-155","58"
"454","520",Griggs,1790 p.n.e.,Stany Zjednoczone,stratowulkan,erupcja datowana,andezyt / andezyt bazaltowy,strefa subdukcji / skorupa kontynentalna (>25 km),Wulkan,"Global Volcanism Program, 2013. Volcanoes of the World, v. 4.11.0. Venzke, E (ed.). Smithsonian Institution. Downloaded 20 Jun 2022. https://doi.org/10.5479/si.GVP.VOTW4-2013","-155","58"
"455","521",Snowy Mountain,"1710",Stany Zjednoczone,stratowulkan,erupcja datowana,andezyt / andezyt bazaltowy,strefa subdukcji / skorupa kontynentalna (>25 km),Wulkan,"Global Volcanism Program, 2013. Volcanoes of the World, v. 4.11.0. Venzke, E (ed.). Smithsonian Institution. Downloaded 20 Jun 2022. https://doi.org/10.5479/si.GVP.VOTW4-2013","-155","58"
"456","524",St. Paul,"1793",Francja,stratowulkan,erupcja zaobserwowana,bazalt / pikryt,strefa ryftowa / skorupa oceaniczna (< 15 km),Wulkan,"Global Volcanism Program, 2013. Volcanoes of the World, v. 4.11.0. Venzke, E (ed.). Smithsonian Institution. Downloaded 20 Jun 2022. https://doi.org/10.5479/si.GVP.VOTW4-2013","78","-39"
"457","526",Heard,"2018",Australia,stratowulkan,erupcja zaobserwowana,tefryt / trachybazalt,strefa subdukcji / skorupa oceaniczna (< 15 km),Wulkan,"Global Volcanism Program, 2013. Volcanoes of the World, v. 4.11.0. Venzke, E (ed.). Smithsonian Institution. Downloaded 20 Jun 2022. https://doi.org/10.5479/si.GVP.VOTW4-2013","74","-53"
"458","1287",Atitlan,"1853",Gwatemala,stratowulkan,erupcja zaobserwowana,andezyt / andezyt bazaltowy,strefa subdukcji / skorupa kontynentalna (>25 km),Wulkan,"Global Volcanism Program, 2013. Volcanoes of the World, v. 4.11.0. Venzke, E (ed.). Smithsonian Institution. Downloaded 20 Jun 2022. https://doi.org/10.5479/si.GVP.VOTW4-2013","-91","15"
"459","1289",Acatenango,"1972",Gwatemala,stratowulkan,erupcja zaobserwowana,andezyt / andezyt bazaltowy,strefa subdukcji / skorupa kontynentalna (>25 km),Wulkan,"Global Volcanism Program, 2013. Volcanoes of the World, v. 4.11.0. Venzke, E (ed.). Smithsonian Institution. Downloaded 20 Jun 2022. https://doi.org/10.5479/si.GVP.VOTW4-2013","-91","15"
"460","1290",Fuego,"2018",Gwatemala,stratowulkan,erupcja zaobserwowana,bazalt / pikryt,strefa subdukcji / skorupa kontynentalna (>25 km),Wulkan,"Global Volcanism Program, 2013. Volcanoes of the World, v. 4.11.0. Venzke, E (ed.). Smithsonian Institution. Downloaded 20 Jun 2022. https://doi.org/10.5479/si.GVP.VOTW4-2013","-91","14"
"461","539",Taranaki [Egmont],"1854",Nowa Zelandia,stratowulkan,erupcja zaobserwowana,andezyt / andezyt bazaltowy,strefa subdukcji / skorupa kontynentalna (>25 km),Wulkan,"Global Volcanism Program, 2013. Volcanoes of the World, v. 4.11.0. Venzke, E (ed.). Smithsonian Institution. Downloaded 20 Jun 2022. https://doi.org/10.5479/si.GVP.VOTW4-2013","174","-39"
"462","540",White Island,"2016",Nowa Zelandia,stratowulkan,erupcja zaobserwowana,andezyt / andezyt bazaltowy,strefa subdukcji / skorupa kontynentalna (>25 km),Wulkan,"Global Volcanism Program, 2013. Volcanoes of the World, v. 4.11.0. Venzke, E (ed.). Smithsonian Institution. Downloaded 20 Jun 2022. https://doi.org/10.5479/si.GVP.VOTW4-2013","177","-38"
"463","1294",Tecuamburro,960 p.n.e.,Gwatemala,stratowulkan,erupcja datowana,andezyt / andezyt bazaltowy,strefa subdukcji / skorupa kontynentalna (>25 km),Wulkan,"Global Volcanism Program, 2013. Volcanoes of the World, v. 4.11.0. Venzke, E (ed.). Smithsonian Institution. Downloaded 20 Jun 2022. https://doi.org/10.5479/si.GVP.VOTW4-2013","-90","14"
"464","1423",Lautaro,"1979",Chile,stratowulkan,erupcja zaobserwowana,dacyt,strefa subdukcji / skorupa kontynentalna (>25 km),Wulkan,"Global Volcanism Program, 2013. Volcanoes of the World, v. 4.11.0. Venzke, E (ed.). Smithsonian Institution. Downloaded 20 Jun 2022. https://doi.org/10.5479/si.GVP.VOTW4-2013","-74","-49"
"465","1425",Aguilera,1250 p.n.e.,Chile,stratowulkan,erupcja datowana,dacyt,strefa subdukcji / skorupa kontynentalna (>25 km),Wulkan,"Global Volcanism Program, 2013. Volcanoes of the World, v. 4.11.0. Venzke, E (ed.). Smithsonian Institution. Downloaded 20 Jun 2022. https://doi.org/10.5479/si.GVP.VOTW4-2013","-74","-50"
"466","1428","Burney, Monte","1910",Chile,stratowulkan,erupcja zaobserwowana,andezyt / andezyt bazaltowy,strefa subdukcji / skorupa kontynentalna (>25 km),Wulkan,"Global Volcanism Program, 2013. Volcanoes of the World, v. 4.11.0. Venzke, E (ed.). Smithsonian Institution. Downloaded 20 Jun 2022. https://doi.org/10.5479/si.GVP.VOTW4-2013","-73","-52"
"467","1431",Saba,"1640",Niderlandy,stratowulkan,erupcja zaobserwowana,andezyt / andezyt bazaltowy,strefa subdukcji / skorupa oceaniczna (< 15 km),Wulkan,"Global Volcanism Program, 2013. Volcanoes of the World, v. 4.11.0. Venzke, E (ed.). Smithsonian Institution. Downloaded 20 Jun 2022. https://doi.org/10.5479/si.GVP.VOTW4-2013","-63","18"
"468","1432","Quill, The","250",Niderlandy,stratowulkan,erupcja datowana,andezyt / andezyt bazaltowy,strefa subdukcji / skorupa oceaniczna (< 15 km),Wulkan,"Global Volcanism Program, 2013. Volcanoes of the World, v. 4.11.0. Venzke, E (ed.). Smithsonian Institution. Downloaded 20 Jun 2022. https://doi.org/10.5479/si.GVP.VOTW4-2013","-63","17"
"469","1433",Liamuiga,"160",Saint Kitts i Nevis,stratowulkan,erupcja datowana,andezyt / andezyt bazaltowy,strefa subdukcji / skorupa oceaniczna (< 15 km),Wulkan,"Global Volcanism Program, 2013. Volcanoes of the World, v. 4.11.0. Venzke, E (ed.). Smithsonian Institution. Downloaded 20 Jun 2022. https://doi.org/10.5479/si.GVP.VOTW4-2013","-63","17"
"470","1309",Santa Ana,"2005",Salwador,stratowulkan,erupcja zaobserwowana,andezyt / andezyt bazaltowy,strefa subdukcji / skorupa kontynentalna (>25 km),Wulkan,"Global Volcanism Program, 2013. Volcanoes of the World, v. 4.11.0. Venzke, E (ed.). Smithsonian Institution. Downloaded 20 Jun 2022. https://doi.org/10.5479/si.GVP.VOTW4-2013","-90","14"
"471","1310",Izalco,"1966",Salwador,stratowulkan,erupcja zaobserwowana,andezyt / andezyt bazaltowy,strefa subdukcji / skorupa kontynentalna (>25 km),Wulkan,"Global Volcanism Program, 2013. Volcanoes of the World, v. 4.11.0. Venzke, E (ed.). Smithsonian Institution. Downloaded 20 Jun 2022. https://doi.org/10.5479/si.GVP.VOTW4-2013","-90","14"
"472","1312",San Salvador,"1917",Salwador,stratowulkan,erupcja zaobserwowana,andezyt / andezyt bazaltowy,strefa subdukcji / skorupa kontynentalna (>25 km),Wulkan,"Global Volcanism Program, 2013. Volcanoes of the World, v. 4.11.0. Venzke, E (ed.). Smithsonian Institution. Downloaded 20 Jun 2022. https://doi.org/10.5479/si.GVP.VOTW4-2013","-89","14"
"473","1323",San Miguel,"2018",Salwador,stratowulkan,erupcja zaobserwowana,andezyt / andezyt bazaltowy,strefa subdukcji / skorupa kontynentalna (>25 km),Wulkan,"Global Volcanism Program, 2013. Volcanoes of the World, v. 4.11.0. Venzke, E (ed.). Smithsonian Institution. Downloaded 20 Jun 2022. https://doi.org/10.5479/si.GVP.VOTW4-2013","-88","13"
"474","546",Tongariro,"2012",Nowa Zelandia,stratowulkan,erupcja zaobserwowana,andezyt / andezyt bazaltowy,strefa subdukcji / skorupa kontynentalna (>25 km),Wulkan,"Global Volcanism Program, 2013. Volcanoes of the World, v. 4.11.0. Venzke, E (ed.). Smithsonian Institution. Downloaded 20 Jun 2022. https://doi.org/10.5479/si.GVP.VOTW4-2013","176","-39"
"475","547",Ruapehu,"2007",Nowa Zelandia,stratowulkan,erupcja zaobserwowana,andezyt / andezyt bazaltowy,strefa subdukcji / skorupa kontynentalna (>25 km),Wulkan,"Global Volcanism Program, 2013. Volcanoes of the World, v. 4.11.0. Venzke, E (ed.). Smithsonian Institution. Downloaded 20 Jun 2022. https://doi.org/10.5479/si.GVP.VOTW4-2013","176","-39"
"476","561",Raoul Island,"2006",Nowa Zelandia,stratowulkan,erupcja zaobserwowana,andezyt / andezyt bazaltowy,strefa subdukcji / skorupa oceaniczna (< 15 km),Wulkan,"Global Volcanism Program, 2013. Volcanoes of the World, v. 4.11.0. Venzke, E (ed.). Smithsonian Institution. Downloaded 20 Jun 2022. https://doi.org/10.5479/si.GVP.VOTW4-2013","-178","-29"
"477","570",Kao,"1847",Tonga,stratowulkan,erupcja zaobserwowana,andezyt / andezyt bazaltowy,strefa subdukcji / skorupa oceaniczna (< 15 km),Wulkan,"Global Volcanism Program, 2013. Volcanoes of the World, v. 4.11.0. Venzke, E (ed.). Smithsonian Institution. Downloaded 20 Jun 2022. https://doi.org/10.5479/si.GVP.VOTW4-2013","-175","-20"
"478","573",Late,"1854",Tonga,stratowulkan,erupcja zaobserwowana,andezyt / andezyt bazaltowy,strefa subdukcji / skorupa oceaniczna (< 15 km),Wulkan,"Global Volcanism Program, 2013. Volcanoes of the World, v. 4.11.0. Venzke, E (ed.). Smithsonian Institution. Downloaded 20 Jun 2022. https://doi.org/10.5479/si.GVP.VOTW4-2013","-175","-19"
"479","1329",Cosiguina,"1859",Nikaragua,stratowulkan,erupcja zaobserwowana,andezyt / andezyt bazaltowy,strefa subdukcji / skorupa kontynentalna (>25 km),Wulkan,"Global Volcanism Program, 2013. Volcanoes of the World, v. 4.11.0. Venzke, E (ed.). Smithsonian Institution. Downloaded 20 Jun 2022. https://doi.org/10.5479/si.GVP.VOTW4-2013","-88","13"
"480","599",Bam,"1960",Papua - Nowa Gwinea,stratowulkan,erupcja zaobserwowana,andezyt / andezyt bazaltowy,strefa subdukcji / skorupa kontynentalna (>25 km),Wulkan,"Global Volcanism Program, 2013. Volcanoes of the World, v. 4.11.0. Venzke, E (ed.). Smithsonian Institution. Downloaded 20 Jun 2022. https://doi.org/10.5479/si.GVP.VOTW4-2013","145","-4"
"481","601",Manam,"2018",Papua - Nowa Gwinea,stratowulkan,erupcja zaobserwowana,bazalt / pikryt,strefa subdukcji / skorupa kontynentalna (>25 km),Wulkan,"Global Volcanism Program, 2013. Volcanoes of the World, v. 4.11.0. Venzke, E (ed.). Smithsonian Institution. Downloaded 20 Jun 2022. https://doi.org/10.5479/si.GVP.VOTW4-2013","145","-4"
"482","602",Karkar,"2014",Papua - Nowa Gwinea,stratowulkan,erupcja zaobserwowana,andezyt / andezyt bazaltowy,strefa subdukcji / skorupa kontynentalna (>25 km),Wulkan,"Global Volcanism Program, 2013. Volcanoes of the World, v. 4.11.0. Venzke, E (ed.). Smithsonian Institution. Downloaded 20 Jun 2022. https://doi.org/10.5479/si.GVP.VOTW4-2013","146","-5"
"483","606",Ritter Island,"2007",Papua - Nowa Gwinea,stratowulkan,erupcja zaobserwowana,bazalt / pikryt,strefa subdukcji / skorupa kontynentalna (>25 km),Wulkan,"Global Volcanism Program, 2013. Volcanoes of the World, v. 4.11.0. Venzke, E (ed.). Smithsonian Institution. Downloaded 20 Jun 2022. https://doi.org/10.5479/si.GVP.VOTW4-2013","148","-6"
"484","614",Krummel-Garbuna-Welcker,"2008",Papua - Nowa Gwinea,stratowulkan,erupcja zaobserwowana,andezyt / andezyt bazaltowy,strefa subdukcji / skorupa kontynentalna (>25 km),Wulkan,"Global Volcanism Program, 2013. Volcanoes of the World, v. 4.11.0. Venzke, E (ed.). Smithsonian Institution. Downloaded 20 Jun 2022. https://doi.org/10.5479/si.GVP.VOTW4-2013","150","-5"
"485","618",Hargy,"950",Papua - Nowa Gwinea,stratowulkan,erupcja datowana,dacyt,strefa subdukcji / skorupa kontynentalna (>25 km),Wulkan,"Global Volcanism Program, 2013. Volcanoes of the World, v. 4.11.0. Venzke, E (ed.). Smithsonian Institution. Downloaded 20 Jun 2022. https://doi.org/10.5479/si.GVP.VOTW4-2013","151","-5"
"486","634",Tengger Caldera,"2016",Indonezja,stratowulkan,erupcja zaobserwowana,trachyandezyt / bazaltowy trachyandezyt,strefa subdukcji / skorupa kontynentalna (>25 km),Wulkan,"Global Volcanism Program, 2013. Volcanoes of the World, v. 4.11.0. Venzke, E (ed.). Smithsonian Institution. Downloaded 20 Jun 2022. https://doi.org/10.5479/si.GVP.VOTW4-2013","113","-8"
"487","637",Raung,"2015",Indonezja,stratowulkan,erupcja zaobserwowana,andezyt / andezyt bazaltowy,strefa subdukcji / skorupa kontynentalna (>25 km),Wulkan,"Global Volcanism Program, 2013. Volcanoes of the World, v. 4.11.0. Venzke, E (ed.). Smithsonian Institution. Downloaded 20 Jun 2022. https://doi.org/10.5479/si.GVP.VOTW4-2013","114","-8"
"488","638",Ijen,"1999",Indonezja,stratowulkan,erupcja zaobserwowana,andezyt / andezyt bazaltowy,strefa subdukcji / skorupa kontynentalna (>25 km),Wulkan,"Global Volcanism Program, 2013. Volcanoes of the World, v. 4.11.0. Venzke, E (ed.). Smithsonian Institution. Downloaded 20 Jun 2022. https://doi.org/10.5479/si.GVP.VOTW4-2013","114","-8"
"489","642",Agung,"2018",Indonezja,stratowulkan,erupcja zaobserwowana,andezyt / andezyt bazaltowy,strefa subdukcji / skorupa kontynentalna (>25 km),Wulkan,"Global Volcanism Program, 2013. Volcanoes of the World, v. 4.11.0. Venzke, E (ed.). Smithsonian Institution. Downloaded 20 Jun 2022. https://doi.org/10.5479/si.GVP.VOTW4-2013","116","-8"
"490","643",Rinjani,"2016",Indonezja,stratowulkan,erupcja zaobserwowana,andezyt / andezyt bazaltowy,strefa subdukcji / skorupa kontynentalna (>25 km),Wulkan,"Global Volcanism Program, 2013. Volcanoes of the World, v. 4.11.0. Venzke, E (ed.). Smithsonian Institution. Downloaded 20 Jun 2022. https://doi.org/10.5479/si.GVP.VOTW4-2013","116","-8"
"491","644",Tambora,"1967",Indonezja,stratowulkan,erupcja zaobserwowana,tefryt / trachybazalt,strefa subdukcji / skorupa kontynentalna (>25 km),Wulkan,"Global Volcanism Program, 2013. Volcanoes of the World, v. 4.11.0. Venzke, E (ed.). Smithsonian Institution. Downloaded 20 Jun 2022. https://doi.org/10.5479/si.GVP.VOTW4-2013","118","-8"
"492","648",Inierie,8050 p.n.e.,Indonezja,stratowulkan,erupcja datowana,andezyt / andezyt bazaltowy,strefa subdukcji / grubość skorupy nieznana,Wulkan,"Global Volcanism Program, 2013. Volcanoes of the World, v. 4.11.0. Venzke, E (ed.). Smithsonian Institution. Downloaded 20 Jun 2022. https://doi.org/10.5479/si.GVP.VOTW4-2013","121","-9"
"493","650",Ebulobo,"1969",Indonezja,stratowulkan,erupcja zaobserwowana,andezyt / andezyt bazaltowy,strefa subdukcji / grubość skorupy nieznana,Wulkan,"Global Volcanism Program, 2013. Volcanoes of the World, v. 4.11.0. Venzke, E (ed.). Smithsonian Institution. Downloaded 20 Jun 2022. https://doi.org/10.5479/si.GVP.VOTW4-2013","121","-9"
"494","654",Paluweh,"2013",Indonezja,stratowulkan,erupcja zaobserwowana,andezyt / andezyt bazaltowy,strefa subdukcji / grubość skorupy nieznana,Wulkan,"Global Volcanism Program, 2013. Volcanoes of the World, v. 4.11.0. Venzke, E (ed.). Smithsonian Institution. Downloaded 20 Jun 2022. https://doi.org/10.5479/si.GVP.VOTW4-2013","122","-8"
"495","655",Egon,"2008",Indonezja,stratowulkan,erupcja zaobserwowana,andezyt / andezyt bazaltowy,strefa subdukcji / grubość skorupy nieznana,Wulkan,"Global Volcanism Program, 2013. Volcanoes of the World, v. 4.11.0. Venzke, E (ed.). Smithsonian Institution. Downloaded 20 Jun 2022. https://doi.org/10.5479/si.GVP.VOTW4-2013","122","-9"
"496","657",Lewotobi,"2003",Indonezja,stratowulkan,erupcja zaobserwowana,andezyt / andezyt bazaltowy,strefa subdukcji / grubość skorupy nieznana,Wulkan,"Global Volcanism Program, 2013. Volcanoes of the World, v. 4.11.0. Venzke, E (ed.). Smithsonian Institution. Downloaded 20 Jun 2022. https://doi.org/10.5479/si.GVP.VOTW4-2013","123","-9"
"497","659",Iliboleng,"1993",Indonezja,stratowulkan,erupcja zaobserwowana,bazalt / pikryt,strefa subdukcji / grubość skorupy nieznana,Wulkan,"Global Volcanism Program, 2013. Volcanoes of the World, v. 4.11.0. Venzke, E (ed.). Smithsonian Institution. Downloaded 20 Jun 2022. https://doi.org/10.5479/si.GVP.VOTW4-2013","123","-8"
"498","660",Lewotolo,"2012",Indonezja,stratowulkan,erupcja zaobserwowana,andezyt / andezyt bazaltowy,strefa subdukcji / grubość skorupy nieznana,Wulkan,"Global Volcanism Program, 2013. Volcanoes of the World, v. 4.11.0. Venzke, E (ed.). Smithsonian Institution. Downloaded 20 Jun 2022. https://doi.org/10.5479/si.GVP.VOTW4-2013","124","-8"
"499","772",Ichinsky,"1740",Rosja,stratowulkan,erupcja zaobserwowana,bazalt / pikryt,strefa subdukcji / skorupa kontynentalna (>25 km),Wulkan,"Global Volcanism Program, 2013. Volcanoes of the World, v. 4.11.0. Venzke, E (ed.). Smithsonian Institution. Downloaded 20 Jun 2022. https://doi.org/10.5479/si.GVP.VOTW4-2013","158","56"
"500","633",Semeru,"2021",Indonezja,stratowulkan,erupcja zaobserwowana,andezyt / andezyt bazaltowy,strefa subdukcji / skorupa kontynentalna (>25 km),Wulkan,"Global Volcanism Program, 2013. Volcanoes of the World, v. 4.11.0. Venzke, E (ed.). Smithsonian Institution. Downloaded 20 Jun 2022. https://doi.org/10.5479/si.GVP.VOTW4-2013","113","-8"
"501","620",Ulawun,"2022",Papua - Nowa Gwinea,stratowulkan,erupcja zaobserwowana,bazalt / pikryt,strefa subdukcji / skorupa kontynentalna (>25 km),Wulkan,"Global Volcanism Program, 2013. Volcanoes of the World, v. 4.11.0. Venzke, E (ed.). Smithsonian Institution. Downloaded 20 Jun 2022. https://doi.org/10.5479/si.GVP.VOTW4-2013","151","-5"
"502","1331",Telica,"2021",Nikaragua,stratowulkan,erupcja zaobserwowana,bazalt / pikryt,strefa subdukcji / skorupa kontynentalna (>25 km),Wulkan,"Global Volcanism Program, 2013. Volcanoes of the World, v. 4.11.0. Venzke, E (ed.). Smithsonian Institution. Downloaded 20 Jun 2022. https://doi.org/10.5479/si.GVP.VOTW4-2013","-87","13"
"503","1379",Tromen,"1822",Argentyna,stratowulkan,erupcja zaobserwowana,andezyt / andezyt bazaltowy,strefa subdukcji / skorupa kontynentalna (>25 km),Wulkan,"Global Volcanism Program, 2013. Volcanoes of the World, v. 4.11.0. Venzke, E (ed.). Smithsonian Institution. Downloaded 20 Jun 2022. https://doi.org/10.5479/si.GVP.VOTW4-2013","-70","-37"
"504","1380",Antuco,"1869",Chile,stratowulkan,erupcja zaobserwowana,bazalt / pikryt,strefa subdukcji / skorupa kontynentalna (>25 km),Wulkan,"Global Volcanism Program, 2013. Volcanoes of the World, v. 4.11.0. Venzke, E (ed.). Smithsonian Institution. Downloaded 20 Jun 2022. https://doi.org/10.5479/si.GVP.VOTW4-2013","-71","-37"
"505","1382",Copahue,"2018",Chile - Argentyna,stratowulkan,erupcja zaobserwowana,tefryt / trachybazalt,strefa subdukcji / skorupa kontynentalna (>25 km),Wulkan,"Global Volcanism Program, 2013. Volcanoes of the World, v. 4.11.0. Venzke, E (ed.). Smithsonian Institution. Downloaded 20 Jun 2022. https://doi.org/10.5479/si.GVP.VOTW4-2013","-71","-38"
"506","1383",Callaqui,"1980",Chile,stratowulkan,erupcja zaobserwowana,andezyt / andezyt bazaltowy,strefa subdukcji / skorupa kontynentalna (>25 km),Wulkan,"Global Volcanism Program, 2013. Volcanoes of the World, v. 4.11.0. Venzke, E (ed.). Smithsonian Institution. Downloaded 20 Jun 2022. https://doi.org/10.5479/si.GVP.VOTW4-2013","-71","-38"
"507","1386",Lonquimay,"1990",Chile,stratowulkan,erupcja zaobserwowana,andezyt / andezyt bazaltowy,strefa subdukcji / skorupa kontynentalna (>25 km),Wulkan,"Global Volcanism Program, 2013. Volcanoes of the World, v. 4.11.0. Venzke, E (ed.). Smithsonian Institution. Downloaded 20 Jun 2022. https://doi.org/10.5479/si.GVP.VOTW4-2013","-72","-38"
"508","1392",Villarrica,"2018",Chile,stratowulkan,erupcja zaobserwowana,bazalt / pikryt,strefa subdukcji / skorupa kontynentalna (>25 km),Wulkan,"Global Volcanism Program, 2013. Volcanoes of the World, v. 4.11.0. Venzke, E (ed.). Smithsonian Institution. Downloaded 20 Jun 2022. https://doi.org/10.5479/si.GVP.VOTW4-2013","-72","-39"
"509","1393",Quetrupillan,"1872",Chile,stratowulkan,erupcja zaobserwowana,andezyt / andezyt bazaltowy,strefa subdukcji / skorupa kontynentalna (>25 km),Wulkan,"Global Volcanism Program, 2013. Volcanoes of the World, v. 4.11.0. Venzke, E (ed.). Smithsonian Institution. Downloaded 20 Jun 2022. https://doi.org/10.5479/si.GVP.VOTW4-2013","-72","-39"
"510","1394",Lanin,"560",Chile - Argentyna,stratowulkan,erupcja datowana,trachyandezyt / bazaltowy trachyandezyt,strefa subdukcji / skorupa kontynentalna (>25 km),Wulkan,"Global Volcanism Program, 2013. Volcanoes of the World, v. 4.11.0. Venzke, E (ed.). Smithsonian Institution. Downloaded 20 Jun 2022. https://doi.org/10.5479/si.GVP.VOTW4-2013","-72","-40"
"511","1395",Huanquihue Group,"1750",Argentyna,stratowulkan,erupcja datowana,bazalt / pikryt,strefa subdukcji / skorupa kontynentalna (>25 km),Wulkan,"Global Volcanism Program, 2013. Volcanoes of the World, v. 4.11.0. Venzke, E (ed.). Smithsonian Institution. Downloaded 20 Jun 2022. https://doi.org/10.5479/si.GVP.VOTW4-2013","-72","-40"
"512","9",Vesuvius,"1944",Włochy,stratowulkan,erupcja zaobserwowana,fonolitowy tefryt,strefa subdukcji / skorupa kontynentalna (>25 km),Wulkan,"Global Volcanism Program, 2013. Volcanoes of the World, v. 4.11.0. Venzke, E (ed.). Smithsonian Institution. Downloaded 20 Jun 2022. https://doi.org/10.5479/si.GVP.VOTW4-2013","14","41"
"513","12",Stromboli,"2018",Włochy,stratowulkan,erupcja zaobserwowana,trachyandezyt / bazaltowy trachyandezyt,strefa subdukcji / skorupa kontynentalna (>25 km),Wulkan,"Global Volcanism Program, 2013. Volcanoes of the World, v. 4.11.0. Venzke, E (ed.). Smithsonian Institution. Downloaded 20 Jun 2022. https://doi.org/10.5479/si.GVP.VOTW4-2013","15","39"
"514","16",Etna,"2018",Włochy,stratowulkan,erupcja zaobserwowana,tefryt / trachybazalt,strefa subdukcji / skorupa kontynentalna (>25 km),Wulkan,"Global Volcanism Program, 2013. Volcanoes of the World, v. 4.11.0. Venzke, E (ed.). Smithsonian Institution. Downloaded 20 Jun 2022. https://doi.org/10.5479/si.GVP.VOTW4-2013","15","38"
"515","23",Nisyros,"1888",Grecja,stratowulkan,erupcja zaobserwowana,dacyt,strefa subdukcji / skorupa kontynentalna (>25 km),Wulkan,"Global Volcanism Program, 2013. Volcanoes of the World, v. 4.11.0. Venzke, E (ed.). Smithsonian Institution. Downloaded 20 Jun 2022. https://doi.org/10.5479/si.GVP.VOTW4-2013","27","37"
"516","710",Ragang,"1873",Filipiny,stratowulkan,erupcja zaobserwowana,bazalt / pikryt,strefa subdukcji / skorupa kontynentalna (>25 km),Wulkan,"Global Volcanism Program, 2013. Volcanoes of the World, v. 4.11.0. Venzke, E (ed.). Smithsonian Institution. Downloaded 20 Jun 2022. https://doi.org/10.5479/si.GVP.VOTW4-2013","125","8"
"517","598",Kadovar,"2018",Papua - Nowa Gwinea,stratowulkan,nieznana data wybuchu,andezyt / andezyt bazaltowy,strefa subdukcji / skorupa kontynentalna (>25 km),Wulkan,"Global Volcanism Program, 2013. Volcanoes of the World, v. 4.11.0. Venzke, E (ed.). Smithsonian Institution. Downloaded 20 Jun 2022. https://doi.org/10.5479/si.GVP.VOTW4-2013","145","-4"
"518","1385",Tolhuaca,4000 p.n.e.,Chile,stratowulkan,nieznana data wybuchu,andezyt / andezyt bazaltowy,strefa subdukcji / skorupa kontynentalna (>25 km),Wulkan,"Global Volcanism Program, 2013. Volcanoes of the World, v. 4.11.0. Venzke, E (ed.). Smithsonian Institution. Downloaded 20 Jun 2022. https://doi.org/10.5479/si.GVP.VOTW4-2013","-72","-38"
"519","13",Panarea,brak danych,Włochy,stratowulkan,brak dowodów na wybuch,andezyt / andezyt bazaltowy,strefa subdukcji / skorupa kontynentalna (>25 km),Wulkan,"Global Volcanism Program, 2013. Volcanoes of the World, v. 4.11.0. Venzke, E (ed.). Smithsonian Institution. Downloaded 20 Jun 2022. https://doi.org/10.5479/si.GVP.VOTW4-2013","15","39"
"520","59",Mallahle,brak danych,Etiopia - Erytrea,stratowulkan,brak dowodów na wybuch,trachit,strefa ryftowa / skorupa pośrednia (15-25 km),Wulkan,"Global Volcanism Program, 2013. Volcanoes of the World, v. 4.11.0. Venzke, E (ed.). Smithsonian Institution. Downloaded 20 Jun 2022. https://doi.org/10.5479/si.GVP.VOTW4-2013","42","13"
"521","60",Sork Ale,brak danych,Etiopia - Erytrea,stratowulkan,brak dowodów na wybuch,bazalt / pikryt,strefa ryftowa / skorupa pośrednia (15-25 km),Wulkan,"Global Volcanism Program, 2013. Volcanoes of the World, v. 4.11.0. Venzke, E (ed.). Smithsonian Institution. Downloaded 20 Jun 2022. https://doi.org/10.5479/si.GVP.VOTW4-2013","42","13"
"522","65",Afdera,brak danych,Etiopia,stratowulkan,brak dowodów na wybuch,ryolit,strefa ryftowa / skorupa pośrednia (15-25 km),Wulkan,"Global Volcanism Program, 2013. Volcanoes of the World, v. 4.11.0. Venzke, E (ed.). Smithsonian Institution. Downloaded 20 Jun 2022. https://doi.org/10.5479/si.GVP.VOTW4-2013","41","13"
"523","457",Buldir,brak danych,Stany Zjednoczone,stratowulkan,brak dowodów na wybuch,bazalt / pikryt,strefa subdukcji / skorupa oceaniczna (< 15 km),Wulkan,"Global Volcanism Program, 2013. Volcanoes of the World, v. 4.11.0. Venzke, E (ed.). Smithsonian Institution. Downloaded 20 Jun 2022. https://doi.org/10.5479/si.GVP.VOTW4-2013","176","52"
"524","460",Davidof,brak danych,Stany Zjednoczone,stratowulkan,brak dowodów na wybuch,"-",strefa subdukcji / skorupa oceaniczna (< 15 km),Wulkan,"Global Volcanism Program, 2013. Volcanoes of the World, v. 4.11.0. Venzke, E (ed.). Smithsonian Institution. Downloaded 20 Jun 2022. https://doi.org/10.5479/si.GVP.VOTW4-2013","178","52"
"525","466",Bobrof,brak danych,Stany Zjednoczone,stratowulkan,brak dowodów na wybuch,bazalt / pikryt,strefa subdukcji / skorupa oceaniczna (< 15 km),Wulkan,"Global Volcanism Program, 2013. Volcanoes of the World, v. 4.11.0. Venzke, E (ed.). Smithsonian Institution. Downloaded 20 Jun 2022. https://doi.org/10.5479/si.GVP.VOTW4-2013","-177","52"
"526","493",Isanotski,brak danych,Stany Zjednoczone,stratowulkan,brak dowodów na wybuch,"-",strefa subdukcji / skorupa kontynentalna (>25 km),Wulkan,"Global Volcanism Program, 2013. Volcanoes of the World, v. 4.11.0. Venzke, E (ed.). Smithsonian Institution. Downloaded 20 Jun 2022. https://doi.org/10.5479/si.GVP.VOTW4-2013","-164","55"
"527","522",Denison,brak danych,Stany Zjednoczone,stratowulkan,brak dowodów na wybuch,andezyt / andezyt bazaltowy,strefa subdukcji / skorupa kontynentalna (>25 km),Wulkan,"Global Volcanism Program, 2013. Volcanoes of the World, v. 4.11.0. Venzke, E (ed.). Smithsonian Institution. Downloaded 20 Jun 2022. https://doi.org/10.5479/si.GVP.VOTW4-2013","-154","58"
"528","286",Rudakov,brak danych,Rosja,stratowulkan,brak dowodów na wybuch,andezyt / andezyt bazaltowy,strefa subdukcji / skorupa oceaniczna (< 15 km),Wulkan,"Global Volcanism Program, 2013. Volcanoes of the World, v. 4.11.0. Venzke, E (ed.). Smithsonian Institution. Downloaded 20 Jun 2022. https://doi.org/10.5479/si.GVP.VOTW4-2013","150","46"
"529","287",Tri Sestry,brak danych,Rosja,stratowulkan,brak dowodów na wybuch,andezyt / andezyt bazaltowy,strefa subdukcji / skorupa oceaniczna (< 15 km),Wulkan,"Global Volcanism Program, 2013. Volcanoes of the World, v. 4.11.0. Venzke, E (ed.). Smithsonian Institution. Downloaded 20 Jun 2022. https://doi.org/10.5479/si.GVP.VOTW4-2013","150","46"
"530","320",Chiracha,brak danych,Etiopia,stratowulkan,brak dowodów na wybuch,ryolit,strefa ryftowa / skorupa kontynentalna (>25 km),Wulkan,"Global Volcanism Program, 2013. Volcanoes of the World, v. 4.11.0. Venzke, E (ed.). Smithsonian Institution. Downloaded 20 Jun 2022. https://doi.org/10.5479/si.GVP.VOTW4-2013","38","7"
"531","369",Oku Volcanic Field,brak danych,Kamerun,stratowulkan,brak dowodów na wybuch,bazalt / pikryt,strefa subdukcji / skorupa kontynentalna (>25 km),Wulkan,"Global Volcanism Program, 2013. Volcanoes of the World, v. 4.11.0. Venzke, E (ed.). Smithsonian Institution. Downloaded 20 Jun 2022. https://doi.org/10.5479/si.GVP.VOTW4-2013","11","6"
"532","576",Tafahi,brak danych,Tonga,stratowulkan,brak dowodów na wybuch,andezyt / andezyt bazaltowy,strefa subdukcji / skorupa oceaniczna (< 15 km),Wulkan,"Global Volcanism Program, 2013. Volcanoes of the World, v. 4.11.0. Venzke, E (ed.). Smithsonian Institution. Downloaded 20 Jun 2022. https://doi.org/10.5479/si.GVP.VOTW4-2013","-174","-16"
"533","595",Baluan,brak danych,Papua - Nowa Gwinea,stratowulkan,brak dowodów na wybuch,bazalt / pikryt,strefa subdukcji / skorupa kontynentalna (>25 km),Wulkan,"Global Volcanism Program, 2013. Volcanoes of the World, v. 4.11.0. Venzke, E (ed.). Smithsonian Institution. Downloaded 20 Jun 2022. https://doi.org/10.5479/si.GVP.VOTW4-2013","147","-3"
"534","600",Boisa,brak danych,Papua - Nowa Gwinea,stratowulkan,brak dowodów na wybuch,bazalt / pikryt,strefa subdukcji / skorupa kontynentalna (>25 km),Wulkan,"Global Volcanism Program, 2013. Volcanoes of the World, v. 4.11.0. Venzke, E (ed.). Smithsonian Institution. Downloaded 20 Jun 2022. https://doi.org/10.5479/si.GVP.VOTW4-2013","145","-4"
"535","607",Sakar,brak danych,Papua - Nowa Gwinea,stratowulkan,brak dowodów na wybuch,bazalt / pikryt,strefa subdukcji / skorupa kontynentalna (>25 km),Wulkan,"Global Volcanism Program, 2013. Volcanoes of the World, v. 4.11.0. Venzke, E (ed.). Smithsonian Institution. Downloaded 20 Jun 2022. https://doi.org/10.5479/si.GVP.VOTW4-2013","148","-5"
"536","615",Lolo,brak danych,Papua - Nowa Gwinea,stratowulkan,brak dowodów na wybuch,andezyt / andezyt bazaltowy,strefa subdukcji / skorupa kontynentalna (>25 km),Wulkan,"Global Volcanism Program, 2013. Volcanoes of the World, v. 4.11.0. Venzke, E (ed.). Smithsonian Institution. Downloaded 20 Jun 2022. https://doi.org/10.5479/si.GVP.VOTW4-2013","151","-5"
"537","639",Baluran,brak danych,Indonezja,stratowulkan,brak dowodów na wybuch,andezyt / andezyt bazaltowy,strefa subdukcji / skorupa kontynentalna (>25 km),Wulkan,"Global Volcanism Program, 2013. Volcanoes of the World, v. 4.11.0. Venzke, E (ed.). Smithsonian Institution. Downloaded 20 Jun 2022. https://doi.org/10.5479/si.GVP.VOTW4-2013","114","-8"
"538","709",Latukan,brak danych,Filipiny,stratowulkan,brak dowodów na wybuch,bazalt / pikryt,strefa subdukcji / skorupa kontynentalna (>25 km),Wulkan,"Global Volcanism Program, 2013. Volcanoes of the World, v. 4.11.0. Venzke, E (ed.). Smithsonian Institution. Downloaded 20 Jun 2022. https://doi.org/10.5479/si.GVP.VOTW4-2013","124","8"
"539","711",Kalatungan,brak danych,Filipiny,stratowulkan,brak dowodów na wybuch,bazalt / pikryt,strefa subdukcji / skorupa kontynentalna (>25 km),Wulkan,"Global Volcanism Program, 2013. Volcanoes of the World, v. 4.11.0. Venzke, E (ed.). Smithsonian Institution. Downloaded 20 Jun 2022. https://doi.org/10.5479/si.GVP.VOTW4-2013","125","8"
"540","778",Romanovka,brak danych,Rosja,stratowulkan,brak dowodów na wybuch,bazalt / pikryt,strefa subdukcji / skorupa kontynentalna (>25 km),Wulkan,"Global Volcanism Program, 2013. Volcanoes of the World, v. 4.11.0. Venzke, E (ed.). Smithsonian Institution. Downloaded 20 Jun 2022. https://doi.org/10.5479/si.GVP.VOTW4-2013","159","56"
"541","875",Karang,brak danych,Indonezja,stratowulkan,brak dowodów na wybuch,andezyt / andezyt bazaltowy,strefa subdukcji / skorupa kontynentalna (>25 km),Wulkan,"Global Volcanism Program, 2013. Volcanoes of the World, v. 4.11.0. Venzke, E (ed.). Smithsonian Institution. Downloaded 20 Jun 2022. https://doi.org/10.5479/si.GVP.VOTW4-2013","106","-6"
"542","1001",Nevis Peak,brak danych,Saint Kitts i Nevis,stratowulkan,brak dowodów na wybuch,andezyt / andezyt bazaltowy,strefa subdukcji / skorupa oceaniczna (< 15 km),Wulkan,"Global Volcanism Program, 2013. Volcanoes of the World, v. 4.11.0. Venzke, E (ed.). Smithsonian Institution. Downloaded 20 Jun 2022. https://doi.org/10.5479/si.GVP.VOTW4-2013","-63","17"
"543","1009","Diablotins, Morne",brak danych,Dominika,stratowulkan,brak dowodów na wybuch,andezyt / andezyt bazaltowy,strefa subdukcji / skorupa oceaniczna (< 15 km),Wulkan,"Global Volcanism Program, 2013. Volcanoes of the World, v. 4.11.0. Venzke, E (ed.). Smithsonian Institution. Downloaded 20 Jun 2022. https://doi.org/10.5479/si.GVP.VOTW4-2013","-61","16"
"544","1010",Chiliques,brak danych,Chile,stratowulkan,brak dowodów na wybuch,andezyt / andezyt bazaltowy,strefa subdukcji / skorupa kontynentalna (>25 km),Wulkan,"Global Volcanism Program, 2013. Volcanoes of the World, v. 4.11.0. Venzke, E (ed.). Smithsonian Institution. Downloaded 20 Jun 2022. https://doi.org/10.5479/si.GVP.VOTW4-2013","-68","-24"
"545","1029",Hromundartindur,brak danych,Islandia,stratowulkan,brak dowodów na wybuch,bazalt / pikryt,strefa ryftowa / skorupa oceaniczna (< 15 km),Wulkan,"Global Volcanism Program, 2013. Volcanoes of the World, v. 4.11.0. Venzke, E (ed.). Smithsonian Institution. Downloaded 20 Jun 2022. https://doi.org/10.5479/si.GVP.VOTW4-2013","-21","64"
"546","1038",Tindfjallajokull,brak danych,Islandia,stratowulkan,brak dowodów na wybuch,bazalt / pikryt,strefa ryftowa / skorupa oceaniczna (< 15 km),Wulkan,"Global Volcanism Program, 2013. Volcanoes of the World, v. 4.11.0. Venzke, E (ed.). Smithsonian Institution. Downloaded 20 Jun 2022. https://doi.org/10.5479/si.GVP.VOTW4-2013","-20","64"
"547","1084",Young Island,brak danych,Antarktyda,stratowulkan,brak dowodów na wybuch,tefryt / trachybazalt,strefa ryftowa / skorupa oceaniczna (< 15 km),Wulkan,"Global Volcanism Program, 2013. Volcanoes of the World, v. 4.11.0. Venzke, E (ed.). Smithsonian Institution. Downloaded 20 Jun 2022. https://doi.org/10.5479/si.GVP.VOTW4-2013","162","-66"
"548","1085",Sturge Island,brak danych,Antarktyda,stratowulkan,brak dowodów na wybuch,tefryt / trachybazalt,strefa ryftowa / skorupa oceaniczna (< 15 km),Wulkan,"Global Volcanism Program, 2013. Volcanoes of the World, v. 4.11.0. Venzke, E (ed.). Smithsonian Institution. Downloaded 20 Jun 2022. https://doi.org/10.5479/si.GVP.VOTW4-2013","165","-67"
"549","1102",Bridgeman Island,brak danych,Antarktyda,stratowulkan,brak dowodów na wybuch,andezyt / andezyt bazaltowy,strefa subdukcji / skorupa kontynentalna (>25 km),Wulkan,"Global Volcanism Program, 2013. Volcanoes of the World, v. 4.11.0. Venzke, E (ed.). Smithsonian Institution. Downloaded 20 Jun 2022. https://doi.org/10.5479/si.GVP.VOTW4-2013","-57","-62"
"550","1115",Melville,brak danych,Antarktyda,stratowulkan,brak dowodów na wybuch,"-",strefa subdukcji / skorupa kontynentalna (>25 km),Wulkan,"Global Volcanism Program, 2013. Volcanoes of the World, v. 4.11.0. Venzke, E (ed.). Smithsonian Institution. Downloaded 20 Jun 2022. https://doi.org/10.5479/si.GVP.VOTW4-2013","-58","-62"
"551","1126","Ciguatepe, Cerro el",brak danych,Nikaragua,stratowulkan,brak dowodów na wybuch,bazalt / pikryt,strefa subdukcji / skorupa kontynentalna (>25 km),Wulkan,"Global Volcanism Program, 2013. Volcanoes of the World, v. 4.11.0. Venzke, E (ed.). Smithsonian Institution. Downloaded 20 Jun 2022. https://doi.org/10.5479/si.GVP.VOTW4-2013","-86","13"
"552","1129",Orosi,brak danych,Kostaryka,stratowulkan,brak dowodów na wybuch,andezyt / andezyt bazaltowy,strefa subdukcji / skorupa kontynentalna (>25 km),Wulkan,"Global Volcanism Program, 2013. Volcanoes of the World, v. 4.11.0. Venzke, E (ed.). Smithsonian Institution. Downloaded 20 Jun 2022. https://doi.org/10.5479/si.GVP.VOTW4-2013","-85","11"
"553","1140","Valle, El",brak danych,Panama,stratowulkan,brak dowodów na wybuch,dacyt,strefa subdukcji / skorupa kontynentalna (>25 km),Wulkan,"Global Volcanism Program, 2013. Volcanoes of the World, v. 4.11.0. Venzke, E (ed.). Smithsonian Institution. Downloaded 20 Jun 2022. https://doi.org/10.5479/si.GVP.VOTW4-2013","-80","9"
"554","1160",Mojanda,brak danych,Ekwador,stratowulkan,brak dowodów na wybuch,andezyt / andezyt bazaltowy,strefa subdukcji / skorupa kontynentalna (>25 km),Wulkan,"Global Volcanism Program, 2013. Volcanoes of the World, v. 4.11.0. Venzke, E (ed.). Smithsonian Institution. Downloaded 20 Jun 2022. https://doi.org/10.5479/si.GVP.VOTW4-2013","-78","0"
"555","1197","Chachani, Nevado",brak danych,Peru,stratowulkan,brak dowodów na wybuch,andezyt / andezyt bazaltowy,strefa subdukcji / skorupa kontynentalna (>25 km),Wulkan,"Global Volcanism Program, 2013. Volcanoes of the World, v. 4.11.0. Venzke, E (ed.). Smithsonian Institution. Downloaded 20 Jun 2022. https://doi.org/10.5479/si.GVP.VOTW4-2013","-72","-16"
"556","1218","Azufre, Cerro del",brak danych,Chile,stratowulkan,brak dowodów na wybuch,andezyt / andezyt bazaltowy,strefa subdukcji / skorupa kontynentalna (>25 km),Wulkan,"Global Volcanism Program, 2013. Volcanoes of the World, v. 4.11.0. Venzke, E (ed.). Smithsonian Institution. Downloaded 20 Jun 2022. https://doi.org/10.5479/si.GVP.VOTW4-2013","-68","-22"
"557","1377",Domuyo,brak danych,Argentyna,stratowulkan,brak dowodów na wybuch,dacyt,strefa subdukcji / skorupa kontynentalna (>25 km),Wulkan,"Global Volcanism Program, 2013. Volcanoes of the World, v. 4.11.0. Venzke, E (ed.). Smithsonian Institution. Downloaded 20 Jun 2022. https://doi.org/10.5479/si.GVP.VOTW4-2013","-70","-37"
"558","1403",Tronador,brak danych,Chile - Argentyna,stratowulkan,brak dowodów na wybuch,andezyt / andezyt bazaltowy,strefa subdukcji / skorupa kontynentalna (>25 km),Wulkan,"Global Volcanism Program, 2013. Volcanoes of the World, v. 4.11.0. Venzke, E (ed.). Smithsonian Institution. Downloaded 20 Jun 2022. https://doi.org/10.5479/si.GVP.VOTW4-2013","-72","-41"
"559","1295",Jumaytepeque,brak danych,Gwatemala,stratowulkan,brak dowodów na wybuch,bazalt / pikryt,strefa subdukcji / skorupa kontynentalna (>25 km),Wulkan,"Global Volcanism Program, 2013. Volcanoes of the World, v. 4.11.0. Venzke, E (ed.). Smithsonian Institution. Downloaded 20 Jun 2022. https://doi.org/10.5479/si.GVP.VOTW4-2013","-90","14"
"560","900",Kawi-Butak,brak danych,Indonezja,stratowulkan,nieznana data wybuchu,"-",strefa subdukcji / skorupa kontynentalna (>25 km),Wulkan,"Global Volcanism Program, 2013. Volcanoes of the World, v. 4.11.0. Venzke, E (ed.). Smithsonian Institution. Downloaded 20 Jun 2022. https://doi.org/10.5479/si.GVP.VOTW4-2013","112","-8"
"561","1419",Cay,brak danych,Chile,stratowulkan,brak dowodów na wybuch,andezyt / andezyt bazaltowy,strefa subdukcji / skorupa kontynentalna (>25 km),Wulkan,"Global Volcanism Program, 2013. Volcanoes of the World, v. 4.11.0. Venzke, E (ed.). Smithsonian Institution. Downloaded 20 Jun 2022. https://doi.org/10.5479/si.GVP.VOTW4-2013","-73","-45"
"562","1350",Tuzgle,brak danych,Argentyna,stratowulkan,brak dowodów na wybuch,dacyt,strefa subdukcji / skorupa kontynentalna (>25 km),Wulkan,"Global Volcanism Program, 2013. Volcanoes of the World, v. 4.11.0. Venzke, E (ed.). Smithsonian Institution. Downloaded 20 Jun 2022. https://doi.org/10.5479/si.GVP.VOTW4-2013","-66","-24"
"563","1364",Risco Plateado,brak danych,Argentyna,stratowulkan,brak dowodów na wybuch,andezyt / andezyt bazaltowy,strefa subdukcji / skorupa kontynentalna (>25 km),Wulkan,"Global Volcanism Program, 2013. Volcanoes of the World, v. 4.11.0. Venzke, E (ed.). Smithsonian Institution. Downloaded 20 Jun 2022. https://doi.org/10.5479/si.GVP.VOTW4-2013","-70","-35"
"564","80",Gabillema,brak danych,Etiopia,stratowulkan,nieznana data wybuchu,ryolit,strefa ryftowa / skorupa pośrednia (15-25 km),Wulkan,"Global Volcanism Program, 2013. Volcanoes of the World, v. 4.11.0. Venzke, E (ed.). Smithsonian Institution. Downloaded 20 Jun 2022. https://doi.org/10.5479/si.GVP.VOTW4-2013","41","11"
"565","417",Belenkaya,brak danych,Rosja,stratowulkan,nieznana data wybuchu,bazalt / pikryt,strefa subdukcji / skorupa kontynentalna (>25 km),Wulkan,"Global Volcanism Program, 2013. Volcanoes of the World, v. 4.11.0. Venzke, E (ed.). Smithsonian Institution. Downloaded 20 Jun 2022. https://doi.org/10.5479/si.GVP.VOTW4-2013","157","52"
"566","427",Piratkovsky,brak danych,Rosja,stratowulkan,nieznana data wybuchu,"-",strefa subdukcji / skorupa kontynentalna (>25 km),Wulkan,"Global Volcanism Program, 2013. Volcanoes of the World, v. 4.11.0. Venzke, E (ed.). Smithsonian Institution. Downloaded 20 Jun 2022. https://doi.org/10.5479/si.GVP.VOTW4-2013","158","52"
"567","38",Aragats,brak danych,Armenia,stratowulkan,nieznana data wybuchu,andezyt / andezyt bazaltowy,strefa subdukcji / skorupa kontynentalna (>25 km),Wulkan,"Global Volcanism Program, 2013. Volcanoes of the World, v. 4.11.0. Venzke, E (ed.). Smithsonian Institution. Downloaded 20 Jun 2022. https://doi.org/10.5479/si.GVP.VOTW4-2013","44","41"
"568","55",Ale Bagu,brak danych,Etiopia,stratowulkan,nieznana data wybuchu,bazalt / pikryt,strefa ryftowa / skorupa pośrednia (15-25 km),Wulkan,"Global Volcanism Program, 2013. Volcanoes of the World, v. 4.11.0. Venzke, E (ed.). Smithsonian Institution. Downloaded 20 Jun 2022. https://doi.org/10.5479/si.GVP.VOTW4-2013","41","14"
"569","64",Borawli,brak danych,Etiopia,stratowulkan,nieznana data wybuchu,bazalt / pikryt,strefa ryftowa / skorupa pośrednia (15-25 km),Wulkan,"Global Volcanism Program, 2013. Volcanoes of the World, v. 4.11.0. Venzke, E (ed.). Smithsonian Institution. Downloaded 20 Jun 2022. https://doi.org/10.5479/si.GVP.VOTW4-2013","41","13"
"570","66",Ma Alalta,brak danych,Etiopia,stratowulkan,nieznana data wybuchu,ryolit,strefa ryftowa / skorupa pośrednia (15-25 km),Wulkan,"Global Volcanism Program, 2013. Volcanoes of the World, v. 4.11.0. Venzke, E (ed.). Smithsonian Institution. Downloaded 20 Jun 2022. https://doi.org/10.5479/si.GVP.VOTW4-2013","40","13"
"571","445",Amsterdam Island,brak danych,Francja,stratowulkan,nieznana data wybuchu,bazalt / pikryt,strefa ryftowa / skorupa oceaniczna (< 15 km),Wulkan,"Global Volcanism Program, 2013. Volcanoes of the World, v. 4.11.0. Venzke, E (ed.). Smithsonian Institution. Downloaded 20 Jun 2022. https://doi.org/10.5479/si.GVP.VOTW4-2013","78","-38"
"572","459",Segula,brak danych,Stany Zjednoczone,stratowulkan,nieznana data wybuchu,andezyt / andezyt bazaltowy,strefa subdukcji / skorupa oceaniczna (< 15 km),Wulkan,"Global Volcanism Program, 2013. Volcanoes of the World, v. 4.11.0. Venzke, E (ed.). Smithsonian Institution. Downloaded 20 Jun 2022. https://doi.org/10.5479/si.GVP.VOTW4-2013","178","52"
"573","476",Chagulak,brak danych,Stany Zjednoczone,stratowulkan,nieznana data wybuchu,andezyt / andezyt bazaltowy,strefa subdukcji / skorupa oceaniczna (< 15 km),Wulkan,"Global Volcanism Program, 2013. Volcanoes of the World, v. 4.11.0. Venzke, E (ed.). Smithsonian Institution. Downloaded 20 Jun 2022. https://doi.org/10.5479/si.GVP.VOTW4-2013","-171","53"
"574","481",Tana,brak danych,Stany Zjednoczone,stratowulkan,nieznana data wybuchu,ryolit,strefa subdukcji / skorupa oceaniczna (< 15 km),Wulkan,"Global Volcanism Program, 2013. Volcanoes of the World, v. 4.11.0. Venzke, E (ed.). Smithsonian Institution. Downloaded 20 Jun 2022. https://doi.org/10.5479/si.GVP.VOTW4-2013","-170","53"
"575","482",Uliaga,brak danych,Stany Zjednoczone,stratowulkan,nieznana data wybuchu,"-",strefa subdukcji / skorupa oceaniczna (< 15 km),Wulkan,"Global Volcanism Program, 2013. Volcanoes of the World, v. 4.11.0. Venzke, E (ed.). Smithsonian Institution. Downloaded 20 Jun 2022. https://doi.org/10.5479/si.GVP.VOTW4-2013","-170","53"
"576","485",Recheschnoi,brak danych,Stany Zjednoczone,stratowulkan,nieznana data wybuchu,andezyt / andezyt bazaltowy,strefa subdukcji / skorupa oceaniczna (< 15 km),Wulkan,"Global Volcanism Program, 2013. Volcanoes of the World, v. 4.11.0. Venzke, E (ed.). Smithsonian Institution. Downloaded 20 Jun 2022. https://doi.org/10.5479/si.GVP.VOTW4-2013","-169","53"
"577","496",Frosty,brak danych,Stany Zjednoczone,stratowulkan,nieznana data wybuchu,andezyt / andezyt bazaltowy,strefa subdukcji / skorupa kontynentalna (>25 km),Wulkan,"Global Volcanism Program, 2013. Volcanoes of the World, v. 4.11.0. Venzke, E (ed.). Smithsonian Institution. Downloaded 20 Jun 2022. https://doi.org/10.5479/si.GVP.VOTW4-2013","-163","55"
"578","497",Dutton,brak danych,Stany Zjednoczone,stratowulkan,nieznana data wybuchu,andezyt / andezyt bazaltowy,strefa subdukcji / skorupa kontynentalna (>25 km),Wulkan,"Global Volcanism Program, 2013. Volcanoes of the World, v. 4.11.0. Venzke, E (ed.). Smithsonian Institution. Downloaded 20 Jun 2022. https://doi.org/10.5479/si.GVP.VOTW4-2013","-162","55"
"579","500",Pavlof Sister,brak danych,Stany Zjednoczone,stratowulkan,nieznana data wybuchu,bazalt / pikryt,strefa subdukcji / skorupa kontynentalna (>25 km),Wulkan,"Global Volcanism Program, 2013. Volcanoes of the World, v. 4.11.0. Venzke, E (ed.). Smithsonian Institution. Downloaded 20 Jun 2022. https://doi.org/10.5479/si.GVP.VOTW4-2013","-162","55"
"580","71",Groppo,brak danych,Etiopia,stratowulkan,nieznana data wybuchu,ryolit,strefa ryftowa / skorupa pośrednia (15-25 km),Wulkan,"Global Volcanism Program, 2013. Volcanoes of the World, v. 4.11.0. Venzke, E (ed.). Smithsonian Institution. Downloaded 20 Jun 2022. https://doi.org/10.5479/si.GVP.VOTW4-2013","40","12"
"581","74",Mousa Alli,brak danych,Etiopia - Erytrea - Dżibuti,stratowulkan,nieznana data wybuchu,ryolit,strefa ryftowa / skorupa pośrednia (15-25 km),Wulkan,"Global Volcanism Program, 2013. Volcanoes of the World, v. 4.11.0. Venzke, E (ed.). Smithsonian Institution. Downloaded 20 Jun 2022. https://doi.org/10.5479/si.GVP.VOTW4-2013","42","12"
"582","504",Stepovak Bay 4,brak danych,Stany Zjednoczone,stratowulkan,nieznana data wybuchu,"-",strefa subdukcji / skorupa kontynentalna (>25 km),Wulkan,"Global Volcanism Program, 2013. Volcanoes of the World, v. 4.11.0. Venzke, E (ed.). Smithsonian Institution. Downloaded 20 Jun 2022. https://doi.org/10.5479/si.GVP.VOTW4-2013","-160","56"
"583","511",Kialagvik,brak danych,Stany Zjednoczone,stratowulkan,nieznana data wybuchu,andezyt / andezyt bazaltowy,strefa subdukcji / skorupa kontynentalna (>25 km),Wulkan,"Global Volcanism Program, 2013. Volcanoes of the World, v. 4.11.0. Venzke, E (ed.). Smithsonian Institution. Downloaded 20 Jun 2022. https://doi.org/10.5479/si.GVP.VOTW4-2013","-157","57"
"584","525",Golaya,brak danych,Rosja,stratowulkan,nieznana data wybuchu,bazalt / pikryt,strefa subdukcji / skorupa kontynentalna (>25 km),Wulkan,"Global Volcanism Program, 2013. Volcanoes of the World, v. 4.11.0. Venzke, E (ed.). Smithsonian Institution. Downloaded 20 Jun 2022. https://doi.org/10.5479/si.GVP.VOTW4-2013","158","52"
"585","531","Possession, Ile de la",brak danych,Francja,stratowulkan,nieznana data wybuchu,bazalt / pikryt,strefa ryftowa / skorupa oceaniczna (< 15 km),Wulkan,"Global Volcanism Program, 2013. Volcanoes of the World, v. 4.11.0. Venzke, E (ed.). Smithsonian Institution. Downloaded 20 Jun 2022. https://doi.org/10.5479/si.GVP.VOTW4-2013","52","-46"
"586","82",Ayelu,brak danych,Etiopia,stratowulkan,nieznana data wybuchu,ryolit,strefa ryftowa / skorupa pośrednia (15-25 km),Wulkan,"Global Volcanism Program, 2013. Volcanoes of the World, v. 4.11.0. Venzke, E (ed.). Smithsonian Institution. Downloaded 20 Jun 2022. https://doi.org/10.5479/si.GVP.VOTW4-2013","41","10"
"587","83",Adwa,brak danych,Etiopia,stratowulkan,nieznana data wybuchu,ryolit,strefa ryftowa / skorupa pośrednia (15-25 km),Wulkan,"Global Volcanism Program, 2013. Volcanoes of the World, v. 4.11.0. Venzke, E (ed.). Smithsonian Institution. Downloaded 20 Jun 2022. https://doi.org/10.5479/si.GVP.VOTW4-2013","41","10"
"588","532","Cochons, Ile aux",brak danych,Francja,stratowulkan,nieznana data wybuchu,bazalt / pikryt,strefa ryftowa / skorupa oceaniczna (< 15 km),Wulkan,"Global Volcanism Program, 2013. Volcanoes of the World, v. 4.11.0. Venzke, E (ed.). Smithsonian Institution. Downloaded 20 Jun 2022. https://doi.org/10.5479/si.GVP.VOTW4-2013","50","-46"
"589","90",Boset-Bericha,brak danych,Etiopia,stratowulkan,nieznana data wybuchu,ryolit,strefa ryftowa / skorupa kontynentalna (>25 km),Wulkan,"Global Volcanism Program, 2013. Volcanoes of the World, v. 4.11.0. Venzke, E (ed.). Smithsonian Institution. Downloaded 20 Jun 2022. https://doi.org/10.5479/si.GVP.VOTW4-2013","39","9"
"590","110",Mashkovtsev,brak danych,Rosja,stratowulkan,nieznana data wybuchu,bazalt / pikryt,strefa subdukcji / skorupa kontynentalna (>25 km),Wulkan,"Global Volcanism Program, 2013. Volcanoes of the World, v. 4.11.0. Venzke, E (ed.). Smithsonian Institution. Downloaded 20 Jun 2022. https://doi.org/10.5479/si.GVP.VOTW4-2013","157","51"
"591","241",Sarigan,brak danych,Stany Zjednoczone,stratowulkan,nieznana data wybuchu,andezyt / andezyt bazaltowy,strefa subdukcji / grubość skorupy nieznana,Wulkan,"Global Volcanism Program, 2013. Volcanoes of the World, v. 4.11.0. Venzke, E (ed.). Smithsonian Institution. Downloaded 20 Jun 2022. https://doi.org/10.5479/si.GVP.VOTW4-2013","146","17"
"592","271",Ruruidake [Smirnov],brak danych,Japonia,stratowulkan,nieznana data wybuchu,andezyt / andezyt bazaltowy,strefa subdukcji / skorupa oceaniczna (< 15 km),Wulkan,"Global Volcanism Program, 2013. Volcanoes of the World, v. 4.11.0. Venzke, E (ed.). Smithsonian Institution. Downloaded 20 Jun 2022. https://doi.org/10.5479/si.GVP.VOTW4-2013","146","44"
"593","273",Berutarubesan [Berutarube],brak danych,Japonia,stratowulkan,nieznana data wybuchu,andezyt / andezyt bazaltowy,strefa subdukcji / skorupa oceaniczna (< 15 km),Wulkan,"Global Volcanism Program, 2013. Volcanoes of the World, v. 4.11.0. Venzke, E (ed.). Smithsonian Institution. Downloaded 20 Jun 2022. https://doi.org/10.5479/si.GVP.VOTW4-2013","147","44"
"594","276",Nishihitokappuyama [Bogatyr Ridge],brak danych,Japonia,stratowulkan,nieznana data wybuchu,andezyt / andezyt bazaltowy,strefa subdukcji / skorupa oceaniczna (< 15 km),Wulkan,"Global Volcanism Program, 2013. Volcanoes of the World, v. 4.11.0. Venzke, E (ed.). Smithsonian Institution. Downloaded 20 Jun 2022. https://doi.org/10.5479/si.GVP.VOTW4-2013","147","45"
"595","284",Rakkibetsudake [Demon],brak danych,Japonia,stratowulkan,nieznana data wybuchu,"-",strefa subdukcji / skorupa oceaniczna (< 15 km),Wulkan,"Global Volcanism Program, 2013. Volcanoes of the World, v. 4.11.0. Venzke, E (ed.). Smithsonian Institution. Downloaded 20 Jun 2022. https://doi.org/10.5479/si.GVP.VOTW4-2013","149","46"
"596","294",Uratman,brak danych,Rosja,stratowulkan,nieznana data wybuchu,andezyt / andezyt bazaltowy,strefa subdukcji / skorupa oceaniczna (< 15 km),Wulkan,"Global Volcanism Program, 2013. Volcanoes of the World, v. 4.11.0. Venzke, E (ed.). Smithsonian Institution. Downloaded 20 Jun 2022. https://doi.org/10.5479/si.GVP.VOTW4-2013","152","47"
"597","307",Shirinki,brak danych,Rosja,stratowulkan,nieznana data wybuchu,andezyt / andezyt bazaltowy,strefa subdukcji / skorupa kontynentalna (>25 km),Wulkan,"Global Volcanism Program, 2013. Volcanoes of the World, v. 4.11.0. Venzke, E (ed.). Smithsonian Institution. Downloaded 20 Jun 2022. https://doi.org/10.5479/si.GVP.VOTW4-2013","155","50"
"598","318",Kell,brak danych,Rosja,stratowulkan,nieznana data wybuchu,bazalt / pikryt,strefa subdukcji / skorupa kontynentalna (>25 km),Wulkan,"Global Volcanism Program, 2013. Volcanoes of the World, v. 4.11.0. Venzke, E (ed.). Smithsonian Institution. Downloaded 20 Jun 2022. https://doi.org/10.5479/si.GVP.VOTW4-2013","157","52"
"599","478",Herbert,brak danych,Stany Zjednoczone,stratowulkan,nieznana data wybuchu,andezyt / andezyt bazaltowy,strefa subdukcji / skorupa oceaniczna (< 15 km),Wulkan,"Global Volcanism Program, 2013. Volcanoes of the World, v. 4.11.0. Venzke, E (ed.). Smithsonian Institution. Downloaded 20 Jun 2022. https://doi.org/10.5479/si.GVP.VOTW4-2013","-170","53"
"600","361",Muhavura,brak danych,Uganda - Rwanda,stratowulkan,nieznana data wybuchu,tefryt / trachybazalt,strefa ryftowa / skorupa kontynentalna (>25 km),Wulkan,"Global Volcanism Program, 2013. Volcanoes of the World, v. 4.11.0. Venzke, E (ed.). Smithsonian Institution. Downloaded 20 Jun 2022. https://doi.org/10.5479/si.GVP.VOTW4-2013","30","-1"
"601","27",Hasan Dagi,brak danych,Turcja,stratowulkan,nieznana data wybuchu,dacyt,strefa subdukcji / skorupa kontynentalna (>25 km),Wulkan,"Global Volcanism Program, 2013. Volcanoes of the World, v. 4.11.0. Venzke, E (ed.). Smithsonian Institution. Downloaded 20 Jun 2022. https://doi.org/10.5479/si.GVP.VOTW4-2013","34","38"
"602","376","Tousside, Tarso",brak danych,Czad,stratowulkan,nieznana data wybuchu,trachit,strefa subdukcji / skorupa kontynentalna (>25 km),Wulkan,"Global Volcanism Program, 2013. Volcanoes of the World, v. 4.11.0. Venzke, E (ed.). Smithsonian Institution. Downloaded 20 Jun 2022. https://doi.org/10.5479/si.GVP.VOTW4-2013","16","21"
"603","1205","Casiri, Nevados",brak danych,Peru,stratowulkan,nieznana data wybuchu,trachit,strefa subdukcji / skorupa kontynentalna (>25 km),Wulkan,"Global Volcanism Program, 2013. Volcanoes of the World, v. 4.11.0. Venzke, E (ed.). Smithsonian Institution. Downloaded 20 Jun 2022. https://doi.org/10.5479/si.GVP.VOTW4-2013","-70","-17"
"604","401",Sahand,brak danych,Iran,stratowulkan,nieznana data wybuchu,andezyt / andezyt bazaltowy,strefa subdukcji / skorupa kontynentalna (>25 km),Wulkan,"Global Volcanism Program, 2013. Volcanoes of the World, v. 4.11.0. Venzke, E (ed.). Smithsonian Institution. Downloaded 20 Jun 2022. https://doi.org/10.5479/si.GVP.VOTW4-2013","46","38"
"605","402",Sabalan,brak danych,Iran,stratowulkan,nieznana data wybuchu,andezyt / andezyt bazaltowy,strefa subdukcji / skorupa kontynentalna (>25 km),Wulkan,"Global Volcanism Program, 2013. Volcanoes of the World, v. 4.11.0. Venzke, E (ed.). Smithsonian Institution. Downloaded 20 Jun 2022. https://doi.org/10.5479/si.GVP.VOTW4-2013","48","38"
"606","406",Taftan,brak danych,Iran,stratowulkan,nieznana data wybuchu,andezyt / andezyt bazaltowy,strefa subdukcji / skorupa kontynentalna (>25 km),Wulkan,"Global Volcanism Program, 2013. Volcanoes of the World, v. 4.11.0. Venzke, E (ed.). Smithsonian Institution. Downloaded 20 Jun 2022. https://doi.org/10.5479/si.GVP.VOTW4-2013","61","29"
"607","543",Penanggungan,brak danych,Indonezja,stratowulkan,nieznana data wybuchu,andezyt / andezyt bazaltowy,strefa subdukcji / skorupa kontynentalna (>25 km),Wulkan,"Global Volcanism Program, 2013. Volcanoes of the World, v. 4.11.0. Venzke, E (ed.). Smithsonian Institution. Downloaded 20 Jun 2022. https://doi.org/10.5479/si.GVP.VOTW4-2013","113","-8"
"608","597",Blup Blup,brak danych,Papua - Nowa Gwinea,stratowulkan,nieznana data wybuchu,andezyt / andezyt bazaltowy,strefa subdukcji / skorupa kontynentalna (>25 km),Wulkan,"Global Volcanism Program, 2013. Volcanoes of the World, v. 4.11.0. Venzke, E (ed.). Smithsonian Institution. Downloaded 20 Jun 2022. https://doi.org/10.5479/si.GVP.VOTW4-2013","145","-4"
"609","610",Garove,brak danych,Papua - Nowa Gwinea,stratowulkan,nieznana data wybuchu,andezyt / andezyt bazaltowy,strefa subdukcji / skorupa oceaniczna (< 15 km),Wulkan,"Global Volcanism Program, 2013. Volcanoes of the World, v. 4.11.0. Venzke, E (ed.). Smithsonian Institution. Downloaded 20 Jun 2022. https://doi.org/10.5479/si.GVP.VOTW4-2013","150","-5"
"610","612",Bola,brak danych,Papua - Nowa Gwinea,stratowulkan,nieznana data wybuchu,andezyt / andezyt bazaltowy,strefa subdukcji / skorupa kontynentalna (>25 km),Wulkan,"Global Volcanism Program, 2013. Volcanoes of the World, v. 4.11.0. Venzke, E (ed.). Smithsonian Institution. Downloaded 20 Jun 2022. https://doi.org/10.5479/si.GVP.VOTW4-2013","150","-5"
"611","627",Visokiy,brak danych,Rosja,stratowulkan,nieznana data wybuchu,bazalt / pikryt,strefa subdukcji / skorupa kontynentalna (>25 km),Wulkan,"Global Volcanism Program, 2013. Volcanoes of the World, v. 4.11.0. Venzke, E (ed.). Smithsonian Institution. Downloaded 20 Jun 2022. https://doi.org/10.5479/si.GVP.VOTW4-2013","158","52"
"612","630",Hydrographers Range,brak danych,Papua - Nowa Gwinea,stratowulkan,nieznana data wybuchu,andezyt / andezyt bazaltowy,strefa subdukcji / skorupa kontynentalna (>25 km),Wulkan,"Global Volcanism Program, 2013. Volcanoes of the World, v. 4.11.0. Venzke, E (ed.). Smithsonian Institution. Downloaded 20 Jun 2022. https://doi.org/10.5479/si.GVP.VOTW4-2013","148","-9"
"613","693",Jailolo,brak danych,Indonezja,stratowulkan,nieznana data wybuchu,andezyt / andezyt bazaltowy,strefa subdukcji / skorupa oceaniczna (< 15 km),Wulkan,"Global Volcanism Program, 2013. Volcanoes of the World, v. 4.11.0. Venzke, E (ed.). Smithsonian Institution. Downloaded 20 Jun 2022. https://doi.org/10.5479/si.GVP.VOTW4-2013","127","1"
"614","694",Hiri,brak danych,Indonezja,stratowulkan,nieznana data wybuchu,bazalt / pikryt,strefa subdukcji / skorupa oceaniczna (< 15 km),Wulkan,"Global Volcanism Program, 2013. Volcanoes of the World, v. 4.11.0. Venzke, E (ed.). Smithsonian Institution. Downloaded 20 Jun 2022. https://doi.org/10.5479/si.GVP.VOTW4-2013","127","1"
"615","696",Tidore,brak danych,Indonezja,stratowulkan,nieznana data wybuchu,andezyt / andezyt bazaltowy,strefa subdukcji / skorupa oceaniczna (< 15 km),Wulkan,"Global Volcanism Program, 2013. Volcanoes of the World, v. 4.11.0. Venzke, E (ed.). Smithsonian Institution. Downloaded 20 Jun 2022. https://doi.org/10.5479/si.GVP.VOTW4-2013","127","1"
"616","697",Mare,brak danych,Indonezja,stratowulkan,nieznana data wybuchu,andezyt / andezyt bazaltowy,strefa subdukcji / skorupa oceaniczna (< 15 km),Wulkan,"Global Volcanism Program, 2013. Volcanoes of the World, v. 4.11.0. Venzke, E (ed.). Smithsonian Institution. Downloaded 20 Jun 2022. https://doi.org/10.5479/si.GVP.VOTW4-2013","127","1"
"617","698",Moti,brak danych,Indonezja,stratowulkan,nieznana data wybuchu,andezyt / andezyt bazaltowy,strefa subdukcji / skorupa oceaniczna (< 15 km),Wulkan,"Global Volcanism Program, 2013. Volcanoes of the World, v. 4.11.0. Venzke, E (ed.). Smithsonian Institution. Downloaded 20 Jun 2022. https://doi.org/10.5479/si.GVP.VOTW4-2013","127","0"
"618","700",Tigalalu,brak danych,Indonezja,stratowulkan,nieznana data wybuchu,andezyt / andezyt bazaltowy,strefa subdukcji / skorupa oceaniczna (< 15 km),Wulkan,"Global Volcanism Program, 2013. Volcanoes of the World, v. 4.11.0. Venzke, E (ed.). Smithsonian Institution. Downloaded 20 Jun 2022. https://doi.org/10.5479/si.GVP.VOTW4-2013","127","0"
"619","701",Amasing,brak danych,Indonezja,stratowulkan,nieznana data wybuchu,andezyt / andezyt bazaltowy,strefa subdukcji / skorupa oceaniczna (< 15 km),Wulkan,"Global Volcanism Program, 2013. Volcanoes of the World, v. 4.11.0. Venzke, E (ed.). Smithsonian Institution. Downloaded 20 Jun 2022. https://doi.org/10.5479/si.GVP.VOTW4-2013","127","-1"
"620","352",Fort Portal,2120 p.n.e.,Uganda,stożkowy,erupcja datowana,foidyt,strefa ryftowa / skorupa kontynentalna (>25 km),Wulkan,"Global Volcanism Program, 2013. Volcanoes of the World, v. 4.11.0. Venzke, E (ed.). Smithsonian Institution. Downloaded 20 Jun 2022. https://doi.org/10.5479/si.GVP.VOTW4-2013","30","1"
"621","702",Bibinoi,brak danych,Indonezja,stratowulkan,nieznana data wybuchu,andezyt / andezyt bazaltowy,strefa subdukcji / skorupa oceaniczna (< 15 km),Wulkan,"Global Volcanism Program, 2013. Volcanoes of the World, v. 4.11.0. Venzke, E (ed.). Smithsonian Institution. Downloaded 20 Jun 2022. https://doi.org/10.5479/si.GVP.VOTW4-2013","128","-1"
"622","713",Malindang,brak danych,Filipiny,stratowulkan,nieznana data wybuchu,bazalt / pikryt,strefa subdukcji / skorupa kontynentalna (>25 km),Wulkan,"Global Volcanism Program, 2013. Volcanoes of the World, v. 4.11.0. Venzke, E (ed.). Smithsonian Institution. Downloaded 20 Jun 2022. https://doi.org/10.5479/si.GVP.VOTW4-2013","124","8"
"623","725",Masaraga,brak danych,Filipiny,stratowulkan,nieznana data wybuchu,andezyt / andezyt bazaltowy,strefa subdukcji / skorupa kontynentalna (>25 km),Wulkan,"Global Volcanism Program, 2013. Volcanoes of the World, v. 4.11.0. Venzke, E (ed.). Smithsonian Institution. Downloaded 20 Jun 2022. https://doi.org/10.5479/si.GVP.VOTW4-2013","124","13"
"624","726",Iriga,brak danych,Filipiny,stratowulkan,nieznana data wybuchu,andezyt / andezyt bazaltowy,strefa subdukcji / skorupa kontynentalna (>25 km),Wulkan,"Global Volcanism Program, 2013. Volcanoes of the World, v. 4.11.0. Venzke, E (ed.). Smithsonian Institution. Downloaded 20 Jun 2022. https://doi.org/10.5479/si.GVP.VOTW4-2013","123","13"
"625","728",Malindig,brak danych,Filipiny,stratowulkan,nieznana data wybuchu,andezyt / andezyt bazaltowy,strefa subdukcji / skorupa kontynentalna (>25 km),Wulkan,"Global Volcanism Program, 2013. Volcanoes of the World, v. 4.11.0. Venzke, E (ed.). Smithsonian Institution. Downloaded 20 Jun 2022. https://doi.org/10.5479/si.GVP.VOTW4-2013","122","13"
"626","762",Udina,brak danych,Rosja,stratowulkan,nieznana data wybuchu,andezyt / andezyt bazaltowy,strefa subdukcji / skorupa kontynentalna (>25 km),Wulkan,"Global Volcanism Program, 2013. Volcanoes of the World, v. 4.11.0. Venzke, E (ed.). Smithsonian Institution. Downloaded 20 Jun 2022. https://doi.org/10.5479/si.GVP.VOTW4-2013","161","56"
"627","763",Zimina,brak danych,Rosja,stratowulkan,nieznana data wybuchu,andezyt / andezyt bazaltowy,strefa subdukcji / skorupa kontynentalna (>25 km),Wulkan,"Global Volcanism Program, 2013. Volcanoes of the World, v. 4.11.0. Venzke, E (ed.). Smithsonian Institution. Downloaded 20 Jun 2022. https://doi.org/10.5479/si.GVP.VOTW4-2013","161","56"
"628","765",Kamen,brak danych,Rosja,stratowulkan,nieznana data wybuchu,bazalt / pikryt,strefa subdukcji / skorupa kontynentalna (>25 km),Wulkan,"Global Volcanism Program, 2013. Volcanoes of the World, v. 4.11.0. Venzke, E (ed.). Smithsonian Institution. Downloaded 20 Jun 2022. https://doi.org/10.5479/si.GVP.VOTW4-2013","161","56"
"629","813",Balbi,brak danych,Papua - Nowa Gwinea,stratowulkan,nieznana data wybuchu,andezyt / andezyt bazaltowy,strefa subdukcji / grubość skorupy nieznana,Wulkan,"Global Volcanism Program, 2013. Volcanoes of the World, v. 4.11.0. Venzke, E (ed.). Smithsonian Institution. Downloaded 20 Jun 2022. https://doi.org/10.5479/si.GVP.VOTW4-2013","155","-6"
"630","829",Mere Lava,brak danych,Vanuatu,stratowulkan,nieznana data wybuchu,bazalt / pikryt,strefa subdukcji / skorupa oceaniczna (< 15 km),Wulkan,"Global Volcanism Program, 2013. Volcanoes of the World, v. 4.11.0. Venzke, E (ed.). Smithsonian Institution. Downloaded 20 Jun 2022. https://doi.org/10.5479/si.GVP.VOTW4-2013","168","-14"
"631","836",North Vate,brak danych,Vanuatu,stratowulkan,nieznana data wybuchu,bazalt / pikryt,strefa subdukcji / skorupa oceaniczna (< 15 km),Wulkan,"Global Volcanism Program, 2013. Volcanoes of the World, v. 4.11.0. Venzke, E (ed.). Smithsonian Institution. Downloaded 20 Jun 2022. https://doi.org/10.5479/si.GVP.VOTW4-2013","168","-17"
"632","844",Narcondum,brak danych,Indie,stratowulkan,nieznana data wybuchu,andezyt / andezyt bazaltowy,strefa subdukcji / skorupa kontynentalna (>25 km),Wulkan,"Global Volcanism Program, 2013. Volcanoes of the World, v. 4.11.0. Venzke, E (ed.). Smithsonian Institution. Downloaded 20 Jun 2022. https://doi.org/10.5479/si.GVP.VOTW4-2013","94","13"
"633","855",Malintang,brak danych,Indonezja,stratowulkan,nieznana data wybuchu,andezyt / andezyt bazaltowy,strefa subdukcji / skorupa kontynentalna (>25 km),Wulkan,"Global Volcanism Program, 2013. Volcanoes of the World, v. 4.11.0. Venzke, E (ed.). Smithsonian Institution. Downloaded 20 Jun 2022. https://doi.org/10.5479/si.GVP.VOTW4-2013","100","0"
"634","874",Pulosari,brak danych,Indonezja,stratowulkan,nieznana data wybuchu,andezyt / andezyt bazaltowy,strefa subdukcji / skorupa kontynentalna (>25 km),Wulkan,"Global Volcanism Program, 2013. Volcanoes of the World, v. 4.11.0. Venzke, E (ed.). Smithsonian Institution. Downloaded 20 Jun 2022. https://doi.org/10.5479/si.GVP.VOTW4-2013","106","-6"
"635","879",Patuha,brak danych,Indonezja,stratowulkan,nieznana data wybuchu,andezyt / andezyt bazaltowy,strefa subdukcji / skorupa kontynentalna (>25 km),Wulkan,"Global Volcanism Program, 2013. Volcanoes of the World, v. 4.11.0. Venzke, E (ed.). Smithsonian Institution. Downloaded 20 Jun 2022. https://doi.org/10.5479/si.GVP.VOTW4-2013","107","-7"
"636","882",Kendang,brak danych,Indonezja,stratowulkan,nieznana data wybuchu,andezyt / andezyt bazaltowy,strefa subdukcji / skorupa kontynentalna (>25 km),Wulkan,"Global Volcanism Program, 2013. Volcanoes of the World, v. 4.11.0. Venzke, E (ed.). Smithsonian Institution. Downloaded 20 Jun 2022. https://doi.org/10.5479/si.GVP.VOTW4-2013","108","-7"
"637","884",Tampomas,brak danych,Indonezja,stratowulkan,nieznana data wybuchu,andezyt / andezyt bazaltowy,strefa subdukcji / skorupa kontynentalna (>25 km),Wulkan,"Global Volcanism Program, 2013. Volcanoes of the World, v. 4.11.0. Venzke, E (ed.). Smithsonian Institution. Downloaded 20 Jun 2022. https://doi.org/10.5479/si.GVP.VOTW4-2013","108","-7"
"638","892",Ungaran,brak danych,Indonezja,stratowulkan,nieznana data wybuchu,trachyandezyt / bazaltowy trachyandezyt,strefa subdukcji / skorupa kontynentalna (>25 km),Wulkan,"Global Volcanism Program, 2013. Volcanoes of the World, v. 4.11.0. Venzke, E (ed.). Smithsonian Institution. Downloaded 20 Jun 2022. https://doi.org/10.5479/si.GVP.VOTW4-2013","110","-7"
"639","893",Telomoyo,brak danych,Indonezja,stratowulkan,nieznana data wybuchu,andezyt / andezyt bazaltowy,strefa subdukcji / skorupa kontynentalna (>25 km),Wulkan,"Global Volcanism Program, 2013. Volcanoes of the World, v. 4.11.0. Venzke, E (ed.). Smithsonian Institution. Downloaded 20 Jun 2022. https://doi.org/10.5479/si.GVP.VOTW4-2013","110","-7"
"640","898",Wilis,brak danych,Indonezja,stratowulkan,nieznana data wybuchu,andezyt / andezyt bazaltowy,strefa subdukcji / skorupa kontynentalna (>25 km),Wulkan,"Global Volcanism Program, 2013. Volcanoes of the World, v. 4.11.0. Venzke, E (ed.). Smithsonian Institution. Downloaded 20 Jun 2022. https://doi.org/10.5479/si.GVP.VOTW4-2013","112","-8"
"641","901",Steller,brak danych,Stany Zjednoczone,stratowulkan,nieznana data wybuchu,andezyt / andezyt bazaltowy,strefa subdukcji / skorupa kontynentalna (>25 km),Wulkan,"Global Volcanism Program, 2013. Volcanoes of the World, v. 4.11.0. Venzke, E (ed.). Smithsonian Institution. Downloaded 20 Jun 2022. https://doi.org/10.5479/si.GVP.VOTW4-2013","-154","58"
"642","905",Douglas,brak danych,Stany Zjednoczone,stratowulkan,nieznana data wybuchu,andezyt / andezyt bazaltowy,strefa subdukcji / skorupa kontynentalna (>25 km),Wulkan,"Global Volcanism Program, 2013. Volcanoes of the World, v. 4.11.0. Venzke, E (ed.). Smithsonian Institution. Downloaded 20 Jun 2022. https://doi.org/10.5479/si.GVP.VOTW4-2013","-154","59"
"643","1004",Colachi,brak danych,Chile,stratowulkan,nieznana data wybuchu,andezyt / andezyt bazaltowy,strefa subdukcji / skorupa kontynentalna (>25 km),Wulkan,"Global Volcanism Program, 2013. Volcanoes of the World, v. 4.11.0. Venzke, E (ed.). Smithsonian Institution. Downloaded 20 Jun 2022. https://doi.org/10.5479/si.GVP.VOTW4-2013","-68","-23"
"644","1006",Acamarachi,brak danych,Chile,stratowulkan,nieznana data wybuchu,dacyt,strefa subdukcji / skorupa kontynentalna (>25 km),Wulkan,"Global Volcanism Program, 2013. Volcanoes of the World, v. 4.11.0. Venzke, E (ed.). Smithsonian Institution. Downloaded 20 Jun 2022. https://doi.org/10.5479/si.GVP.VOTW4-2013","-68","-23"
"645","1014",Cordon de Puntas Negras,brak danych,Chile,stratowulkan,nieznana data wybuchu,andezyt / andezyt bazaltowy,strefa subdukcji / skorupa kontynentalna (>25 km),Wulkan,"Global Volcanism Program, 2013. Volcanoes of the World, v. 4.11.0. Venzke, E (ed.). Smithsonian Institution. Downloaded 20 Jun 2022. https://doi.org/10.5479/si.GVP.VOTW4-2013","-68","-24"
"646","1021",St. Catherine,brak danych,Grenada,stratowulkan,nieznana data wybuchu,andezyt / andezyt bazaltowy,strefa subdukcji / skorupa oceaniczna (< 15 km),Wulkan,"Global Volcanism Program, 2013. Volcanoes of the World, v. 4.11.0. Venzke, E (ed.). Smithsonian Institution. Downloaded 20 Jun 2022. https://doi.org/10.5479/si.GVP.VOTW4-2013","-62","12"
"647","1043",Tungnafellsjokull,brak danych,Islandia,stratowulkan,nieznana data wybuchu,bazalt / pikryt,strefa ryftowa / skorupa oceaniczna (< 15 km),Wulkan,"Global Volcanism Program, 2013. Volcanoes of the World, v. 4.11.0. Venzke, E (ed.). Smithsonian Institution. Downloaded 20 Jun 2022. https://doi.org/10.5479/si.GVP.VOTW4-2013","-18","65"
"648","1056",Corvo,brak danych,Portugalia,stratowulkan,nieznana data wybuchu,bazalt / pikryt,strefa subdukcji / skorupa oceaniczna (< 15 km),Wulkan,"Global Volcanism Program, 2013. Volcanoes of the World, v. 4.11.0. Venzke, E (ed.). Smithsonian Institution. Downloaded 20 Jun 2022. https://doi.org/10.5479/si.GVP.VOTW4-2013","-31","40"
"649","1076",Brava,brak danych,Wyspy Zielonego Przylądka,stratowulkan,nieznana data wybuchu,foidyt,strefa subdukcji / skorupa pośrednia (15-25 km),Wulkan,"Global Volcanism Program, 2013. Volcanoes of the World, v. 4.11.0. Venzke, E (ed.). Smithsonian Institution. Downloaded 20 Jun 2022. https://doi.org/10.5479/si.GVP.VOTW4-2013","-25","15"
"650","1078",Ascension,brak danych,Wielka Brytania,stratowulkan,nieznana data wybuchu,bazalt / pikryt,strefa ryftowa / skorupa oceaniczna (< 15 km),Wulkan,"Global Volcanism Program, 2013. Volcanoes of the World, v. 4.11.0. Venzke, E (ed.). Smithsonian Institution. Downloaded 20 Jun 2022. https://doi.org/10.5479/si.GVP.VOTW4-2013","-14","-8"
"651","1110",Hodson,brak danych,Wielka Brytania,stratowulkan,nieznana data wybuchu,bazalt / pikryt,strefa subdukcji / skorupa oceaniczna (< 15 km),Wulkan,"Global Volcanism Program, 2013. Volcanoes of the World, v. 4.11.0. Venzke, E (ed.). Smithsonian Institution. Downloaded 20 Jun 2022. https://doi.org/10.5479/si.GVP.VOTW4-2013","-27","-57"
"652","1132",Tenorio,brak danych,Kostaryka,stratowulkan,nieznana data wybuchu,andezyt / andezyt bazaltowy,strefa subdukcji / skorupa kontynentalna (>25 km),Wulkan,"Global Volcanism Program, 2013. Volcanoes of the World, v. 4.11.0. Venzke, E (ed.). Smithsonian Institution. Downloaded 20 Jun 2022. https://doi.org/10.5479/si.GVP.VOTW4-2013","-85","11"
"653","1134",Platanar,brak danych,Kostaryka,stratowulkan,nieznana data wybuchu,andezyt / andezyt bazaltowy,strefa subdukcji / skorupa kontynentalna (>25 km),Wulkan,"Global Volcanism Program, 2013. Volcanoes of the World, v. 4.11.0. Venzke, E (ed.). Smithsonian Institution. Downloaded 20 Jun 2022. https://doi.org/10.5479/si.GVP.VOTW4-2013","-84","10"
"654","1149",Sotara,brak danych,Kolumbia,stratowulkan,nieznana data wybuchu,andezyt / andezyt bazaltowy,strefa subdukcji / skorupa kontynentalna (>25 km),Wulkan,"Global Volcanism Program, 2013. Volcanoes of the World, v. 4.11.0. Venzke, E (ed.). Smithsonian Institution. Downloaded 20 Jun 2022. https://doi.org/10.5479/si.GVP.VOTW4-2013","-77","2"
"655","1170",Illiniza,brak danych,Ekwador,stratowulkan,nieznana data wybuchu,andezyt / andezyt bazaltowy,strefa subdukcji / skorupa kontynentalna (>25 km),Wulkan,"Global Volcanism Program, 2013. Volcanoes of the World, v. 4.11.0. Venzke, E (ed.). Smithsonian Institution. Downloaded 20 Jun 2022. https://doi.org/10.5479/si.GVP.VOTW4-2013","-79","-1"
"656","1192",Sara Sara,brak danych,Peru,stratowulkan,nieznana data wybuchu,andezyt / andezyt bazaltowy,strefa subdukcji / skorupa kontynentalna (>25 km),Wulkan,"Global Volcanism Program, 2013. Volcanoes of the World, v. 4.11.0. Venzke, E (ed.). Smithsonian Institution. Downloaded 20 Jun 2022. https://doi.org/10.5479/si.GVP.VOTW4-2013","-73","-15"
"657","1193",Coropuna,brak danych,Peru,stratowulkan,nieznana data wybuchu,andezyt / andezyt bazaltowy,strefa subdukcji / skorupa kontynentalna (>25 km),Wulkan,"Global Volcanism Program, 2013. Volcanoes of the World, v. 4.11.0. Venzke, E (ed.). Smithsonian Institution. Downloaded 20 Jun 2022. https://doi.org/10.5479/si.GVP.VOTW4-2013","-73","-16"
"658","1212",Tata Sabaya,brak danych,Boliwia,stratowulkan,nieznana data wybuchu,andezyt / andezyt bazaltowy,strefa subdukcji / skorupa kontynentalna (>25 km),Wulkan,"Global Volcanism Program, 2013. Volcanoes of the World, v. 4.11.0. Venzke, E (ed.). Smithsonian Institution. Downloaded 20 Jun 2022. https://doi.org/10.5479/si.GVP.VOTW4-2013","-69","-19"
"659","1221",Sairecabur,brak danych,Chile - Boliwia,stratowulkan,nieznana data wybuchu,andezyt / andezyt bazaltowy,strefa subdukcji / skorupa kontynentalna (>25 km),Wulkan,"Global Volcanism Program, 2013. Volcanoes of the World, v. 4.11.0. Venzke, E (ed.). Smithsonian Institution. Downloaded 20 Jun 2022. https://doi.org/10.5479/si.GVP.VOTW4-2013","-68","-23"
"660","587",Tutuila,"440",Stany Zjednoczone,stożkowy,erupcja datowana,bazalt / pikryt,strefa subdukcji / skorupa oceaniczna (< 15 km),Wulkan,"Global Volcanism Program, 2013. Volcanoes of the World, v. 4.11.0. Venzke, E (ed.). Smithsonian Institution. Downloaded 20 Jun 2022. https://doi.org/10.5479/si.GVP.VOTW4-2013","-171","-14"
"661","1222",Licancabur,brak danych,Chile - Boliwia,stratowulkan,nieznana data wybuchu,andezyt / andezyt bazaltowy,strefa subdukcji / skorupa kontynentalna (>25 km),Wulkan,"Global Volcanism Program, 2013. Volcanoes of the World, v. 4.11.0. Venzke, E (ed.). Smithsonian Institution. Downloaded 20 Jun 2022. https://doi.org/10.5479/si.GVP.VOTW4-2013","-68","-23"
"662","1231",Mehetia,brak danych,Francja,stratowulkan,nieznana data wybuchu,tefryt / trachybazalt,strefa subdukcji / skorupa oceaniczna (< 15 km),Wulkan,"Global Volcanism Program, 2013. Volcanoes of the World, v. 4.11.0. Venzke, E (ed.). Smithsonian Institution. Downloaded 20 Jun 2022. https://doi.org/10.5479/si.GVP.VOTW4-2013","-148","-18"
"663","1260",Sanganguey,brak danych,Meksyk,stratowulkan,nieznana data wybuchu,andezyt / andezyt bazaltowy,strefa subdukcji / skorupa kontynentalna (>25 km),Wulkan,"Global Volcanism Program, 2013. Volcanoes of the World, v. 4.11.0. Venzke, E (ed.). Smithsonian Institution. Downloaded 20 Jun 2022. https://doi.org/10.5479/si.GVP.VOTW4-2013","-105","21"
"664","1270",Iztaccihuatl,brak danych,Meksyk,stratowulkan,nieznana data wybuchu,andezyt / andezyt bazaltowy,strefa subdukcji / skorupa kontynentalna (>25 km),Wulkan,"Global Volcanism Program, 2013. Volcanoes of the World, v. 4.11.0. Venzke, E (ed.). Smithsonian Institution. Downloaded 20 Jun 2022. https://doi.org/10.5479/si.GVP.VOTW4-2013","-99","19"
"665","1284",Tajumulco,brak danych,Gwatemala,stratowulkan,nieznana data wybuchu,dacyt,strefa subdukcji / skorupa kontynentalna (>25 km),Wulkan,"Global Volcanism Program, 2013. Volcanoes of the World, v. 4.11.0. Venzke, E (ed.). Smithsonian Institution. Downloaded 20 Jun 2022. https://doi.org/10.5479/si.GVP.VOTW4-2013","-92","15"
"666","1288",Toliman,brak danych,Gwatemala,stratowulkan,nieznana data wybuchu,andezyt / andezyt bazaltowy,strefa subdukcji / skorupa kontynentalna (>25 km),Wulkan,"Global Volcanism Program, 2013. Volcanoes of the World, v. 4.11.0. Venzke, E (ed.). Smithsonian Institution. Downloaded 20 Jun 2022. https://doi.org/10.5479/si.GVP.VOTW4-2013","-91","15"
"667","1291",Agua,brak danych,Gwatemala,stratowulkan,nieznana data wybuchu,andezyt / andezyt bazaltowy,strefa subdukcji / skorupa kontynentalna (>25 km),Wulkan,"Global Volcanism Program, 2013. Volcanoes of the World, v. 4.11.0. Venzke, E (ed.). Smithsonian Institution. Downloaded 20 Jun 2022. https://doi.org/10.5479/si.GVP.VOTW4-2013","-91","14"
"668","1296",Moyuta,brak danych,Gwatemala,stratowulkan,nieznana data wybuchu,andezyt / andezyt bazaltowy,strefa subdukcji / skorupa kontynentalna (>25 km),Wulkan,"Global Volcanism Program, 2013. Volcanoes of the World, v. 4.11.0. Venzke, E (ed.). Smithsonian Institution. Downloaded 20 Jun 2022. https://doi.org/10.5479/si.GVP.VOTW4-2013","-90","14"
"669","1298",Tahual,brak danych,Gwatemala,stratowulkan,nieznana data wybuchu,bazalt / pikryt,strefa subdukcji / skorupa kontynentalna (>25 km),Wulkan,"Global Volcanism Program, 2013. Volcanoes of the World, v. 4.11.0. Venzke, E (ed.). Smithsonian Institution. Downloaded 20 Jun 2022. https://doi.org/10.5479/si.GVP.VOTW4-2013","-90","14"
"670","1300",Suchitan,brak danych,Gwatemala,stratowulkan,nieznana data wybuchu,andezyt / andezyt bazaltowy,strefa subdukcji / skorupa kontynentalna (>25 km),Wulkan,"Global Volcanism Program, 2013. Volcanoes of the World, v. 4.11.0. Venzke, E (ed.). Smithsonian Institution. Downloaded 20 Jun 2022. https://doi.org/10.5479/si.GVP.VOTW4-2013","-90","14"
"671","1301",Chingo,brak danych,Gwatemala - Salwador,stratowulkan,nieznana data wybuchu,andezyt / andezyt bazaltowy,strefa subdukcji / skorupa kontynentalna (>25 km),Wulkan,"Global Volcanism Program, 2013. Volcanoes of the World, v. 4.11.0. Venzke, E (ed.). Smithsonian Institution. Downloaded 20 Jun 2022. https://doi.org/10.5479/si.GVP.VOTW4-2013","-90","14"
"672","1303",Ipala,brak danych,Gwatemala,stratowulkan,nieznana data wybuchu,bazalt / pikryt,strefa subdukcji / skorupa kontynentalna (>25 km),Wulkan,"Global Volcanism Program, 2013. Volcanoes of the World, v. 4.11.0. Venzke, E (ed.). Smithsonian Institution. Downloaded 20 Jun 2022. https://doi.org/10.5479/si.GVP.VOTW4-2013","-90","15"
"673","1308",Apaneca Range,brak danych,Salwador,stratowulkan,nieznana data wybuchu,bazalt / pikryt,strefa subdukcji / skorupa kontynentalna (>25 km),Wulkan,"Global Volcanism Program, 2013. Volcanoes of the World, v. 4.11.0. Venzke, E (ed.). Smithsonian Institution. Downloaded 20 Jun 2022. https://doi.org/10.5479/si.GVP.VOTW4-2013","-90","14"
"674","1316",San Vicente,brak danych,Salwador,stratowulkan,nieznana data wybuchu,andezyt / andezyt bazaltowy,strefa subdukcji / skorupa kontynentalna (>25 km),Wulkan,"Global Volcanism Program, 2013. Volcanoes of the World, v. 4.11.0. Venzke, E (ed.). Smithsonian Institution. Downloaded 20 Jun 2022. https://doi.org/10.5479/si.GVP.VOTW4-2013","-89","14"
"675","1319",Tecapa,brak danych,Salwador,stratowulkan,nieznana data wybuchu,andezyt / andezyt bazaltowy,strefa subdukcji / skorupa kontynentalna (>25 km),Wulkan,"Global Volcanism Program, 2013. Volcanoes of the World, v. 4.11.0. Venzke, E (ed.). Smithsonian Institution. Downloaded 20 Jun 2022. https://doi.org/10.5479/si.GVP.VOTW4-2013","-89","13"
"676","1320",Usulutan,brak danych,Salwador,stratowulkan,nieznana data wybuchu,bazalt / pikryt,strefa subdukcji / skorupa kontynentalna (>25 km),Wulkan,"Global Volcanism Program, 2013. Volcanoes of the World, v. 4.11.0. Venzke, E (ed.). Smithsonian Institution. Downloaded 20 Jun 2022. https://doi.org/10.5479/si.GVP.VOTW4-2013","-88","13"
"677","1321","Tigre, El",brak danych,Salwador,stratowulkan,nieznana data wybuchu,bazalt / pikryt,strefa subdukcji / skorupa kontynentalna (>25 km),Wulkan,"Global Volcanism Program, 2013. Volcanoes of the World, v. 4.11.0. Venzke, E (ed.). Smithsonian Institution. Downloaded 20 Jun 2022. https://doi.org/10.5479/si.GVP.VOTW4-2013","-88","13"
"678","1322",Chinameca,brak danych,Salwador,stratowulkan,nieznana data wybuchu,andezyt / andezyt bazaltowy,strefa subdukcji / skorupa kontynentalna (>25 km),Wulkan,"Global Volcanism Program, 2013. Volcanoes of the World, v. 4.11.0. Venzke, E (ed.). Smithsonian Institution. Downloaded 20 Jun 2022. https://doi.org/10.5479/si.GVP.VOTW4-2013","-88","13"
"679","1325","Tigre, Isla el",brak danych,Honduras,stratowulkan,nieznana data wybuchu,bazalt / pikryt,strefa subdukcji / skorupa kontynentalna (>25 km),Wulkan,"Global Volcanism Program, 2013. Volcanoes of the World, v. 4.11.0. Venzke, E (ed.). Smithsonian Institution. Downloaded 20 Jun 2022. https://doi.org/10.5479/si.GVP.VOTW4-2013","-88","13"
"680","1326","Zacate Grande, Isla",brak danych,Honduras,stratowulkan,nieznana data wybuchu,bazalt / pikryt,strefa subdukcji / skorupa kontynentalna (>25 km),Wulkan,"Global Volcanism Program, 2013. Volcanoes of the World, v. 4.11.0. Venzke, E (ed.). Smithsonian Institution. Downloaded 20 Jun 2022. https://doi.org/10.5479/si.GVP.VOTW4-2013","-88","13"
"681","1332",Rota,brak danych,Nikaragua,stratowulkan,nieznana data wybuchu,andezyt / andezyt bazaltowy,strefa subdukcji / skorupa kontynentalna (>25 km),Wulkan,"Global Volcanism Program, 2013. Volcanoes of the World, v. 4.11.0. Venzke, E (ed.). Smithsonian Institution. Downloaded 20 Jun 2022. https://doi.org/10.5479/si.GVP.VOTW4-2013","-87","13"
"682","1342",Lastarria,brak danych,Chile - Argentyna,stratowulkan,nieznana data wybuchu,andezyt / andezyt bazaltowy,strefa subdukcji / skorupa kontynentalna (>25 km),Wulkan,"Global Volcanism Program, 2013. Volcanoes of the World, v. 4.11.0. Venzke, E (ed.). Smithsonian Institution. Downloaded 20 Jun 2022. https://doi.org/10.5479/si.GVP.VOTW4-2013","-69","-25"
"683","1372",San Pedro-Pellado,brak danych,Chile,stratowulkan,nieznana data wybuchu,andezyt / andezyt bazaltowy,strefa subdukcji / skorupa kontynentalna (>25 km),Wulkan,"Global Volcanism Program, 2013. Volcanoes of the World, v. 4.11.0. Venzke, E (ed.). Smithsonian Institution. Downloaded 20 Jun 2022. https://doi.org/10.5479/si.GVP.VOTW4-2013","-71","-36"
"684","1374","Blancas, Lomas",brak danych,Chile,stratowulkan,nieznana data wybuchu,bazalt / pikryt,strefa subdukcji / skorupa kontynentalna (>25 km),Wulkan,"Global Volcanism Program, 2013. Volcanoes of the World, v. 4.11.0. Venzke, E (ed.). Smithsonian Institution. Downloaded 20 Jun 2022. https://doi.org/10.5479/si.GVP.VOTW4-2013","-71","-36"
"685","1387",Tralihue,brak danych,Argentyna,stratowulkan,nieznana data wybuchu,trachyandezyt / bazaltowy trachyandezyt,strefa subdukcji / skorupa kontynentalna (>25 km),Wulkan,"Global Volcanism Program, 2013. Volcanoes of the World, v. 4.11.0. Venzke, E (ed.). Smithsonian Institution. Downloaded 20 Jun 2022. https://doi.org/10.5479/si.GVP.VOTW4-2013","-71","-39"
"686","1399","Pantojo, Cerro",brak danych,Chile - Argentyna,stratowulkan,nieznana data wybuchu,bazalt / pikryt,strefa subdukcji / skorupa kontynentalna (>25 km),Wulkan,"Global Volcanism Program, 2013. Volcanoes of the World, v. 4.11.0. Venzke, E (ed.). Smithsonian Institution. Downloaded 20 Jun 2022. https://doi.org/10.5479/si.GVP.VOTW4-2013","-72","-41"
"687","47",Jalua,brak danych,Erytrea,stratowulkan,nieznana data wybuchu,bazalt / pikryt,strefa ryftowa / skorupa pośrednia (15-25 km),Wulkan,"Global Volcanism Program, 2013. Volcanoes of the World, v. 4.11.0. Venzke, E (ed.). Smithsonian Institution. Downloaded 20 Jun 2022. https://doi.org/10.5479/si.GVP.VOTW4-2013","40","15"
"688","48",Alid,brak danych,Erytrea,stratowulkan,nieznana data wybuchu,ryolit,strefa ryftowa / skorupa pośrednia (15-25 km),Wulkan,"Global Volcanism Program, 2013. Volcanoes of the World, v. 4.11.0. Venzke, E (ed.). Smithsonian Institution. Downloaded 20 Jun 2022. https://doi.org/10.5479/si.GVP.VOTW4-2013","40","15"
"689","50",Gada Ale,brak danych,Etiopia,stratowulkan,nieznana data wybuchu,bazalt / pikryt,strefa ryftowa / skorupa pośrednia (15-25 km),Wulkan,"Global Volcanism Program, 2013. Volcanoes of the World, v. 4.11.0. Venzke, E (ed.). Smithsonian Institution. Downloaded 20 Jun 2022. https://doi.org/10.5479/si.GVP.VOTW4-2013","40","14"
"690","53",Bora Ale,brak danych,Etiopia,stratowulkan,nieznana data wybuchu,bazalt / pikryt,strefa ryftowa / skorupa pośrednia (15-25 km),Wulkan,"Global Volcanism Program, 2013. Volcanoes of the World, v. 4.11.0. Venzke, E (ed.). Smithsonian Institution. Downloaded 20 Jun 2022. https://doi.org/10.5479/si.GVP.VOTW4-2013","41","14"
"691","1349","Solo, El",brak danych,Chile - Argentyna,stratowulkan,nieznana data wybuchu,dacyt,strefa subdukcji / skorupa kontynentalna (>25 km),Wulkan,"Global Volcanism Program, 2013. Volcanoes of the World, v. 4.11.0. Venzke, E (ed.). Smithsonian Institution. Downloaded 20 Jun 2022. https://doi.org/10.5479/si.GVP.VOTW4-2013","-69","-27"
"692","1351",Aracar,brak danych,Argentyna,stratowulkan,nieznana data wybuchu,andezyt / andezyt bazaltowy,strefa subdukcji / skorupa kontynentalna (>25 km),Wulkan,"Global Volcanism Program, 2013. Volcanoes of the World, v. 4.11.0. Venzke, E (ed.). Smithsonian Institution. Downloaded 20 Jun 2022. https://doi.org/10.5479/si.GVP.VOTW4-2013","-68","-24"
"693","1354","Condor, El",brak danych,Argentyna,stratowulkan,nieznana data wybuchu,"-",strefa subdukcji / skorupa kontynentalna (>25 km),Wulkan,"Global Volcanism Program, 2013. Volcanoes of the World, v. 4.11.0. Venzke, E (ed.). Smithsonian Institution. Downloaded 20 Jun 2022. https://doi.org/10.5479/si.GVP.VOTW4-2013","-68","-27"
"694","1355",Peinado,brak danych,Argentyna,stratowulkan,nieznana data wybuchu,andezyt / andezyt bazaltowy,strefa subdukcji / skorupa kontynentalna (>25 km),Wulkan,"Global Volcanism Program, 2013. Volcanoes of the World, v. 4.11.0. Venzke, E (ed.). Smithsonian Institution. Downloaded 20 Jun 2022. https://doi.org/10.5479/si.GVP.VOTW4-2013","-68","-27"
"695","1362",Palomo,brak danych,Chile,stratowulkan,nieznana data wybuchu,andezyt / andezyt bazaltowy,strefa subdukcji / skorupa kontynentalna (>25 km),Wulkan,"Global Volcanism Program, 2013. Volcanoes of the World, v. 4.11.0. Venzke, E (ed.). Smithsonian Institution. Downloaded 20 Jun 2022. https://doi.org/10.5479/si.GVP.VOTW4-2013","-70","-35"
"696","111",Patoc,brak danych,Filipiny,stratowulkan,holocen,andezyt / andezyt bazaltowy,strefa subdukcji / skorupa kontynentalna (>25 km),Wulkan,"Global Volcanism Program, 2013. Volcanoes of the World, v. 4.11.0. Venzke, E (ed.). Smithsonian Institution. Downloaded 20 Jun 2022. https://doi.org/10.5479/si.GVP.VOTW4-2013","121","17"
"697","404",Bazman,brak danych,Iran,stratowulkan,holocen,andezyt / andezyt bazaltowy,strefa subdukcji / skorupa kontynentalna (>25 km),Wulkan,"Global Volcanism Program, 2013. Volcanoes of the World, v. 4.11.0. Venzke, E (ed.). Smithsonian Institution. Downloaded 20 Jun 2022. https://doi.org/10.5479/si.GVP.VOTW4-2013","60","28"
"698","234",Maug Islands,brak danych,Stany Zjednoczone,stratowulkan,holocen,bazalt / pikryt,strefa subdukcji / grubość skorupy nieznana,Wulkan,"Global Volcanism Program, 2013. Volcanoes of the World, v. 4.11.0. Venzke, E (ed.). Smithsonian Institution. Downloaded 20 Jun 2022. https://doi.org/10.5479/si.GVP.VOTW4-2013","145","20"
"699","240",Zealandia Bank,brak danych,Stany Zjednoczone,stratowulkan,holocen,bazalt / pikryt,strefa subdukcji / grubość skorupy nieznana,Wulkan,"Global Volcanism Program, 2013. Volcanoes of the World, v. 4.11.0. Venzke, E (ed.). Smithsonian Institution. Downloaded 20 Jun 2022. https://doi.org/10.5479/si.GVP.VOTW4-2013","146","17"
"700","617",Sulu Range,brak danych,Papua - Nowa Gwinea,stratowulkan,holocen,andezyt / andezyt bazaltowy,strefa subdukcji / skorupa kontynentalna (>25 km),Wulkan,"Global Volcanism Program, 2013. Volcanoes of the World, v. 4.11.0. Venzke, E (ed.). Smithsonian Institution. Downloaded 20 Jun 2022. https://doi.org/10.5479/si.GVP.VOTW4-2013","151","-5"
"701","656",Ilimuda,brak danych,Indonezja,stratowulkan,holocen,andezyt / andezyt bazaltowy,strefa subdukcji / grubość skorupy nieznana,Wulkan,"Global Volcanism Program, 2013. Volcanoes of the World, v. 4.11.0. Venzke, E (ed.). Smithsonian Institution. Downloaded 20 Jun 2022. https://doi.org/10.5479/si.GVP.VOTW4-2013","123","-8"
"702","661",Ililabalekan,brak danych,Indonezja,stratowulkan,holocen,bazalt / pikryt,strefa subdukcji / grubość skorupy nieznana,Wulkan,"Global Volcanism Program, 2013. Volcanoes of the World, v. 4.11.0. Venzke, E (ed.). Smithsonian Institution. Downloaded 20 Jun 2022. https://doi.org/10.5479/si.GVP.VOTW4-2013","123","-9"
"703","670",Manuk,brak danych,Indonezja,stratowulkan,holocen,andezyt / andezyt bazaltowy,strefa subdukcji / skorupa oceaniczna (< 15 km),Wulkan,"Global Volcanism Program, 2013. Volcanoes of the World, v. 4.11.0. Venzke, E (ed.). Smithsonian Institution. Downloaded 20 Jun 2022. https://doi.org/10.5479/si.GVP.VOTW4-2013","130","-6"
"704","681",Klabat,brak danych,Indonezja,stratowulkan,holocen,andezyt / andezyt bazaltowy,strefa subdukcji / skorupa kontynentalna (>25 km),Wulkan,"Global Volcanism Program, 2013. Volcanoes of the World, v. 4.11.0. Venzke, E (ed.). Smithsonian Institution. Downloaded 20 Jun 2022. https://doi.org/10.5479/si.GVP.VOTW4-2013","125","1"
"705","703",Balut,brak danych,Filipiny,stratowulkan,holocen,andezyt / andezyt bazaltowy,strefa subdukcji / skorupa kontynentalna (>25 km),Wulkan,"Global Volcanism Program, 2013. Volcanoes of the World, v. 4.11.0. Venzke, E (ed.). Smithsonian Institution. Downloaded 20 Jun 2022. https://doi.org/10.5479/si.GVP.VOTW4-2013","125","5"
"706","706",Apo,brak danych,Filipiny,stratowulkan,holocen,andezyt / andezyt bazaltowy,strefa subdukcji / skorupa kontynentalna (>25 km),Wulkan,"Global Volcanism Program, 2013. Volcanoes of the World, v. 4.11.0. Venzke, E (ed.). Smithsonian Institution. Downloaded 20 Jun 2022. https://doi.org/10.5479/si.GVP.VOTW4-2013","125","7"
"707","718",Silay,brak danych,Filipiny,stratowulkan,holocen,andezyt / andezyt bazaltowy,strefa subdukcji / skorupa kontynentalna (>25 km),Wulkan,"Global Volcanism Program, 2013. Volcanoes of the World, v. 4.11.0. Venzke, E (ed.). Smithsonian Institution. Downloaded 20 Jun 2022. https://doi.org/10.5479/si.GVP.VOTW4-2013","123","11"
"708","720",Mahagnao,brak danych,Filipiny,stratowulkan,holocen,andezyt / andezyt bazaltowy,strefa subdukcji / skorupa kontynentalna (>25 km),Wulkan,"Global Volcanism Program, 2013. Volcanoes of the World, v. 4.11.0. Venzke, E (ed.). Smithsonian Institution. Downloaded 20 Jun 2022. https://doi.org/10.5479/si.GVP.VOTW4-2013","125","11"
"709","864","Daun, Bukit",brak danych,Indonezja,stratowulkan,holocen,bazalt / pikryt,strefa subdukcji / skorupa kontynentalna (>25 km),Wulkan,"Global Volcanism Program, 2013. Volcanoes of the World, v. 4.11.0. Venzke, E (ed.). Smithsonian Institution. Downloaded 20 Jun 2022. https://doi.org/10.5479/si.GVP.VOTW4-2013","102","-3"
"710","867",Patah,brak danych,Indonezja,stratowulkan,holocen,"-",strefa subdukcji / skorupa kontynentalna (>25 km),Wulkan,"Global Volcanism Program, 2013. Volcanoes of the World, v. 4.11.0. Venzke, E (ed.). Smithsonian Institution. Downloaded 20 Jun 2022. https://doi.org/10.5479/si.GVP.VOTW4-2013","103","-4"
"711","872",Rajabasa,brak danych,Indonezja,stratowulkan,holocen,andezyt / andezyt bazaltowy,strefa subdukcji / skorupa kontynentalna (>25 km),Wulkan,"Global Volcanism Program, 2013. Volcanoes of the World, v. 4.11.0. Venzke, E (ed.). Smithsonian Institution. Downloaded 20 Jun 2022. https://doi.org/10.5479/si.GVP.VOTW4-2013","106","-6"
"712","886",Talagabodas,brak danych,Indonezja,stratowulkan,holocen,bazalt / pikryt,strefa subdukcji / skorupa kontynentalna (>25 km),Wulkan,"Global Volcanism Program, 2013. Volcanoes of the World, v. 4.11.0. Venzke, E (ed.). Smithsonian Institution. Downloaded 20 Jun 2022. https://doi.org/10.5479/si.GVP.VOTW4-2013","108","-7"
"713","902",Kukak,brak danych,Stany Zjednoczone,stratowulkan,holocen,andezyt / andezyt bazaltowy,strefa subdukcji / skorupa kontynentalna (>25 km),Wulkan,"Global Volcanism Program, 2013. Volcanoes of the World, v. 4.11.0. Venzke, E (ed.). Smithsonian Institution. Downloaded 20 Jun 2022. https://doi.org/10.5479/si.GVP.VOTW4-2013","-154","58"
"714","1051",Esjufjoll,brak danych,Islandia,stratowulkan,holocen,bazalt / pikryt,strefa ryftowa / skorupa oceaniczna (< 15 km),Wulkan,"Global Volcanism Program, 2013. Volcanoes of the World, v. 4.11.0. Venzke, E (ed.). Smithsonian Institution. Downloaded 20 Jun 2022. https://doi.org/10.5479/si.GVP.VOTW4-2013","-17","64"
"715","1111",Leskov Island,brak danych,Wielka Brytania,stratowulkan,holocen,andezyt / andezyt bazaltowy,strefa subdukcji / skorupa oceaniczna (< 15 km),Wulkan,"Global Volcanism Program, 2013. Volcanoes of the World, v. 4.11.0. Venzke, E (ed.). Smithsonian Institution. Downloaded 20 Jun 2022. https://doi.org/10.5479/si.GVP.VOTW4-2013","-28","-57"
"716","1122",Mombacho,brak danych,Nikaragua,stratowulkan,holocen,andezyt / andezyt bazaltowy,strefa subdukcji / skorupa kontynentalna (>25 km),Wulkan,"Global Volcanism Program, 2013. Volcanoes of the World, v. 4.11.0. Venzke, E (ed.). Smithsonian Institution. Downloaded 20 Jun 2022. https://doi.org/10.5479/si.GVP.VOTW4-2013","-86","12"
"717","1206",Tacora,brak danych,Chile - Peru,stratowulkan,holocen,andezyt / andezyt bazaltowy,strefa subdukcji / skorupa kontynentalna (>25 km),Wulkan,"Global Volcanism Program, 2013. Volcanoes of the World, v. 4.11.0. Venzke, E (ed.). Smithsonian Institution. Downloaded 20 Jun 2022. https://doi.org/10.5479/si.GVP.VOTW4-2013","-70","-18"
"718","689",Tobaru,brak danych,Indonezja,stratowulkan,nieznana data wybuchu,andezyt / andezyt bazaltowy,strefa subdukcji / skorupa oceaniczna (< 15 km),Wulkan,"Global Volcanism Program, 2013. Volcanoes of the World, v. 4.11.0. Venzke, E (ed.). Smithsonian Institution. Downloaded 20 Jun 2022. https://doi.org/10.5479/si.GVP.VOTW4-2013","128","2"
"719","1389",Llaima,"2009",Chile,stratowulkan,erupcja zaobserwowana,bazalt / pikryt,strefa subdukcji / skorupa kontynentalna (>25 km),Wulkan,"Global Volcanism Program, 2013. Volcanoes of the World, v. 4.11.0. Venzke, E (ed.). Smithsonian Institution. Downloaded 20 Jun 2022. https://doi.org/10.5479/si.GVP.VOTW4-2013","-72","-39"
"720","1282","Chichon, El","1982",Meksyk,kopuła lawowa,erupcja zaobserwowana,trachyandezyt / bazaltowy trachyandezyt,strefa subdukcji / skorupa kontynentalna (>25 km),Wulkan,"Global Volcanism Program, 2013. Volcanoes of the World, v. 4.11.0. Venzke, E (ed.). Smithsonian Institution. Downloaded 20 Jun 2022. https://doi.org/10.5479/si.GVP.VOTW4-2013","-93","17"
"721","20",Methana,258 p.n.e.,Grecja,kopuła lawowa,erupcja zaobserwowana,andezyt / andezyt bazaltowy,strefa subdukcji / skorupa kontynentalna (>25 km),Wulkan,"Global Volcanism Program, 2013. Volcanoes of the World, v. 4.11.0. Venzke, E (ed.). Smithsonian Institution. Downloaded 20 Jun 2022. https://doi.org/10.5479/si.GVP.VOTW4-2013","23","38"
"722","795",Shisheika,2240 p.n.e.,Rosja,kopuła lawowa,erupcja datowana,andezyt / andezyt bazaltowy,strefa subdukcji / skorupa kontynentalna (>25 km),Wulkan,"Global Volcanism Program, 2013. Volcanoes of the World, v. 4.11.0. Venzke, E (ed.). Smithsonian Institution. Downloaded 20 Jun 2022. https://doi.org/10.5479/si.GVP.VOTW4-2013","161","57"
"723","134",Tatun Volcanic Group,"648",Tajwan,kopuła lawowa,erupcja datowana,andezyt / andezyt bazaltowy,strefa subdukcji / skorupa kontynentalna (>25 km),Wulkan,"Global Volcanism Program, 2013. Volcanoes of the World, v. 4.11.0. Venzke, E (ed.). Smithsonian Institution. Downloaded 20 Jun 2022. https://doi.org/10.5479/si.GVP.VOTW4-2013","122","25"
"724","167",Niigata-Yakeyama,"1998",Japonia,kopuła lawowa,erupcja zaobserwowana,andezyt / andezyt bazaltowy,strefa subdukcji / skorupa kontynentalna (>25 km),Wulkan,"Global Volcanism Program, 2013. Volcanoes of the World, v. 4.11.0. Venzke, E (ed.). Smithsonian Institution. Downloaded 20 Jun 2022. https://doi.org/10.5479/si.GVP.VOTW4-2013","138","37"
"725","177",Omanago Group,3050 p.n.e.,Japonia,kopuła lawowa,erupcja datowana,dacyt,strefa subdukcji / skorupa kontynentalna (>25 km),Wulkan,"Global Volcanism Program, 2013. Volcanoes of the World, v. 4.11.0. Venzke, E (ed.). Smithsonian Institution. Downloaded 20 Jun 2022. https://doi.org/10.5479/si.GVP.VOTW4-2013","140","37"
"726","903",Kaguyak,3850 p.n.e.,Stany Zjednoczone,kopuła lawowa,erupcja datowana,dacyt,strefa subdukcji / skorupa kontynentalna (>25 km),Wulkan,"Global Volcanism Program, 2013. Volcanoes of the World, v. 4.11.0. Venzke, E (ed.). Smithsonian Institution. Downloaded 20 Jun 2022. https://doi.org/10.5479/si.GVP.VOTW4-2013","-154","59"
"727","906",Augustine,"2006",Stany Zjednoczone,kopuła lawowa,erupcja zaobserwowana,andezyt / andezyt bazaltowy,strefa subdukcji / skorupa kontynentalna (>25 km),Wulkan,"Global Volcanism Program, 2013. Volcanoes of the World, v. 4.11.0. Venzke, E (ed.). Smithsonian Institution. Downloaded 20 Jun 2022. https://doi.org/10.5479/si.GVP.VOTW4-2013","-153","59"
"728","200",Niijima,"886",Japonia,kopuła lawowa,erupcja zaobserwowana,ryolit,strefa subdukcji / skorupa oceaniczna (< 15 km),Wulkan,"Global Volcanism Program, 2013. Volcanoes of the World, v. 4.11.0. Venzke, E (ed.). Smithsonian Institution. Downloaded 20 Jun 2022. https://doi.org/10.5479/si.GVP.VOTW4-2013","139","34"
"729","201",Kozushima,"838",Japonia,kopuła lawowa,erupcja zaobserwowana,ryolit,strefa subdukcji / skorupa oceaniczna (< 15 km),Wulkan,"Global Volcanism Program, 2013. Volcanoes of the World, v. 4.11.0. Venzke, E (ed.). Smithsonian Institution. Downloaded 20 Jun 2022. https://doi.org/10.5479/si.GVP.VOTW4-2013","139","34"
"730","152",Yufu-Tsurumi,"867",Japonia,kopuła lawowa,erupcja zaobserwowana,andezyt / andezyt bazaltowy,strefa subdukcji / skorupa kontynentalna (>25 km),Wulkan,"Global Volcanism Program, 2013. Volcanoes of the World, v. 4.11.0. Venzke, E (ed.). Smithsonian Institution. Downloaded 20 Jun 2022. https://doi.org/10.5479/si.GVP.VOTW4-2013","131","33"
"731","211",Diky Greben,"350",Rosja,kopuła lawowa,erupcja datowana,dacyt,strefa subdukcji / skorupa kontynentalna (>25 km),Wulkan,"Global Volcanism Program, 2013. Volcanoes of the World, v. 4.11.0. Venzke, E (ed.). Smithsonian Institution. Downloaded 20 Jun 2022. https://doi.org/10.5479/si.GVP.VOTW4-2013","157","51"
"732","969",Mono-Inyo Craters,"1380",Stany Zjednoczone,kopuła lawowa,erupcja datowana,ryolit,strefa ryftowa / skorupa kontynentalna (>25 km),Wulkan,"Global Volcanism Program, 2013. Volcanoes of the World, v. 4.11.0. Venzke, E (ed.). Smithsonian Institution. Downloaded 20 Jun 2022. https://doi.org/10.5479/si.GVP.VOTW4-2013","-119","38"
"733","970",Mammoth Mountain,"1260",Stany Zjednoczone,kopuła lawowa,erupcja datowana,trachit,strefa ryftowa / skorupa kontynentalna (>25 km),Wulkan,"Global Volcanism Program, 2013. Volcanoes of the World, v. 4.11.0. Venzke, E (ed.). Smithsonian Institution. Downloaded 20 Jun 2022. https://doi.org/10.5479/si.GVP.VOTW4-2013","-119","38"
"734","974",Salton Buttes,"210",Stany Zjednoczone,kopuła lawowa,erupcja datowana,ryolit,strefa ryftowa / skorupa kontynentalna (>25 km),Wulkan,"Global Volcanism Program, 2013. Volcanoes of the World, v. 4.11.0. Venzke, E (ed.). Smithsonian Institution. Downloaded 20 Jun 2022. https://doi.org/10.5479/si.GVP.VOTW4-2013","-116","33"
"735","252",Esan,"1874",Japonia,kopuła lawowa,erupcja zaobserwowana,andezyt / andezyt bazaltowy,strefa subdukcji / skorupa kontynentalna (>25 km),Wulkan,"Global Volcanism Program, 2013. Volcanoes of the World, v. 4.11.0. Venzke, E (ed.). Smithsonian Institution. Downloaded 20 Jun 2022. https://doi.org/10.5479/si.GVP.VOTW4-2013","141","42"
"736","1202",Ticsani,"1800",Peru,kopuła lawowa,erupcja datowana,dacyt,strefa subdukcji / skorupa kontynentalna (>25 km),Wulkan,"Global Volcanism Program, 2013. Volcanoes of the World, v. 4.11.0. Venzke, E (ed.). Smithsonian Institution. Downloaded 20 Jun 2022. https://doi.org/10.5479/si.GVP.VOTW4-2013","-71","-17"
"737","541",Okataina,"1981",Nowa Zelandia,kopuła lawowa,erupcja zaobserwowana,ryolit,strefa subdukcji / skorupa kontynentalna (>25 km),Wulkan,"Global Volcanism Program, 2013. Volcanoes of the World, v. 4.11.0. Venzke, E (ed.). Smithsonian Institution. Downloaded 20 Jun 2022. https://doi.org/10.5479/si.GVP.VOTW4-2013","177","-38"
"738","1190",Quimsachata,4450 p.n.e.,Peru,kopuła lawowa,erupcja datowana,ryolit,strefa subdukcji / skorupa kontynentalna (>25 km),Wulkan,"Global Volcanism Program, 2013. Volcanoes of the World, v. 4.11.0. Venzke, E (ed.). Smithsonian Institution. Downloaded 20 Jun 2022. https://doi.org/10.5479/si.GVP.VOTW4-2013","-71","-14"
"739","2",Chaine des Puys,4040 p.n.e.,Francja,kopuła lawowa,erupcja datowana,bazalt / pikryt,strefa ryftowa / skorupa kontynentalna (>25 km),Wulkan,"Global Volcanism Program, 2013. Volcanoes of the World, v. 4.11.0. Venzke, E (ed.). Smithsonian Institution. Downloaded 20 Jun 2022. https://doi.org/10.5479/si.GVP.VOTW4-2013","3","46"
"740","1430",Fueguino,"1820",Chile,kopuła lawowa,erupcja zaobserwowana,andezyt / andezyt bazaltowy,strefa subdukcji / skorupa kontynentalna (>25 km),Wulkan,"Global Volcanism Program, 2013. Volcanoes of the World, v. 4.11.0. Venzke, E (ed.). Smithsonian Institution. Downloaded 20 Jun 2022. https://doi.org/10.5479/si.GVP.VOTW4-2013","-70","-55"
"741","593",Nabukelevu,"1660",Fidżi,kopuła lawowa,erupcja datowana,andezyt / andezyt bazaltowy,strefa subdukcji / grubość skorupy nieznana,Wulkan,"Global Volcanism Program, 2013. Volcanoes of the World, v. 4.11.0. Venzke, E (ed.). Smithsonian Institution. Downloaded 20 Jun 2022. https://doi.org/10.5479/si.GVP.VOTW4-2013","178","-19"
"742","647",Ranakah,"1991",Indonezja,kopuła lawowa,erupcja zaobserwowana,andezyt / andezyt bazaltowy,strefa subdukcji / skorupa kontynentalna (>25 km),Wulkan,"Global Volcanism Program, 2013. Volcanoes of the World, v. 4.11.0. Venzke, E (ed.). Smithsonian Institution. Downloaded 20 Jun 2022. https://doi.org/10.5479/si.GVP.VOTW4-2013","121","-9"
"743","712",Musuan,"1886",Filipiny,kopuła lawowa,erupcja zaobserwowana,andezyt / andezyt bazaltowy,strefa subdukcji / skorupa kontynentalna (>25 km),Wulkan,"Global Volcanism Program, 2013. Volcanoes of the World, v. 4.11.0. Venzke, E (ed.). Smithsonian Institution. Downloaded 20 Jun 2022. https://doi.org/10.5479/si.GVP.VOTW4-2013","125","8"
"744","1410",Huequi,"1920",Chile,kopuła lawowa,erupcja zaobserwowana,andezyt / andezyt bazaltowy,strefa subdukcji / skorupa kontynentalna (>25 km),Wulkan,"Global Volcanism Program, 2013. Volcanoes of the World, v. 4.11.0. Venzke, E (ed.). Smithsonian Institution. Downloaded 20 Jun 2022. https://doi.org/10.5479/si.GVP.VOTW4-2013","-73","-42"
"745","733",Barkhatnaya Sopka,3550 p.n.e.,Rosja,kopuła lawowa,erupcja datowana,bazalt / pikryt,strefa subdukcji / skorupa kontynentalna (>25 km),Wulkan,"Global Volcanism Program, 2013. Volcanoes of the World, v. 4.11.0. Venzke, E (ed.). Smithsonian Institution. Downloaded 20 Jun 2022. https://doi.org/10.5479/si.GVP.VOTW4-2013","158","53"
"746","28",Gollu Dag,brak danych,Turcja,kopuła lawowa,brak dowodów na wybuch,ryolit,strefa subdukcji / skorupa kontynentalna (>25 km),Wulkan,"Global Volcanism Program, 2013. Volcanoes of the World, v. 4.11.0. Venzke, E (ed.). Smithsonian Institution. Downloaded 20 Jun 2022. https://doi.org/10.5479/si.GVP.VOTW4-2013","35","38"
"747","1150",Petacas,brak danych,Kolumbia,kopuła lawowa,brak dowodów na wybuch,"-",strefa subdukcji / skorupa kontynentalna (>25 km),Wulkan,"Global Volcanism Program, 2013. Volcanoes of the World, v. 4.11.0. Venzke, E (ed.). Smithsonian Institution. Downloaded 20 Jun 2022. https://doi.org/10.5479/si.GVP.VOTW4-2013","-77","2"
"748","1214",Jatun Mundo Quri Warani,brak danych,Boliwia,kopuła lawowa,brak dowodów na wybuch,dacyt,strefa subdukcji / skorupa kontynentalna (>25 km),Wulkan,"Global Volcanism Program, 2013. Volcanoes of the World, v. 4.11.0. Venzke, E (ed.). Smithsonian Institution. Downloaded 20 Jun 2022. https://doi.org/10.5479/si.GVP.VOTW4-2013","-66","-20"
"749","1245","Prieto, Cerro",brak danych,Meksyk,kopuła lawowa,brak dowodów na wybuch,dacyt,strefa ryftowa / skorupa kontynentalna (>25 km),Wulkan,"Global Volcanism Program, 2013. Volcanoes of the World, v. 4.11.0. Venzke, E (ed.). Smithsonian Institution. Downloaded 20 Jun 2022. https://doi.org/10.5479/si.GVP.VOTW4-2013","-115","32"
"750","1381",Trolon,brak danych,Argentyna,kopuła lawowa,brak dowodów na wybuch,dacyt,strefa subdukcji / skorupa kontynentalna (>25 km),Wulkan,"Global Volcanism Program, 2013. Volcanoes of the World, v. 4.11.0. Venzke, E (ed.). Smithsonian Institution. Downloaded 20 Jun 2022. https://doi.org/10.5479/si.GVP.VOTW4-2013","-71","-38"
"751","514",Unnamed,brak danych,Stany Zjednoczone,kopuła lawowa,nieznana data wybuchu,"-",strefa subdukcji / skorupa kontynentalna (>25 km),Wulkan,"Global Volcanism Program, 2013. Volcanoes of the World, v. 4.11.0. Venzke, E (ed.). Smithsonian Institution. Downloaded 20 Jun 2022. https://doi.org/10.5479/si.GVP.VOTW4-2013","-155","58"
"752","24",Yali,brak danych,Grecja,kopuła lawowa,nieznana data wybuchu,ryolit,strefa subdukcji / skorupa kontynentalna (>25 km),Wulkan,"Global Volcanism Program, 2013. Volcanoes of the World, v. 4.11.0. Venzke, E (ed.). Smithsonian Institution. Downloaded 20 Jun 2022. https://doi.org/10.5479/si.GVP.VOTW4-2013","27","37"
"753","734",Bolshe-Bannaya,brak danych,Rosja,kopuła lawowa,nieznana data wybuchu,bazalt / pikryt,strefa subdukcji / skorupa kontynentalna (>25 km),Wulkan,"Global Volcanism Program, 2013. Volcanoes of the World, v. 4.11.0. Venzke, E (ed.). Smithsonian Institution. Downloaded 20 Jun 2022. https://doi.org/10.5479/si.GVP.VOTW4-2013","158","53"
"754","808",Iamalele,brak danych,Papua - Nowa Gwinea,kopuła lawowa,nieznana data wybuchu,andezyt / andezyt bazaltowy,strefa subdukcji / skorupa kontynentalna (>25 km),Wulkan,"Global Volcanism Program, 2013. Volcanoes of the World, v. 4.11.0. Venzke, E (ed.). Smithsonian Institution. Downloaded 20 Jun 2022. https://doi.org/10.5479/si.GVP.VOTW4-2013","151","-10"
"755","1007","Diables, Morne aux",brak danych,Dominika,kopuła lawowa,nieznana data wybuchu,andezyt / andezyt bazaltowy,strefa subdukcji / skorupa oceaniczna (< 15 km),Wulkan,"Global Volcanism Program, 2013. Volcanoes of the World, v. 4.11.0. Venzke, E (ed.). Smithsonian Institution. Downloaded 20 Jun 2022. https://doi.org/10.5479/si.GVP.VOTW4-2013","-61","16"
"756","1223",Guayaques,brak danych,Chile - Boliwia,kopuła lawowa,nieznana data wybuchu,dacyt,strefa subdukcji / skorupa kontynentalna (>25 km),Wulkan,"Global Volcanism Program, 2013. Volcanoes of the World, v. 4.11.0. Venzke, E (ed.). Smithsonian Institution. Downloaded 20 Jun 2022. https://doi.org/10.5479/si.GVP.VOTW4-2013","-68","-23"
"757","1269",Papayo,brak danych,Meksyk,kopuła lawowa,nieznana data wybuchu,dacyt,strefa subdukcji / skorupa kontynentalna (>25 km),Wulkan,"Global Volcanism Program, 2013. Volcanoes of the World, v. 4.11.0. Venzke, E (ed.). Smithsonian Institution. Downloaded 20 Jun 2022. https://doi.org/10.5479/si.GVP.VOTW4-2013","-99","19"
"758","1302",Ixtepeque,brak danych,Gwatemala,kopuła lawowa,nieznana data wybuchu,ryolit,strefa subdukcji / skorupa kontynentalna (>25 km),Wulkan,"Global Volcanism Program, 2013. Volcanoes of the World, v. 4.11.0. Venzke, E (ed.). Smithsonian Institution. Downloaded 20 Jun 2022. https://doi.org/10.5479/si.GVP.VOTW4-2013","-90","14"
"759","915",Buzzard Creek,1050 p.n.e.,Stany Zjednoczone,stożkowy,erupcja datowana,bazalt / pikryt,strefa subdukcji / skorupa kontynentalna (>25 km),Wulkan,"Global Volcanism Program, 2013. Volcanoes of the World, v. 4.11.0. Venzke, E (ed.). Smithsonian Institution. Downloaded 20 Jun 2022. https://doi.org/10.5479/si.GVP.VOTW4-2013","-148","64"
"760","309",Karpinsky Group,"1952",Rosja,stożkowy,erupcja zaobserwowana,andezyt / andezyt bazaltowy,strefa subdukcji / skorupa kontynentalna (>25 km),Wulkan,"Global Volcanism Program, 2013. Volcanoes of the World, v. 4.11.0. Venzke, E (ed.). Smithsonian Institution. Downloaded 20 Jun 2022. https://doi.org/10.5479/si.GVP.VOTW4-2013","155","50"
"761","5",Larderello,"1282",Włochy,stożkowy,erupcja zaobserwowana,"-",strefa subdukcji / skorupa kontynentalna (>25 km),Wulkan,"Global Volcanism Program, 2013. Volcanoes of the World, v. 4.11.0. Venzke, E (ed.). Smithsonian Institution. Downloaded 20 Jun 2022. https://doi.org/10.5479/si.GVP.VOTW4-2013","11","43"
"762","348",Igwisi Hills,10450 p.n.e.,Tanzania,stożkowy,erupcja datowana,foidyt,strefa ryftowa / skorupa kontynentalna (>25 km),Wulkan,"Global Volcanism Program, 2013. Volcanoes of the World, v. 4.11.0. Venzke, E (ed.). Smithsonian Institution. Downloaded 20 Jun 2022. https://doi.org/10.5479/si.GVP.VOTW4-2013","32","-5"
"763","95",Tullu Moje,"1900",Etiopia,stożkowy,erupcja zaobserwowana,ryolit,strefa ryftowa / skorupa kontynentalna (>25 km),Wulkan,"Global Volcanism Program, 2013. Volcanoes of the World, v. 4.11.0. Venzke, E (ed.). Smithsonian Institution. Downloaded 20 Jun 2022. https://doi.org/10.5479/si.GVP.VOTW4-2013","39","8"
"764","4",Calatrava Volcanic Field,3600 p.n.e.,Hiszpania,stożkowy,erupcja datowana,bazalt / pikryt,strefa subdukcji / skorupa kontynentalna (>25 km),Wulkan,"Global Volcanism Program, 2013. Volcanoes of the World, v. 4.11.0. Venzke, E (ed.). Smithsonian Institution. Downloaded 20 Jun 2022. https://doi.org/10.5479/si.GVP.VOTW4-2013","-4","39"
"765","1276",Naolinco Volcanic Field,1200 p.n.e.,Meksyk,stożkowy,erupcja datowana,bazalt / pikryt,strefa subdukcji / skorupa kontynentalna (>25 km),Wulkan,"Global Volcanism Program, 2013. Volcanoes of the World, v. 4.11.0. Venzke, E (ed.). Smithsonian Institution. Downloaded 20 Jun 2022. https://doi.org/10.5479/si.GVP.VOTW4-2013","-97","20"
"766","42",Tskhouk-Karckar,3000 p.n.e.,Armenia-Azerbejdżan,stożkowy,erupcja datowana,andezyt / andezyt bazaltowy,strefa subdukcji / skorupa kontynentalna (>25 km),Wulkan,"Global Volcanism Program, 2013. Volcanoes of the World, v. 4.11.0. Venzke, E (ed.). Smithsonian Institution. Downloaded 20 Jun 2022. https://doi.org/10.5479/si.GVP.VOTW4-2013","46","40"
"767","342",Olkaria,"1770",Kenia,stożkowy,erupcja datowana,ryolit,strefa ryftowa / skorupa kontynentalna (>25 km),Wulkan,"Global Volcanism Program, 2013. Volcanoes of the World, v. 4.11.0. Venzke, E (ed.). Smithsonian Institution. Downloaded 20 Jun 2022. https://doi.org/10.5479/si.GVP.VOTW4-2013","36","-1"
"768","381",Meidob Volcanic Field,2950 p.n.e.,Sudan,stożkowy,erupcja datowana,tefryt / trachybazalt,strefa subdukcji / skorupa kontynentalna (>25 km),Wulkan,"Global Volcanism Program, 2013. Volcanoes of the World, v. 4.11.0. Venzke, E (ed.). Smithsonian Institution. Downloaded 20 Jun 2022. https://doi.org/10.5479/si.GVP.VOTW4-2013","26","15"
"769","382",Bayuda Volcanic Field,"850",Sudan,stożkowy,erupcja datowana,tefryt / trachybazalt,strefa subdukcji / skorupa kontynentalna (>25 km),Wulkan,"Global Volcanism Program, 2013. Volcanoes of the World, v. 4.11.0. Venzke, E (ed.). Smithsonian Institution. Downloaded 20 Jun 2022. https://doi.org/10.5479/si.GVP.VOTW4-2013","33","18"
"770","121",Hainan Volcanic Field,"1933",Chiny,stożkowy,erupcja zaobserwowana,bazalt / pikryt,strefa subdukcji / skorupa kontynentalna (>25 km),Wulkan,"Global Volcanism Program, 2013. Volcanoes of the World, v. 4.11.0. Venzke, E (ed.). Smithsonian Institution. Downloaded 20 Jun 2022. https://doi.org/10.5479/si.GVP.VOTW4-2013","110","20"
"771","678",Tolmachev Dol,"300",Rosja,stożkowy,erupcja datowana,bazalt / pikryt,strefa subdukcji / skorupa kontynentalna (>25 km),Wulkan,"Global Volcanism Program, 2013. Volcanoes of the World, v. 4.11.0. Venzke, E (ed.). Smithsonian Institution. Downloaded 20 Jun 2022. https://doi.org/10.5479/si.GVP.VOTW4-2013","158","53"
"772","771",Cherpuk Group,4550 p.n.e.,Rosja,stożkowy,erupcja datowana,andezyt / andezyt bazaltowy,strefa subdukcji / skorupa kontynentalna (>25 km),Wulkan,"Global Volcanism Program, 2013. Volcanoes of the World, v. 4.11.0. Venzke, E (ed.). Smithsonian Institution. Downloaded 20 Jun 2022. https://doi.org/10.5479/si.GVP.VOTW4-2013","157","56"
"773","130",Tengchong,5750 p.n.e.,Chiny,stożkowy,erupcja datowana,bazalt / pikryt,strefa subdukcji / skorupa kontynentalna (>25 km),Wulkan,"Global Volcanism Program, 2013. Volcanoes of the World, v. 4.11.0. Venzke, E (ed.). Smithsonian Institution. Downloaded 20 Jun 2022. https://doi.org/10.5479/si.GVP.VOTW4-2013","99","25"
"774","156",Izu-Tobu,"1989",Japonia,stożkowy,erupcja zaobserwowana,bazalt / pikryt,strefa subdukcji / skorupa kontynentalna (>25 km),Wulkan,"Global Volcanism Program, 2013. Volcanoes of the World, v. 4.11.0. Venzke, E (ed.). Smithsonian Institution. Downloaded 20 Jun 2022. https://doi.org/10.5479/si.GVP.VOTW4-2013","139","35"
"775","931",Iskut-Unuk River Cones,"1800",Kanada,stożkowy,erupcja datowana,bazalt / pikryt,strefa subdukcji / skorupa kontynentalna (>25 km),Wulkan,"Global Volcanism Program, 2013. Volcanoes of the World, v. 4.11.0. Venzke, E (ed.). Smithsonian Institution. Downloaded 20 Jun 2022. https://doi.org/10.5479/si.GVP.VOTW4-2013","-131","57"
"776","932",Tseax River Cone,"1690",Kanada,stożkowy,erupcja datowana,bazalt / pikryt,strefa subdukcji / skorupa kontynentalna (>25 km),Wulkan,"Global Volcanism Program, 2013. Volcanoes of the World, v. 4.11.0. Venzke, E (ed.). Smithsonian Institution. Downloaded 20 Jun 2022. https://doi.org/10.5479/si.GVP.VOTW4-2013","-129","55"
"777","935",Nazko,5220 p.n.e.,Kanada,stożkowy,erupcja datowana,tefryt / trachybazalt,strefa subdukcji / skorupa kontynentalna (>25 km),Wulkan,"Global Volcanism Program, 2013. Volcanoes of the World, v. 4.11.0. Venzke, E (ed.). Smithsonian Institution. Downloaded 20 Jun 2022. https://doi.org/10.5479/si.GVP.VOTW4-2013","-124","53"
"778","936",Wells Gray-Clearwater,"1550",Kanada,stożkowy,erupcja datowana,bazalt / pikryt,strefa subdukcji / skorupa kontynentalna (>25 km),Wulkan,"Global Volcanism Program, 2013. Volcanoes of the World, v. 4.11.0. Venzke, E (ed.). Smithsonian Institution. Downloaded 20 Jun 2022. https://doi.org/10.5479/si.GVP.VOTW4-2013","-121","52"
"779","953",Sand Mountain Field,950 p.n.e.,Stany Zjednoczone,stożkowy,erupcja datowana,bazalt / pikryt,strefa subdukcji / skorupa kontynentalna (>25 km),Wulkan,"Global Volcanism Program, 2013. Volcanoes of the World, v. 4.11.0. Venzke, E (ed.). Smithsonian Institution. Downloaded 20 Jun 2022. https://doi.org/10.5479/si.GVP.VOTW4-2013","-122","44"
"780","968",Mono Lake Volcanic Field,"1790",Stany Zjednoczone,stożkowy,erupcja datowana,dacyt,strefa ryftowa / skorupa kontynentalna (>25 km),Wulkan,"Global Volcanism Program, 2013. Volcanoes of the World, v. 4.11.0. Venzke, E (ed.). Smithsonian Institution. Downloaded 20 Jun 2022. https://doi.org/10.5479/si.GVP.VOTW4-2013","-119","38"
"781","976",Craters of the Moon,130 p.n.e.,Stany Zjednoczone,stożkowy,erupcja datowana,bazalt / pikryt,strefa ryftowa / skorupa kontynentalna (>25 km),Wulkan,"Global Volcanism Program, 2013. Volcanoes of the World, v. 4.11.0. Venzke, E (ed.). Smithsonian Institution. Downloaded 20 Jun 2022. https://doi.org/10.5479/si.GVP.VOTW4-2013","-113","43"
"782","988",San Francisco Volcanic Field,"1075",Stany Zjednoczone,stożkowy,erupcja datowana,bazalt / pikryt,strefa ryftowa / skorupa kontynentalna (>25 km),Wulkan,"Global Volcanism Program, 2013. Volcanoes of the World, v. 4.11.0. Venzke, E (ed.). Smithsonian Institution. Downloaded 20 Jun 2022. https://doi.org/10.5479/si.GVP.VOTW4-2013","-112","35"
"783","1032","Negro, Cerro","1999",Nikaragua,stożkowy,erupcja zaobserwowana,bazalt / pikryt,strefa subdukcji / skorupa kontynentalna (>25 km),Wulkan,"Global Volcanism Program, 2013. Volcanoes of the World, v. 4.11.0. Venzke, E (ed.). Smithsonian Institution. Downloaded 20 Jun 2022. https://doi.org/10.5479/si.GVP.VOTW4-2013","-87","13"
"784","1064",Picos Volcanic System,"1652",Portugalia,stożkowy,erupcja zaobserwowana,tefryt / trachybazalt,strefa ryftowa / skorupa oceaniczna (< 15 km),Wulkan,"Global Volcanism Program, 2013. Volcanoes of the World, v. 4.11.0. Venzke, E (ed.). Smithsonian Institution. Downloaded 20 Jun 2022. https://doi.org/10.5479/si.GVP.VOTW4-2013","-26","38"
"785","413",Itasy Volcanic Field,6050 p.n.e.,Madagaskar,stożkowy,erupcja datowana,trachit,strefa subdukcji / skorupa kontynentalna (>25 km),Wulkan,"Global Volcanism Program, 2013. Volcanoes of the World, v. 4.11.0. Venzke, E (ed.). Smithsonian Institution. Downloaded 20 Jun 2022. https://doi.org/10.5479/si.GVP.VOTW4-2013","47","-19"
"786","434",Udokan Plateau,220 p.n.e.,Rosja,stożkowy,erupcja datowana,tefryt / trachybazalt,strefa ryftowa / skorupa kontynentalna (>25 km),Wulkan,"Global Volcanism Program, 2013. Volcanoes of the World, v. 4.11.0. Venzke, E (ed.). Smithsonian Institution. Downloaded 20 Jun 2022. https://doi.org/10.5479/si.GVP.VOTW4-2013","118","56"
"787","444",Kunlun Volcanic Group,"1951",Chiny,stożkowy,erupcja zaobserwowana,trachit,strefa subdukcji / skorupa kontynentalna (>25 km),Wulkan,"Global Volcanism Program, 2013. Volcanoes of the World, v. 4.11.0. Venzke, E (ed.). Smithsonian Institution. Downloaded 20 Jun 2022. https://doi.org/10.5479/si.GVP.VOTW4-2013","80","36"
"788","448",Arxan-Chaihe,"0",Chiny,stożkowy,erupcja datowana,bazalt / pikryt,strefa subdukcji / skorupa kontynentalna (>25 km),Wulkan,"Global Volcanism Program, 2013. Volcanoes of the World, v. 4.11.0. Venzke, E (ed.). Smithsonian Institution. Downloaded 20 Jun 2022. https://doi.org/10.5479/si.GVP.VOTW4-2013","121","47"
"789","452",Longgang Group,"350",Chiny,stożkowy,erupcja datowana,bazalt / pikryt,strefa subdukcji / skorupa kontynentalna (>25 km),Wulkan,"Global Volcanism Program, 2013. Volcanoes of the World, v. 4.11.0. Venzke, E (ed.). Smithsonian Institution. Downloaded 20 Jun 2022. https://doi.org/10.5479/si.GVP.VOTW4-2013","127","42"
"790","1194",Andahua-Orcopampa,"1490",Peru,stożkowy,erupcja datowana,trachyandezyt / bazaltowy trachyandezyt,strefa subdukcji / skorupa kontynentalna (>25 km),Wulkan,"Global Volcanism Program, 2013. Volcanoes of the World, v. 4.11.0. Venzke, E (ed.). Smithsonian Institution. Downloaded 20 Jun 2022. https://doi.org/10.5479/si.GVP.VOTW4-2013","-72","-15"
"791","1256",Barcena,"1953",Meksyk,stożkowy,erupcja zaobserwowana,trachit,strefa ryftowa / skorupa oceaniczna (< 15 km),Wulkan,"Global Volcanism Program, 2013. Volcanoes of the World, v. 4.11.0. Venzke, E (ed.). Smithsonian Institution. Downloaded 20 Jun 2022. https://doi.org/10.5479/si.GVP.VOTW4-2013","-111","19"
"792","1264",Michoacan-Guanajuato,"1952",Meksyk,stożkowy,erupcja zaobserwowana,andezyt / andezyt bazaltowy,strefa subdukcji / skorupa kontynentalna (>25 km),Wulkan,"Global Volcanism Program, 2013. Volcanoes of the World, v. 4.11.0. Venzke, E (ed.). Smithsonian Institution. Downloaded 20 Jun 2022. https://doi.org/10.5479/si.GVP.VOTW4-2013","-102","20"
"793","1426",Reclus,"1908",Chile,stożkowy,erupcja zaobserwowana,dacyt,strefa subdukcji / skorupa kontynentalna (>25 km),Wulkan,"Global Volcanism Program, 2013. Volcanoes of the World, v. 4.11.0. Venzke, E (ed.). Smithsonian Institution. Downloaded 20 Jun 2022. https://doi.org/10.5479/si.GVP.VOTW4-2013","-74","-51"
"794","1429",Pali-Aike Volcanic Field,5550 p.n.e.,Chile - Argentyna,stożkowy,erupcja datowana,bazalt / pikryt,strefa subdukcji / skorupa kontynentalna (>25 km),Wulkan,"Global Volcanism Program, 2013. Volcanoes of the World, v. 4.11.0. Venzke, E (ed.). Smithsonian Institution. Downloaded 20 Jun 2022. https://doi.org/10.5479/si.GVP.VOTW4-2013","-70","-52"
"795","1391",Caburgua-Huelemolle,5050 p.n.e.,Chile,stożkowy,erupcja datowana,bazalt / pikryt,strefa subdukcji / skorupa kontynentalna (>25 km),Wulkan,"Global Volcanism Program, 2013. Volcanoes of the World, v. 4.11.0. Venzke, E (ed.). Smithsonian Institution. Downloaded 20 Jun 2022. https://doi.org/10.5479/si.GVP.VOTW4-2013","-72","-39"
"796","1397",Carrán-Los Venados,"1979",Chile,stożkowy,erupcja zaobserwowana,bazalt / pikryt,strefa subdukcji / skorupa kontynentalna (>25 km),Wulkan,"Global Volcanism Program, 2013. Volcanoes of the World, v. 4.11.0. Venzke, E (ed.). Smithsonian Institution. Downloaded 20 Jun 2022. https://doi.org/10.5479/si.GVP.VOTW4-2013","-72","-40"
"797","1404",Cayutue-La Vigueria,190 p.n.e.,Chile,stożkowy,erupcja datowana,bazalt / pikryt,strefa subdukcji / skorupa kontynentalna (>25 km),Wulkan,"Global Volcanism Program, 2013. Volcanoes of the World, v. 4.11.0. Venzke, E (ed.). Smithsonian Institution. Downloaded 20 Jun 2022. https://doi.org/10.5479/si.GVP.VOTW4-2013","-72","-41"
"798","1408",Apagado,590 p.n.e.,Chile,stożkowy,erupcja datowana,bazalt / pikryt,strefa subdukcji / skorupa kontynentalna (>25 km),Wulkan,"Global Volcanism Program, 2013. Volcanoes of the World, v. 4.11.0. Venzke, E (ed.). Smithsonian Institution. Downloaded 20 Jun 2022. https://doi.org/10.5479/si.GVP.VOTW4-2013","-73","-42"
"799","740",Waiowa,"1944",Papua - Nowa Gwinea,stożkowy,erupcja zaobserwowana,trachyandezyt / bazaltowy trachyandezyt,strefa subdukcji / skorupa kontynentalna (>25 km),Wulkan,"Global Volcanism Program, 2013. Volcanoes of the World, v. 4.11.0. Venzke, E (ed.). Smithsonian Institution. Downloaded 20 Jun 2022. https://doi.org/10.5479/si.GVP.VOTW4-2013","149","-10"
"800","743",Veer,"390",Rosja,stożkowy,erupcja datowana,bazalt / pikryt,strefa subdukcji / skorupa kontynentalna (>25 km),Wulkan,"Global Volcanism Program, 2013. Volcanoes of the World, v. 4.11.0. Venzke, E (ed.). Smithsonian Institution. Downloaded 20 Jun 2022. https://doi.org/10.5479/si.GVP.VOTW4-2013","158","54"
"801","744",Kostakan,"1350",Rosja,stożkowy,erupcja datowana,bazalt / pikryt,strefa subdukcji / skorupa kontynentalna (>25 km),Wulkan,"Global Volcanism Program, 2013. Volcanoes of the World, v. 4.11.0. Venzke, E (ed.). Smithsonian Institution. Downloaded 20 Jun 2022. https://doi.org/10.5479/si.GVP.VOTW4-2013","158","54"
"802","1250",Coronado,brak danych,Meksyk,stratowulkan,holocen,"-",strefa ryftowa / skorupa kontynentalna (>25 km),Wulkan,"Global Volcanism Program, 2013. Volcanoes of the World, v. 4.11.0. Venzke, E (ed.). Smithsonian Institution. Downloaded 20 Jun 2022. https://doi.org/10.5479/si.GVP.VOTW4-2013","-114","29"
"803","746",Zavaritsky,800 p.n.e.,Rosja,stożkowy,erupcja datowana,bazalt / pikryt,strefa subdukcji / skorupa kontynentalna (>25 km),Wulkan,"Global Volcanism Program, 2013. Volcanoes of the World, v. 4.11.0. Venzke, E (ed.). Smithsonian Institution. Downloaded 20 Jun 2022. https://doi.org/10.5479/si.GVP.VOTW4-2013","158","54"
"804","435",Vitim Plateau,brak danych,Rosja,stożkowy,nieznana data wybuchu,bazalt / pikryt,"-",Wulkan,"Global Volcanism Program, 2013. Volcanoes of the World, v. 4.11.0. Venzke, E (ed.). Smithsonian Institution. Downloaded 20 Jun 2022. https://doi.org/10.5479/si.GVP.VOTW4-2013","113","54"
"805","441",Bus-Obo,brak danych,Mongolia,stożkowy,brak dowodów na wybuch,bazalt / pikryt,strefa subdukcji / skorupa kontynentalna (>25 km),Wulkan,"Global Volcanism Program, 2013. Volcanoes of the World, v. 4.11.0. Venzke, E (ed.). Smithsonian Institution. Downloaded 20 Jun 2022. https://doi.org/10.5479/si.GVP.VOTW4-2013","109","47"
"806","443",Middle Gobi,brak danych,Mongolia,stożkowy,brak dowodów na wybuch,bazalt / pikryt,strefa subdukcji / skorupa kontynentalna (>25 km),Wulkan,"Global Volcanism Program, 2013. Volcanoes of the World, v. 4.11.0. Venzke, E (ed.). Smithsonian Institution. Downloaded 20 Jun 2022. https://doi.org/10.5479/si.GVP.VOTW4-2013","107","45"
"807","447",Honggeertu,brak danych,Chiny,stożkowy,brak dowodów na wybuch,bazalt / pikryt,strefa subdukcji / skorupa kontynentalna (>25 km),Wulkan,"Global Volcanism Program, 2013. Volcanoes of the World, v. 4.11.0. Venzke, E (ed.). Smithsonian Institution. Downloaded 20 Jun 2022. https://doi.org/10.5479/si.GVP.VOTW4-2013","113","41"
"808","503",Stepovak Bay 3,brak danych,Stany Zjednoczone,stożkowy,brak dowodów na wybuch,andezyt / andezyt bazaltowy,strefa subdukcji / skorupa kontynentalna (>25 km),Wulkan,"Global Volcanism Program, 2013. Volcanoes of the World, v. 4.11.0. Venzke, E (ed.). Smithsonian Institution. Downloaded 20 Jun 2022. https://doi.org/10.5479/si.GVP.VOTW4-2013","-160","56"
"809","123",Toroeng Prong,brak danych,Wietnam,stożkowy,brak dowodów na wybuch,bazalt / pikryt,strefa subdukcji / skorupa kontynentalna (>25 km),Wulkan,"Global Volcanism Program, 2013. Volcanoes of the World, v. 4.11.0. Venzke, E (ed.). Smithsonian Institution. Downloaded 20 Jun 2022. https://doi.org/10.5479/si.GVP.VOTW4-2013","108","15"
"810","282",Rucharuyama [Golets-Tornyi Group],brak danych,Japonia,stożkowy,brak dowodów na wybuch,andezyt / andezyt bazaltowy,strefa subdukcji / skorupa oceaniczna (< 15 km),Wulkan,"Global Volcanism Program, 2013. Volcanoes of the World, v. 4.11.0. Venzke, E (ed.). Smithsonian Institution. Downloaded 20 Jun 2022. https://doi.org/10.5479/si.GVP.VOTW4-2013","148","45"
"811","362",Bufumbira,brak danych,Uganda,stożkowy,brak dowodów na wybuch,fonolitowy tefryt,strefa ryftowa / skorupa kontynentalna (>25 km),Wulkan,"Global Volcanism Program, 2013. Volcanoes of the World, v. 4.11.0. Venzke, E (ed.). Smithsonian Institution. Downloaded 20 Jun 2022. https://doi.org/10.5479/si.GVP.VOTW4-2013","30","-1"
"812","380",Kutum Volcanic Field,brak danych,Sudan,stożkowy,brak dowodów na wybuch,bazalt / pikryt,strefa subdukcji / skorupa kontynentalna (>25 km),Wulkan,"Global Volcanism Program, 2013. Volcanoes of the World, v. 4.11.0. Venzke, E (ed.). Smithsonian Institution. Downloaded 20 Jun 2022. https://doi.org/10.5479/si.GVP.VOTW4-2013","26","15"
"813","536",Whangarei,brak danych,Nowa Zelandia,stożkowy,brak dowodów na wybuch,tefryt / trachybazalt,strefa subdukcji / skorupa kontynentalna (>25 km),Wulkan,"Global Volcanism Program, 2013. Volcanoes of the World, v. 4.11.0. Venzke, E (ed.). Smithsonian Institution. Downloaded 20 Jun 2022. https://doi.org/10.5479/si.GVP.VOTW4-2013","174","-36"
"814","592",Koro,brak danych,Fidżi,stożkowy,brak dowodów na wybuch,bazalt / pikryt,strefa subdukcji / grubość skorupy nieznana,Wulkan,"Global Volcanism Program, 2013. Volcanoes of the World, v. 4.11.0. Venzke, E (ed.). Smithsonian Institution. Downloaded 20 Jun 2022. https://doi.org/10.5479/si.GVP.VOTW4-2013","179","-17"
"815","857",Sarik-Gajah,brak danych,Indonezja,stożkowy,brak dowodów na wybuch,andezyt / andezyt bazaltowy,strefa subdukcji / skorupa kontynentalna (>25 km),Wulkan,"Global Volcanism Program, 2013. Volcanoes of the World, v. 4.11.0. Venzke, E (ed.). Smithsonian Institution. Downloaded 20 Jun 2022. https://doi.org/10.5479/si.GVP.VOTW4-2013","100","0"
"816","921",Behm Canal-Rudyerd Bay,brak danych,Stany Zjednoczone,stożkowy,brak dowodów na wybuch,bazalt / pikryt,strefa subdukcji / skorupa kontynentalna (>25 km),Wulkan,"Global Volcanism Program, 2013. Volcanoes of the World, v. 4.11.0. Venzke, E (ed.). Smithsonian Institution. Downloaded 20 Jun 2022. https://doi.org/10.5479/si.GVP.VOTW4-2013","-131","55"
"817","960",Cinnamon Butte,brak danych,Stany Zjednoczone,stożkowy,brak dowodów na wybuch,bazalt / pikryt,strefa subdukcji / skorupa kontynentalna (>25 km),Wulkan,"Global Volcanism Program, 2013. Volcanoes of the World, v. 4.11.0. Venzke, E (ed.). Smithsonian Institution. Downloaded 20 Jun 2022. https://doi.org/10.5479/si.GVP.VOTW4-2013","-122","43"
"818","1091",Royal Society Range,brak danych,Antarktyda,stożkowy,brak dowodów na wybuch,trachyandezyt / bazaltowy trachyandezyt,strefa subdukcji / skorupa kontynentalna (>25 km),Wulkan,"Global Volcanism Program, 2013. Volcanoes of the World, v. 4.11.0. Venzke, E (ed.). Smithsonian Institution. Downloaded 20 Jun 2022. https://doi.org/10.5479/si.GVP.VOTW4-2013","163","-78"
"819","1175",Licto,brak danych,Ekwador,stożkowy,brak dowodów na wybuch,andezyt / andezyt bazaltowy,strefa subdukcji / skorupa kontynentalna (>25 km),Wulkan,"Global Volcanism Program, 2013. Volcanoes of the World, v. 4.11.0. Venzke, E (ed.). Smithsonian Institution. Downloaded 20 Jun 2022. https://doi.org/10.5479/si.GVP.VOTW4-2013","-79","-2"
"820","1191","Auquihuato, Cerro",brak danych,Peru,stożkowy,brak dowodów na wybuch,"-",strefa subdukcji / skorupa kontynentalna (>25 km),Wulkan,"Global Volcanism Program, 2013. Volcanoes of the World, v. 4.11.0. Venzke, E (ed.). Smithsonian Institution. Downloaded 20 Jun 2022. https://doi.org/10.5479/si.GVP.VOTW4-2013","-73","-15"
"821","1247",San Quintin Volcanic Field,brak danych,Meksyk,stożkowy,brak dowodów na wybuch,tefryt / trachybazalt,strefa ryftowa / skorupa kontynentalna (>25 km),Wulkan,"Global Volcanism Program, 2013. Volcanoes of the World, v. 4.11.0. Venzke, E (ed.). Smithsonian Institution. Downloaded 20 Jun 2022. https://doi.org/10.5479/si.GVP.VOTW4-2013","-116","30"
"822","1338","Negrillar, La",brak danych,Chile,stożkowy,brak dowodów na wybuch,andezyt / andezyt bazaltowy,strefa subdukcji / skorupa kontynentalna (>25 km),Wulkan,"Global Volcanism Program, 2013. Volcanoes of the World, v. 4.11.0. Venzke, E (ed.). Smithsonian Institution. Downloaded 20 Jun 2022. https://doi.org/10.5479/si.GVP.VOTW4-2013","-69","-24"
"823","1353",Antofagasta Volcanic Field,brak danych,Argentyna,stożkowy,brak dowodów na wybuch,andezyt / andezyt bazaltowy,strefa subdukcji / skorupa kontynentalna (>25 km),Wulkan,"Global Volcanism Program, 2013. Volcanoes of the World, v. 4.11.0. Venzke, E (ed.). Smithsonian Institution. Downloaded 20 Jun 2022. https://doi.org/10.5479/si.GVP.VOTW4-2013","-67","-26"
"824","321",Tosa Sucha,brak danych,Etiopia,stożkowy,nieznana data wybuchu,bazalt / pikryt,strefa ryftowa / skorupa kontynentalna (>25 km),Wulkan,"Global Volcanism Program, 2013. Volcanoes of the World, v. 4.11.0. Venzke, E (ed.). Smithsonian Institution. Downloaded 20 Jun 2022. https://doi.org/10.5479/si.GVP.VOTW4-2013","38","6"
"825","3",Olot Volcanic Field,brak danych,Hiszpania,stożkowy,nieznana data wybuchu,tefryt / trachybazalt,strefa subdukcji / skorupa kontynentalna (>25 km),Wulkan,"Global Volcanism Program, 2013. Volcanoes of the World, v. 4.11.0. Venzke, E (ed.). Smithsonian Institution. Downloaded 20 Jun 2022. https://doi.org/10.5479/si.GVP.VOTW4-2013","3","42"
"826","442",Dariganga Volcanic Field,brak danych,Mongolia,stożkowy,nieznana data wybuchu,bazalt / pikryt,strefa subdukcji / skorupa kontynentalna (>25 km),Wulkan,"Global Volcanism Program, 2013. Volcanoes of the World, v. 4.11.0. Venzke, E (ed.). Smithsonian Institution. Downloaded 20 Jun 2022. https://doi.org/10.5479/si.GVP.VOTW4-2013","114","46"
"827","449",Keluo Group,brak danych,Chiny,stożkowy,nieznana data wybuchu,tefryt / trachybazalt,strefa subdukcji / skorupa kontynentalna (>25 km),Wulkan,"Global Volcanism Program, 2013. Volcanoes of the World, v. 4.11.0. Venzke, E (ed.). Smithsonian Institution. Downloaded 20 Jun 2022. https://doi.org/10.5479/si.GVP.VOTW4-2013","126","49"
"828","372",Tahalra Volcanic Field,brak danych,Algieria,stożkowy,nieznana data wybuchu,tefryt / trachybazalt,strefa subdukcji / skorupa kontynentalna (>25 km),Wulkan,"Global Volcanism Program, 2013. Volcanoes of the World, v. 4.11.0. Venzke, E (ed.). Smithsonian Institution. Downloaded 20 Jun 2022. https://doi.org/10.5479/si.GVP.VOTW4-2013","5","23"
"829","373",Atakor Volcanic Field,brak danych,Algieria,stożkowy,nieznana data wybuchu,tefryt / trachybazalt,strefa subdukcji / skorupa kontynentalna (>25 km),Wulkan,"Global Volcanism Program, 2013. Volcanoes of the World, v. 4.11.0. Venzke, E (ed.). Smithsonian Institution. Downloaded 20 Jun 2022. https://doi.org/10.5479/si.GVP.VOTW4-2013","6","23"
"830","374",Manzaz Volcanic Field,brak danych,Algieria,stożkowy,nieznana data wybuchu,tefryt / trachybazalt,strefa subdukcji / skorupa kontynentalna (>25 km),Wulkan,"Global Volcanism Program, 2013. Volcanoes of the World, v. 4.11.0. Venzke, E (ed.). Smithsonian Institution. Downloaded 20 Jun 2022. https://doi.org/10.5479/si.GVP.VOTW4-2013","6","24"
"831","25",Kula,brak danych,Turcja,stożkowy,nieznana data wybuchu,tefryt / trachybazalt,strefa subdukcji / skorupa kontynentalna (>25 km),Wulkan,"Global Volcanism Program, 2013. Volcanoes of the World, v. 4.11.0. Venzke, E (ed.). Smithsonian Institution. Downloaded 20 Jun 2022. https://doi.org/10.5479/si.GVP.VOTW4-2013","29","39"
"832","411",Nosy-Be,brak danych,Madagaskar,stożkowy,nieznana data wybuchu,foidyt,strefa subdukcji / skorupa kontynentalna (>25 km),Wulkan,"Global Volcanism Program, 2013. Volcanoes of the World, v. 4.11.0. Venzke, E (ed.). Smithsonian Institution. Downloaded 20 Jun 2022. https://doi.org/10.5479/si.GVP.VOTW4-2013","48","-13"
"833","412",Ankaizina Field,brak danych,Madagaskar,stożkowy,nieznana data wybuchu,bazalt / pikryt,strefa subdukcji / skorupa kontynentalna (>25 km),Wulkan,"Global Volcanism Program, 2013. Volcanoes of the World, v. 4.11.0. Venzke, E (ed.). Smithsonian Institution. Downloaded 20 Jun 2022. https://doi.org/10.5479/si.GVP.VOTW4-2013","49","-14"
"834","414",Vakinankaratra,brak danych,Madagaskar,stożkowy,nieznana data wybuchu,tefryt / trachybazalt,strefa subdukcji / skorupa kontynentalna (>25 km),Wulkan,"Global Volcanism Program, 2013. Volcanoes of the World, v. 4.11.0. Venzke, E (ed.). Smithsonian Institution. Downloaded 20 Jun 2022. https://doi.org/10.5479/si.GVP.VOTW4-2013","47","-20"
"835","26",Karapinar Field,brak danych,Turcja,stożkowy,nieznana data wybuchu,trachyandezyt / bazaltowy trachyandezyt,strefa subdukcji / skorupa kontynentalna (>25 km),Wulkan,"Global Volcanism Program, 2013. Volcanoes of the World, v. 4.11.0. Venzke, E (ed.). Smithsonian Institution. Downloaded 20 Jun 2022. https://doi.org/10.5479/si.GVP.VOTW4-2013","34","38"
"836","625",Madilogo,brak danych,Papua - Nowa Gwinea,stożkowy,nieznana data wybuchu,tefryt / trachybazalt,strefa subdukcji / skorupa kontynentalna (>25 km),Wulkan,"Global Volcanism Program, 2013. Volcanoes of the World, v. 4.11.0. Venzke, E (ed.). Smithsonian Institution. Downloaded 20 Jun 2022. https://doi.org/10.5479/si.GVP.VOTW4-2013","148","-9"
"837","687",Tarakan,brak danych,Indonezja,stożkowy,nieznana data wybuchu,bazalt / pikryt,strefa subdukcji / skorupa oceaniczna (< 15 km),Wulkan,"Global Volcanism Program, 2013. Volcanoes of the World, v. 4.11.0. Venzke, E (ed.). Smithsonian Institution. Downloaded 20 Jun 2022. https://doi.org/10.5479/si.GVP.VOTW4-2013","128","2"
"838","738",Sessagara,brak danych,Papua - Nowa Gwinea,stożkowy,nieznana data wybuchu,trachyandezyt / bazaltowy trachyandezyt,strefa subdukcji / skorupa kontynentalna (>25 km),Wulkan,"Global Volcanism Program, 2013. Volcanoes of the World, v. 4.11.0. Venzke, E (ed.). Smithsonian Institution. Downloaded 20 Jun 2022. https://doi.org/10.5479/si.GVP.VOTW4-2013","149","-9"
"839","912",Ingakslugwat Hills,brak danych,Stany Zjednoczone,stożkowy,nieznana data wybuchu,bazalt / pikryt,strefa subdukcji / skorupa kontynentalna (>25 km),Wulkan,"Global Volcanism Program, 2013. Volcanoes of the World, v. 4.11.0. Venzke, E (ed.). Smithsonian Institution. Downloaded 20 Jun 2022. https://doi.org/10.5479/si.GVP.VOTW4-2013","-164","61"
"840","924",Atlin Volcanic Field,brak danych,Kanada,stożkowy,nieznana data wybuchu,tefryt / trachybazalt,strefa subdukcji / skorupa kontynentalna (>25 km),Wulkan,"Global Volcanism Program, 2013. Volcanoes of the World, v. 4.11.0. Venzke, E (ed.). Smithsonian Institution. Downloaded 20 Jun 2022. https://doi.org/10.5479/si.GVP.VOTW4-2013","-133","60"
"841","933",Crow Lagoon,brak danych,Kanada,stożkowy,nieznana data wybuchu,bazalt / pikryt,strefa subdukcji / skorupa kontynentalna (>25 km),Wulkan,"Global Volcanism Program, 2013. Volcanoes of the World, v. 4.11.0. Venzke, E (ed.). Smithsonian Institution. Downloaded 20 Jun 2022. https://doi.org/10.5479/si.GVP.VOTW4-2013","-130","55"
"842","934",Milbanke Sound Group,brak danych,Kanada,stożkowy,nieznana data wybuchu,bazalt / pikryt,strefa subdukcji / skorupa kontynentalna (>25 km),Wulkan,"Global Volcanism Program, 2013. Volcanoes of the World, v. 4.11.0. Venzke, E (ed.). Smithsonian Institution. Downloaded 20 Jun 2022. https://doi.org/10.5479/si.GVP.VOTW4-2013","-129","53"
"843","1023",Helgrindur,brak danych,Islandia,stożkowy,nieznana data wybuchu,bazalt / pikryt,strefa ryftowa / skorupa oceaniczna (< 15 km),Wulkan,"Global Volcanism Program, 2013. Volcanoes of the World, v. 4.11.0. Venzke, E (ed.). Smithsonian Institution. Downloaded 20 Jun 2022. https://doi.org/10.5479/si.GVP.VOTW4-2013","-23","65"
"844","1103",Paulet,brak danych,Antarktyda,stożkowy,nieznana data wybuchu,bazalt / pikryt,strefa subdukcji / skorupa kontynentalna (>25 km),Wulkan,"Global Volcanism Program, 2013. Volcanoes of the World, v. 4.11.0. Venzke, E (ed.). Smithsonian Institution. Downloaded 20 Jun 2022. https://doi.org/10.5479/si.GVP.VOTW4-2013","-56","-64"
"845","1104",Seal Nunataks Group,brak danych,Antarktyda,stożkowy,nieznana data wybuchu,bazalt / pikryt,strefa subdukcji / skorupa kontynentalna (>25 km),Wulkan,"Global Volcanism Program, 2013. Volcanoes of the World, v. 4.11.0. Venzke, E (ed.). Smithsonian Institution. Downloaded 20 Jun 2022. https://doi.org/10.5479/si.GVP.VOTW4-2013","-60","-65"
"846","1128","Azul, Volcan",brak danych,Nikaragua,stożkowy,nieznana data wybuchu,tefryt / trachybazalt,strefa subdukcji / skorupa oceaniczna (< 15 km),Wulkan,"Global Volcanism Program, 2013. Volcanoes of the World, v. 4.11.0. Venzke, E (ed.). Smithsonian Institution. Downloaded 20 Jun 2022. https://doi.org/10.5479/si.GVP.VOTW4-2013","-84","13"
"847","1198","Nicholson, Cerro",brak danych,Peru,stożkowy,nieznana data wybuchu,andezyt / andezyt bazaltowy,strefa subdukcji / skorupa kontynentalna (>25 km),Wulkan,"Global Volcanism Program, 2013. Volcanoes of the World, v. 4.11.0. Venzke, E (ed.). Smithsonian Institution. Downloaded 20 Jun 2022. https://doi.org/10.5479/si.GVP.VOTW4-2013","-72","-16"
"848","1246",Pinacate,brak danych,Meksyk,stożkowy,nieznana data wybuchu,bazalt / pikryt,strefa subdukcji / skorupa kontynentalna (>25 km),Wulkan,"Global Volcanism Program, 2013. Volcanoes of the World, v. 4.11.0. Venzke, E (ed.). Smithsonian Institution. Downloaded 20 Jun 2022. https://doi.org/10.5479/si.GVP.VOTW4-2013","-113","32"
"849","1249",Jaraguay Volcanic Field,brak danych,Meksyk,stożkowy,nieznana data wybuchu,andezyt / andezyt bazaltowy,strefa ryftowa / skorupa kontynentalna (>25 km),Wulkan,"Global Volcanism Program, 2013. Volcanoes of the World, v. 4.11.0. Venzke, E (ed.). Smithsonian Institution. Downloaded 20 Jun 2022. https://doi.org/10.5479/si.GVP.VOTW4-2013","-114","29"
"850","1252",San Borja Volcanic Field,brak danych,Meksyk,stożkowy,nieznana data wybuchu,andezyt / andezyt bazaltowy,strefa ryftowa / skorupa kontynentalna (>25 km),Wulkan,"Global Volcanism Program, 2013. Volcanoes of the World, v. 4.11.0. Venzke, E (ed.). Smithsonian Institution. Downloaded 20 Jun 2022. https://doi.org/10.5479/si.GVP.VOTW4-2013","-114","29"
"851","1258",Durango Volcanic Field,brak danych,Meksyk,stożkowy,nieznana data wybuchu,tefryt / trachybazalt,strefa subdukcji / skorupa kontynentalna (>25 km),Wulkan,"Global Volcanism Program, 2013. Volcanoes of the World, v. 4.11.0. Venzke, E (ed.). Smithsonian Institution. Downloaded 20 Jun 2022. https://doi.org/10.5479/si.GVP.VOTW4-2013","-104","24"
"852","1262",Mascota Volcanic Field,brak danych,Meksyk,stożkowy,nieznana data wybuchu,andezyt / andezyt bazaltowy,strefa subdukcji / skorupa kontynentalna (>25 km),Wulkan,"Global Volcanism Program, 2013. Volcanoes of the World, v. 4.11.0. Venzke, E (ed.). Smithsonian Institution. Downloaded 20 Jun 2022. https://doi.org/10.5479/si.GVP.VOTW4-2013","-105","21"
"853","1304",Chiquimula Volcanic Field,brak danych,Gwatemala,stożkowy,nieznana data wybuchu,bazalt / pikryt,strefa subdukcji / skorupa kontynentalna (>25 km),Wulkan,"Global Volcanism Program, 2013. Volcanoes of the World, v. 4.11.0. Venzke, E (ed.). Smithsonian Institution. Downloaded 20 Jun 2022. https://doi.org/10.5479/si.GVP.VOTW4-2013","-90","15"
"854","1307","Singuil, Cerro",brak danych,Salwador,stożkowy,nieznana data wybuchu,bazalt / pikryt,strefa subdukcji / skorupa kontynentalna (>25 km),Wulkan,"Global Volcanism Program, 2013. Volcanoes of the World, v. 4.11.0. Venzke, E (ed.). Smithsonian Institution. Downloaded 20 Jun 2022. https://doi.org/10.5479/si.GVP.VOTW4-2013","-90","14"
"855","1328",Utila Island,brak danych,Honduras,stożkowy,nieznana data wybuchu,bazalt / pikryt,strefa subdukcji / skorupa kontynentalna (>25 km),Wulkan,"Global Volcanism Program, 2013. Volcanoes of the World, v. 4.11.0. Venzke, E (ed.). Smithsonian Institution. Downloaded 20 Jun 2022. https://doi.org/10.5479/si.GVP.VOTW4-2013","-87","16"
"856","1336","Negrillar, El",brak danych,Chile,stożkowy,nieznana data wybuchu,andezyt / andezyt bazaltowy,strefa subdukcji / skorupa kontynentalna (>25 km),Wulkan,"Global Volcanism Program, 2013. Volcanoes of the World, v. 4.11.0. Venzke, E (ed.). Smithsonian Institution. Downloaded 20 Jun 2022. https://doi.org/10.5479/si.GVP.VOTW4-2013","-68","-24"
"857","1375","Resago, Volcan",brak danych,Chile,stożkowy,nieznana data wybuchu,andezyt / andezyt bazaltowy,strefa subdukcji / skorupa kontynentalna (>25 km),Wulkan,"Global Volcanism Program, 2013. Volcanoes of the World, v. 4.11.0. Venzke, E (ed.). Smithsonian Institution. Downloaded 20 Jun 2022. https://doi.org/10.5479/si.GVP.VOTW4-2013","-71","-36"
"858","1384","Mariñaqui, Laguna",brak danych,Chile,stożkowy,nieznana data wybuchu,andezyt / andezyt bazaltowy,strefa subdukcji / skorupa kontynentalna (>25 km),Wulkan,"Global Volcanism Program, 2013. Volcanoes of the World, v. 4.11.0. Venzke, E (ed.). Smithsonian Institution. Downloaded 20 Jun 2022. https://doi.org/10.5479/si.GVP.VOTW4-2013","-71","-38"
"859","1409",Crater Basalt Volcanic Field,brak danych,Argentyna,stożkowy,nieznana data wybuchu,tefryt / trachybazalt,strefa subdukcji / skorupa kontynentalna (>25 km),Wulkan,"Global Volcanism Program, 2013. Volcanoes of the World, v. 4.11.0. Venzke, E (ed.). Smithsonian Institution. Downloaded 20 Jun 2022. https://doi.org/10.5479/si.GVP.VOTW4-2013","-70","-42"
"860","1415",Palena Volcanic Group,brak danych,Chile,stożkowy,nieznana data wybuchu,"-",strefa subdukcji / skorupa kontynentalna (>25 km),Wulkan,"Global Volcanism Program, 2013. Volcanoes of the World, v. 4.11.0. Venzke, E (ed.). Smithsonian Institution. Downloaded 20 Jun 2022. https://doi.org/10.5479/si.GVP.VOTW4-2013","-72","-44"
"861","802",Bliznetsy,1060 p.n.e.,Rosja,stożkowy,erupcja datowana,andezyt / andezyt bazaltowy,strefa subdukcji / skorupa kontynentalna (>25 km),Wulkan,"Global Volcanism Program, 2013. Volcanoes of the World, v. 4.11.0. Venzke, E (ed.). Smithsonian Institution. Downloaded 20 Jun 2022. https://doi.org/10.5479/si.GVP.VOTW4-2013","161","57"
"862","815",Bagana,"2018",Papua - Nowa Gwinea,stożkowy,erupcja zaobserwowana,andezyt / andezyt bazaltowy,strefa subdukcji / grubość skorupy nieznana,Wulkan,"Global Volcanism Program, 2013. Volcanoes of the World, v. 4.11.0. Venzke, E (ed.). Smithsonian Institution. Downloaded 20 Jun 2022. https://doi.org/10.5479/si.GVP.VOTW4-2013","155","-6"
"863","812",Tore,brak danych,Papua - Nowa Gwinea,stożkowy,nieznana data wybuchu,andezyt / andezyt bazaltowy,strefa subdukcji / grubość skorupy nieznana,Wulkan,"Global Volcanism Program, 2013. Volcanoes of the World, v. 4.11.0. Venzke, E (ed.). Smithsonian Institution. Downloaded 20 Jun 2022. https://doi.org/10.5479/si.GVP.VOTW4-2013","155","-6"
"864","49",Dallol,"2011",Etiopia,stożkowy,erupcja zaobserwowana,"-",strefa ryftowa / skorupa pośrednia (15-25 km),Wulkan,"Global Volcanism Program, 2013. Volcanoes of the World, v. 4.11.0. Venzke, E (ed.). Smithsonian Institution. Downloaded 20 Jun 2022. https://doi.org/10.5479/si.GVP.VOTW4-2013","40","14"
"865","37",Samsari Volcanic Center,brak danych,Georgia,stożkowy,brak dowodów na wybuch,andezyt / andezyt bazaltowy,strefa subdukcji / skorupa kontynentalna (>25 km),Wulkan,"Global Volcanism Program, 2013. Volcanoes of the World, v. 4.11.0. Venzke, E (ed.). Smithsonian Institution. Downloaded 20 Jun 2022. https://doi.org/10.5479/si.GVP.VOTW4-2013","44","42"
"866","353",Kyatwa,brak danych,Uganda,stożkowy,brak dowodów na wybuch,foidyt,strefa ryftowa / skorupa kontynentalna (>25 km),Wulkan,"Global Volcanism Program, 2013. Volcanoes of the World, v. 4.11.0. Venzke, E (ed.). Smithsonian Institution. Downloaded 20 Jun 2022. https://doi.org/10.5479/si.GVP.VOTW4-2013","30","0"
"867","323",Korath Range,brak danych,Etiopia,stożkowy,brak dowodów na wybuch,tefryt / trachybazalt,strefa ryftowa / skorupa pośrednia (15-25 km),Wulkan,"Global Volcanism Program, 2013. Volcanoes of the World, v. 4.11.0. Venzke, E (ed.). Smithsonian Institution. Downloaded 20 Jun 2022. https://doi.org/10.5479/si.GVP.VOTW4-2013","36","5"
"868","395","Marha, Jabal el-",brak danych,Jemen,stożkowy,brak dowodów na wybuch,bazalt / pikryt,strefa subdukcji / skorupa kontynentalna (>25 km),Wulkan,"Global Volcanism Program, 2013. Volcanoes of the World, v. 4.11.0. Venzke, E (ed.). Smithsonian Institution. Downloaded 20 Jun 2022. https://doi.org/10.5479/si.GVP.VOTW4-2013","44","15"
"869","1259","Isabel, Isla",brak danych,Meksyk,stożkowy,brak dowodów na wybuch,bazalt / pikryt,strefa subdukcji / skorupa kontynentalna (>25 km),Wulkan,"Global Volcanism Program, 2013. Volcanoes of the World, v. 4.11.0. Venzke, E (ed.). Smithsonian Institution. Downloaded 20 Jun 2022. https://doi.org/10.5479/si.GVP.VOTW4-2013","-106","22"
"870","354",Katwe-Kikorongo,brak danych,Uganda,stożkowy,nieznana data wybuchu,foidyt,strefa ryftowa / skorupa kontynentalna (>25 km),Wulkan,"Global Volcanism Program, 2013. Volcanoes of the World, v. 4.11.0. Venzke, E (ed.). Smithsonian Institution. Downloaded 20 Jun 2022. https://doi.org/10.5479/si.GVP.VOTW4-2013","30","0"
"871","325",North Island,brak danych,Kenia,stożkowy,nieznana data wybuchu,trachyandezyt / bazaltowy trachyandezyt,strefa ryftowa / skorupa kontynentalna (>25 km),Wulkan,"Global Volcanism Program, 2013. Volcanoes of the World, v. 4.11.0. Venzke, E (ed.). Smithsonian Institution. Downloaded 20 Jun 2022. https://doi.org/10.5479/si.GVP.VOTW4-2013","36","4"
"872","356",Katunga,brak danych,Uganda,stożkowy,nieznana data wybuchu,foidyt,strefa ryftowa / skorupa kontynentalna (>25 km),Wulkan,"Global Volcanism Program, 2013. Volcanoes of the World, v. 4.11.0. Venzke, E (ed.). Smithsonian Institution. Downloaded 20 Jun 2022. https://doi.org/10.5479/si.GVP.VOTW4-2013","30","0"
"873","1248","San Luis, Isla",brak danych,Meksyk,stożkowy,nieznana data wybuchu,ryolit,strefa ryftowa / skorupa kontynentalna (>25 km),Wulkan,"Global Volcanism Program, 2013. Volcanoes of the World, v. 4.11.0. Venzke, E (ed.). Smithsonian Institution. Downloaded 20 Jun 2022. https://doi.org/10.5479/si.GVP.VOTW4-2013","-114","30"
"874","1273",Serdan-Oriental,brak danych,Meksyk,stożkowy,nieznana data wybuchu,ryolit,strefa subdukcji / skorupa kontynentalna (>25 km),Wulkan,"Global Volcanism Program, 2013. Volcanoes of the World, v. 4.11.0. Venzke, E (ed.). Smithsonian Institution. Downloaded 20 Jun 2022. https://doi.org/10.5479/si.GVP.VOTW4-2013","-97","19"
"875","1417",Puyuhuapi,brak danych,Chile,stożkowy,nieznana data wybuchu,bazalt / pikryt,strefa subdukcji / skorupa kontynentalna (>25 km),Wulkan,"Global Volcanism Program, 2013. Volcanoes of the World, v. 4.11.0. Venzke, E (ed.). Smithsonian Institution. Downloaded 20 Jun 2022. https://doi.org/10.5479/si.GVP.VOTW4-2013","-73","-44"
"876","1352",Unnamed,brak danych,Argentyna,stożkowy,nieznana data wybuchu,andezyt / andezyt bazaltowy,strefa subdukcji / skorupa kontynentalna (>25 km),Wulkan,"Global Volcanism Program, 2013. Volcanoes of the World, v. 4.11.0. Venzke, E (ed.). Smithsonian Institution. Downloaded 20 Jun 2022. https://doi.org/10.5479/si.GVP.VOTW4-2013","-68","-25"
"877","930",Hoodoo Mountain,7050 p.n.e.,Kanada,subglacjalny,erupcja datowana,fonolit,strefa subdukcji / skorupa kontynentalna (>25 km),Wulkan,"Global Volcanism Program, 2013. Volcanoes of the World, v. 4.11.0. Venzke, E (ed.). Smithsonian Institution. Downloaded 20 Jun 2022. https://doi.org/10.5479/si.GVP.VOTW4-2013","-131","57"
"878","1031",Prestahnukur,3350 p.n.e.,Islandia,subglacjalny,erupcja datowana,bazalt / pikryt,strefa ryftowa / skorupa oceaniczna (< 15 km),Wulkan,"Global Volcanism Program, 2013. Volcanoes of the World, v. 4.11.0. Venzke, E (ed.). Smithsonian Institution. Downloaded 20 Jun 2022. https://doi.org/10.5479/si.GVP.VOTW4-2013","-21","65"
"879","1033",Langjokull,"950",Islandia,subglacjalny,erupcja datowana,bazalt / pikryt,strefa ryftowa / skorupa oceaniczna (< 15 km),Wulkan,"Global Volcanism Program, 2013. Volcanoes of the World, v. 4.11.0. Venzke, E (ed.). Smithsonian Institution. Downloaded 20 Jun 2022. https://doi.org/10.5479/si.GVP.VOTW4-2013","-20","65"
"880","1037",Katla,"1918",Islandia,subglacjalny,erupcja zaobserwowana,bazalt / pikryt,strefa ryftowa / skorupa oceaniczna (< 15 km),Wulkan,"Global Volcanism Program, 2013. Volcanoes of the World, v. 4.11.0. Venzke, E (ed.). Smithsonian Institution. Downloaded 20 Jun 2022. https://doi.org/10.5479/si.GVP.VOTW4-2013","-19","64"
"881","1034",Hofsjokull,brak danych,Islandia,subglacjalny,nieznana data wybuchu,bazalt / pikryt,strefa ryftowa / skorupa oceaniczna (< 15 km),Wulkan,"Global Volcanism Program, 2013. Volcanoes of the World, v. 4.11.0. Venzke, E (ed.). Smithsonian Institution. Downloaded 20 Jun 2022. https://doi.org/10.5479/si.GVP.VOTW4-2013","-19","65"
"882","1424",Viedma,"1988",Argentyna,subglacjalny,erupcja zaobserwowana,dacyt,strefa subdukcji / skorupa kontynentalna (>25 km),Wulkan,"Global Volcanism Program, 2013. Volcanoes of the World, v. 4.11.0. Venzke, E (ed.). Smithsonian Institution. Downloaded 20 Jun 2022. https://doi.org/10.5479/si.GVP.VOTW4-2013","-73","-49"
"883","11",Palinuro,8040 p.n.e.,Włochy,podwodny,erupcja datowana,fonolit,strefa subdukcji / skorupa kontynentalna (>25 km),Wulkan,"Global Volcanism Program, 2013. Volcanoes of the World, v. 4.11.0. Venzke, E (ed.). Smithsonian Institution. Downloaded 20 Jun 2022. https://doi.org/10.5479/si.GVP.VOTW4-2013","15","39"
"884","17",Campi Flegrei del Mar di Sicilia,"1867",Włochy,podwodny,erupcja zaobserwowana,tefryt / trachybazalt,strefa ryftowa / skorupa kontynentalna (>25 km),Wulkan,"Global Volcanism Program, 2013. Volcanoes of the World, v. 4.11.0. Venzke, E (ed.). Smithsonian Institution. Downloaded 20 Jun 2022. https://doi.org/10.5479/si.GVP.VOTW4-2013","13","37"
"885","19",Marsili,1050 p.n.e.,Włochy,podwodny,erupcja datowana,"-","-",Wulkan,"Global Volcanism Program, 2013. Volcanoes of the World, v. 4.11.0. Venzke, E (ed.). Smithsonian Institution. Downloaded 20 Jun 2022. https://doi.org/10.5479/si.GVP.VOTW4-2013","14","39"
"886","126","Cendres, Ile des","1923",Wietnam,podwodny,erupcja zaobserwowana,bazalt / pikryt,strefa subdukcji / skorupa kontynentalna (>25 km),Wulkan,"Global Volcanism Program, 2013. Volcanoes of the World, v. 4.11.0. Venzke, E (ed.). Smithsonian Institution. Downloaded 20 Jun 2022. https://doi.org/10.5479/si.GVP.VOTW4-2013","109","10"
"887","685",Banua Wuhu,"1919",Indonezja,podwodny,erupcja zaobserwowana,andezyt / andezyt bazaltowy,strefa subdukcji / skorupa oceaniczna (< 15 km),Wulkan,"Global Volcanism Program, 2013. Volcanoes of the World, v. 4.11.0. Venzke, E (ed.). Smithsonian Institution. Downloaded 20 Jun 2022. https://doi.org/10.5479/si.GVP.VOTW4-2013","125","3"
"888","769",Piip,5050 p.n.e.,Rosja,podwodny,erupcja datowana,dacyt,strefa subdukcji / skorupa oceaniczna (< 15 km),Wulkan,"Global Volcanism Program, 2013. Volcanoes of the World, v. 4.11.0. Venzke, E (ed.). Smithsonian Institution. Downloaded 20 Jun 2022. https://doi.org/10.5479/si.GVP.VOTW4-2013","167","55"
"889","119",Unnamed,"1854",Filipiny,podwodny,erupcja zaobserwowana,"-",strefa subdukcji / grubość skorupy nieznana,Wulkan,"Global Volcanism Program, 2013. Volcanoes of the World, v. 4.11.0. Venzke, E (ed.). Smithsonian Institution. Downloaded 20 Jun 2022. https://doi.org/10.5479/si.GVP.VOTW4-2013","122","20"
"890","132",Unnamed,"1853",Tajwan,podwodny,erupcja zaobserwowana,"-",strefa subdukcji / skorupa kontynentalna (>25 km),Wulkan,"Global Volcanism Program, 2013. Volcanoes of the World, v. 4.11.0. Venzke, E (ed.). Smithsonian Institution. Downloaded 20 Jun 2022. https://doi.org/10.5479/si.GVP.VOTW4-2013","122","24"
"891","135",Submarine Volcano NNE of Iriomotejima,"1924",Japonia,podwodny,erupcja zaobserwowana,ryolit,strefa subdukcji / skorupa oceaniczna (< 15 km),Wulkan,"Global Volcanism Program, 2013. Volcanoes of the World, v. 4.11.0. Venzke, E (ed.). Smithsonian Institution. Downloaded 20 Jun 2022. https://doi.org/10.5479/si.GVP.VOTW4-2013","124","25"
"892","840",Eastern Gemini Seamount,"1996",Francja,podwodny,erupcja zaobserwowana,bazalt / pikryt,strefa ryftowa / skorupa oceaniczna (< 15 km),Wulkan,"Global Volcanism Program, 2013. Volcanoes of the World, v. 4.11.0. Venzke, E (ed.). Smithsonian Institution. Downloaded 20 Jun 2022. https://doi.org/10.5479/si.GVP.VOTW4-2013","170","-21"
"893","242",South Sarigan Seamount,"2010",Stany Zjednoczone,podwodny,erupcja zaobserwowana,"-",strefa subdukcji / grubość skorupy nieznana,Wulkan,"Global Volcanism Program, 2013. Volcanoes of the World, v. 4.11.0. Venzke, E (ed.). Smithsonian Institution. Downloaded 20 Jun 2022. https://doi.org/10.5479/si.GVP.VOTW4-2013","146","17"
"894","208",Myojinsho,"1970",Japonia,podwodny,erupcja zaobserwowana,dacyt,strefa subdukcji / skorupa oceaniczna (< 15 km),Wulkan,"Global Volcanism Program, 2013. Volcanoes of the World, v. 4.11.0. Venzke, E (ed.). Smithsonian Institution. Downloaded 20 Jun 2022. https://doi.org/10.5479/si.GVP.VOTW4-2013","140","32"
"895","210",Sumisujima,"1916",Japonia,podwodny,erupcja zaobserwowana,dacyt,strefa subdukcji / skorupa oceaniczna (< 15 km),Wulkan,"Global Volcanism Program, 2013. Volcanoes of the World, v. 4.11.0. Venzke, E (ed.). Smithsonian Institution. Downloaded 20 Jun 2022. https://doi.org/10.5479/si.GVP.VOTW4-2013","140","31"
"896","991",Cobb Segment,1180 p.n.e.,Kanada,podwodny,erupcja datowana,bazalt / pikryt,strefa ryftowa / skorupa oceaniczna (< 15 km),Wulkan,"Global Volcanism Program, 2013. Volcanoes of the World, v. 4.11.0. Venzke, E (ed.). Smithsonian Institution. Downloaded 20 Jun 2022. https://doi.org/10.5479/si.GVP.VOTW4-2013","-129","47"
"897","219",Kaitoku Seamount,"1984",Japonia,podwodny,erupcja zaobserwowana,bazalt / pikryt,strefa subdukcji / grubość skorupy nieznana,Wulkan,"Global Volcanism Program, 2013. Volcanoes of the World, v. 4.11.0. Venzke, E (ed.). Smithsonian Institution. Downloaded 20 Jun 2022. https://doi.org/10.5479/si.GVP.VOTW4-2013","141","26"
"898","222",Kita-Fukutokutai,"1954",Japonia,podwodny,erupcja zaobserwowana,"-",strefa subdukcji / grubość skorupy nieznana,Wulkan,"Global Volcanism Program, 2013. Volcanoes of the World, v. 4.11.0. Venzke, E (ed.). Smithsonian Institution. Downloaded 20 Jun 2022. https://doi.org/10.5479/si.GVP.VOTW4-2013","141","24"
"899","223",Fukutoku-Oka-no-Ba,"2010",Japonia,podwodny,erupcja zaobserwowana,trachyandezyt / bazaltowy trachyandezyt,strefa subdukcji / grubość skorupy nieznana,Wulkan,"Global Volcanism Program, 2013. Volcanoes of the World, v. 4.11.0. Venzke, E (ed.). Smithsonian Institution. Downloaded 20 Jun 2022. https://doi.org/10.5479/si.GVP.VOTW4-2013","141","24"
"900","224",Minami-Hiyoshi,"1975",Japonia,podwodny,erupcja zaobserwowana,trachyandezyt / bazaltowy trachyandezyt,strefa subdukcji / grubość skorupy nieznana,Wulkan,"Global Volcanism Program, 2013. Volcanoes of the World, v. 4.11.0. Venzke, E (ed.). Smithsonian Institution. Downloaded 20 Jun 2022. https://doi.org/10.5479/si.GVP.VOTW4-2013","142","24"
"901","226",Fukujin,"1974",Stany Zjednoczone,podwodny,erupcja zaobserwowana,andezyt / andezyt bazaltowy,strefa subdukcji / grubość skorupy nieznana,Wulkan,"Global Volcanism Program, 2013. Volcanoes of the World, v. 4.11.0. Venzke, E (ed.). Smithsonian Institution. Downloaded 20 Jun 2022. https://doi.org/10.5479/si.GVP.VOTW4-2013","143","22"
"902","227",Kasuga 1,"1959",Stany Zjednoczone,podwodny,erupcja zaobserwowana,andezyt / andezyt bazaltowy,strefa subdukcji / grubość skorupy nieznana,Wulkan,"Global Volcanism Program, 2013. Volcanoes of the World, v. 4.11.0. Venzke, E (ed.). Smithsonian Institution. Downloaded 20 Jun 2022. https://doi.org/10.5479/si.GVP.VOTW4-2013","144","22"
"903","232",Ahyi,"2014",Stany Zjednoczone,podwodny,erupcja datowana,andezyt / andezyt bazaltowy,strefa subdukcji / grubość skorupy nieznana,Wulkan,"Global Volcanism Program, 2013. Volcanoes of the World, v. 4.11.0. Venzke, E (ed.). Smithsonian Institution. Downloaded 20 Jun 2022. https://doi.org/10.5479/si.GVP.VOTW4-2013","145","20"
"904","233",Supply Reef,"1989",Stany Zjednoczone,podwodny,erupcja datowana,andezyt / andezyt bazaltowy,strefa subdukcji / grubość skorupy nieznana,Wulkan,"Global Volcanism Program, 2013. Volcanoes of the World, v. 4.11.0. Venzke, E (ed.). Smithsonian Institution. Downloaded 20 Jun 2022. https://doi.org/10.5479/si.GVP.VOTW4-2013","145","20"
"905","245",Ruby,"1995",Stany Zjednoczone,podwodny,erupcja zaobserwowana,bazalt / pikryt,strefa subdukcji / grubość skorupy nieznana,Wulkan,"Global Volcanism Program, 2013. Volcanoes of the World, v. 4.11.0. Venzke, E (ed.). Smithsonian Institution. Downloaded 20 Jun 2022. https://doi.org/10.5479/si.GVP.VOTW4-2013","146","16"
"906","247",NW Rota-1,"2010",Stany Zjednoczone,podwodny,erupcja zaobserwowana,bazalt / pikryt,strefa subdukcji / grubość skorupy nieznana,Wulkan,"Global Volcanism Program, 2013. Volcanoes of the World, v. 4.11.0. Venzke, E (ed.). Smithsonian Institution. Downloaded 20 Jun 2022. https://doi.org/10.5479/si.GVP.VOTW4-2013","145","15"
"907","250",Mariana Back-Arc Segment at 15.5°N,"2015",Stany Zjednoczone,podwodny,erupcja datowana,"-",strefa subdukcji / skorupa oceaniczna (< 15 km),Wulkan,"Global Volcanism Program, 2013. Volcanoes of the World, v. 4.11.0. Venzke, E (ed.). Smithsonian Institution. Downloaded 20 Jun 2022. https://doi.org/10.5479/si.GVP.VOTW4-2013","145","15"
"908","990",Endeavour Segment,3490 p.n.e.,Kanada,podwodny,erupcja datowana,bazalt / pikryt,strefa ryftowa / skorupa oceaniczna (< 15 km),Wulkan,"Global Volcanism Program, 2013. Volcanoes of the World, v. 4.11.0. Venzke, E (ed.). Smithsonian Institution. Downloaded 20 Jun 2022. https://doi.org/10.5479/si.GVP.VOTW4-2013","-129","48"
"909","1020",Kick 'em Jenny,"2017",Grenada,podwodny,erupcja zaobserwowana,bazalt / pikryt,strefa subdukcji / skorupa oceaniczna (< 15 km),Wulkan,"Global Volcanism Program, 2013. Volcanoes of the World, v. 4.11.0. Venzke, E (ed.). Smithsonian Institution. Downloaded 20 Jun 2022. https://doi.org/10.5479/si.GVP.VOTW4-2013","-62","12"
"910","1035",Vestmannaeyjar,"1973",Islandia,podwodny,erupcja zaobserwowana,bazalt / pikryt,strefa ryftowa / skorupa oceaniczna (< 15 km),Wulkan,"Global Volcanism Program, 2013. Volcanoes of the World, v. 4.11.0. Venzke, E (ed.). Smithsonian Institution. Downloaded 20 Jun 2022. https://doi.org/10.5479/si.GVP.VOTW4-2013","-20","63"
"911","290",Unnamed,"1972",Rosja,podwodny,erupcja datowana,"-",strefa subdukcji / skorupa oceaniczna (< 15 km),Wulkan,"Global Volcanism Program, 2013. Volcanoes of the World, v. 4.11.0. Venzke, E (ed.). Smithsonian Institution. Downloaded 20 Jun 2022. https://doi.org/10.5479/si.GVP.VOTW4-2013","151","46"
"912","1049",Tjornes Fracture Zone,"1868",Islandia,podwodny,erupcja zaobserwowana,bazalt / pikryt,strefa ryftowa / skorupa oceaniczna (< 15 km),Wulkan,"Global Volcanism Program, 2013. Volcanoes of the World, v. 4.11.0. Venzke, E (ed.). Smithsonian Institution. Downloaded 20 Jun 2022. https://doi.org/10.5479/si.GVP.VOTW4-2013","-17","66"
"913","1052",Kolbeinsey Ridge,"1755",Islandia,podwodny,erupcja zaobserwowana,bazalt / pikryt,strefa ryftowa / skorupa oceaniczna (< 15 km),Wulkan,"Global Volcanism Program, 2013. Volcanoes of the World, v. 4.11.0. Venzke, E (ed.). Smithsonian Institution. Downloaded 20 Jun 2022. https://doi.org/10.5479/si.GVP.VOTW4-2013","-18","67"
"914","1062",Don Joao de Castro Bank,"1720",Portugalia,podwodny,erupcja zaobserwowana,bazalt / pikryt,strefa ryftowa / skorupa oceaniczna (< 15 km),Wulkan,"Global Volcanism Program, 2013. Volcanoes of the World, v. 4.11.0. Venzke, E (ed.). Smithsonian Institution. Downloaded 20 Jun 2022. https://doi.org/10.5479/si.GVP.VOTW4-2013","-27","38"
"915","1067",Monaco Bank,"1911",Portugalia,podwodny,erupcja zaobserwowana,"-",strefa ryftowa / skorupa oceaniczna (< 15 km),Wulkan,"Global Volcanism Program, 2013. Volcanoes of the World, v. 4.11.0. Venzke, E (ed.). Smithsonian Institution. Downloaded 20 Jun 2022. https://doi.org/10.5479/si.GVP.VOTW4-2013","-26","38"
"916","1113",Protector Seamounts,"1962",Wielka Brytania,podwodny,erupcja zaobserwowana,ryolit,strefa subdukcji / skorupa oceaniczna (< 15 km),Wulkan,"Global Volcanism Program, 2013. Volcanoes of the World, v. 4.11.0. Venzke, E (ed.). Smithsonian Institution. Downloaded 20 Jun 2022. https://doi.org/10.5479/si.GVP.VOTW4-2013","-28","-56"
"917","416",Boomerang Seamount,"1995",Francja,podwodny,erupcja datowana,bazalt / pikryt,strefa ryftowa / skorupa oceaniczna (< 15 km),Wulkan,"Global Volcanism Program, 2013. Volcanoes of the World, v. 4.11.0. Venzke, E (ed.). Smithsonian Institution. Downloaded 20 Jun 2022. https://doi.org/10.5479/si.GVP.VOTW4-2013","78","-38"
"918","552",Rumble III,"2008",Nowa Zelandia,podwodny,erupcja zaobserwowana,andezyt / andezyt bazaltowy,strefa subdukcji / skorupa oceaniczna (< 15 km),Wulkan,"Global Volcanism Program, 2013. Volcanoes of the World, v. 4.11.0. Venzke, E (ed.). Smithsonian Institution. Downloaded 20 Jun 2022. https://doi.org/10.5479/si.GVP.VOTW4-2013","178","-36"
"919","582",West Mata,"2009",Tonga,podwodny,erupcja zaobserwowana,andezyt / andezyt bazaltowy,strefa subdukcji / skorupa oceaniczna (< 15 km),Wulkan,"Global Volcanism Program, 2013. Volcanoes of the World, v. 4.11.0. Venzke, E (ed.). Smithsonian Institution. Downloaded 20 Jun 2022. https://doi.org/10.5479/si.GVP.VOTW4-2013","-174","-15"
"920","487",Bogoslof,"2017",Stany Zjednoczone,podwodny,erupcja zaobserwowana,trachyandezyt / bazaltowy trachyandezyt,strefa subdukcji / skorupa oceaniczna (< 15 km),Wulkan,"Global Volcanism Program, 2013. Volcanoes of the World, v. 4.11.0. Venzke, E (ed.). Smithsonian Institution. Downloaded 20 Jun 2022. https://doi.org/10.5479/si.GVP.VOTW4-2013","-168","54"
"921","1228",Teahitia,"1985",Francja,podwodny,erupcja datowana,tefryt / trachybazalt,strefa subdukcji / skorupa oceaniczna (< 15 km),Wulkan,"Global Volcanism Program, 2013. Volcanoes of the World, v. 4.11.0. Venzke, E (ed.). Smithsonian Institution. Downloaded 20 Jun 2022. https://doi.org/10.5479/si.GVP.VOTW4-2013","-149","-18"
"922","1230",Moua Pihaa,"1970",Francja,podwodny,erupcja datowana,tefryt / trachybazalt,strefa subdukcji / skorupa oceaniczna (< 15 km),Wulkan,"Global Volcanism Program, 2013. Volcanoes of the World, v. 4.11.0. Venzke, E (ed.). Smithsonian Institution. Downloaded 20 Jun 2022. https://doi.org/10.5479/si.GVP.VOTW4-2013","-149","-18"
"923","566",Unnamed,"2017",Tonga,podwodny,erupcja zaobserwowana,"-",strefa subdukcji / skorupa oceaniczna (< 15 km),Wulkan,"Global Volcanism Program, 2013. Volcanoes of the World, v. 4.11.0. Venzke, E (ed.). Smithsonian Institution. Downloaded 20 Jun 2022. https://doi.org/10.5479/si.GVP.VOTW4-2013","-176","-21"
"924","554",Healy,"1360",Nowa Zelandia,podwodny,erupcja datowana,dacyt,strefa subdukcji / skorupa oceaniczna (< 15 km),Wulkan,"Global Volcanism Program, 2013. Volcanoes of the World, v. 4.11.0. Venzke, E (ed.). Smithsonian Institution. Downloaded 20 Jun 2022. https://doi.org/10.5479/si.GVP.VOTW4-2013","179","-35"
"925","557",Havre Seamount,"2012",Nowa Zelandia,podwodny,erupcja zaobserwowana,"-",strefa subdukcji / skorupa oceaniczna (< 15 km),Wulkan,"Global Volcanism Program, 2013. Volcanoes of the World, v. 4.11.0. Venzke, E (ed.). Smithsonian Institution. Downloaded 20 Jun 2022. https://doi.org/10.5479/si.GVP.VOTW4-2013","-179","-31"
"926","562",Monowai,"2012",Nowa Zelandia,podwodny,erupcja zaobserwowana,bazalt / pikryt,strefa subdukcji / skorupa oceaniczna (< 15 km),Wulkan,"Global Volcanism Program, 2013. Volcanoes of the World, v. 4.11.0. Venzke, E (ed.). Smithsonian Institution. Downloaded 20 Jun 2022. https://doi.org/10.5479/si.GVP.VOTW4-2013","-177","-26"
"927","564",Unnamed,"1932",Tonga,podwodny,erupcja zaobserwowana,"-",strefa subdukcji / skorupa oceaniczna (< 15 km),Wulkan,"Global Volcanism Program, 2013. Volcanoes of the World, v. 4.11.0. Venzke, E (ed.). Smithsonian Institution. Downloaded 20 Jun 2022. https://doi.org/10.5479/si.GVP.VOTW4-2013","-176","-21"
"928","568",Fonuafo'ou,"1936",Tonga,podwodny,erupcja zaobserwowana,andezyt / andezyt bazaltowy,strefa subdukcji / skorupa oceaniczna (< 15 km),Wulkan,"Global Volcanism Program, 2013. Volcanoes of the World, v. 4.11.0. Venzke, E (ed.). Smithsonian Institution. Downloaded 20 Jun 2022. https://doi.org/10.5479/si.GVP.VOTW4-2013","-175","-20"
"929","572",Home Reef,"2006",Tonga,podwodny,erupcja zaobserwowana,dacyt,strefa subdukcji / skorupa oceaniczna (< 15 km),Wulkan,"Global Volcanism Program, 2013. Volcanoes of the World, v. 4.11.0. Venzke, E (ed.). Smithsonian Institution. Downloaded 20 Jun 2022. https://doi.org/10.5479/si.GVP.VOTW4-2013","-175","-19"
"930","574",Unnamed,"2001",Tonga,podwodny,erupcja zaobserwowana,dacyt,strefa subdukcji / skorupa oceaniczna (< 15 km),Wulkan,"Global Volcanism Program, 2013. Volcanoes of the World, v. 4.11.0. Venzke, E (ed.). Smithsonian Institution. Downloaded 20 Jun 2022. https://doi.org/10.5479/si.GVP.VOTW4-2013","-174","-18"
"931","577",Curacoa,"1979",Tonga,podwodny,erupcja zaobserwowana,dacyt,strefa subdukcji / skorupa oceaniczna (< 15 km),Wulkan,"Global Volcanism Program, 2013. Volcanoes of the World, v. 4.11.0. Venzke, E (ed.). Smithsonian Institution. Downloaded 20 Jun 2022. https://doi.org/10.5479/si.GVP.VOTW4-2013","-174","-16"
"932","581",Tafu-Maka,"2008",Tonga,podwodny,erupcja zaobserwowana,bazalt / pikryt,strefa ryftowa / skorupa oceaniczna (< 15 km),Wulkan,"Global Volcanism Program, 2013. Volcanoes of the World, v. 4.11.0. Venzke, E (ed.). Smithsonian Institution. Downloaded 20 Jun 2022. https://doi.org/10.5479/si.GVP.VOTW4-2013","-174","-15"
"933","584",Vailulu'u,"2003",Stany Zjednoczone,podwodny,erupcja zaobserwowana,bazalt / pikryt,strefa subdukcji / skorupa oceaniczna (< 15 km),Wulkan,"Global Volcanism Program, 2013. Volcanoes of the World, v. 4.11.0. Venzke, E (ed.). Smithsonian Institution. Downloaded 20 Jun 2022. https://doi.org/10.5479/si.GVP.VOTW4-2013","-169","-14"
"934","596",Central Bismarck Sea,"1972",Papua - Nowa Gwinea,podwodny,erupcja datowana,"-",strefa ryftowa / skorupa kontynentalna (>25 km),Wulkan,"Global Volcanism Program, 2013. Volcanoes of the World, v. 4.11.0. Venzke, E (ed.). Smithsonian Institution. Downloaded 20 Jun 2022. https://doi.org/10.5479/si.GVP.VOTW4-2013","148","-3"
"935","563",Unnamed,brak danych,Nie dotyczy - wulkan podwodny,podwodny,holocen,bazalt / pikryt,strefa subdukcji / skorupa oceaniczna (< 15 km),Wulkan,"Global Volcanism Program, 2013. Volcanoes of the World, v. 4.11.0. Venzke, E (ed.). Smithsonian Institution. Downloaded 20 Jun 2022. https://doi.org/10.5479/si.GVP.VOTW4-2013","-177","-25"
"936","1229",Rocard,"1972",Francja,podwodny,erupcja datowana,trachit,strefa subdukcji / skorupa oceaniczna (< 15 km),Wulkan,"Global Volcanism Program, 2013. Volcanoes of the World, v. 4.11.0. Venzke, E (ed.). Smithsonian Institution. Downloaded 20 Jun 2022. https://doi.org/10.5479/si.GVP.VOTW4-2013","-149","-18"
"937","992",CoAxial Segment,"1993",Nie dotyczy - wulkan podwodny,podwodny,erupcja zaobserwowana,bazalt / pikryt,strefa ryftowa / skorupa oceaniczna (< 15 km),Wulkan,"Global Volcanism Program, 2013. Volcanoes of the World, v. 4.11.0. Venzke, E (ed.). Smithsonian Institution. Downloaded 20 Jun 2022. https://doi.org/10.5479/si.GVP.VOTW4-2013","-130","47"
"938","993",Axial Seamount,"2015",Nie dotyczy - wulkan podwodny,podwodny,erupcja zaobserwowana,bazalt / pikryt,strefa ryftowa / skorupa oceaniczna (< 15 km),Wulkan,"Global Volcanism Program, 2013. Volcanoes of the World, v. 4.11.0. Venzke, E (ed.). Smithsonian Institution. Downloaded 20 Jun 2022. https://doi.org/10.5479/si.GVP.VOTW4-2013","-130","46"
"939","994",Cleft Segment,"1986",Nie dotyczy - wulkan podwodny,podwodny,erupcja zaobserwowana,bazalt / pikryt,strefa ryftowa / skorupa oceaniczna (< 15 km),Wulkan,"Global Volcanism Program, 2013. Volcanoes of the World, v. 4.11.0. Venzke, E (ed.). Smithsonian Institution. Downloaded 20 Jun 2022. https://doi.org/10.5479/si.GVP.VOTW4-2013","-130","45"
"940","995",North Gorda Ridge Segment,"1996",Nie dotyczy - wulkan podwodny,podwodny,erupcja zaobserwowana,bazalt / pikryt,strefa ryftowa / skorupa oceaniczna (< 15 km),Wulkan,"Global Volcanism Program, 2013. Volcanoes of the World, v. 4.11.0. Venzke, E (ed.). Smithsonian Institution. Downloaded 20 Jun 2022. https://doi.org/10.5479/si.GVP.VOTW4-2013","-127","43"
"941","834",Kuwae,"1974",Vanuatu,kaldera,erupcja zaobserwowana,bazalt / pikryt,strefa subdukcji / skorupa oceaniczna (< 15 km),Wulkan,"Global Volcanism Program, 2013. Volcanoes of the World, v. 4.11.0. Venzke, E (ed.). Smithsonian Institution. Downloaded 20 Jun 2022. https://doi.org/10.5479/si.GVP.VOTW4-2013","169","-17"
"942","997",Escanaba Segment,2260 p.n.e.,Nie dotyczy - wulkan podwodny,podwodny,erupcja datowana,bazalt / pikryt,strefa ryftowa / skorupa oceaniczna (< 15 km),Wulkan,"Global Volcanism Program, 2013. Volcanoes of the World, v. 4.11.0. Venzke, E (ed.). Smithsonian Institution. Downloaded 20 Jun 2022. https://doi.org/10.5479/si.GVP.VOTW4-2013","-127","41"
"943","1054",Pico Fracture Zone,"1865",Nie dotyczy - wulkan podwodny,podwodny,erupcja zaobserwowana,"-",strefa subdukcji / skorupa oceaniczna (< 15 km),Wulkan,"Global Volcanism Program, 2013. Volcanoes of the World, v. 4.11.0. Venzke, E (ed.). Smithsonian Institution. Downloaded 20 Jun 2022. https://doi.org/10.5479/si.GVP.VOTW4-2013","-38","39"
"944","1079",Walvis Ridge at 33°S,"2002",Nie dotyczy - wulkan podwodny,podwodny,erupcja zaobserwowana,"-",strefa subdukcji / skorupa oceaniczna (< 15 km),Wulkan,"Global Volcanism Program, 2013. Volcanoes of the World, v. 4.11.0. Venzke, E (ed.). Smithsonian Institution. Downloaded 20 Jun 2022. https://doi.org/10.5479/si.GVP.VOTW4-2013","-5","-33"
"945","580",Lobster,brak danych,Tonga,podwodny,brak dowodów na wybuch,"-","-",Wulkan,"Global Volcanism Program, 2013. Volcanoes of the World, v. 4.11.0. Venzke, E (ed.). Smithsonian Institution. Downloaded 20 Jun 2022. https://doi.org/10.5479/si.GVP.VOTW4-2013","-176","-15"
"946","1232",Adams Seamount,50 p.n.e.,Nie dotyczy - wulkan podwodny,podwodny,erupcja datowana,bazalt / pikryt,strefa subdukcji / skorupa oceaniczna (< 15 km),Wulkan,"Global Volcanism Program, 2013. Volcanoes of the World, v. 4.11.0. Venzke, E (ed.). Smithsonian Institution. Downloaded 20 Jun 2022. https://doi.org/10.5479/si.GVP.VOTW4-2013","-129","-25"
"947","1234",Northern EPR at 17°N,50 p.n.e.,Nie dotyczy - wulkan podwodny,podwodny,erupcja datowana,bazalt / pikryt,strefa ryftowa / skorupa oceaniczna (< 15 km),Wulkan,"Global Volcanism Program, 2013. Volcanoes of the World, v. 4.11.0. Venzke, E (ed.). Smithsonian Institution. Downloaded 20 Jun 2022. https://doi.org/10.5479/si.GVP.VOTW4-2013","-105","17"
"948","1235",Northern EPR at 16°N,50 p.n.e.,Nie dotyczy - wulkan podwodny,podwodny,erupcja datowana,bazalt / pikryt,strefa ryftowa / skorupa oceaniczna (< 15 km),Wulkan,"Global Volcanism Program, 2013. Volcanoes of the World, v. 4.11.0. Venzke, E (ed.). Smithsonian Institution. Downloaded 20 Jun 2022. https://doi.org/10.5479/si.GVP.VOTW4-2013","-105","16"
"949","1236",Northern EPR at 10.7°N,"2003",Nie dotyczy - wulkan podwodny,podwodny,erupcja zaobserwowana,bazalt / pikryt,strefa subdukcji / skorupa oceaniczna (< 15 km),Wulkan,"Global Volcanism Program, 2013. Volcanoes of the World, v. 4.11.0. Venzke, E (ed.). Smithsonian Institution. Downloaded 20 Jun 2022. https://doi.org/10.5479/si.GVP.VOTW4-2013","-104","11"
"950","1237",Northern EPR at 9.8°N,"2006",Nie dotyczy - wulkan podwodny,podwodny,erupcja zaobserwowana,bazalt / pikryt,strefa ryftowa / skorupa oceaniczna (< 15 km),Wulkan,"Global Volcanism Program, 2013. Volcanoes of the World, v. 4.11.0. Venzke, E (ed.). Smithsonian Institution. Downloaded 20 Jun 2022. https://doi.org/10.5479/si.GVP.VOTW4-2013","-104","10"
"951","1238",Galapagos Rift,"1996",Nie dotyczy - wulkan podwodny,podwodny,erupcja zaobserwowana,bazalt / pikryt,strefa ryftowa / skorupa oceaniczna (< 15 km),Wulkan,"Global Volcanism Program, 2013. Volcanoes of the World, v. 4.11.0. Venzke, E (ed.). Smithsonian Institution. Downloaded 20 Jun 2022. https://doi.org/10.5479/si.GVP.VOTW4-2013","-86","1"
"952","1239",Southern EPR at 8°S,"1969",Nie dotyczy - wulkan podwodny,podwodny,erupcja zaobserwowana,bazalt / pikryt,strefa ryftowa / skorupa oceaniczna (< 15 km),Wulkan,"Global Volcanism Program, 2013. Volcanoes of the World, v. 4.11.0. Venzke, E (ed.). Smithsonian Institution. Downloaded 20 Jun 2022. https://doi.org/10.5479/si.GVP.VOTW4-2013","-108","-8"
"953","1240",Southern EPR-Segment K,"1990",Nie dotyczy - wulkan podwodny,podwodny,erupcja zaobserwowana,bazalt / pikryt,strefa ryftowa / skorupa oceaniczna (< 15 km),Wulkan,"Global Volcanism Program, 2013. Volcanoes of the World, v. 4.11.0. Venzke, E (ed.). Smithsonian Institution. Downloaded 20 Jun 2022. https://doi.org/10.5479/si.GVP.VOTW4-2013","-113","-17"
"954","1241",Southern EPR-Segment J,"1890",Nie dotyczy - wulkan podwodny,podwodny,erupcja datowana,bazalt / pikryt,strefa ryftowa / skorupa oceaniczna (< 15 km),Wulkan,"Global Volcanism Program, 2013. Volcanoes of the World, v. 4.11.0. Venzke, E (ed.). Smithsonian Institution. Downloaded 20 Jun 2022. https://doi.org/10.5479/si.GVP.VOTW4-2013","-113","-18"
"955","1242",Southern EPR-Segment I,"1915",Nie dotyczy - wulkan podwodny,podwodny,erupcja datowana,bazalt / pikryt,strefa ryftowa / skorupa oceaniczna (< 15 km),Wulkan,"Global Volcanism Program, 2013. Volcanoes of the World, v. 4.11.0. Venzke, E (ed.). Smithsonian Institution. Downloaded 20 Jun 2022. https://doi.org/10.5479/si.GVP.VOTW4-2013","-113","-19"
"956","1233",Macdonald,"1989",Nie dotyczy - wulkan podwodny,podwodny,erupcja zaobserwowana,bazalt / pikryt,strefa subdukcji / skorupa oceaniczna (< 15 km),Wulkan,"Global Volcanism Program, 2013. Volcanoes of the World, v. 4.11.0. Venzke, E (ed.). Smithsonian Institution. Downloaded 20 Jun 2022. https://doi.org/10.5479/si.GVP.VOTW4-2013","-140","-29"
"957","996",Jackson Segment,brak danych,Nie dotyczy - wulkan podwodny,podwodny,holocen,"-",strefa ryftowa / skorupa oceaniczna (< 15 km),Wulkan,"Global Volcanism Program, 2013. Volcanoes of the World, v. 4.11.0. Venzke, E (ed.). Smithsonian Institution. Downloaded 20 Jun 2022. https://doi.org/10.5479/si.GVP.VOTW4-2013","-127","42"
"958","207",Kita-Bayonnaise,brak danych,Japonia,podwodny,brak dowodów na wybuch,ryolit,strefa subdukcji / skorupa oceaniczna (< 15 km),Wulkan,"Global Volcanism Program, 2013. Volcanoes of the World, v. 4.11.0. Venzke, E (ed.). Smithsonian Institution. Downloaded 20 Jun 2022. https://doi.org/10.5479/si.GVP.VOTW4-2013","140","32"
"959","998",East Blanco Depression,brak danych,Nie dotyczy - wulkan podwodny,podwodny,holocen,"-",strefa ryftowa / skorupa pośrednia (15-25 km),Wulkan,"Global Volcanism Program, 2013. Volcanoes of the World, v. 4.11.0. Venzke, E (ed.). Smithsonian Institution. Downloaded 20 Jun 2022. https://doi.org/10.5479/si.GVP.VOTW4-2013","-130","44"
"960","989",West Valley Segment,brak danych,Kanada,podwodny,holocen,"-",strefa ryftowa / skorupa pośrednia (15-25 km),Wulkan,"Global Volcanism Program, 2013. Volcanoes of the World, v. 4.11.0. Venzke, E (ed.). Smithsonian Institution. Downloaded 20 Jun 2022. https://doi.org/10.5479/si.GVP.VOTW4-2013","-129","49"
"961","204",Kurose Hole,brak danych,Japonia,podwodny,brak dowodów na wybuch,dacyt,strefa subdukcji / skorupa oceaniczna (< 15 km),Wulkan,"Global Volcanism Program, 2013. Volcanoes of the World, v. 4.11.0. Venzke, E (ed.). Smithsonian Institution. Downloaded 20 Jun 2022. https://doi.org/10.5479/si.GVP.VOTW4-2013","140","33"
"962","603",Hankow Reef,brak danych,Papua - Nowa Gwinea,podwodny,brak dowodów na wybuch,"-",strefa subdukcji / skorupa kontynentalna (>25 km),Wulkan,"Global Volcanism Program, 2013. Volcanoes of the World, v. 4.11.0. Venzke, E (ed.). Smithsonian Institution. Downloaded 20 Jun 2022. https://doi.org/10.5479/si.GVP.VOTW4-2013","147","-5"
"963","1088",Unnamed,brak danych,Antarktyda,podwodny,brak dowodów na wybuch,"-",strefa subdukcji / skorupa kontynentalna (>25 km),Wulkan,"Global Volcanism Program, 2013. Volcanoes of the World, v. 4.11.0. Venzke, E (ed.). Smithsonian Institution. Downloaded 20 Jun 2022. https://doi.org/10.5479/si.GVP.VOTW4-2013","163","-77"
"964","1243",Hollister Ridge,brak danych,Nie dotyczy - wulkan podwodny,podwodny,brak dowodów na wybuch,"-",strefa subdukcji / skorupa oceaniczna (< 15 km),Wulkan,"Global Volcanism Program, 2013. Volcanoes of the World, v. 4.11.0. Venzke, E (ed.). Smithsonian Institution. Downloaded 20 Jun 2022. https://doi.org/10.5479/si.GVP.VOTW4-2013","-140","-54"
"965","1077",Romanche Fracture Zone,brak danych,Nie dotyczy - wulkan podwodny,podwodny,brak dowodów na wybuch,"-",strefa ryftowa / skorupa oceaniczna (< 15 km),Wulkan,"Global Volcanism Program, 2013. Volcanoes of the World, v. 4.11.0. Venzke, E (ed.). Smithsonian Institution. Downloaded 20 Jun 2022. https://doi.org/10.5479/si.GVP.VOTW4-2013","-20","0"
"966","1244",Udintsev Transform,brak danych,Nie dotyczy - wulkan podwodny,podwodny,brak dowodów na wybuch,"-",strefa subdukcji / skorupa oceaniczna (< 15 km),Wulkan,"Global Volcanism Program, 2013. Volcanoes of the World, v. 4.11.0. Venzke, E (ed.). Smithsonian Institution. Downloaded 20 Jun 2022. https://doi.org/10.5479/si.GVP.VOTW4-2013","-143","-56"
"967","228",Kasuga 2,brak danych,Stany Zjednoczone,podwodny,nieznana data wybuchu,bazalt / pikryt,strefa subdukcji / grubość skorupy nieznana,Wulkan,"Global Volcanism Program, 2013. Volcanoes of the World, v. 4.11.0. Venzke, E (ed.). Smithsonian Institution. Downloaded 20 Jun 2022. https://doi.org/10.5479/si.GVP.VOTW4-2013","144","22"
"968","297",Srednii,brak danych,Rosja,podwodny,nieznana data wybuchu,"-",strefa subdukcji / skorupa oceaniczna (< 15 km),Wulkan,"Global Volcanism Program, 2013. Volcanoes of the World, v. 4.11.0. Venzke, E (ed.). Smithsonian Institution. Downloaded 20 Jun 2022. https://doi.org/10.5479/si.GVP.VOTW4-2013","153","48"
"969","565",Unnamed,brak danych,Tonga,podwodny,nieznana data wybuchu,andezyt / andezyt bazaltowy,strefa subdukcji / skorupa oceaniczna (< 15 km),Wulkan,"Global Volcanism Program, 2013. Volcanoes of the World, v. 4.11.0. Venzke, E (ed.). Smithsonian Institution. Downloaded 20 Jun 2022. https://doi.org/10.5479/si.GVP.VOTW4-2013","-176","-21"
"970","819",Kana Keoki,brak danych,Wyspy Salomona,podwodny,nieznana data wybuchu,dacyt,strefa subdukcji / grubość skorupy nieznana,Wulkan,"Global Volcanism Program, 2013. Volcanoes of the World, v. 4.11.0. Venzke, E (ed.). Smithsonian Institution. Downloaded 20 Jun 2022. https://doi.org/10.5479/si.GVP.VOTW4-2013","157","-9"
"971","820",Coleman Seamount,brak danych,Wyspy Salomona,podwodny,nieznana data wybuchu,"-",strefa subdukcji / grubość skorupy nieznana,Wulkan,"Global Volcanism Program, 2013. Volcanoes of the World, v. 4.11.0. Venzke, E (ed.). Smithsonian Institution. Downloaded 20 Jun 2022. https://doi.org/10.5479/si.GVP.VOTW4-2013","157","-9"
"972","822",Unnamed,brak danych,Wyspy Salomona,podwodny,nieznana data wybuchu,andezyt / andezyt bazaltowy,strefa subdukcji / grubość skorupy nieznana,Wulkan,"Global Volcanism Program, 2013. Volcanoes of the World, v. 4.11.0. Venzke, E (ed.). Smithsonian Institution. Downloaded 20 Jun 2022. https://doi.org/10.5479/si.GVP.VOTW4-2013","158","-9"
"973","244",East Diamante,brak danych,Stany Zjednoczone,podwodny,holocen,dacyt,strefa subdukcji / grubość skorupy nieznana,Wulkan,"Global Volcanism Program, 2013. Volcanoes of the World, v. 4.11.0. Venzke, E (ed.). Smithsonian Institution. Downloaded 20 Jun 2022. https://doi.org/10.5479/si.GVP.VOTW4-2013","146","16"
"974","246",Esmeralda Bank,brak danych,Stany Zjednoczone,podwodny,holocen,bazalt / pikryt,strefa subdukcji / grubość skorupy nieznana,Wulkan,"Global Volcanism Program, 2013. Volcanoes of the World, v. 4.11.0. Venzke, E (ed.). Smithsonian Institution. Downloaded 20 Jun 2022. https://doi.org/10.5479/si.GVP.VOTW4-2013","145","15"
"975","248",Forecast Seamount,brak danych,Stany Zjednoczone,podwodny,holocen,"-",strefa subdukcji / grubość skorupy nieznana,Wulkan,"Global Volcanism Program, 2013. Volcanoes of the World, v. 4.11.0. Venzke, E (ed.). Smithsonian Institution. Downloaded 20 Jun 2022. https://doi.org/10.5479/si.GVP.VOTW4-2013","144","13"
"976","249",Seamount X,brak danych,Stany Zjednoczone,podwodny,holocen,bazalt / pikryt,strefa subdukcji / grubość skorupy nieznana,Wulkan,"Global Volcanism Program, 2013. Volcanoes of the World, v. 4.11.0. Venzke, E (ed.). Smithsonian Institution. Downloaded 20 Jun 2022. https://doi.org/10.5479/si.GVP.VOTW4-2013","144","13"
"977","555",Brothers,brak danych,Nowa Zelandia,podwodny,holocen,dacyt,strefa subdukcji / skorupa oceaniczna (< 15 km),Wulkan,"Global Volcanism Program, 2013. Volcanoes of the World, v. 4.11.0. Venzke, E (ed.). Smithsonian Institution. Downloaded 20 Jun 2022. https://doi.org/10.5479/si.GVP.VOTW4-2013","179","-35"
"978","548",Clark,brak danych,Nowa Zelandia,podwodny,holocen,bazalt / pikryt,strefa subdukcji / skorupa oceaniczna (< 15 km),Wulkan,"Global Volcanism Program, 2013. Volcanoes of the World, v. 4.11.0. Venzke, E (ed.). Smithsonian Institution. Downloaded 20 Jun 2022. https://doi.org/10.5479/si.GVP.VOTW4-2013","178","-36"
"979","549",Tangaroa,brak danych,Nowa Zelandia,podwodny,holocen,bazalt / pikryt,strefa subdukcji / skorupa oceaniczna (< 15 km),Wulkan,"Global Volcanism Program, 2013. Volcanoes of the World, v. 4.11.0. Venzke, E (ed.). Smithsonian Institution. Downloaded 20 Jun 2022. https://doi.org/10.5479/si.GVP.VOTW4-2013","178","-36"
"980","550",Rumble V,brak danych,Nowa Zelandia,podwodny,holocen,andezyt / andezyt bazaltowy,strefa subdukcji / skorupa oceaniczna (< 15 km),Wulkan,"Global Volcanism Program, 2013. Volcanoes of the World, v. 4.11.0. Venzke, E (ed.). Smithsonian Institution. Downloaded 20 Jun 2022. https://doi.org/10.5479/si.GVP.VOTW4-2013","178","-36"
"981","551",Rumble IV,brak danych,Nowa Zelandia,podwodny,holocen,andezyt / andezyt bazaltowy,strefa subdukcji / skorupa oceaniczna (< 15 km),Wulkan,"Global Volcanism Program, 2013. Volcanoes of the World, v. 4.11.0. Venzke, E (ed.). Smithsonian Institution. Downloaded 20 Jun 2022. https://doi.org/10.5479/si.GVP.VOTW4-2013","178","-36"
"982","553",Rumble II West,brak danych,Nowa Zelandia,podwodny,holocen,andezyt / andezyt bazaltowy,strefa subdukcji / skorupa oceaniczna (< 15 km),Wulkan,"Global Volcanism Program, 2013. Volcanoes of the World, v. 4.11.0. Venzke, E (ed.). Smithsonian Institution. Downloaded 20 Jun 2022. https://doi.org/10.5479/si.GVP.VOTW4-2013","179","-35"
"983","277",Unnamed,brak danych,Japonia,podwodny,brak dowodów na wybuch,"-",strefa subdukcji / skorupa oceaniczna (< 15 km),Wulkan,"Global Volcanism Program, 2013. Volcanoes of the World, v. 4.11.0. Venzke, E (ed.). Smithsonian Institution. Downloaded 20 Jun 2022. https://doi.org/10.5479/si.GVP.VOTW4-2013","147","45"
"984","127",Veteran,brak danych,Wietnam,podwodny,holocen,"-",strefa subdukcji / skorupa kontynentalna (>25 km),Wulkan,"Global Volcanism Program, 2013. Volcanoes of the World, v. 4.11.0. Venzke, E (ed.). Smithsonian Institution. Downloaded 20 Jun 2022. https://doi.org/10.5479/si.GVP.VOTW4-2013","109","10"
"985","214",Suiyo Seamount,brak danych,Japonia,podwodny,holocen,andezyt / andezyt bazaltowy,strefa subdukcji / grubość skorupy nieznana,Wulkan,"Global Volcanism Program, 2013. Volcanoes of the World, v. 4.11.0. Venzke, E (ed.). Smithsonian Institution. Downloaded 20 Jun 2022. https://doi.org/10.5479/si.GVP.VOTW4-2013","141","29"
"986","215",Mokuyo Seamount,brak danych,Japonia,podwodny,holocen,andezyt / andezyt bazaltowy,strefa subdukcji / grubość skorupy nieznana,Wulkan,"Global Volcanism Program, 2013. Volcanoes of the World, v. 4.11.0. Venzke, E (ed.). Smithsonian Institution. Downloaded 20 Jun 2022. https://doi.org/10.5479/si.GVP.VOTW4-2013","141","28"
"987","216",Doyo Seamount,brak danych,Japonia,podwodny,holocen,bazalt / pikryt,strefa subdukcji / grubość skorupy nieznana,Wulkan,"Global Volcanism Program, 2013. Volcanoes of the World, v. 4.11.0. Venzke, E (ed.). Smithsonian Institution. Downloaded 20 Jun 2022. https://doi.org/10.5479/si.GVP.VOTW4-2013","141","28"
"988","218",Kaikata Seamount,brak danych,Japonia,podwodny,holocen,andezyt / andezyt bazaltowy,strefa subdukcji / grubość skorupy nieznana,Wulkan,"Global Volcanism Program, 2013. Volcanoes of the World, v. 4.11.0. Venzke, E (ed.). Smithsonian Institution. Downloaded 20 Jun 2022. https://doi.org/10.5479/si.GVP.VOTW4-2013","141","27"
"989","225",Nikko,brak danych,Japonia,podwodny,holocen,bazalt / pikryt,strefa subdukcji / grubość skorupy nieznana,Wulkan,"Global Volcanism Program, 2013. Volcanoes of the World, v. 4.11.0. Venzke, E (ed.). Smithsonian Institution. Downloaded 20 Jun 2022. https://doi.org/10.5479/si.GVP.VOTW4-2013","142","23"
"990","229",NW Eifuku,brak danych,Stany Zjednoczone,podwodny,holocen,bazalt / pikryt,strefa subdukcji / grubość skorupy nieznana,Wulkan,"Global Volcanism Program, 2013. Volcanoes of the World, v. 4.11.0. Venzke, E (ed.). Smithsonian Institution. Downloaded 20 Jun 2022. https://doi.org/10.5479/si.GVP.VOTW4-2013","144","21"
"991","230",Daikoku,brak danych,Stany Zjednoczone,podwodny,holocen,andezyt / andezyt bazaltowy,strefa subdukcji / grubość skorupy nieznana,Wulkan,"Global Volcanism Program, 2013. Volcanoes of the World, v. 4.11.0. Venzke, E (ed.). Smithsonian Institution. Downloaded 20 Jun 2022. https://doi.org/10.5479/si.GVP.VOTW4-2013","144","21"
"992","556",Wright,brak danych,Nowa Zelandia,podwodny,holocen,bazalt / pikryt,strefa subdukcji / skorupa oceaniczna (< 15 km),Wulkan,"Global Volcanism Program, 2013. Volcanoes of the World, v. 4.11.0. Venzke, E (ed.). Smithsonian Institution. Downloaded 20 Jun 2022. https://doi.org/10.5479/si.GVP.VOTW4-2013","-179","-32"
"993","558",Curtis Island,brak danych,Nowa Zelandia,podwodny,holocen,andezyt / andezyt bazaltowy,strefa subdukcji / skorupa oceaniczna (< 15 km),Wulkan,"Global Volcanism Program, 2013. Volcanoes of the World, v. 4.11.0. Venzke, E (ed.). Smithsonian Institution. Downloaded 20 Jun 2022. https://doi.org/10.5479/si.GVP.VOTW4-2013","-179","-31"
"994","560",Giggenbach,brak danych,Nowa Zelandia,podwodny,holocen,bazalt / pikryt,strefa subdukcji / skorupa oceaniczna (< 15 km),Wulkan,"Global Volcanism Program, 2013. Volcanoes of the World, v. 4.11.0. Venzke, E (ed.). Smithsonian Institution. Downloaded 20 Jun 2022. https://doi.org/10.5479/si.GVP.VOTW4-2013","-179","-30"
"995","1",West Eifel Volcanic Field,8300 p.n.e.,Niemcy,maar,erupcja datowana,foidyt,strefa ryftowa / skorupa kontynentalna (>25 km),Wulkan,"Global Volcanism Program, 2013. Volcanoes of the World, v. 4.11.0. Venzke, E (ed.). Smithsonian Institution. Downloaded 20 Jun 2022. https://doi.org/10.5479/si.GVP.VOTW4-2013","7","50"
"996","801",Kinenin,"850",Rosja,maar,erupcja datowana,bazalt / pikryt,strefa subdukcji / skorupa kontynentalna (>25 km),Wulkan,"Global Volcanism Program, 2013. Volcanoes of the World, v. 4.11.0. Venzke, E (ed.). Smithsonian Institution. Downloaded 20 Jun 2022. https://doi.org/10.5479/si.GVP.VOTW4-2013","161","57"
"997","146",Yonemaru-Sumiyoshiike,6200 p.n.e.,Japonia,maar,erupcja datowana,bazalt / pikryt,strefa subdukcji / skorupa kontynentalna (>25 km),Wulkan,"Global Volcanism Program, 2013. Volcanoes of the World, v. 4.11.0. Venzke, E (ed.). Smithsonian Institution. Downloaded 20 Jun 2022. https://doi.org/10.5479/si.GVP.VOTW4-2013","131","32"
"998","193",Megata,2050 p.n.e.,Japonia,maar,erupcja datowana,andezyt / andezyt bazaltowy,strefa subdukcji / skorupa kontynentalna (>25 km),Wulkan,"Global Volcanism Program, 2013. Volcanoes of the World, v. 4.11.0. Venzke, E (ed.). Smithsonian Institution. Downloaded 20 Jun 2022. https://doi.org/10.5479/si.GVP.VOTW4-2013","140","40"
"999","952",Blue Lake Crater,"680",Stany Zjednoczone,maar,erupcja datowana,bazalt / pikryt,strefa subdukcji / skorupa kontynentalna (>25 km),Wulkan,"Global Volcanism Program, 2013. Volcanoes of the World, v. 4.11.0. Venzke, E (ed.). Smithsonian Institution. Downloaded 20 Jun 2022. https://doi.org/10.5479/si.GVP.VOTW4-2013","-122","44"
"1000","971",Ubehebe Craters,150 p.n.e.,Stany Zjednoczone,maar,erupcja datowana,bazalt / pikryt,strefa ryftowa / skorupa kontynentalna (>25 km),Wulkan,"Global Volcanism Program, 2013. Volcanoes of the World, v. 4.11.0. Venzke, E (ed.). Smithsonian Institution. Downloaded 20 Jun 2022. https://doi.org/10.5479/si.GVP.VOTW4-2013","-117","37"
"1001","986",Dotsero,2200 p.n.e.,Stany Zjednoczone,maar,erupcja datowana,bazalt / pikryt,strefa ryftowa / skorupa kontynentalna (>25 km),Wulkan,"Global Volcanism Program, 2013. Volcanoes of the World, v. 4.11.0. Venzke, E (ed.). Smithsonian Institution. Downloaded 20 Jun 2022. https://doi.org/10.5479/si.GVP.VOTW4-2013","-107","40"
"1002","93",Gedamsa,brak danych,Etiopia,kaldera,nieznana data wybuchu,ryolit,strefa ryftowa / skorupa kontynentalna (>25 km),Wulkan,"Global Volcanism Program, 2013. Volcanoes of the World, v. 4.11.0. Venzke, E (ed.). Smithsonian Institution. Downloaded 20 Jun 2022. https://doi.org/10.5479/si.GVP.VOTW4-2013","39","8"
"1003","513",Ukinrek Maars,"1977",Stany Zjednoczone,maar,erupcja zaobserwowana,bazalt / pikryt,strefa subdukcji / skorupa kontynentalna (>25 km),Wulkan,"Global Volcanism Program, 2013. Volcanoes of the World, v. 4.11.0. Venzke, E (ed.). Smithsonian Institution. Downloaded 20 Jun 2022. https://doi.org/10.5479/si.GVP.VOTW4-2013","-157","58"
"1004","1008","Overo, Cerro",brak danych,Chile,maar,brak dowodów na wybuch,andezyt / andezyt bazaltowy,strefa subdukcji / skorupa kontynentalna (>25 km),Wulkan,"Global Volcanism Program, 2013. Volcanoes of the World, v. 4.11.0. Venzke, E (ed.). Smithsonian Institution. Downloaded 20 Jun 2022. https://doi.org/10.5479/si.GVP.VOTW4-2013","-68","-24"
"1005","632",Malang Plain,brak danych,Indonezja,maar,nieznana data wybuchu,"-",strefa subdukcji / skorupa kontynentalna (>25 km),Wulkan,"Global Volcanism Program, 2013. Volcanoes of the World, v. 4.11.0. Venzke, E (ed.). Smithsonian Institution. Downloaded 20 Jun 2022. https://doi.org/10.5479/si.GVP.VOTW4-2013","113","-8"
"1006","1324","Aramuaca, Laguna",brak danych,Salwador,maar,nieznana data wybuchu,"-",strefa subdukcji / skorupa kontynentalna (>25 km),Wulkan,"Global Volcanism Program, 2013. Volcanoes of the World, v. 4.11.0. Venzke, E (ed.). Smithsonian Institution. Downloaded 20 Jun 2022. https://doi.org/10.5479/si.GVP.VOTW4-2013","-88","13"
"1007","980",Soda Lakes,brak danych,Stany Zjednoczone,maar,nieznana data wybuchu,bazalt / pikryt,strefa ryftowa / skorupa kontynentalna (>25 km),Wulkan,"Global Volcanism Program, 2013. Volcanoes of the World, v. 4.11.0. Venzke, E (ed.). Smithsonian Institution. Downloaded 20 Jun 2022. https://doi.org/10.5479/si.GVP.VOTW4-2013","-119","40"
"1008","1213","Jayu Khota, Laguna",brak danych,Boliwia,maar,nieznana data wybuchu,bazalt / pikryt,strefa subdukcji / skorupa kontynentalna (>25 km),Wulkan,"Global Volcanism Program, 2013. Volcanoes of the World, v. 4.11.0. Venzke, E (ed.). Smithsonian Institution. Downloaded 20 Jun 2022. https://doi.org/10.5479/si.GVP.VOTW4-2013","-67","-19"
"1009","1333","Tujle, Cerro",brak danych,Chile,maar,nieznana data wybuchu,"-",strefa subdukcji / skorupa kontynentalna (>25 km),Wulkan,"Global Volcanism Program, 2013. Volcanoes of the World, v. 4.11.0. Venzke, E (ed.). Smithsonian Institution. Downloaded 20 Jun 2022. https://doi.org/10.5479/si.GVP.VOTW4-2013","-68","-24"
"1010","624",Koranga,brak danych,Papua - Nowa Gwinea,maar,nieznana data wybuchu,dacyt,strefa subdukcji / skorupa kontynentalna (>25 km),Wulkan,"Global Volcanism Program, 2013. Volcanoes of the World, v. 4.11.0. Venzke, E (ed.). Smithsonian Institution. Downloaded 20 Jun 2022. https://doi.org/10.5479/si.GVP.VOTW4-2013","147","-7"
"1011","355",Bunyaruguru,brak danych,Uganda,maar,nieznana data wybuchu,foidyt,strefa ryftowa / skorupa kontynentalna (>25 km),Wulkan,"Global Volcanism Program, 2013. Volcanoes of the World, v. 4.11.0. Venzke, E (ed.). Smithsonian Institution. Downloaded 20 Jun 2022. https://doi.org/10.5479/si.GVP.VOTW4-2013","30","0"
"1012","311",Bilate River Field,brak danych,Etiopia,maar,holocen,"-",strefa subdukcji / skorupa kontynentalna (>25 km),Wulkan,"Global Volcanism Program, 2013. Volcanoes of the World, v. 4.11.0. Venzke, E (ed.). Smithsonian Institution. Downloaded 20 Jun 2022. https://doi.org/10.5479/si.GVP.VOTW4-2013","38","7"
"1013","85",Liado Hayk,brak danych,Etiopia,maar,brak dowodów na wybuch,"-",strefa ryftowa / skorupa kontynentalna (>25 km),Wulkan,"Global Volcanism Program, 2013. Volcanoes of the World, v. 4.11.0. Venzke, E (ed.). Smithsonian Institution. Downloaded 20 Jun 2022. https://doi.org/10.5479/si.GVP.VOTW4-2013","40","10"
"1014","51",Alu-Dalafilla,"2008",Etiopia,szczelinowy,erupcja zaobserwowana,bazalt / pikryt,strefa ryftowa / skorupa pośrednia (15-25 km),Wulkan,"Global Volcanism Program, 2013. Volcanoes of the World, v. 4.11.0. Venzke, E (ed.). Smithsonian Institution. Downloaded 20 Jun 2022. https://doi.org/10.5479/si.GVP.VOTW4-2013","41","14"
"1015","1024",Ljosufjoll,"960",Islandia,szczelinowy,erupcja datowana,bazalt / pikryt,strefa ryftowa / skorupa oceaniczna (< 15 km),Wulkan,"Global Volcanism Program, 2013. Volcanoes of the World, v. 4.11.0. Venzke, E (ed.). Smithsonian Institution. Downloaded 20 Jun 2022. https://doi.org/10.5479/si.GVP.VOTW4-2013","-22","65"
"1016","1059",San Jorge,"1907",Portugalia,szczelinowy,erupcja zaobserwowana,bazalt / pikryt,strefa ryftowa / skorupa oceaniczna (< 15 km),Wulkan,"Global Volcanism Program, 2013. Volcanoes of the World, v. 4.11.0. Venzke, E (ed.). Smithsonian Institution. Downloaded 20 Jun 2022. https://doi.org/10.5479/si.GVP.VOTW4-2013","-28","39"
"1017","1072",Gran Canaria,"40",Hiszpania,szczelinowy,erupcja datowana,tefryt / trachybazalt,strefa subdukcji / skorupa pośrednia (15-25 km),Wulkan,"Global Volcanism Program, 2013. Volcanoes of the World, v. 4.11.0. Venzke, E (ed.). Smithsonian Institution. Downloaded 20 Jun 2022. https://doi.org/10.5479/si.GVP.VOTW4-2013","-16","28"
"1018","1074",Lanzarote,"1824",Hiszpania,szczelinowy,erupcja zaobserwowana,bazalt / pikryt,strefa subdukcji / skorupa pośrednia (15-25 km),Wulkan,"Global Volcanism Program, 2013. Volcanoes of the World, v. 4.11.0. Venzke, E (ed.). Smithsonian Institution. Downloaded 20 Jun 2022. https://doi.org/10.5479/si.GVP.VOTW4-2013","-14","29"
"1019","1119",Nejapa-Miraflores,"1060",Nikaragua,szczelinowy,erupcja datowana,bazalt / pikryt,strefa subdukcji / skorupa kontynentalna (>25 km),Wulkan,"Global Volcanism Program, 2013. Volcanoes of the World, v. 4.11.0. Venzke, E (ed.). Smithsonian Institution. Downloaded 20 Jun 2022. https://doi.org/10.5479/si.GVP.VOTW4-2013","-86","12"
"1020","73",Manda-Inakir,"1928",Etiopia - Dżibuti,szczelinowy,erupcja zaobserwowana,bazalt / pikryt,strefa ryftowa / skorupa pośrednia (15-25 km),Wulkan,"Global Volcanism Program, 2013. Volcanoes of the World, v. 4.11.0. Venzke, E (ed.). Smithsonian Institution. Downloaded 20 Jun 2022. https://doi.org/10.5479/si.GVP.VOTW4-2013","42","12"
"1021","77",Ardoukoba,"1978",Dżibuti,szczelinowy,erupcja zaobserwowana,bazalt / pikryt,strefa ryftowa / skorupa pośrednia (15-25 km),Wulkan,"Global Volcanism Program, 2013. Volcanoes of the World, v. 4.11.0. Venzke, E (ed.). Smithsonian Institution. Downloaded 20 Jun 2022. https://doi.org/10.5479/si.GVP.VOTW4-2013","42","12"
"1022","1125",Esteli,brak danych,Nikaragua,szczelinowy,brak dowodów na wybuch,bazalt / pikryt,strefa subdukcji / skorupa kontynentalna (>25 km),Wulkan,"Global Volcanism Program, 2013. Volcanoes of the World, v. 4.11.0. Venzke, E (ed.). Smithsonian Institution. Downloaded 20 Jun 2022. https://doi.org/10.5479/si.GVP.VOTW4-2013","-86","13"
"1023","163",Akandanayama,brak danych,Japonia,stratowulkan,nieznana data wybuchu,"-","-",Wulkan,"Global Volcanism Program, 2013. Volcanoes of the World, v. 4.11.0. Venzke, E (ed.). Smithsonian Institution. Downloaded 20 Jun 2022. https://doi.org/10.5479/si.GVP.VOTW4-2013","138","36"
"1024","78",Manda Gargori,brak danych,Etiopia,szczelinowy,nieznana data wybuchu,bazalt / pikryt,strefa ryftowa / skorupa pośrednia (15-25 km),Wulkan,"Global Volcanism Program, 2013. Volcanoes of the World, v. 4.11.0. Venzke, E (ed.). Smithsonian Institution. Downloaded 20 Jun 2022. https://doi.org/10.5479/si.GVP.VOTW4-2013","41","12"
"1025","84",Hertali,brak danych,Etiopia,szczelinowy,nieznana data wybuchu,bazalt / pikryt,strefa ryftowa / skorupa pośrednia (15-25 km),Wulkan,"Global Volcanism Program, 2013. Volcanoes of the World, v. 4.11.0. Venzke, E (ed.). Smithsonian Institution. Downloaded 20 Jun 2022. https://doi.org/10.5479/si.GVP.VOTW4-2013","40","10"
"1026","91",Bishoftu Volcanic Field,brak danych,Etiopia,szczelinowy,nieznana data wybuchu,bazalt / pikryt,strefa ryftowa / skorupa kontynentalna (>25 km),Wulkan,"Global Volcanism Program, 2013. Volcanoes of the World, v. 4.11.0. Venzke, E (ed.). Smithsonian Institution. Downloaded 20 Jun 2022. https://doi.org/10.5479/si.GVP.VOTW4-2013","39","9"
"1027","96",Unnamed,brak danych,Etiopia,szczelinowy,nieznana data wybuchu,bazalt / pikryt,strefa subdukcji / skorupa kontynentalna (>25 km),Wulkan,"Global Volcanism Program, 2013. Volcanoes of the World, v. 4.11.0. Venzke, E (ed.). Smithsonian Institution. Downloaded 20 Jun 2022. https://doi.org/10.5479/si.GVP.VOTW4-2013","39","8"
"1028","97",East Zway,brak danych,Etiopia,szczelinowy,nieznana data wybuchu,bazalt / pikryt,strefa ryftowa / skorupa kontynentalna (>25 km),Wulkan,"Global Volcanism Program, 2013. Volcanoes of the World, v. 4.11.0. Venzke, E (ed.). Smithsonian Institution. Downloaded 20 Jun 2022. https://doi.org/10.5479/si.GVP.VOTW4-2013","39","8"
"1029","1073",Fuerteventura,brak danych,Hiszpania,szczelinowy,nieznana data wybuchu,bazalt / pikryt,strefa subdukcji / skorupa pośrednia (15-25 km),Wulkan,"Global Volcanism Program, 2013. Volcanoes of the World, v. 4.11.0. Venzke, E (ed.). Smithsonian Institution. Downloaded 20 Jun 2022. https://doi.org/10.5479/si.GVP.VOTW4-2013","-14","28"
"1030","1121",Granada,brak danych,Nikaragua,szczelinowy,nieznana data wybuchu,bazalt / pikryt,strefa subdukcji / skorupa kontynentalna (>25 km),Wulkan,"Global Volcanism Program, 2013. Volcanoes of the World, v. 4.11.0. Venzke, E (ed.). Smithsonian Institution. Downloaded 20 Jun 2022. https://doi.org/10.5479/si.GVP.VOTW4-2013","-86","12"
"1031","98",Butajiri-Silti Field,brak danych,Etiopia,szczelinowy,nieznana data wybuchu,bazalt / pikryt,strefa ryftowa / skorupa kontynentalna (>25 km),Wulkan,"Global Volcanism Program, 2013. Volcanoes of the World, v. 4.11.0. Venzke, E (ed.). Smithsonian Institution. Downloaded 20 Jun 2022. https://doi.org/10.5479/si.GVP.VOTW4-2013","38","8"
"1032","129",Singu Plateau,brak danych,Mjanma,szczelinowy,nieznana data wybuchu,trachyandezyt / bazaltowy trachyandezyt,strefa subdukcji / skorupa kontynentalna (>25 km),Wulkan,"Global Volcanism Program, 2013. Volcanoes of the World, v. 4.11.0. Venzke, E (ed.). Smithsonian Institution. Downloaded 20 Jun 2022. https://doi.org/10.5479/si.GVP.VOTW4-2013","96","23"
"1033","1268",Chichinautzin,"400",Meksyk,pole wulkaniczne,erupcja datowana,andezyt / andezyt bazaltowy,strefa subdukcji / skorupa kontynentalna (>25 km),Wulkan,"Global Volcanism Program, 2013. Volcanoes of the World, v. 4.11.0. Venzke, E (ed.). Smithsonian Institution. Downloaded 20 Jun 2022. https://doi.org/10.5479/si.GVP.VOTW4-2013","-99","19"
"1034","39",Ghegam Ridge,1900 p.n.e.,Armenia,pole wulkaniczne,erupcja datowana,andezyt / andezyt bazaltowy,strefa subdukcji / skorupa kontynentalna (>25 km),Wulkan,"Global Volcanism Program, 2013. Volcanoes of the World, v. 4.11.0. Venzke, E (ed.). Smithsonian Institution. Downloaded 20 Jun 2022. https://doi.org/10.5479/si.GVP.VOTW4-2013","45","40"
"1035","40",Dar-Alages,2000 p.n.e.,Armenia,pole wulkaniczne,erupcja datowana,andezyt / andezyt bazaltowy,strefa subdukcji / skorupa kontynentalna (>25 km),Wulkan,"Global Volcanism Program, 2013. Volcanoes of the World, v. 4.11.0. Venzke, E (ed.). Smithsonian Institution. Downloaded 20 Jun 2022. https://doi.org/10.5479/si.GVP.VOTW4-2013","46","40"
"1036","379","Marra, Jebel",2000 p.n.e.,Sudan,pole wulkaniczne,erupcja datowana,bazalt / pikryt,strefa subdukcji / skorupa kontynentalna (>25 km),Wulkan,"Global Volcanism Program, 2013. Volcanoes of the World, v. 4.11.0. Venzke, E (ed.). Smithsonian Institution. Downloaded 20 Jun 2022. https://doi.org/10.5479/si.GVP.VOTW4-2013","24","13"
"1037","384",Harrat Ash Shamah,"1850",Syria - Jordan - Arabia Saudyjska,pole wulkaniczne,erupcja zaobserwowana,bazalt / pikryt,strefa subdukcji / skorupa kontynentalna (>25 km),Wulkan,"Global Volcanism Program, 2013. Volcanoes of the World, v. 4.11.0. Venzke, E (ed.). Smithsonian Institution. Downloaded 20 Jun 2022. https://doi.org/10.5479/si.GVP.VOTW4-2013","38","32"
"1038","386","Uwayrid, Harrat","640",Arabia Saudyjska,pole wulkaniczne,erupcja datowana,bazalt / pikryt,strefa subdukcji / skorupa kontynentalna (>25 km),Wulkan,"Global Volcanism Program, 2013. Volcanoes of the World, v. 4.11.0. Venzke, E (ed.). Smithsonian Institution. Downloaded 20 Jun 2022. https://doi.org/10.5479/si.GVP.VOTW4-2013","37","27"
"1039","387","Lunayyir, Harrat","1000",Arabia Saudyjska,pole wulkaniczne,erupcja zaobserwowana,bazalt / pikryt,strefa subdukcji / skorupa kontynentalna (>25 km),Wulkan,"Global Volcanism Program, 2013. Volcanoes of the World, v. 4.11.0. Venzke, E (ed.). Smithsonian Institution. Downloaded 20 Jun 2022. https://doi.org/10.5479/si.GVP.VOTW4-2013","38","25"
"1040","389","Khaybar, Harrat","650",Arabia Saudyjska,pole wulkaniczne,erupcja zaobserwowana,bazalt / pikryt,strefa subdukcji / skorupa kontynentalna (>25 km),Wulkan,"Global Volcanism Program, 2013. Volcanoes of the World, v. 4.11.0. Venzke, E (ed.). Smithsonian Institution. Downloaded 20 Jun 2022. https://doi.org/10.5479/si.GVP.VOTW4-2013","40","25"
"1041","809",Dawson Strait Group,"1350",Papua - Nowa Gwinea,pole wulkaniczne,erupcja datowana,ryolit,strefa subdukcji / skorupa kontynentalna (>25 km),Wulkan,"Global Volcanism Program, 2013. Volcanoes of the World, v. 4.11.0. Venzke, E (ed.). Smithsonian Institution. Downloaded 20 Jun 2022. https://doi.org/10.5479/si.GVP.VOTW4-2013","151","-10"
"1042","963",Jordan Craters,1250 p.n.e.,Stany Zjednoczone,pole wulkaniczne,erupcja datowana,bazalt / pikryt,strefa ryftowa / skorupa kontynentalna (>25 km),Wulkan,"Global Volcanism Program, 2013. Volcanoes of the World, v. 4.11.0. Venzke, E (ed.). Smithsonian Institution. Downloaded 20 Jun 2022. https://doi.org/10.5479/si.GVP.VOTW4-2013","-117","43"
"1043","948",West Crater,5750 p.n.e.,Stany Zjednoczone,pole wulkaniczne,erupcja datowana,andezyt / andezyt bazaltowy,strefa subdukcji / skorupa kontynentalna (>25 km),Wulkan,"Global Volcanism Program, 2013. Volcanoes of the World, v. 4.11.0. Venzke, E (ed.). Smithsonian Institution. Downloaded 20 Jun 2022. https://doi.org/10.5479/si.GVP.VOTW4-2013","-122","46"
"1044","957",Davis Lake,2790 p.n.e.,Stany Zjednoczone,pole wulkaniczne,erupcja datowana,andezyt / andezyt bazaltowy,strefa subdukcji / skorupa kontynentalna (>25 km),Wulkan,"Global Volcanism Program, 2013. Volcanoes of the World, v. 4.11.0. Venzke, E (ed.). Smithsonian Institution. Downloaded 20 Jun 2022. https://doi.org/10.5479/si.GVP.VOTW4-2013","-122","44"
"1045","962",Diamond Craters,5610 p.n.e.,Stany Zjednoczone,pole wulkaniczne,erupcja datowana,bazalt / pikryt,strefa ryftowa / skorupa kontynentalna (>25 km),Wulkan,"Global Volcanism Program, 2013. Volcanoes of the World, v. 4.11.0. Venzke, E (ed.). Smithsonian Institution. Downloaded 20 Jun 2022. https://doi.org/10.5479/si.GVP.VOTW4-2013","-119","43"
"1046","972",Golden Trout Creek,5550 p.n.e.,Stany Zjednoczone,pole wulkaniczne,erupcja datowana,bazalt / pikryt,strefa ryftowa / skorupa kontynentalna (>25 km),Wulkan,"Global Volcanism Program, 2013. Volcanoes of the World, v. 4.11.0. Venzke, E (ed.). Smithsonian Institution. Downloaded 20 Jun 2022. https://doi.org/10.5479/si.GVP.VOTW4-2013","-118","36"
"1047","982",Black Rock Desert,"1290",Stany Zjednoczone,pole wulkaniczne,erupcja datowana,bazalt / pikryt,strefa ryftowa / skorupa kontynentalna (>25 km),Wulkan,"Global Volcanism Program, 2013. Volcanoes of the World, v. 4.11.0. Venzke, E (ed.). Smithsonian Institution. Downloaded 20 Jun 2022. https://doi.org/10.5479/si.GVP.VOTW4-2013","-112","39"
"1048","984",Zuni-Bandera,1170 p.n.e.,Stany Zjednoczone,pole wulkaniczne,erupcja datowana,bazalt / pikryt,strefa ryftowa / skorupa kontynentalna (>25 km),Wulkan,"Global Volcanism Program, 2013. Volcanoes of the World, v. 4.11.0. Venzke, E (ed.). Smithsonian Institution. Downloaded 20 Jun 2022. https://doi.org/10.5479/si.GVP.VOTW4-2013","-108","35"
"1049","985",Red Hill,9450 p.n.e.,Stany Zjednoczone,pole wulkaniczne,erupcja datowana,bazalt / pikryt,strefa ryftowa / skorupa kontynentalna (>25 km),Wulkan,"Global Volcanism Program, 2013. Volcanoes of the World, v. 4.11.0. Venzke, E (ed.). Smithsonian Institution. Downloaded 20 Jun 2022. https://doi.org/10.5479/si.GVP.VOTW4-2013","-109","34"
"1050","987",Uinkaret Field,"1100",Stany Zjednoczone,pole wulkaniczne,erupcja datowana,tefryt / trachybazalt,strefa ryftowa / skorupa kontynentalna (>25 km),Wulkan,"Global Volcanism Program, 2013. Volcanoes of the World, v. 4.11.0. Venzke, E (ed.). Smithsonian Institution. Downloaded 20 Jun 2022. https://doi.org/10.5479/si.GVP.VOTW4-2013","-113","36"
"1051","390","Rahat, Harrat","1256",Arabia Saudyjska,pole wulkaniczne,erupcja zaobserwowana,bazalt / pikryt,strefa subdukcji / skorupa kontynentalna (>25 km),Wulkan,"Global Volcanism Program, 2013. Volcanoes of the World, v. 4.11.0. Venzke, E (ed.). Smithsonian Institution. Downloaded 20 Jun 2022. https://doi.org/10.5479/si.GVP.VOTW4-2013","40","23"
"1052","393","Yar, Jabal","1810",Arabia Saudyjska,pole wulkaniczne,erupcja zaobserwowana,bazalt / pikryt,strefa subdukcji / skorupa kontynentalna (>25 km),Wulkan,"Global Volcanism Program, 2013. Volcanoes of the World, v. 4.11.0. Venzke, E (ed.). Smithsonian Institution. Downloaded 20 Jun 2022. https://doi.org/10.5479/si.GVP.VOTW4-2013","43","17"
"1053","346",Chyulu Hills,"1855",Kenia,pole wulkaniczne,erupcja datowana,tefryt / trachybazalt,strefa ryftowa / skorupa kontynentalna (>25 km),Wulkan,"Global Volcanism Program, 2013. Volcanoes of the World, v. 4.11.0. Venzke, E (ed.). Smithsonian Institution. Downloaded 20 Jun 2022. https://doi.org/10.5479/si.GVP.VOTW4-2013","38","-3"
"1054","394","Arhab, Harra of","500",Jemen,pole wulkaniczne,erupcja zaobserwowana,tefryt / trachybazalt,strefa subdukcji / skorupa kontynentalna (>25 km),Wulkan,"Global Volcanism Program, 2013. Volcanoes of the World, v. 4.11.0. Venzke, E (ed.). Smithsonian Institution. Downloaded 20 Jun 2022. https://doi.org/10.5479/si.GVP.VOTW4-2013","44","16"
"1055","396","Haylan, Jabal",1200 p.n.e.,Jemen,pole wulkaniczne,erupcja datowana,bazalt / pikryt,strefa subdukcji / skorupa kontynentalna (>25 km),Wulkan,"Global Volcanism Program, 2013. Volcanoes of the World, v. 4.11.0. Venzke, E (ed.). Smithsonian Institution. Downloaded 20 Jun 2022. https://doi.org/10.5479/si.GVP.VOTW4-2013","45","15"
"1056","397","Dhamar, Harras of","1937",Jemen,pole wulkaniczne,erupcja zaobserwowana,bazalt / pikryt,strefa subdukcji / skorupa kontynentalna (>25 km),Wulkan,"Global Volcanism Program, 2013. Volcanoes of the World, v. 4.11.0. Venzke, E (ed.). Smithsonian Institution. Downloaded 20 Jun 2022. https://doi.org/10.5479/si.GVP.VOTW4-2013","45","15"
"1057","398","Sawad, Harra Es-","1253",Jemen,pole wulkaniczne,erupcja zaobserwowana,tefryt / trachybazalt,strefa subdukcji / skorupa kontynentalna (>25 km),Wulkan,"Global Volcanism Program, 2013. Volcanoes of the World, v. 4.11.0. Venzke, E (ed.). Smithsonian Institution. Downloaded 20 Jun 2022. https://doi.org/10.5479/si.GVP.VOTW4-2013","46","14"
"1058","437",Jom-Bolok,5180 p.n.e.,Rosja,pole wulkaniczne,erupcja datowana,bazalt / pikryt,strefa ryftowa / skorupa kontynentalna (>25 km),Wulkan,"Global Volcanism Program, 2013. Volcanoes of the World, v. 4.11.0. Venzke, E (ed.). Smithsonian Institution. Downloaded 20 Jun 2022. https://doi.org/10.5479/si.GVP.VOTW4-2013","99","53"
"1059","439",Taryatu-Chulutu,2980 p.n.e.,Mongolia,pole wulkaniczne,erupcja datowana,tefryt / trachybazalt,strefa subdukcji / skorupa kontynentalna (>25 km),Wulkan,"Global Volcanism Program, 2013. Volcanoes of the World, v. 4.11.0. Venzke, E (ed.). Smithsonian Institution. Downloaded 20 Jun 2022. https://doi.org/10.5479/si.GVP.VOTW4-2013","100","48"
"1060","450",Wudalianchi,"1776",Chiny,pole wulkaniczne,erupcja zaobserwowana,tefryt / trachybazalt,strefa subdukcji / skorupa kontynentalna (>25 km),Wulkan,"Global Volcanism Program, 2013. Volcanoes of the World, v. 4.11.0. Venzke, E (ed.). Smithsonian Institution. Downloaded 20 Jun 2022. https://doi.org/10.5479/si.GVP.VOTW4-2013","126","49"
"1061","451",Jingbo,520 p.n.e.,Chiny,pole wulkaniczne,erupcja datowana,tefryt / trachybazalt,strefa subdukcji / skorupa kontynentalna (>25 km),Wulkan,"Global Volcanism Program, 2013. Volcanoes of the World, v. 4.11.0. Venzke, E (ed.). Smithsonian Institution. Downloaded 20 Jun 2022. https://doi.org/10.5479/si.GVP.VOTW4-2013","129","44"
"1062","1195",Huambo,700 p.n.e.,Peru,pole wulkaniczne,erupcja datowana,trachyandezyt / bazaltowy trachyandezyt,strefa subdukcji / skorupa kontynentalna (>25 km),Wulkan,"Global Volcanism Program, 2013. Volcanoes of the World, v. 4.11.0. Venzke, E (ed.). Smithsonian Institution. Downloaded 20 Jun 2022. https://doi.org/10.5479/si.GVP.VOTW4-2013","-72","-16"
"1063","535",Kaikohe-Bay of Islands,"400",Nowa Zelandia,pole wulkaniczne,erupcja datowana,tefryt / trachybazalt,strefa subdukcji / skorupa kontynentalna (>25 km),Wulkan,"Global Volcanism Program, 2013. Volcanoes of the World, v. 4.11.0. Venzke, E (ed.). Smithsonian Institution. Downloaded 20 Jun 2022. https://doi.org/10.5479/si.GVP.VOTW4-2013","174","-35"
"1064","537",Auckland Field,"1350",Nowa Zelandia,pole wulkaniczne,erupcja datowana,tefryt / trachybazalt,strefa subdukcji / skorupa kontynentalna (>25 km),Wulkan,"Global Volcanism Program, 2013. Volcanoes of the World, v. 4.11.0. Venzke, E (ed.). Smithsonian Institution. Downloaded 20 Jun 2022. https://doi.org/10.5479/si.GVP.VOTW4-2013","175","-37"
"1065","1367",Infiernillo,6890 p.n.e.,Argentyna,pole wulkaniczne,erupcja datowana,andezyt / andezyt bazaltowy,strefa subdukcji / skorupa kontynentalna (>25 km),Wulkan,"Global Volcanism Program, 2013. Volcanoes of the World, v. 4.11.0. Venzke, E (ed.). Smithsonian Institution. Downloaded 20 Jun 2022. https://doi.org/10.5479/si.GVP.VOTW4-2013","-70","-35"
"1066","981",Markagunt Plateau,"1050",Stany Zjednoczone,pole wulkaniczne,nieznana data wybuchu,bazalt / pikryt,strefa ryftowa / skorupa kontynentalna (>25 km),Wulkan,"Global Volcanism Program, 2013. Volcanoes of the World, v. 4.11.0. Venzke, E (ed.). Smithsonian Institution. Downloaded 20 Jun 2022. https://doi.org/10.5479/si.GVP.VOTW4-2013","-113","38"
"1067","436",Tunkin Depression,brak danych,Rosja,pole wulkaniczne,brak dowodów na wybuch,tefryt / trachybazalt,strefa ryftowa / skorupa kontynentalna (>25 km),Wulkan,"Global Volcanism Program, 2013. Volcanoes of the World, v. 4.11.0. Venzke, E (ed.). Smithsonian Institution. Downloaded 20 Jun 2022. https://doi.org/10.5479/si.GVP.VOTW4-2013","103","52"
"1068","124",Haut Dong Nai,brak danych,Wietnam,pole wulkaniczne,brak dowodów na wybuch,bazalt / pikryt,strefa subdukcji / skorupa kontynentalna (>25 km),Wulkan,"Global Volcanism Program, 2013. Volcanoes of the World, v. 4.11.0. Venzke, E (ed.). Smithsonian Institution. Downloaded 20 Jun 2022. https://doi.org/10.5479/si.GVP.VOTW4-2013","108","12"
"1069","125",Bas Dong Nai,brak danych,Wietnam,pole wulkaniczne,brak dowodów na wybuch,bazalt / pikryt,strefa subdukcji / skorupa kontynentalna (>25 km),Wulkan,"Global Volcanism Program, 2013. Volcanoes of the World, v. 4.11.0. Venzke, E (ed.). Smithsonian Institution. Downloaded 20 Jun 2022. https://doi.org/10.5479/si.GVP.VOTW4-2013","107","11"
"1070","400",Bir Borhut,brak danych,Jemen,pole wulkaniczne,brak dowodów na wybuch,bazalt / pikryt,strefa subdukcji / skorupa kontynentalna (>25 km),Wulkan,"Global Volcanism Program, 2013. Volcanoes of the World, v. 4.11.0. Venzke, E (ed.). Smithsonian Institution. Downloaded 20 Jun 2022. https://doi.org/10.5479/si.GVP.VOTW4-2013","51","16"
"1071","405",Kuh-e Nader,brak danych,Iran,pole wulkaniczne,brak dowodów na wybuch,bazalt / pikryt,strefa subdukcji / skorupa kontynentalna (>25 km),Wulkan,"Global Volcanism Program, 2013. Volcanoes of the World, v. 4.11.0. Venzke, E (ed.). Smithsonian Institution. Downloaded 20 Jun 2022. https://doi.org/10.5479/si.GVP.VOTW4-2013","61","28"
"1072","613",Garua Harbour,brak danych,Papua - Nowa Gwinea,pole wulkaniczne,brak dowodów na wybuch,ryolit,strefa subdukcji / skorupa kontynentalna (>25 km),Wulkan,"Global Volcanism Program, 2013. Volcanoes of the World, v. 4.11.0. Venzke, E (ed.). Smithsonian Institution. Downloaded 20 Jun 2022. https://doi.org/10.5479/si.GVP.VOTW4-2013","150","-5"
"1073","823",Gallego,brak danych,Wyspy Salomona,pole wulkaniczne,brak dowodów na wybuch,andezyt / andezyt bazaltowy,strefa subdukcji / grubość skorupy nieznana,Wulkan,"Global Volcanism Program, 2013. Volcanoes of the World, v. 4.11.0. Venzke, E (ed.). Smithsonian Institution. Downloaded 20 Jun 2022. https://doi.org/10.5479/si.GVP.VOTW4-2013","160","-9"
"1074","922",Fort Selkirk,brak danych,Kanada,pole wulkaniczne,brak dowodów na wybuch,tefryt / trachybazalt,strefa subdukcji / skorupa kontynentalna (>25 km),Wulkan,"Global Volcanism Program, 2013. Volcanoes of the World, v. 4.11.0. Venzke, E (ed.). Smithsonian Institution. Downloaded 20 Jun 2022. https://doi.org/10.5479/si.GVP.VOTW4-2013","-137","63"
"1075","959",Devils Garden,brak danych,Stany Zjednoczone,pole wulkaniczne,brak dowodów na wybuch,bazalt / pikryt,strefa ryftowa / skorupa kontynentalna (>25 km),Wulkan,"Global Volcanism Program, 2013. Volcanoes of the World, v. 4.11.0. Venzke, E (ed.). Smithsonian Institution. Downloaded 20 Jun 2022. https://doi.org/10.5479/si.GVP.VOTW4-2013","-121","44"
"1076","973",Lavic Lake,brak danych,Stany Zjednoczone,pole wulkaniczne,brak dowodów na wybuch,bazalt / pikryt,strefa ryftowa / skorupa kontynentalna (>25 km),Wulkan,"Global Volcanism Program, 2013. Volcanoes of the World, v. 4.11.0. Venzke, E (ed.). Smithsonian Institution. Downloaded 20 Jun 2022. https://doi.org/10.5479/si.GVP.VOTW4-2013","-117","35"
"1077","1216",Pampa Luxsar,brak danych,Boliwia,pole wulkaniczne,brak dowodów na wybuch,andezyt / andezyt bazaltowy,strefa subdukcji / skorupa kontynentalna (>25 km),Wulkan,"Global Volcanism Program, 2013. Volcanoes of the World, v. 4.11.0. Venzke, E (ed.). Smithsonian Institution. Downloaded 20 Jun 2022. https://doi.org/10.5479/si.GVP.VOTW4-2013","-68","-21"
"1078","1255",Comondu-La Purisima,brak danych,Meksyk,pole wulkaniczne,brak dowodów na wybuch,trachyandezyt / bazaltowy trachyandezyt,strefa ryftowa / skorupa kontynentalna (>25 km),Wulkan,"Global Volcanism Program, 2013. Volcanoes of the World, v. 4.11.0. Venzke, E (ed.). Smithsonian Institution. Downloaded 20 Jun 2022. https://doi.org/10.5479/si.GVP.VOTW4-2013","-112","26"
"1079","423",Olkoviy Volcanic Group,brak danych,Rosja,pole wulkaniczne,nieznana data wybuchu,bazalt / pikryt,strefa subdukcji / skorupa kontynentalna (>25 km),Wulkan,"Global Volcanism Program, 2013. Volcanoes of the World, v. 4.11.0. Venzke, E (ed.). Smithsonian Institution. Downloaded 20 Jun 2022. https://doi.org/10.5479/si.GVP.VOTW4-2013","158","52"
"1080","438",Azas Plateau,brak danych,Rosja,pole wulkaniczne,nieznana data wybuchu,tefryt / trachybazalt,strefa ryftowa / skorupa kontynentalna (>25 km),Wulkan,"Global Volcanism Program, 2013. Volcanoes of the World, v. 4.11.0. Venzke, E (ed.). Smithsonian Institution. Downloaded 20 Jun 2022. https://doi.org/10.5479/si.GVP.VOTW4-2013","98","52"
"1081","440",Khanuy Gol,brak danych,Mongolia,pole wulkaniczne,nieznana data wybuchu,trachyandezyt / bazaltowy trachyandezyt,strefa subdukcji / skorupa kontynentalna (>25 km),Wulkan,"Global Volcanism Program, 2013. Volcanoes of the World, v. 4.11.0. Venzke, E (ed.). Smithsonian Institution. Downloaded 20 Jun 2022. https://doi.org/10.5479/si.GVP.VOTW4-2013","103","49"
"1082","75",Gufa,brak danych,Erytrea - Dżibuti,pole wulkaniczne,nieznana data wybuchu,bazalt / pikryt,strefa ryftowa / skorupa pośrednia (15-25 km),Wulkan,"Global Volcanism Program, 2013. Volcanoes of the World, v. 4.11.0. Venzke, E (ed.). Smithsonian Institution. Downloaded 20 Jun 2022. https://doi.org/10.5479/si.GVP.VOTW4-2013","43","13"
"1083","76",Assab Volcanic Field,brak danych,Erytrea,pole wulkaniczne,nieznana data wybuchu,bazalt / pikryt,strefa ryftowa / skorupa pośrednia (15-25 km),Wulkan,"Global Volcanism Program, 2013. Volcanoes of the World, v. 4.11.0. Venzke, E (ed.). Smithsonian Institution. Downloaded 20 Jun 2022. https://doi.org/10.5479/si.GVP.VOTW4-2013","42","13"
"1084","88",Beru,brak danych,Etiopia,pole wulkaniczne,nieznana data wybuchu,bazalt / pikryt,strefa ryftowa / skorupa kontynentalna (>25 km),Wulkan,"Global Volcanism Program, 2013. Volcanoes of the World, v. 4.11.0. Venzke, E (ed.). Smithsonian Institution. Downloaded 20 Jun 2022. https://doi.org/10.5479/si.GVP.VOTW4-2013","40","9"
"1085","122",Ly Son Group,brak danych,Wietnam,pole wulkaniczne,nieznana data wybuchu,bazalt / pikryt,strefa subdukcji / skorupa kontynentalna (>25 km),Wulkan,"Global Volcanism Program, 2013. Volcanoes of the World, v. 4.11.0. Venzke, E (ed.). Smithsonian Institution. Downloaded 20 Jun 2022. https://doi.org/10.5479/si.GVP.VOTW4-2013","109","15"
"1086","371",Tin Zaouatene Volcanic Field,brak danych,Mali,pole wulkaniczne,nieznana data wybuchu,tefryt / trachybazalt,strefa subdukcji / skorupa kontynentalna (>25 km),Wulkan,"Global Volcanism Program, 2013. Volcanoes of the World, v. 4.11.0. Venzke, E (ed.). Smithsonian Institution. Downloaded 20 Jun 2022. https://doi.org/10.5479/si.GVP.VOTW4-2013","3","20"
"1087","375","Toh, Tarso",brak danych,Czad,pole wulkaniczne,nieznana data wybuchu,bazalt / pikryt,strefa subdukcji / skorupa kontynentalna (>25 km),Wulkan,"Global Volcanism Program, 2013. Volcanoes of the World, v. 4.11.0. Venzke, E (ed.). Smithsonian Institution. Downloaded 20 Jun 2022. https://doi.org/10.5479/si.GVP.VOTW4-2013","16","21"
"1088","383",Sharat Kovakab,brak danych,Syria,pole wulkaniczne,nieznana data wybuchu,bazalt / pikryt,strefa ryftowa / skorupa kontynentalna (>25 km),Wulkan,"Global Volcanism Program, 2013. Volcanoes of the World, v. 4.11.0. Venzke, E (ed.). Smithsonian Institution. Downloaded 20 Jun 2022. https://doi.org/10.5479/si.GVP.VOTW4-2013","41","37"
"1089","385","Rahah, Harrat ar",brak danych,Arabia Saudyjska,pole wulkaniczne,nieznana data wybuchu,bazalt / pikryt,strefa subdukcji / skorupa kontynentalna (>25 km),Wulkan,"Global Volcanism Program, 2013. Volcanoes of the World, v. 4.11.0. Venzke, E (ed.). Smithsonian Institution. Downloaded 20 Jun 2022. https://doi.org/10.5479/si.GVP.VOTW4-2013","36","28"
"1090","388","Ithnayn, Harrat",brak danych,Arabia Saudyjska,pole wulkaniczne,nieznana data wybuchu,bazalt / pikryt,strefa subdukcji / skorupa kontynentalna (>25 km),Wulkan,"Global Volcanism Program, 2013. Volcanoes of the World, v. 4.11.0. Venzke, E (ed.). Smithsonian Institution. Downloaded 20 Jun 2022. https://doi.org/10.5479/si.GVP.VOTW4-2013","40","27"
"1091","391","Kishb, Harrat",brak danych,Arabia Saudyjska,pole wulkaniczne,nieznana data wybuchu,tefryt / trachybazalt,strefa subdukcji / skorupa kontynentalna (>25 km),Wulkan,"Global Volcanism Program, 2013. Volcanoes of the World, v. 4.11.0. Venzke, E (ed.). Smithsonian Institution. Downloaded 20 Jun 2022. https://doi.org/10.5479/si.GVP.VOTW4-2013","41","23"
"1092","392","Birk, Harrat al",brak danych,Arabia Saudyjska,pole wulkaniczne,nieznana data wybuchu,bazalt / pikryt,strefa subdukcji / skorupa kontynentalna (>25 km),Wulkan,"Global Volcanism Program, 2013. Volcanoes of the World, v. 4.11.0. Venzke, E (ed.). Smithsonian Institution. Downloaded 20 Jun 2022. https://doi.org/10.5479/si.GVP.VOTW4-2013","42","18"
"1093","399","Bal Haf, Harra of",brak danych,Jemen,pole wulkaniczne,nieznana data wybuchu,bazalt / pikryt,strefa subdukcji / skorupa kontynentalna (>25 km),Wulkan,"Global Volcanism Program, 2013. Volcanoes of the World, v. 4.11.0. Venzke, E (ed.). Smithsonian Institution. Downloaded 20 Jun 2022. https://doi.org/10.5479/si.GVP.VOTW4-2013","48","14"
"1094","410",Ambre-Bobaomby,brak danych,Madagaskar,pole wulkaniczne,nieznana data wybuchu,bazalt / pikryt,strefa subdukcji / skorupa kontynentalna (>25 km),Wulkan,"Global Volcanism Program, 2013. Volcanoes of the World, v. 4.11.0. Venzke, E (ed.). Smithsonian Institution. Downloaded 20 Jun 2022. https://doi.org/10.5479/si.GVP.VOTW4-2013","49","-13"
"1095","677",Managlase Plateau,brak danych,Papua - Nowa Gwinea,pole wulkaniczne,nieznana data wybuchu,tefryt / trachybazalt,strefa subdukcji / skorupa kontynentalna (>25 km),Wulkan,"Global Volcanism Program, 2013. Volcanoes of the World, v. 4.11.0. Venzke, E (ed.). Smithsonian Institution. Downloaded 20 Jun 2022. https://doi.org/10.5479/si.GVP.VOTW4-2013","148","-9"
"1096","742",Goodenough,brak danych,Papua - Nowa Gwinea,pole wulkaniczne,nieznana data wybuchu,andezyt / andezyt bazaltowy,strefa subdukcji / skorupa kontynentalna (>25 km),Wulkan,"Global Volcanism Program, 2013. Volcanoes of the World, v. 4.11.0. Venzke, E (ed.). Smithsonian Institution. Downloaded 20 Jun 2022. https://doi.org/10.5479/si.GVP.VOTW4-2013","150","-9"
"1097","919",Duncan Canal,brak danych,Stany Zjednoczone,pole wulkaniczne,nieznana data wybuchu,bazalt / pikryt,strefa subdukcji / skorupa kontynentalna (>25 km),Wulkan,"Global Volcanism Program, 2013. Volcanoes of the World, v. 4.11.0. Venzke, E (ed.). Smithsonian Institution. Downloaded 20 Jun 2022. https://doi.org/10.5479/si.GVP.VOTW4-2013","-133","57"
"1098","920",Tlevak Strait-Suemez Is.,brak danych,Stany Zjednoczone,pole wulkaniczne,nieznana data wybuchu,bazalt / pikryt,strefa subdukcji / skorupa kontynentalna (>25 km),Wulkan,"Global Volcanism Program, 2013. Volcanoes of the World, v. 4.11.0. Venzke, E (ed.). Smithsonian Institution. Downloaded 20 Jun 2022. https://doi.org/10.5479/si.GVP.VOTW4-2013","-133","55"
"1099","925",Tuya Volcanic Field,brak danych,Kanada,pole wulkaniczne,nieznana data wybuchu,bazalt / pikryt,strefa subdukcji / skorupa kontynentalna (>25 km),Wulkan,"Global Volcanism Program, 2013. Volcanoes of the World, v. 4.11.0. Venzke, E (ed.). Smithsonian Institution. Downloaded 20 Jun 2022. https://doi.org/10.5479/si.GVP.VOTW4-2013","-131","59"
"1100","938",Bridge River Cones,brak danych,Kanada,pole wulkaniczne,nieznana data wybuchu,bazalt / pikryt,strefa subdukcji / skorupa kontynentalna (>25 km),Wulkan,"Global Volcanism Program, 2013. Volcanoes of the World, v. 4.11.0. Venzke, E (ed.). Smithsonian Institution. Downloaded 20 Jun 2022. https://doi.org/10.5479/si.GVP.VOTW4-2013","-123","51"
"1101","940",Garibaldi Lake,brak danych,Kanada,pole wulkaniczne,nieznana data wybuchu,andezyt / andezyt bazaltowy,strefa subdukcji / skorupa kontynentalna (>25 km),Wulkan,"Global Volcanism Program, 2013. Volcanoes of the World, v. 4.11.0. Venzke, E (ed.). Smithsonian Institution. Downloaded 20 Jun 2022. https://doi.org/10.5479/si.GVP.VOTW4-2013","-123","50"
"1102","942",Cayley Volcanic Field,brak danych,Kanada,pole wulkaniczne,nieznana data wybuchu,andezyt / andezyt bazaltowy,strefa subdukcji / skorupa kontynentalna (>25 km),Wulkan,"Global Volcanism Program, 2013. Volcanoes of the World, v. 4.11.0. Venzke, E (ed.). Smithsonian Institution. Downloaded 20 Jun 2022. https://doi.org/10.5479/si.GVP.VOTW4-2013","-123","50"
"1103","967",Clear Lake,brak danych,Stany Zjednoczone,pole wulkaniczne,nieznana data wybuchu,dacyt,strefa subdukcji / skorupa kontynentalna (>25 km),Wulkan,"Global Volcanism Program, 2013. Volcanoes of the World, v. 4.11.0. Venzke, E (ed.). Smithsonian Institution. Downloaded 20 Jun 2022. https://doi.org/10.5479/si.GVP.VOTW4-2013","-123","39"
"1104","1278","Gloria, La",brak danych,Meksyk,pole wulkaniczne,nieznana data wybuchu,andezyt / andezyt bazaltowy,strefa subdukcji / skorupa kontynentalna (>25 km),Wulkan,"Global Volcanism Program, 2013. Volcanoes of the World, v. 4.11.0. Venzke, E (ed.). Smithsonian Institution. Downloaded 20 Jun 2022. https://doi.org/10.5479/si.GVP.VOTW4-2013","-97","19"
"1105","1293",Cuilapa-Barbarena,brak danych,Gwatemala,pole wulkaniczne,nieznana data wybuchu,bazalt / pikryt,strefa subdukcji / skorupa kontynentalna (>25 km),Wulkan,"Global Volcanism Program, 2013. Volcanoes of the World, v. 4.11.0. Venzke, E (ed.). Smithsonian Institution. Downloaded 20 Jun 2022. https://doi.org/10.5479/si.GVP.VOTW4-2013","-90","14"
"1106","1297",Flores,brak danych,Gwatemala,pole wulkaniczne,nieznana data wybuchu,bazalt / pikryt,strefa subdukcji / skorupa kontynentalna (>25 km),Wulkan,"Global Volcanism Program, 2013. Volcanoes of the World, v. 4.11.0. Venzke, E (ed.). Smithsonian Institution. Downloaded 20 Jun 2022. https://doi.org/10.5479/si.GVP.VOTW4-2013","-90","14"
"1107","1299","Santiago, Cerro",brak danych,Gwatemala,pole wulkaniczne,nieznana data wybuchu,bazalt / pikryt,strefa subdukcji / skorupa kontynentalna (>25 km),Wulkan,"Global Volcanism Program, 2013. Volcanoes of the World, v. 4.11.0. Venzke, E (ed.). Smithsonian Institution. Downloaded 20 Jun 2022. https://doi.org/10.5479/si.GVP.VOTW4-2013","-90","14"
"1108","1305",Quezaltepeque,brak danych,Gwatemala,pole wulkaniczne,nieznana data wybuchu,bazalt / pikryt,strefa subdukcji / skorupa kontynentalna (>25 km),Wulkan,"Global Volcanism Program, 2013. Volcanoes of the World, v. 4.11.0. Venzke, E (ed.). Smithsonian Institution. Downloaded 20 Jun 2022. https://doi.org/10.5479/si.GVP.VOTW4-2013","-89","15"
"1109","1306",San Diego,brak danych,Salwador - Gwatemala,pole wulkaniczne,nieznana data wybuchu,bazalt / pikryt,strefa subdukcji / skorupa kontynentalna (>25 km),Wulkan,"Global Volcanism Program, 2013. Volcanoes of the World, v. 4.11.0. Venzke, E (ed.). Smithsonian Institution. Downloaded 20 Jun 2022. https://doi.org/10.5479/si.GVP.VOTW4-2013","-89","14"
"1110","1313","Cinotepeque, Cerro",brak danych,Salwador,pole wulkaniczne,nieznana data wybuchu,"-",strefa subdukcji / skorupa kontynentalna (>25 km),Wulkan,"Global Volcanism Program, 2013. Volcanoes of the World, v. 4.11.0. Venzke, E (ed.). Smithsonian Institution. Downloaded 20 Jun 2022. https://doi.org/10.5479/si.GVP.VOTW4-2013","-89","14"
"1111","1317",Apastepeque Field,brak danych,Salwador,pole wulkaniczne,nieznana data wybuchu,dacyt,strefa subdukcji / skorupa kontynentalna (>25 km),Wulkan,"Global Volcanism Program, 2013. Volcanoes of the World, v. 4.11.0. Venzke, E (ed.). Smithsonian Institution. Downloaded 20 Jun 2022. https://doi.org/10.5479/si.GVP.VOTW4-2013","-89","14"
"1112","1327","Yojoa, Lake",brak danych,Honduras,pole wulkaniczne,nieznana data wybuchu,tefryt / trachybazalt,strefa subdukcji / skorupa kontynentalna (>25 km),Wulkan,"Global Volcanism Program, 2013. Volcanoes of the World, v. 4.11.0. Venzke, E (ed.). Smithsonian Institution. Downloaded 20 Jun 2022. https://doi.org/10.5479/si.GVP.VOTW4-2013","-88","15"
"1113","1388","Blanca, Laguna",brak danych,Argentyna,pole wulkaniczne,nieznana data wybuchu,bazalt / pikryt,strefa subdukcji / skorupa kontynentalna (>25 km),Wulkan,"Global Volcanism Program, 2013. Volcanoes of the World, v. 4.11.0. Venzke, E (ed.). Smithsonian Institution. Downloaded 20 Jun 2022. https://doi.org/10.5479/si.GVP.VOTW4-2013","-70","-39"
"1114","1427",Meullin,brak danych,Chile,pole wulkaniczne,nieznana data wybuchu,bazalt / pikryt,strefa subdukcji / skorupa kontynentalna (>25 km),Wulkan,"Global Volcanism Program, 2013. Volcanoes of the World, v. 4.11.0. Venzke, E (ed.). Smithsonian Institution. Downloaded 20 Jun 2022. https://doi.org/10.5479/si.GVP.VOTW4-2013","-73","-45"
"1115","1274","Humeros, Los",4470 p.n.e.,Meksyk,kaldera,erupcja datowana,ryolit,strefa subdukcji / skorupa kontynentalna (>25 km),Wulkan,"Global Volcanism Program, 2013. Volcanoes of the World, v. 4.11.0. Venzke, E (ed.). Smithsonian Institution. Downloaded 20 Jun 2022. https://doi.org/10.5479/si.GVP.VOTW4-2013","-97","20"
"1116","545",Taupo,"260",Nowa Zelandia,kaldera,erupcja datowana,ryolit,strefa subdukcji / skorupa kontynentalna (>25 km),Wulkan,"Global Volcanism Program, 2013. Volcanoes of the World, v. 4.11.0. Venzke, E (ed.). Smithsonian Institution. Downloaded 20 Jun 2022. https://doi.org/10.5479/si.GVP.VOTW4-2013","176","-39"
"1117","569",Tofua,"2014",Tonga,kaldera,erupcja zaobserwowana,andezyt / andezyt bazaltowy,strefa subdukcji / skorupa oceaniczna (< 15 km),Wulkan,"Global Volcanism Program, 2013. Volcanoes of the World, v. 4.11.0. Venzke, E (ed.). Smithsonian Institution. Downloaded 20 Jun 2022. https://doi.org/10.5479/si.GVP.VOTW4-2013","-175","-20"
"1118","6",Vulsini,104 p.n.e.,Włochy,kaldera,erupcja zaobserwowana,trachit,strefa subdukcji / skorupa kontynentalna (>25 km),Wulkan,"Global Volcanism Program, 2013. Volcanoes of the World, v. 4.11.0. Venzke, E (ed.). Smithsonian Institution. Downloaded 20 Jun 2022. https://doi.org/10.5479/si.GVP.VOTW4-2013","12","43"
"1119","8",Campi Flegrei,"1538",Włochy,kaldera,erupcja zaobserwowana,trachit,strefa subdukcji / skorupa kontynentalna (>25 km),Wulkan,"Global Volcanism Program, 2013. Volcanoes of the World, v. 4.11.0. Venzke, E (ed.). Smithsonian Institution. Downloaded 20 Jun 2022. https://doi.org/10.5479/si.GVP.VOTW4-2013","14","41"
"1120","89",Kone,"1820",Etiopia,kaldera,erupcja zaobserwowana,ryolit,strefa ryftowa / skorupa kontynentalna (>25 km),Wulkan,"Global Volcanism Program, 2013. Volcanoes of the World, v. 4.11.0. Venzke, E (ed.). Smithsonian Institution. Downloaded 20 Jun 2022. https://doi.org/10.5479/si.GVP.VOTW4-2013","40","9"
"1121","671",Banda Api,"1988",Indonezja,kaldera,erupcja zaobserwowana,dacyt,strefa subdukcji / skorupa oceaniczna (< 15 km),Wulkan,"Global Volcanism Program, 2013. Volcanoes of the World, v. 4.11.0. Venzke, E (ed.). Smithsonian Institution. Downloaded 20 Jun 2022. https://doi.org/10.5479/si.GVP.VOTW4-2013","130","-5"
"1122","849",Singkut,"1881",Indonezja,kaldera,erupcja zaobserwowana,andezyt / andezyt bazaltowy,strefa subdukcji / skorupa kontynentalna (>25 km),Wulkan,"Global Volcanism Program, 2013. Volcanoes of the World, v. 4.11.0. Venzke, E (ed.). Smithsonian Institution. Downloaded 20 Jun 2022. https://doi.org/10.5479/si.GVP.VOTW4-2013","99","3"
"1123","870",Suoh,"1933",Indonezja,kaldera,erupcja zaobserwowana,"-",strefa subdukcji / skorupa kontynentalna (>25 km),Wulkan,"Global Volcanism Program, 2013. Volcanoes of the World, v. 4.11.0. Venzke, E (ed.). Smithsonian Institution. Downloaded 20 Jun 2022. https://doi.org/10.5479/si.GVP.VOTW4-2013","104","-5"
"1124","143",Kikai,"2013",Japonia,kaldera,erupcja zaobserwowana,ryolit,strefa subdukcji / skorupa oceaniczna (< 15 km),Wulkan,"Global Volcanism Program, 2013. Volcanoes of the World, v. 4.11.0. Venzke, E (ed.). Smithsonian Institution. Downloaded 20 Jun 2022. https://doi.org/10.5479/si.GVP.VOTW4-2013","130","31"
"1125","144",Ata,"885",Japonia,kaldera,erupcja zaobserwowana,andezyt / andezyt bazaltowy,strefa subdukcji / skorupa kontynentalna (>25 km),Wulkan,"Global Volcanism Program, 2013. Volcanoes of the World, v. 4.11.0. Venzke, E (ed.). Smithsonian Institution. Downloaded 20 Jun 2022. https://doi.org/10.5479/si.GVP.VOTW4-2013","131","31"
"1126","145",Aira,"2018",Japonia,kaldera,erupcja zaobserwowana,andezyt / andezyt bazaltowy,strefa subdukcji / skorupa kontynentalna (>25 km),Wulkan,"Global Volcanism Program, 2013. Volcanoes of the World, v. 4.11.0. Venzke, E (ed.). Smithsonian Institution. Downloaded 20 Jun 2022. https://doi.org/10.5479/si.GVP.VOTW4-2013","131","32"
"1127","150",Asosan,"2016",Japonia,kaldera,erupcja zaobserwowana,andezyt / andezyt bazaltowy,strefa subdukcji / skorupa kontynentalna (>25 km),Wulkan,"Global Volcanism Program, 2013. Volcanoes of the World, v. 4.11.0. Venzke, E (ed.). Smithsonian Institution. Downloaded 20 Jun 2022. https://doi.org/10.5479/si.GVP.VOTW4-2013","131","33"
"1128","186",Naruko,"837",Japonia,kaldera,erupcja zaobserwowana,ryolit,strefa subdukcji / skorupa kontynentalna (>25 km),Wulkan,"Global Volcanism Program, 2013. Volcanoes of the World, v. 4.11.0. Venzke, E (ed.). Smithsonian Institution. Downloaded 20 Jun 2022. https://doi.org/10.5479/si.GVP.VOTW4-2013","141","39"
"1129","195",Towada,"915",Japonia,kaldera,erupcja zaobserwowana,andezyt / andezyt bazaltowy,strefa subdukcji / skorupa kontynentalna (>25 km),Wulkan,"Global Volcanism Program, 2013. Volcanoes of the World, v. 4.11.0. Venzke, E (ed.). Smithsonian Institution. Downloaded 20 Jun 2022. https://doi.org/10.5479/si.GVP.VOTW4-2013","141","41"
"1130","217",Nishinoshima,"2017",Japonia,kaldera,erupcja zaobserwowana,andezyt / andezyt bazaltowy,strefa subdukcji / grubość skorupy nieznana,Wulkan,"Global Volcanism Program, 2013. Volcanoes of the World, v. 4.11.0. Venzke, E (ed.). Smithsonian Institution. Downloaded 20 Jun 2022. https://doi.org/10.5479/si.GVP.VOTW4-2013","141","27"
"1131","221",Ioto,"2012",Japonia,kaldera,erupcja zaobserwowana,trachyandezyt / bazaltowy trachyandezyt,strefa subdukcji / grubość skorupy nieznana,Wulkan,"Global Volcanism Program, 2013. Volcanoes of the World, v. 4.11.0. Venzke, E (ed.). Smithsonian Institution. Downloaded 20 Jun 2022. https://doi.org/10.5479/si.GVP.VOTW4-2013","141","25"
"1132","961",Crater Lake,2850 p.n.e.,Stany Zjednoczone,kaldera,erupcja datowana,dacyt,strefa subdukcji / skorupa kontynentalna (>25 km),Wulkan,"Global Volcanism Program, 2013. Volcanoes of the World, v. 4.11.0. Venzke, E (ed.). Smithsonian Institution. Downloaded 20 Jun 2022. https://doi.org/10.5479/si.GVP.VOTW4-2013","-122","43"
"1133","621",Lolobau,"1912",Papua - Nowa Gwinea,kaldera,erupcja zaobserwowana,bazalt / pikryt,strefa subdukcji / skorupa kontynentalna (>25 km),Wulkan,"Global Volcanism Program, 2013. Volcanoes of the World, v. 4.11.0. Venzke, E (ed.). Smithsonian Institution. Downloaded 20 Jun 2022. https://doi.org/10.5479/si.GVP.VOTW4-2013","151","-5"
"1134","312",Kurile Lake,6440 p.n.e.,Rosja,kaldera,erupcja datowana,dacyt,strefa subdukcji / skorupa kontynentalna (>25 km),Wulkan,"Global Volcanism Program, 2013. Volcanoes of the World, v. 4.11.0. Venzke, E (ed.). Smithsonian Institution. Downloaded 20 Jun 2022. https://doi.org/10.5479/si.GVP.VOTW4-2013","157","51"
"1135","258",Shikotsu,"1979",Japonia,kaldera,erupcja zaobserwowana,andezyt / andezyt bazaltowy,strefa subdukcji / skorupa kontynentalna (>25 km),Wulkan,"Global Volcanism Program, 2013. Volcanoes of the World, v. 4.11.0. Venzke, E (ed.). Smithsonian Institution. Downloaded 20 Jun 2022. https://doi.org/10.5479/si.GVP.VOTW4-2013","141","43"
"1136","979",Yellowstone,1350 p.n.e.,Stany Zjednoczone,kaldera,erupcja datowana,ryolit,strefa ryftowa / skorupa kontynentalna (>25 km),Wulkan,"Global Volcanism Program, 2013. Volcanoes of the World, v. 4.11.0. Venzke, E (ed.). Smithsonian Institution. Downloaded 20 Jun 2022. https://doi.org/10.5479/si.GVP.VOTW4-2013","-111","44"
"1137","263",Akan,"2008",Japonia,kaldera,erupcja zaobserwowana,andezyt / andezyt bazaltowy,strefa subdukcji / skorupa kontynentalna (>25 km),Wulkan,"Global Volcanism Program, 2013. Volcanoes of the World, v. 4.11.0. Venzke, E (ed.). Smithsonian Institution. Downloaded 20 Jun 2022. https://doi.org/10.5479/si.GVP.VOTW4-2013","144","43"
"1138","264",Kussharo,"1320",Japonia,kaldera,erupcja datowana,dacyt,strefa subdukcji / skorupa kontynentalna (>25 km),Wulkan,"Global Volcanism Program, 2013. Volcanoes of the World, v. 4.11.0. Venzke, E (ed.). Smithsonian Institution. Downloaded 20 Jun 2022. https://doi.org/10.5479/si.GVP.VOTW4-2013","144","44"
"1139","265",Mashu,"1080",Japonia,kaldera,erupcja datowana,andezyt / andezyt bazaltowy,strefa subdukcji / skorupa kontynentalna (>25 km),Wulkan,"Global Volcanism Program, 2013. Volcanoes of the World, v. 4.11.0. Venzke, E (ed.). Smithsonian Institution. Downloaded 20 Jun 2022. https://doi.org/10.5479/si.GVP.VOTW4-2013","145","44"
"1140","269",Tomariyama [Golovnin],"1848",Japonia,kaldera,erupcja zaobserwowana,andezyt / andezyt bazaltowy,strefa subdukcji / skorupa oceaniczna (< 15 km),Wulkan,"Global Volcanism Program, 2013. Volcanoes of the World, v. 4.11.0. Venzke, E (ed.). Smithsonian Institution. Downloaded 20 Jun 2022. https://doi.org/10.5479/si.GVP.VOTW4-2013","146","44"
"1141","616",Witori,"2012",Papua - Nowa Gwinea,kaldera,erupcja zaobserwowana,dacyt,strefa subdukcji / skorupa kontynentalna (>25 km),Wulkan,"Global Volcanism Program, 2013. Volcanoes of the World, v. 4.11.0. Venzke, E (ed.). Smithsonian Institution. Downloaded 20 Jun 2022. https://doi.org/10.5479/si.GVP.VOTW4-2013","151","-6"
"1142","1018",Qualibou,"1766",Saint Lucia,kaldera,erupcja zaobserwowana,andezyt / andezyt bazaltowy,strefa subdukcji / skorupa oceaniczna (< 15 km),Wulkan,"Global Volcanism Program, 2013. Volcanoes of the World, v. 4.11.0. Venzke, E (ed.). Smithsonian Institution. Downloaded 20 Jun 2022. https://doi.org/10.5479/si.GVP.VOTW4-2013","-61","14"
"1143","289",Chirpoi,"2016",Rosja,kaldera,erupcja zaobserwowana,andezyt / andezyt bazaltowy,strefa subdukcji / skorupa oceaniczna (< 15 km),Wulkan,"Global Volcanism Program, 2013. Volcanoes of the World, v. 4.11.0. Venzke, E (ed.). Smithsonian Institution. Downloaded 20 Jun 2022. https://doi.org/10.5479/si.GVP.VOTW4-2013","151","47"
"1144","292",Zavaritzki Caldera,"1957",Rosja,kaldera,erupcja zaobserwowana,andezyt / andezyt bazaltowy,strefa subdukcji / skorupa oceaniczna (< 15 km),Wulkan,"Global Volcanism Program, 2013. Volcanoes of the World, v. 4.11.0. Venzke, E (ed.). Smithsonian Institution. Downloaded 20 Jun 2022. https://doi.org/10.5479/si.GVP.VOTW4-2013","152","47"
"1145","296",Ushishur,"1884",Rosja,kaldera,erupcja zaobserwowana,andezyt / andezyt bazaltowy,strefa subdukcji / skorupa oceaniczna (< 15 km),Wulkan,"Global Volcanism Program, 2013. Volcanoes of the World, v. 4.11.0. Venzke, E (ed.). Smithsonian Institution. Downloaded 20 Jun 2022. https://doi.org/10.5479/si.GVP.VOTW4-2013","153","48"
"1146","1041",Grimsvotn,"2011",Islandia,kaldera,erupcja zaobserwowana,bazalt / pikryt,strefa ryftowa / skorupa oceaniczna (< 15 km),Wulkan,"Global Volcanism Program, 2013. Volcanoes of the World, v. 4.11.0. Venzke, E (ed.). Smithsonian Institution. Downloaded 20 Jun 2022. https://doi.org/10.5479/si.GVP.VOTW4-2013","-17","64"
"1147","1047",Krafla,"1984",Islandia,kaldera,erupcja zaobserwowana,bazalt / pikryt,strefa ryftowa / skorupa oceaniczna (< 15 km),Wulkan,"Global Volcanism Program, 2013. Volcanoes of the World, v. 4.11.0. Venzke, E (ed.). Smithsonian Institution. Downloaded 20 Jun 2022. https://doi.org/10.5479/si.GVP.VOTW4-2013","-17","66"
"1148","306",Nemo Peak,"1938",Rosja,kaldera,erupcja zaobserwowana,andezyt / andezyt bazaltowy,strefa subdukcji / skorupa oceaniczna (< 15 km),Wulkan,"Global Volcanism Program, 2013. Volcanoes of the World, v. 4.11.0. Venzke, E (ed.). Smithsonian Institution. Downloaded 20 Jun 2022. https://doi.org/10.5479/si.GVP.VOTW4-2013","155","50"
"1149","349",Ngozi,"1450",Tanzania,kaldera,erupcja datowana,trachit,strefa ryftowa / skorupa kontynentalna (>25 km),Wulkan,"Global Volcanism Program, 2013. Volcanoes of the World, v. 4.11.0. Venzke, E (ed.). Smithsonian Institution. Downloaded 20 Jun 2022. https://doi.org/10.5479/si.GVP.VOTW4-2013","34","-9"
"1150","1100",Deception Island,"1970",Antarktyda,kaldera,erupcja zaobserwowana,bazalt / pikryt,strefa subdukcji / skorupa kontynentalna (>25 km),Wulkan,"Global Volcanism Program, 2013. Volcanoes of the World, v. 4.11.0. Venzke, E (ed.). Smithsonian Institution. Downloaded 20 Jun 2022. https://doi.org/10.5479/si.GVP.VOTW4-2013","-61","-63"
"1151","1120",Masaya,"2018",Nikaragua,kaldera,erupcja zaobserwowana,bazalt / pikryt,strefa subdukcji / skorupa kontynentalna (>25 km),Wulkan,"Global Volcanism Program, 2013. Volcanoes of the World, v. 4.11.0. Venzke, E (ed.). Smithsonian Institution. Downloaded 20 Jun 2022. https://doi.org/10.5479/si.GVP.VOTW4-2013","-86","12"
"1152","1158",Cuicocha,"650",Ekwador,kaldera,erupcja datowana,dacyt,strefa subdukcji / skorupa kontynentalna (>25 km),Wulkan,"Global Volcanism Program, 2013. Volcanoes of the World, v. 4.11.0. Venzke, E (ed.). Smithsonian Institution. Downloaded 20 Jun 2022. https://doi.org/10.5479/si.GVP.VOTW4-2013","-78","0"
"1153","1163",Pululahua,"290",Ekwador,kaldera,erupcja datowana,dacyt,strefa subdukcji / skorupa kontynentalna (>25 km),Wulkan,"Global Volcanism Program, 2013. Volcanoes of the World, v. 4.11.0. Venzke, E (ed.). Smithsonian Institution. Downloaded 20 Jun 2022. https://doi.org/10.5479/si.GVP.VOTW4-2013","-78","0"
"1154","1166",Chacana,"1773",Ekwador,kaldera,erupcja zaobserwowana,ryolit,strefa subdukcji / skorupa kontynentalna (>25 km),Wulkan,"Global Volcanism Program, 2013. Volcanoes of the World, v. 4.11.0. Venzke, E (ed.). Smithsonian Institution. Downloaded 20 Jun 2022. https://doi.org/10.5479/si.GVP.VOTW4-2013","-78","0"
"1155","1172",Quilotoa,"1280",Ekwador,kaldera,erupcja datowana,dacyt,strefa subdukcji / skorupa kontynentalna (>25 km),Wulkan,"Global Volcanism Program, 2013. Volcanoes of the World, v. 4.11.0. Venzke, E (ed.). Smithsonian Institution. Downloaded 20 Jun 2022. https://doi.org/10.5479/si.GVP.VOTW4-2013","-79","-1"
"1156","508",Aniakchak,"1931",Stany Zjednoczone,kaldera,erupcja zaobserwowana,andezyt / andezyt bazaltowy,strefa subdukcji / skorupa kontynentalna (>25 km),Wulkan,"Global Volcanism Program, 2013. Volcanoes of the World, v. 4.11.0. Venzke, E (ed.). Smithsonian Institution. Downloaded 20 Jun 2022. https://doi.org/10.5479/si.GVP.VOTW4-2013","-158","57"
"1157","1265",Zitacuaro-Valle de Bravo,3050 p.n.e.,Meksyk,kaldera,erupcja datowana,dacyt,strefa subdukcji / skorupa kontynentalna (>25 km),Wulkan,"Global Volcanism Program, 2013. Volcanoes of the World, v. 4.11.0. Venzke, E (ed.). Smithsonian Institution. Downloaded 20 Jun 2022. https://doi.org/10.5479/si.GVP.VOTW4-2013","-100","19"
"1158","623",Tavui,4946 p.n.e.,Papua - Nowa Gwinea,kaldera,erupcja datowana,ryolit,strefa subdukcji / skorupa kontynentalna (>25 km),Wulkan,"Global Volcanism Program, 2013. Volcanoes of the World, v. 4.11.0. Venzke, E (ed.). Smithsonian Institution. Downloaded 20 Jun 2022. https://doi.org/10.5479/si.GVP.VOTW4-2013","152","-4"
"1159","519",Novarupta,"1912",Stany Zjednoczone,kaldera,erupcja zaobserwowana,ryolit,strefa subdukcji / skorupa kontynentalna (>25 km),Wulkan,"Global Volcanism Program, 2013. Volcanoes of the World, v. 4.11.0. Venzke, E (ed.). Smithsonian Institution. Downloaded 20 Jun 2022. https://doi.org/10.5479/si.GVP.VOTW4-2013","-155","58"
"1160","542",Reporoa,"1180",Nowa Zelandia,kaldera,erupcja datowana,ryolit,strefa subdukcji / skorupa kontynentalna (>25 km),Wulkan,"Global Volcanism Program, 2013. Volcanoes of the World, v. 4.11.0. Venzke, E (ed.). Smithsonian Institution. Downloaded 20 Jun 2022. https://doi.org/10.5479/si.GVP.VOTW4-2013","176","-38"
"1161","1315",Ilopango,"1880",Salwador,kaldera,erupcja zaobserwowana,dacyt,strefa subdukcji / skorupa kontynentalna (>25 km),Wulkan,"Global Volcanism Program, 2013. Volcanoes of the World, v. 4.11.0. Venzke, E (ed.). Smithsonian Institution. Downloaded 20 Jun 2022. https://doi.org/10.5479/si.GVP.VOTW4-2013","-89","14"
"1162","559",Macauley,4360 p.n.e.,Nowa Zelandia,kaldera,erupcja datowana,bazalt / pikryt,strefa subdukcji / skorupa oceaniczna (< 15 km),Wulkan,"Global Volcanism Program, 2013. Volcanoes of the World, v. 4.11.0. Venzke, E (ed.). Smithsonian Institution. Downloaded 20 Jun 2022. https://doi.org/10.5479/si.GVP.VOTW4-2013","-178","-30"
"1163","611",Dakataua,"1895",Papua - Nowa Gwinea,kaldera,erupcja datowana,andezyt / andezyt bazaltowy,strefa subdukcji / skorupa kontynentalna (>25 km),Wulkan,"Global Volcanism Program, 2013. Volcanoes of the World, v. 4.11.0. Venzke, E (ed.). Smithsonian Institution. Downloaded 20 Jun 2022. https://doi.org/10.5479/si.GVP.VOTW4-2013","150","-5"
"1164","629",Gorely,"2010",Rosja,kaldera,erupcja zaobserwowana,bazalt / pikryt,strefa subdukcji / skorupa kontynentalna (>25 km),Wulkan,"Global Volcanism Program, 2013. Volcanoes of the World, v. 4.11.0. Venzke, E (ed.). Smithsonian Institution. Downloaded 20 Jun 2022. https://doi.org/10.5479/si.GVP.VOTW4-2013","158","53"
"1165","631",Opala,"1776",Rosja,kaldera,erupcja zaobserwowana,bazalt / pikryt,strefa subdukcji / skorupa kontynentalna (>25 km),Wulkan,"Global Volcanism Program, 2013. Volcanoes of the World, v. 4.11.0. Venzke, E (ed.). Smithsonian Institution. Downloaded 20 Jun 2022. https://doi.org/10.5479/si.GVP.VOTW4-2013","157","53"
"1166","641",Batur,"2000",Indonezja,kaldera,erupcja zaobserwowana,andezyt / andezyt bazaltowy,strefa subdukcji / skorupa kontynentalna (>25 km),Wulkan,"Global Volcanism Program, 2013. Volcanoes of the World, v. 4.11.0. Venzke, E (ed.). Smithsonian Institution. Downloaded 20 Jun 2022. https://doi.org/10.5479/si.GVP.VOTW4-2013","115","-8"
"1167","1356","Blanco, Cerro",2300 p.n.e.,Argentyna,kaldera,erupcja datowana,ryolit,strefa subdukcji / skorupa kontynentalna (>25 km),Wulkan,"Global Volcanism Program, 2013. Volcanoes of the World, v. 4.11.0. Venzke, E (ed.). Smithsonian Institution. Downloaded 20 Jun 2022. https://doi.org/10.5479/si.GVP.VOTW4-2013","-68","-27"
"1168","646","Sano, Wai",brak danych,Indonezja,kaldera,nieznana data wybuchu,dacyt,strefa subdukcji / skorupa kontynentalna (>25 km),Wulkan,"Global Volcanism Program, 2013. Volcanoes of the World, v. 4.11.0. Venzke, E (ed.). Smithsonian Institution. Downloaded 20 Jun 2022. https://doi.org/10.5479/si.GVP.VOTW4-2013","120","-9"
"1169","1361",Maipo,"1912",Chile - Argentyna,kaldera,erupcja zaobserwowana,trachyandezyt / bazaltowy trachyandezyt,strefa subdukcji / skorupa kontynentalna (>25 km),Wulkan,"Global Volcanism Program, 2013. Volcanoes of the World, v. 4.11.0. Venzke, E (ed.). Smithsonian Institution. Downloaded 20 Jun 2022. https://doi.org/10.5479/si.GVP.VOTW4-2013","-70","-34"
"1170","1371","Maule, Laguna del",50 p.n.e.,Chile,kaldera,erupcja datowana,andezyt / andezyt bazaltowy,strefa subdukcji / skorupa kontynentalna (>25 km),Wulkan,"Global Volcanism Program, 2013. Volcanoes of the World, v. 4.11.0. Venzke, E (ed.). Smithsonian Institution. Downloaded 20 Jun 2022. https://doi.org/10.5479/si.GVP.VOTW4-2013","-70","-36"
"1171","1390",Sollipulli,"1240",Chile,kaldera,erupcja datowana,andezyt / andezyt bazaltowy,strefa subdukcji / skorupa kontynentalna (>25 km),Wulkan,"Global Volcanism Program, 2013. Volcanoes of the World, v. 4.11.0. Venzke, E (ed.). Smithsonian Institution. Downloaded 20 Jun 2022. https://doi.org/10.5479/si.GVP.VOTW4-2013","-72","-39"
"1172","1412",Chaiten,"2011",Chile,kaldera,erupcja zaobserwowana,ryolit,strefa subdukcji / skorupa kontynentalna (>25 km),Wulkan,"Global Volcanism Program, 2013. Volcanoes of the World, v. 4.11.0. Venzke, E (ed.). Smithsonian Institution. Downloaded 20 Jun 2022. https://doi.org/10.5479/si.GVP.VOTW4-2013","-73","-43"
"1173","29",Acigol-Nevsehir,2080 p.n.e.,Turcja,kaldera,erupcja datowana,ryolit,strefa subdukcji / skorupa kontynentalna (>25 km),Wulkan,"Global Volcanism Program, 2013. Volcanoes of the World, v. 4.11.0. Venzke, E (ed.). Smithsonian Institution. Downloaded 20 Jun 2022. https://doi.org/10.5479/si.GVP.VOTW4-2013","35","39"
"1174","749",Maly Semyachik,"1952",Rosja,kaldera,erupcja zaobserwowana,bazalt / pikryt,strefa subdukcji / skorupa kontynentalna (>25 km),Wulkan,"Global Volcanism Program, 2013. Volcanoes of the World, v. 4.11.0. Venzke, E (ed.). Smithsonian Institution. Downloaded 20 Jun 2022. https://doi.org/10.5479/si.GVP.VOTW4-2013","160","54"
"1175","752",Uzon,"200",Rosja,kaldera,erupcja datowana,andezyt / andezyt bazaltowy,strefa subdukcji / skorupa kontynentalna (>25 km),Wulkan,"Global Volcanism Program, 2013. Volcanoes of the World, v. 4.11.0. Venzke, E (ed.). Smithsonian Institution. Downloaded 20 Jun 2022. https://doi.org/10.5479/si.GVP.VOTW4-2013","160","55"
"1176","754",Krasheninnikov,"1550",Rosja,kaldera,erupcja datowana,bazalt / pikryt,strefa subdukcji / skorupa kontynentalna (>25 km),Wulkan,"Global Volcanism Program, 2013. Volcanoes of the World, v. 4.11.0. Venzke, E (ed.). Smithsonian Institution. Downloaded 20 Jun 2022. https://doi.org/10.5479/si.GVP.VOTW4-2013","160","55"
"1177","583",Niuatahi,brak danych,Tonga,kaldera,holocen,"-",strefa subdukcji / skorupa oceaniczna (< 15 km),Wulkan,"Global Volcanism Program, 2013. Volcanoes of the World, v. 4.11.0. Venzke, E (ed.). Smithsonian Institution. Downloaded 20 Jun 2022. https://doi.org/10.5479/si.GVP.VOTW4-2013","-174","-15"
"1178","544",Maroa,"180",Nowa Zelandia,kaldera,erupcja datowana,ryolit,strefa subdukcji / skorupa kontynentalna (>25 km),Wulkan,"Global Volcanism Program, 2013. Volcanoes of the World, v. 4.11.0. Venzke, E (ed.). Smithsonian Institution. Downloaded 20 Jun 2022. https://doi.org/10.5479/si.GVP.VOTW4-2013","176","-38"
"1179","317",Hobicha Caldera,brak danych,Etiopia,kaldera,brak dowodów na wybuch,bazalt / pikryt,strefa subdukcji / skorupa kontynentalna (>25 km),Wulkan,"Global Volcanism Program, 2013. Volcanoes of the World, v. 4.11.0. Venzke, E (ed.). Smithsonian Institution. Downloaded 20 Jun 2022. https://doi.org/10.5479/si.GVP.VOTW4-2013","38","7"
"1180","7",Colli Albani,brak danych,Włochy,kaldera,brak dowodów na wybuch,foidyt,strefa subdukcji / skorupa kontynentalna (>25 km),Wulkan,"Global Volcanism Program, 2013. Volcanoes of the World, v. 4.11.0. Venzke, E (ed.). Smithsonian Institution. Downloaded 20 Jun 2022. https://doi.org/10.5479/si.GVP.VOTW4-2013","13","42"
"1181","868",Ranau,brak danych,Indonezja,kaldera,brak dowodów na wybuch,dacyt,strefa subdukcji / skorupa kontynentalna (>25 km),Wulkan,"Global Volcanism Program, 2013. Volcanoes of the World, v. 4.11.0. Venzke, E (ed.). Smithsonian Institution. Downloaded 20 Jun 2022. https://doi.org/10.5479/si.GVP.VOTW4-2013","104","-5"
"1182","851",Toba,brak danych,Indonezja,kaldera,nieznana data wybuchu,dacyt,strefa subdukcji / skorupa kontynentalna (>25 km),Wulkan,"Global Volcanism Program, 2013. Volcanoes of the World, v. 4.11.0. Venzke, E (ed.). Smithsonian Institution. Downloaded 20 Jun 2022. https://doi.org/10.5479/si.GVP.VOTW4-2013","99","3"
"1183","498",Emmons Lake,brak danych,Stany Zjednoczone,kaldera,nieznana data wybuchu,andezyt / andezyt bazaltowy,strefa subdukcji / skorupa kontynentalna (>25 km),Wulkan,"Global Volcanism Program, 2013. Volcanoes of the World, v. 4.11.0. Venzke, E (ed.). Smithsonian Institution. Downloaded 20 Jun 2022. https://doi.org/10.5479/si.GVP.VOTW4-2013","-162","55"
"1184","101",Corbetti Caldera,brak danych,Etiopia,kaldera,nieznana data wybuchu,ryolit,strefa ryftowa / skorupa kontynentalna (>25 km),Wulkan,"Global Volcanism Program, 2013. Volcanoes of the World, v. 4.11.0. Venzke, E (ed.). Smithsonian Institution. Downloaded 20 Jun 2022. https://doi.org/10.5479/si.GVP.VOTW4-2013","38","7"
"1185","100",O'a Caldera,brak danych,Etiopia,kaldera,nieznana data wybuchu,ryolit,strefa ryftowa / skorupa kontynentalna (>25 km),Wulkan,"Global Volcanism Program, 2013. Volcanoes of the World, v. 4.11.0. Venzke, E (ed.). Smithsonian Institution. Downloaded 20 Jun 2022. https://doi.org/10.5479/si.GVP.VOTW4-2013","39","7"
"1186","185",Hijiori,brak danych,Japonia,kaldera,nieznana data wybuchu,dacyt,strefa subdukcji / skorupa kontynentalna (>25 km),Wulkan,"Global Volcanism Program, 2013. Volcanoes of the World, v. 4.11.0. Venzke, E (ed.). Smithsonian Institution. Downloaded 20 Jun 2022. https://doi.org/10.5479/si.GVP.VOTW4-2013","140","39"
"1187","640",Buyan-Bratan,brak danych,Indonezja,kaldera,nieznana data wybuchu,andezyt / andezyt bazaltowy,strefa subdukcji / skorupa kontynentalna (>25 km),Wulkan,"Global Volcanism Program, 2013. Volcanoes of the World, v. 4.11.0. Venzke, E (ed.). Smithsonian Institution. Downloaded 20 Jun 2022. https://doi.org/10.5479/si.GVP.VOTW4-2013","115","-8"
"1188","692",Todoko-Ranu,brak danych,Indonezja,kaldera,nieznana data wybuchu,andezyt / andezyt bazaltowy,strefa subdukcji / skorupa oceaniczna (< 15 km),Wulkan,"Global Volcanism Program, 2013. Volcanoes of the World, v. 4.11.0. Venzke, E (ed.). Smithsonian Institution. Downloaded 20 Jun 2022. https://doi.org/10.5479/si.GVP.VOTW4-2013","127","1"
"1189","937",Silverthrone,brak danych,Kanada,kaldera,nieznana data wybuchu,andezyt / andezyt bazaltowy,strefa subdukcji / skorupa kontynentalna (>25 km),Wulkan,"Global Volcanism Program, 2013. Volcanoes of the World, v. 4.11.0. Venzke, E (ed.). Smithsonian Institution. Downloaded 20 Jun 2022. https://doi.org/10.5479/si.GVP.VOTW4-2013","-126","51"
"1190","1311",Coatepeque Caldera,brak danych,Salwador,kaldera,nieznana data wybuchu,ryolit,strefa subdukcji / skorupa kontynentalna (>25 km),Wulkan,"Global Volcanism Program, 2013. Volcanoes of the World, v. 4.11.0. Venzke, E (ed.). Smithsonian Institution. Downloaded 20 Jun 2022. https://doi.org/10.5479/si.GVP.VOTW4-2013","-90","14"
"1191","1363","Atuel, Caldera del",brak danych,Argentyna,kaldera,nieznana data wybuchu,andezyt / andezyt bazaltowy,strefa subdukcji / skorupa kontynentalna (>25 km),Wulkan,"Global Volcanism Program, 2013. Volcanoes of the World, v. 4.11.0. Venzke, E (ed.). Smithsonian Institution. Downloaded 20 Jun 2022. https://doi.org/10.5479/si.GVP.VOTW4-2013","-70","-35"
"1192","1368",Calabozos,brak danych,Chile,kaldera,nieznana data wybuchu,dacyt,strefa subdukcji / skorupa kontynentalna (>25 km),Wulkan,"Global Volcanism Program, 2013. Volcanoes of the World, v. 4.11.0. Venzke, E (ed.). Smithsonian Institution. Downloaded 20 Jun 2022. https://doi.org/10.5479/si.GVP.VOTW4-2013","-70","-36"
"1193","102",Laguna Caldera,brak danych,Filipiny,kaldera,holocen,andezyt / andezyt bazaltowy,strefa subdukcji / skorupa kontynentalna (>25 km),Wulkan,"Global Volcanism Program, 2013. Volcanoes of the World, v. 4.11.0. Venzke, E (ed.). Smithsonian Institution. Downloaded 20 Jun 2022. https://doi.org/10.5479/si.GVP.VOTW4-2013","121","14"
"1194","675",Riendengan-Sempu,brak danych,Indonezja,kaldera,holocen,"-",strefa subdukcji / skorupa kontynentalna (>25 km),Wulkan,"Global Volcanism Program, 2013. Volcanoes of the World, v. 4.11.0. Venzke, E (ed.). Smithsonian Institution. Downloaded 20 Jun 2022. https://doi.org/10.5479/si.GVP.VOTW4-2013","125","1"
"1195","676",Tondano Caldera,brak danych,Indonezja,kaldera,holocen,andezyt / andezyt bazaltowy,strefa subdukcji / skorupa kontynentalna (>25 km),Wulkan,"Global Volcanism Program, 2013. Volcanoes of the World, v. 4.11.0. Venzke, E (ed.). Smithsonian Institution. Downloaded 20 Jun 2022. https://doi.org/10.5479/si.GVP.VOTW4-2013","125","1"
"1196","869",Sekincau Belirang,brak danych,Indonezja,kaldera,holocen,andezyt / andezyt bazaltowy,strefa subdukcji / skorupa kontynentalna (>25 km),Wulkan,"Global Volcanism Program, 2013. Volcanoes of the World, v. 4.11.0. Venzke, E (ed.). Smithsonian Institution. Downloaded 20 Jun 2022. https://doi.org/10.5479/si.GVP.VOTW4-2013","104","-5"
"1197","871",Hulubelu,brak danych,Indonezja,kaldera,holocen,andezyt / andezyt bazaltowy,strefa subdukcji / skorupa kontynentalna (>25 km),Wulkan,"Global Volcanism Program, 2013. Volcanoes of the World, v. 4.11.0. Venzke, E (ed.). Smithsonian Institution. Downloaded 20 Jun 2022. https://doi.org/10.5479/si.GVP.VOTW4-2013","105","-5"
"1198","10",Ischia,"1302",Włochy,"mieszane, złożone",erupcja zaobserwowana,trachit,strefa subdukcji / skorupa kontynentalna (>25 km),Wulkan,"Global Volcanism Program, 2013. Volcanoes of the World, v. 4.11.0. Venzke, E (ed.). Smithsonian Institution. Downloaded 20 Jun 2022. https://doi.org/10.5479/si.GVP.VOTW4-2013","14","41"
"1199","169",Asamayama,"2015",Japonia,"mieszane, złożone",erupcja zaobserwowana,andezyt / andezyt bazaltowy,strefa subdukcji / skorupa kontynentalna (>25 km),Wulkan,"Global Volcanism Program, 2013. Volcanoes of the World, v. 4.11.0. Venzke, E (ed.). Smithsonian Institution. Downloaded 20 Jun 2022. https://doi.org/10.5479/si.GVP.VOTW4-2013","139","36"
"1200","673",Ambang,"2005",Indonezja,"mieszane, złożone",erupcja zaobserwowana,andezyt / andezyt bazaltowy,strefa subdukcji / skorupa kontynentalna (>25 km),Wulkan,"Global Volcanism Program, 2013. Volcanoes of the World, v. 4.11.0. Venzke, E (ed.). Smithsonian Institution. Downloaded 20 Jun 2022. https://doi.org/10.5479/si.GVP.VOTW4-2013","124","1"
"1201","688",Dukono,"2018",Indonezja,"mieszane, złożone",erupcja zaobserwowana,andezyt / andezyt bazaltowy,strefa subdukcji / skorupa oceaniczna (< 15 km),Wulkan,"Global Volcanism Program, 2013. Volcanoes of the World, v. 4.11.0. Venzke, E (ed.). Smithsonian Institution. Downloaded 20 Jun 2022. https://doi.org/10.5479/si.GVP.VOTW4-2013","128","2"
"1202","767",Ushkovsky,"1890",Rosja,"mieszane, złożone",erupcja zaobserwowana,bazalt / pikryt,strefa subdukcji / skorupa kontynentalna (>25 km),Wulkan,"Global Volcanism Program, 2013. Volcanoes of the World, v. 4.11.0. Venzke, E (ed.). Smithsonian Institution. Downloaded 20 Jun 2022. https://doi.org/10.5479/si.GVP.VOTW4-2013","161","56"
"1203","827",Suretamatai,"1966",Vanuatu,"mieszane, złożone",erupcja zaobserwowana,andezyt / andezyt bazaltowy,strefa subdukcji / skorupa oceaniczna (< 15 km),Wulkan,"Global Volcanism Program, 2013. Volcanoes of the World, v. 4.11.0. Venzke, E (ed.). Smithsonian Institution. Downloaded 20 Jun 2022. https://doi.org/10.5479/si.GVP.VOTW4-2013","167","-14"
"1204","117",Didicas,"1978",Filipiny,"mieszane, złożone",erupcja zaobserwowana,andezyt / andezyt bazaltowy,strefa subdukcji / grubość skorupy nieznana,Wulkan,"Global Volcanism Program, 2013. Volcanoes of the World, v. 4.11.0. Venzke, E (ed.). Smithsonian Institution. Downloaded 20 Jun 2022. https://doi.org/10.5479/si.GVP.VOTW4-2013","122","19"
"1205","136",Io-Torishima,"1968",Japonia,"mieszane, złożone",erupcja zaobserwowana,andezyt / andezyt bazaltowy,strefa subdukcji / skorupa oceaniczna (< 15 km),Wulkan,"Global Volcanism Program, 2013. Volcanoes of the World, v. 4.11.0. Venzke, E (ed.). Smithsonian Institution. Downloaded 20 Jun 2022. https://doi.org/10.5479/si.GVP.VOTW4-2013","128","28"
"1206","847",Peuet Sague,"2000",Indonezja,"mieszane, złożone",erupcja zaobserwowana,andezyt / andezyt bazaltowy,strefa subdukcji / skorupa kontynentalna (>25 km),Wulkan,"Global Volcanism Program, 2013. Volcanoes of the World, v. 4.11.0. Venzke, E (ed.). Smithsonian Institution. Downloaded 20 Jun 2022. https://doi.org/10.5479/si.GVP.VOTW4-2013","96","5"
"1207","883",Guntur,"1847",Indonezja,"mieszane, złożone",erupcja zaobserwowana,andezyt / andezyt bazaltowy,strefa subdukcji / skorupa kontynentalna (>25 km),Wulkan,"Global Volcanism Program, 2013. Volcanoes of the World, v. 4.11.0. Venzke, E (ed.). Smithsonian Institution. Downloaded 20 Jun 2022. https://doi.org/10.5479/si.GVP.VOTW4-2013","108","-7"
"1208","889",Dieng Volcanic Complex,"2018",Indonezja,"mieszane, złożone",erupcja zaobserwowana,andezyt / andezyt bazaltowy,strefa subdukcji / skorupa kontynentalna (>25 km),Wulkan,"Global Volcanism Program, 2013. Volcanoes of the World, v. 4.11.0. Venzke, E (ed.). Smithsonian Institution. Downloaded 20 Jun 2022. https://doi.org/10.5479/si.GVP.VOTW4-2013","110","-7"
"1209","160",Ontakesan,"2014",Japonia,"mieszane, złożone",erupcja zaobserwowana,andezyt / andezyt bazaltowy,strefa subdukcji / skorupa kontynentalna (>25 km),Wulkan,"Global Volcanism Program, 2013. Volcanoes of the World, v. 4.11.0. Venzke, E (ed.). Smithsonian Institution. Downloaded 20 Jun 2022. https://doi.org/10.5479/si.GVP.VOTW4-2013","137","36"
"1210","149",Unzendake,"1996",Japonia,"mieszane, złożone",erupcja zaobserwowana,andezyt / andezyt bazaltowy,strefa subdukcji / skorupa kontynentalna (>25 km),Wulkan,"Global Volcanism Program, 2013. Volcanoes of the World, v. 4.11.0. Venzke, E (ed.). Smithsonian Institution. Downloaded 20 Jun 2022. https://doi.org/10.5479/si.GVP.VOTW4-2013","130","33"
"1211","157",Hakoneyama,"2015",Japonia,"mieszane, złożone",erupcja datowana,andezyt / andezyt bazaltowy,strefa subdukcji / skorupa kontynentalna (>25 km),Wulkan,"Global Volcanism Program, 2013. Volcanoes of the World, v. 4.11.0. Venzke, E (ed.). Smithsonian Institution. Downloaded 20 Jun 2022. https://doi.org/10.5479/si.GVP.VOTW4-2013","139","35"
"1212","184",Zaozan,"1940",Japonia,"mieszane, złożone",erupcja zaobserwowana,andezyt / andezyt bazaltowy,strefa subdukcji / skorupa kontynentalna (>25 km),Wulkan,"Global Volcanism Program, 2013. Volcanoes of the World, v. 4.11.0. Venzke, E (ed.). Smithsonian Institution. Downloaded 20 Jun 2022. https://doi.org/10.5479/si.GVP.VOTW4-2013","140","38"
"1213","190",Iwatesan,"1919",Japonia,"mieszane, złożone",erupcja zaobserwowana,bazalt / pikryt,strefa subdukcji / skorupa kontynentalna (>25 km),Wulkan,"Global Volcanism Program, 2013. Volcanoes of the World, v. 4.11.0. Venzke, E (ed.). Smithsonian Institution. Downloaded 20 Jun 2022. https://doi.org/10.5479/si.GVP.VOTW4-2013","141","40"
"1214","939",Meager,410 p.n.e.,Kanada,"mieszane, złożone",erupcja datowana,dacyt,strefa subdukcji / skorupa kontynentalna (>25 km),Wulkan,"Global Volcanism Program, 2013. Volcanoes of the World, v. 4.11.0. Venzke, E (ed.). Smithsonian Institution. Downloaded 20 Jun 2022. https://doi.org/10.5479/si.GVP.VOTW4-2013","-123","51"
"1215","955",Three Sisters,"440",Stany Zjednoczone,"mieszane, złożone",erupcja datowana,andezyt / andezyt bazaltowy,strefa subdukcji / skorupa kontynentalna (>25 km),Wulkan,"Global Volcanism Program, 2013. Volcanoes of the World, v. 4.11.0. Venzke, E (ed.). Smithsonian Institution. Downloaded 20 Jun 2022. https://doi.org/10.5479/si.GVP.VOTW4-2013","-122","44"
"1216","278",Etorofu-Yakeyama [Grozny Group],"2013",Japonia,"mieszane, złożone",erupcja zaobserwowana,andezyt / andezyt bazaltowy,strefa subdukcji / skorupa oceaniczna (< 15 km),Wulkan,"Global Volcanism Program, 2013. Volcanoes of the World, v. 4.11.0. Venzke, E (ed.). Smithsonian Institution. Downloaded 20 Jun 2022. https://doi.org/10.5479/si.GVP.VOTW4-2013","148","45"
"1217","1011","Trois Pitons, Morne","920",Dominika,"mieszane, złożone",erupcja datowana,andezyt / andezyt bazaltowy,strefa subdukcji / skorupa oceaniczna (< 15 km),Wulkan,"Global Volcanism Program, 2013. Volcanoes of the World, v. 4.11.0. Venzke, E (ed.). Smithsonian Institution. Downloaded 20 Jun 2022. https://doi.org/10.5479/si.GVP.VOTW4-2013","-61","15"
"1218","1116","Pilas, Las","1954",Nikaragua,"mieszane, złożone",erupcja zaobserwowana,andezyt / andezyt bazaltowy,strefa subdukcji / skorupa kontynentalna (>25 km),Wulkan,"Global Volcanism Program, 2013. Volcanoes of the World, v. 4.11.0. Venzke, E (ed.). Smithsonian Institution. Downloaded 20 Jun 2022. https://doi.org/10.5479/si.GVP.VOTW4-2013","-87","12"
"1219","1136",Barva,6050 p.n.e.,Kostaryka,"mieszane, złożone",erupcja datowana,andezyt / andezyt bazaltowy,strefa subdukcji / skorupa kontynentalna (>25 km),Wulkan,"Global Volcanism Program, 2013. Volcanoes of the World, v. 4.11.0. Venzke, E (ed.). Smithsonian Institution. Downloaded 20 Jun 2022. https://doi.org/10.5479/si.GVP.VOTW4-2013","-84","10"
"1220","1152",Galeras,"2014",Kolumbia,"mieszane, złożone",erupcja zaobserwowana,andezyt / andezyt bazaltowy,strefa subdukcji / skorupa kontynentalna (>25 km),Wulkan,"Global Volcanism Program, 2013. Volcanoes of the World, v. 4.11.0. Venzke, E (ed.). Smithsonian Institution. Downloaded 20 Jun 2022. https://doi.org/10.5479/si.GVP.VOTW4-2013","-77","1"
"1221","1159",Imbabura,5550 p.n.e.,Ekwador,"mieszane, złożone",erupcja datowana,andezyt / andezyt bazaltowy,strefa subdukcji / skorupa kontynentalna (>25 km),Wulkan,"Global Volcanism Program, 2013. Volcanoes of the World, v. 4.11.0. Venzke, E (ed.). Smithsonian Institution. Downloaded 20 Jun 2022. https://doi.org/10.5479/si.GVP.VOTW4-2013","-78","0"
"1222","1161",Cayambe,"1786",Ekwador,"mieszane, złożone",erupcja zaobserwowana,andezyt / andezyt bazaltowy,strefa subdukcji / skorupa kontynentalna (>25 km),Wulkan,"Global Volcanism Program, 2013. Volcanoes of the World, v. 4.11.0. Venzke, E (ed.). Smithsonian Institution. Downloaded 20 Jun 2022. https://doi.org/10.5479/si.GVP.VOTW4-2013","-78","0"
"1223","1207",Taapaca,320 p.n.e.,Chile,"mieszane, złożone",erupcja datowana,dacyt,strefa subdukcji / skorupa kontynentalna (>25 km),Wulkan,"Global Volcanism Program, 2013. Volcanoes of the World, v. 4.11.0. Venzke, E (ed.). Smithsonian Institution. Downloaded 20 Jun 2022. https://doi.org/10.5479/si.GVP.VOTW4-2013","-69","-18"
"1224","1292",Pacaya,"2018",Gwatemala,"mieszane, złożone",erupcja zaobserwowana,bazalt / pikryt,strefa subdukcji / skorupa kontynentalna (>25 km),Wulkan,"Global Volcanism Program, 2013. Volcanoes of the World, v. 4.11.0. Venzke, E (ed.). Smithsonian Institution. Downloaded 20 Jun 2022. https://doi.org/10.5479/si.GVP.VOTW4-2013","-91","14"
"1225","528",McDonald Islands,"2005",Australia,"mieszane, złożone",erupcja zaobserwowana,fonolit,strefa subdukcji / skorupa oceaniczna (< 15 km),Wulkan,"Global Volcanism Program, 2013. Volcanoes of the World, v. 4.11.0. Venzke, E (ed.). Smithsonian Institution. Downloaded 20 Jun 2022. https://doi.org/10.5479/si.GVP.VOTW4-2013","73","-53"
"1226","594",St. Andrew Strait,"1957",Papua - Nowa Gwinea,"mieszane, złożone",erupcja zaobserwowana,ryolit,strefa subdukcji / skorupa oceaniczna (< 15 km),Wulkan,"Global Volcanism Program, 2013. Volcanoes of the World, v. 4.11.0. Venzke, E (ed.). Smithsonian Institution. Downloaded 20 Jun 2022. https://doi.org/10.5479/si.GVP.VOTW4-2013","147","-2"
"1227","334",Paka,7550 p.n.e.,Kenia,tarczowy,erupcja datowana,trachit,strefa ryftowa / skorupa kontynentalna (>25 km),Wulkan,"Global Volcanism Program, 2013. Volcanoes of the World, v. 4.11.0. Venzke, E (ed.). Smithsonian Institution. Downloaded 20 Jun 2022. https://doi.org/10.5479/si.GVP.VOTW4-2013","36","1"
"1228","604",Long Island,"1993",Papua - Nowa Gwinea,"mieszane, złożone",erupcja zaobserwowana,andezyt / andezyt bazaltowy,strefa subdukcji / skorupa kontynentalna (>25 km),Wulkan,"Global Volcanism Program, 2013. Volcanoes of the World, v. 4.11.0. Venzke, E (ed.). Smithsonian Institution. Downloaded 20 Jun 2022. https://doi.org/10.5479/si.GVP.VOTW4-2013","147","-5"
"1229","608",Langila,"2018",Papua - Nowa Gwinea,"mieszane, złożone",erupcja zaobserwowana,bazalt / pikryt,strefa subdukcji / skorupa kontynentalna (>25 km),Wulkan,"Global Volcanism Program, 2013. Volcanoes of the World, v. 4.11.0. Venzke, E (ed.). Smithsonian Institution. Downloaded 20 Jun 2022. https://doi.org/10.5479/si.GVP.VOTW4-2013","148","-6"
"1230","628",Mutnovsky,"2000",Rosja,"mieszane, złożone",erupcja zaobserwowana,bazalt / pikryt,strefa subdukcji / skorupa kontynentalna (>25 km),Wulkan,"Global Volcanism Program, 2013. Volcanoes of the World, v. 4.11.0. Venzke, E (ed.). Smithsonian Institution. Downloaded 20 Jun 2022. https://doi.org/10.5479/si.GVP.VOTW4-2013","158","52"
"1231","858",Marapi,"2017",Indonezja,"mieszane, złożone",erupcja zaobserwowana,andezyt / andezyt bazaltowy,strefa subdukcji / skorupa kontynentalna (>25 km),Wulkan,"Global Volcanism Program, 2013. Volcanoes of the World, v. 4.11.0. Venzke, E (ed.). Smithsonian Institution. Downloaded 20 Jun 2022. https://doi.org/10.5479/si.GVP.VOTW4-2013","100","0"
"1232","649",Inielika,"2001",Indonezja,"mieszane, złożone",erupcja zaobserwowana,andezyt / andezyt bazaltowy,strefa subdukcji / grubość skorupy nieznana,Wulkan,"Global Volcanism Program, 2013. Volcanoes of the World, v. 4.11.0. Venzke, E (ed.). Smithsonian Institution. Downloaded 20 Jun 2022. https://doi.org/10.5479/si.GVP.VOTW4-2013","121","-9"
"1233","653",Kelimutu,"1968",Indonezja,"mieszane, złożone",erupcja zaobserwowana,andezyt / andezyt bazaltowy,strefa subdukcji / grubość skorupy nieznana,Wulkan,"Global Volcanism Program, 2013. Volcanoes of the World, v. 4.11.0. Venzke, E (ed.). Smithsonian Institution. Downloaded 20 Jun 2022. https://doi.org/10.5479/si.GVP.VOTW4-2013","122","-9"
"1234","658",Leroboleng,"2003",Indonezja,"mieszane, złożone",erupcja zaobserwowana,andezyt / andezyt bazaltowy,strefa subdukcji / grubość skorupy nieznana,Wulkan,"Global Volcanism Program, 2013. Volcanoes of the World, v. 4.11.0. Venzke, E (ed.). Smithsonian Institution. Downloaded 20 Jun 2022. https://doi.org/10.5479/si.GVP.VOTW4-2013","123","-8"
"1235","662",Iliwerung,"2013",Indonezja,"mieszane, złożone",erupcja zaobserwowana,bazalt / pikryt,strefa subdukcji / grubość skorupy nieznana,Wulkan,"Global Volcanism Program, 2013. Volcanoes of the World, v. 4.11.0. Venzke, E (ed.). Smithsonian Institution. Downloaded 20 Jun 2022. https://doi.org/10.5479/si.GVP.VOTW4-2013","124","-9"
"1236","664",Sirung,"2015",Indonezja,"mieszane, złożone",erupcja zaobserwowana,andezyt / andezyt bazaltowy,strefa subdukcji / grubość skorupy nieznana,Wulkan,"Global Volcanism Program, 2013. Volcanoes of the World, v. 4.11.0. Venzke, E (ed.). Smithsonian Institution. Downloaded 20 Jun 2022. https://doi.org/10.5479/si.GVP.VOTW4-2013","124","-9"
"1237","721",Biliran,"1939",Filipiny,"mieszane, złożone",erupcja zaobserwowana,andezyt / andezyt bazaltowy,strefa subdukcji / skorupa kontynentalna (>25 km),Wulkan,"Global Volcanism Program, 2013. Volcanoes of the World, v. 4.11.0. Venzke, E (ed.). Smithsonian Institution. Downloaded 20 Jun 2022. https://doi.org/10.5479/si.GVP.VOTW4-2013","125","12"
"1238","741",Zhupanovsky,"2016",Rosja,"mieszane, złożone",erupcja zaobserwowana,andezyt / andezyt bazaltowy,strefa subdukcji / skorupa kontynentalna (>25 km),Wulkan,"Global Volcanism Program, 2013. Volcanoes of the World, v. 4.11.0. Venzke, E (ed.). Smithsonian Institution. Downloaded 20 Jun 2022. https://doi.org/10.5479/si.GVP.VOTW4-2013","159","54"
"1239","757",Gamchen,550 p.n.e.,Rosja,"mieszane, złożone",erupcja datowana,bazalt / pikryt,strefa subdukcji / skorupa kontynentalna (>25 km),Wulkan,"Global Volcanism Program, 2013. Volcanoes of the World, v. 4.11.0. Venzke, E (ed.). Smithsonian Institution. Downloaded 20 Jun 2022. https://doi.org/10.5479/si.GVP.VOTW4-2013","161","55"
"1240","1346",Falso Azufre,brak danych,Chile - Argentyna,"mieszane, złożone",brak dowodów na wybuch,"-",strefa subdukcji / skorupa kontynentalna (>25 km),Wulkan,"Global Volcanism Program, 2013. Volcanoes of the World, v. 4.11.0. Venzke, E (ed.). Smithsonian Institution. Downloaded 20 Jun 2022. https://doi.org/10.5479/si.GVP.VOTW4-2013","-68","-27"
"1241","527",Asacha,brak danych,Rosja,"mieszane, złożone",nieznana data wybuchu,bazalt / pikryt,strefa subdukcji / skorupa kontynentalna (>25 km),Wulkan,"Global Volcanism Program, 2013. Volcanoes of the World, v. 4.11.0. Venzke, E (ed.). Smithsonian Institution. Downloaded 20 Jun 2022. https://doi.org/10.5479/si.GVP.VOTW4-2013","158","52"
"1242","339",Homa Mountain,brak danych,Kenia,"mieszane, złożone",nieznana data wybuchu,foidyt,strefa ryftowa / skorupa kontynentalna (>25 km),Wulkan,"Global Volcanism Program, 2013. Volcanoes of the World, v. 4.11.0. Venzke, E (ed.). Smithsonian Institution. Downloaded 20 Jun 2022. https://doi.org/10.5479/si.GVP.VOTW4-2013","35","0"
"1243","81",Yangudi,brak danych,Etiopia,"mieszane, złożone",nieznana data wybuchu,ryolit,strefa ryftowa / skorupa pośrednia (15-25 km),Wulkan,"Global Volcanism Program, 2013. Volcanoes of the World, v. 4.11.0. Venzke, E (ed.). Smithsonian Institution. Downloaded 20 Jun 2022. https://doi.org/10.5479/si.GVP.VOTW4-2013","41","11"
"1244","341","Eburru, Ol Doinyo",brak danych,Kenia,"mieszane, złożone",nieznana data wybuchu,ryolit,strefa ryftowa / skorupa kontynentalna (>25 km),Wulkan,"Global Volcanism Program, 2013. Volcanoes of the World, v. 4.11.0. Venzke, E (ed.). Smithsonian Institution. Downloaded 20 Jun 2022. https://doi.org/10.5479/si.GVP.VOTW4-2013","36","-1"
"1245","605",Umboi,brak danych,Papua - Nowa Gwinea,"mieszane, złożone",nieznana data wybuchu,bazalt / pikryt,strefa subdukcji / skorupa kontynentalna (>25 km),Wulkan,"Global Volcanism Program, 2013. Volcanoes of the World, v. 4.11.0. Venzke, E (ed.). Smithsonian Institution. Downloaded 20 Jun 2022. https://doi.org/10.5479/si.GVP.VOTW4-2013","148","-6"
"1246","609",Mundua,brak danych,Papua - Nowa Gwinea,"mieszane, złożone",nieznana data wybuchu,bazalt / pikryt,strefa subdukcji / skorupa kontynentalna (>25 km),Wulkan,"Global Volcanism Program, 2013. Volcanoes of the World, v. 4.11.0. Venzke, E (ed.). Smithsonian Institution. Downloaded 20 Jun 2022. https://doi.org/10.5479/si.GVP.VOTW4-2013","149","-5"
"1247","636",Iyang-Argapura,brak danych,Indonezja,"mieszane, złożone",nieznana data wybuchu,andezyt / andezyt bazaltowy,strefa subdukcji / skorupa kontynentalna (>25 km),Wulkan,"Global Volcanism Program, 2013. Volcanoes of the World, v. 4.11.0. Venzke, E (ed.). Smithsonian Institution. Downloaded 20 Jun 2022. https://doi.org/10.5479/si.GVP.VOTW4-2013","114","-8"
"1248","729",Banahaw,brak danych,Filipiny,"mieszane, złożone",nieznana data wybuchu,andezyt / andezyt bazaltowy,strefa subdukcji / skorupa kontynentalna (>25 km),Wulkan,"Global Volcanism Program, 2013. Volcanoes of the World, v. 4.11.0. Venzke, E (ed.). Smithsonian Institution. Downloaded 20 Jun 2022. https://doi.org/10.5479/si.GVP.VOTW4-2013","121","14"
"1249","739",Dzenzursky,brak danych,Rosja,"mieszane, złożone",nieznana data wybuchu,andezyt / andezyt bazaltowy,strefa subdukcji / skorupa kontynentalna (>25 km),Wulkan,"Global Volcanism Program, 2013. Volcanoes of the World, v. 4.11.0. Venzke, E (ed.). Smithsonian Institution. Downloaded 20 Jun 2022. https://doi.org/10.5479/si.GVP.VOTW4-2013","159","54"
"1250","810",Lihir,brak danych,Papua - Nowa Gwinea,"mieszane, złożone",nieznana data wybuchu,tefryt / trachybazalt,strefa subdukcji / grubość skorupy nieznana,Wulkan,"Global Volcanism Program, 2013. Volcanoes of the World, v. 4.11.0. Venzke, E (ed.). Smithsonian Institution. Downloaded 20 Jun 2022. https://doi.org/10.5479/si.GVP.VOTW4-2013","153","-3"
"1251","816",Takuan Group,brak danych,Papua - Nowa Gwinea,"mieszane, złożone",nieznana data wybuchu,andezyt / andezyt bazaltowy,strefa subdukcji / grubość skorupy nieznana,Wulkan,"Global Volcanism Program, 2013. Volcanoes of the World, v. 4.11.0. Venzke, E (ed.). Smithsonian Institution. Downloaded 20 Jun 2022. https://doi.org/10.5479/si.GVP.VOTW4-2013","156","-6"
"1252","856",Talakmau,brak danych,Indonezja,"mieszane, złożone",nieznana data wybuchu,andezyt / andezyt bazaltowy,strefa subdukcji / skorupa kontynentalna (>25 km),Wulkan,"Global Volcanism Program, 2013. Volcanoes of the World, v. 4.11.0. Venzke, E (ed.). Smithsonian Institution. Downloaded 20 Jun 2022. https://doi.org/10.5479/si.GVP.VOTW4-2013","100","0"
"1253","1343",Cordon del Azufre,brak danych,Chile - Argentyna,"mieszane, złożone",nieznana data wybuchu,andezyt / andezyt bazaltowy,strefa subdukcji / skorupa kontynentalna (>25 km),Wulkan,"Global Volcanism Program, 2013. Volcanoes of the World, v. 4.11.0. Venzke, E (ed.). Smithsonian Institution. Downloaded 20 Jun 2022. https://doi.org/10.5479/si.GVP.VOTW4-2013","-69","-25"
"1254","1344","Bayo Gorbea, Cerro",brak danych,Chile - Argentyna,"mieszane, złożone",nieznana data wybuchu,andezyt / andezyt bazaltowy,strefa subdukcji / skorupa kontynentalna (>25 km),Wulkan,"Global Volcanism Program, 2013. Volcanoes of the World, v. 4.11.0. Venzke, E (ed.). Smithsonian Institution. Downloaded 20 Jun 2022. https://doi.org/10.5479/si.GVP.VOTW4-2013","-69","-25"
"1255","1345","Nevada, Sierra",brak danych,Chile - Argentyna,"mieszane, złożone",nieznana data wybuchu,"-",strefa subdukcji / skorupa kontynentalna (>25 km),Wulkan,"Global Volcanism Program, 2013. Volcanoes of the World, v. 4.11.0. Venzke, E (ed.). Smithsonian Institution. Downloaded 20 Jun 2022. https://doi.org/10.5479/si.GVP.VOTW4-2013","-69","-26"
"1256","1357",Tipas,brak danych,Argentyna,"mieszane, złożone",nieznana data wybuchu,"-",strefa subdukcji / skorupa kontynentalna (>25 km),Wulkan,"Global Volcanism Program, 2013. Volcanoes of the World, v. 4.11.0. Venzke, E (ed.). Smithsonian Institution. Downloaded 20 Jun 2022. https://doi.org/10.5479/si.GVP.VOTW4-2013","-69","-27"
"1257","1025",Reykjanes,"1926",Islandia,"mieszane, złożone",erupcja zaobserwowana,bazalt / pikryt,strefa ryftowa / skorupa oceaniczna (< 15 km),Wulkan,"Global Volcanism Program, 2013. Volcanoes of the World, v. 4.11.0. Venzke, E (ed.). Smithsonian Institution. Downloaded 20 Jun 2022. https://doi.org/10.5479/si.GVP.VOTW4-2013","-23","64"
"1258","1026",Krysuvik,"1340",Islandia,"mieszane, złożone",erupcja zaobserwowana,bazalt / pikryt,strefa ryftowa / skorupa oceaniczna (< 15 km),Wulkan,"Global Volcanism Program, 2013. Volcanoes of the World, v. 4.11.0. Venzke, E (ed.). Smithsonian Institution. Downloaded 20 Jun 2022. https://doi.org/10.5479/si.GVP.VOTW4-2013","-22","64"
"1259","1027",Brennisteinsfjoll,"1341",Islandia,"mieszane, złożone",erupcja zaobserwowana,bazalt / pikryt,strefa ryftowa / skorupa oceaniczna (< 15 km),Wulkan,"Global Volcanism Program, 2013. Volcanoes of the World, v. 4.11.0. Venzke, E (ed.). Smithsonian Institution. Downloaded 20 Jun 2022. https://doi.org/10.5479/si.GVP.VOTW4-2013","-22","64"
"1260","1028",Hengill,"150",Islandia,"mieszane, złożone",erupcja datowana,bazalt / pikryt,strefa ryftowa / skorupa oceaniczna (< 15 km),Wulkan,"Global Volcanism Program, 2013. Volcanoes of the World, v. 4.11.0. Venzke, E (ed.). Smithsonian Institution. Downloaded 20 Jun 2022. https://doi.org/10.5479/si.GVP.VOTW4-2013","-21","64"
"1261","1030",Grimsnes,3500 p.n.e.,Islandia,"mieszane, złożone",erupcja datowana,bazalt / pikryt,strefa ryftowa / skorupa oceaniczna (< 15 km),Wulkan,"Global Volcanism Program, 2013. Volcanoes of the World, v. 4.11.0. Venzke, E (ed.). Smithsonian Institution. Downloaded 20 Jun 2022. https://doi.org/10.5479/si.GVP.VOTW4-2013","-21","64"
"1262","113",Ambalatungan Group,brak danych,Filipiny,"mieszane, złożone",holocen,dacyt,strefa subdukcji / skorupa kontynentalna (>25 km),Wulkan,"Global Volcanism Program, 2013. Volcanoes of the World, v. 4.11.0. Venzke, E (ed.). Smithsonian Institution. Downloaded 20 Jun 2022. https://doi.org/10.5479/si.GVP.VOTW4-2013","121","17"
"1263","267",Tenchozan,brak danych,Japonia,"mieszane, złożone",erupcja datowana,"-","-",Wulkan,"Global Volcanism Program, 2013. Volcanoes of the World, v. 4.11.0. Venzke, E (ed.). Smithsonian Institution. Downloaded 20 Jun 2022. https://doi.org/10.5479/si.GVP.VOTW4-2013","145","44"
"1264","715",Cuernos de Negros,brak danych,Filipiny,"mieszane, złożone",holocen,andezyt / andezyt bazaltowy,strefa subdukcji / skorupa kontynentalna (>25 km),Wulkan,"Global Volcanism Program, 2013. Volcanoes of the World, v. 4.11.0. Venzke, E (ed.). Smithsonian Institution. Downloaded 20 Jun 2022. https://doi.org/10.5479/si.GVP.VOTW4-2013","123","9"
"1265","717",Mandalagan,brak danych,Filipiny,"mieszane, złożone",holocen,andezyt / andezyt bazaltowy,strefa subdukcji / skorupa kontynentalna (>25 km),Wulkan,"Global Volcanism Program, 2013. Volcanoes of the World, v. 4.11.0. Venzke, E (ed.). Smithsonian Institution. Downloaded 20 Jun 2022. https://doi.org/10.5479/si.GVP.VOTW4-2013","123","11"
"1266","723",Pocdol Mountains,brak danych,Filipiny,"mieszane, złożone",holocen,andezyt / andezyt bazaltowy,strefa subdukcji / skorupa kontynentalna (>25 km),Wulkan,"Global Volcanism Program, 2013. Volcanoes of the World, v. 4.11.0. Venzke, E (ed.). Smithsonian Institution. Downloaded 20 Jun 2022. https://doi.org/10.5479/si.GVP.VOTW4-2013","124","13"
"1267","863",Hululais,brak danych,Indonezja,"mieszane, złożone",holocen,bazalt / pikryt,strefa subdukcji / skorupa kontynentalna (>25 km),Wulkan,"Global Volcanism Program, 2013. Volcanoes of the World, v. 4.11.0. Venzke, E (ed.). Smithsonian Institution. Downloaded 20 Jun 2022. https://doi.org/10.5479/si.GVP.VOTW4-2013","102","-3"
"1268","1277",Cofre de Perote,"1150",Meksyk,tarczowy,erupcja datowana,andezyt / andezyt bazaltowy,strefa subdukcji / skorupa kontynentalna (>25 km),Wulkan,"Global Volcanism Program, 2013. Volcanoes of the World, v. 4.11.0. Venzke, E (ed.). Smithsonian Institution. Downloaded 20 Jun 2022. https://doi.org/10.5479/si.GVP.VOTW4-2013","-97","19"
"1269","1281",San Martin,"1796",Meksyk,tarczowy,erupcja zaobserwowana,tefryt / trachybazalt,strefa subdukcji / skorupa kontynentalna (>25 km),Wulkan,"Global Volcanism Program, 2013. Volcanoes of the World, v. 4.11.0. Venzke, E (ed.). Smithsonian Institution. Downloaded 20 Jun 2022. https://doi.org/10.5479/si.GVP.VOTW4-2013","-95","19"
"1270","18",Pantelleria,"1891",Włochy,tarczowy,erupcja zaobserwowana,ryolit,strefa ryftowa / skorupa kontynentalna (>25 km),Wulkan,"Global Volcanism Program, 2013. Volcanoes of the World, v. 4.11.0. Venzke, E (ed.). Smithsonian Institution. Downloaded 20 Jun 2022. https://doi.org/10.5479/si.GVP.VOTW4-2013","12","37"
"1271","22",Santorini,"1950",Grecja,tarczowy,erupcja zaobserwowana,dacyt,strefa subdukcji / skorupa kontynentalna (>25 km),Wulkan,"Global Volcanism Program, 2013. Volcanoes of the World, v. 4.11.0. Venzke, E (ed.). Smithsonian Institution. Downloaded 20 Jun 2022. https://doi.org/10.5479/si.GVP.VOTW4-2013","25","36"
"1272","44",Zubair Group,"2013",Jemen,tarczowy,erupcja zaobserwowana,bazalt / pikryt,strefa ryftowa / skorupa oceaniczna (< 15 km),Wulkan,"Global Volcanism Program, 2013. Volcanoes of the World, v. 4.11.0. Venzke, E (ed.). Smithsonian Institution. Downloaded 20 Jun 2022. https://doi.org/10.5479/si.GVP.VOTW4-2013","42","15"
"1273","54",Erta Ale,"2018",Etiopia,tarczowy,erupcja zaobserwowana,bazalt / pikryt,strefa ryftowa / skorupa pośrednia (15-25 km),Wulkan,"Global Volcanism Program, 2013. Volcanoes of the World, v. 4.11.0. Venzke, E (ed.). Smithsonian Institution. Downloaded 20 Jun 2022. https://doi.org/10.5479/si.GVP.VOTW4-2013","41","14"
"1274","67",Alayta,"1915",Etiopia,tarczowy,erupcja zaobserwowana,bazalt / pikryt,strefa ryftowa / skorupa pośrednia (15-25 km),Wulkan,"Global Volcanism Program, 2013. Volcanoes of the World, v. 4.11.0. Venzke, E (ed.). Smithsonian Institution. Downloaded 20 Jun 2022. https://doi.org/10.5479/si.GVP.VOTW4-2013","41","13"
"1275","79",Dama Ali,"1631",Etiopia,tarczowy,erupcja zaobserwowana,bazalt / pikryt,strefa ryftowa / skorupa pośrednia (15-25 km),Wulkan,"Global Volcanism Program, 2013. Volcanoes of the World, v. 4.11.0. Venzke, E (ed.). Smithsonian Institution. Downloaded 20 Jun 2022. https://doi.org/10.5479/si.GVP.VOTW4-2013","42","11"
"1276","431",Severny,1550 p.n.e.,Rosja,tarczowy,erupcja datowana,bazalt / pikryt,strefa subdukcji / skorupa kontynentalna (>25 km),Wulkan,"Global Volcanism Program, 2013. Volcanoes of the World, v. 4.11.0. Venzke, E (ed.). Smithsonian Institution. Downloaded 20 Jun 2022. https://doi.org/10.5479/si.GVP.VOTW4-2013","161","58"
"1277","338",Menengai,6050 p.n.e.,Kenia,tarczowy,erupcja datowana,trachit,strefa ryftowa / skorupa kontynentalna (>25 km),Wulkan,"Global Volcanism Program, 2013. Volcanoes of the World, v. 4.11.0. Venzke, E (ed.). Smithsonian Institution. Downloaded 20 Jun 2022. https://doi.org/10.5479/si.GVP.VOTW4-2013","36","0"
"1278","761",Tolbachik,"2013",Rosja,tarczowy,erupcja zaobserwowana,bazalt / pikryt,strefa subdukcji / skorupa kontynentalna (>25 km),Wulkan,"Global Volcanism Program, 2013. Volcanoes of the World, v. 4.11.0. Venzke, E (ed.). Smithsonian Institution. Downloaded 20 Jun 2022. https://doi.org/10.5479/si.GVP.VOTW4-2013","160","56"
"1279","780",Bolshoi-Kekuknaysky,5310 p.n.e.,Rosja,tarczowy,erupcja datowana,bazalt / pikryt,strefa subdukcji / skorupa kontynentalna (>25 km),Wulkan,"Global Volcanism Program, 2013. Volcanoes of the World, v. 4.11.0. Venzke, E (ed.). Smithsonian Institution. Downloaded 20 Jun 2022. https://doi.org/10.5479/si.GVP.VOTW4-2013","158","56"
"1280","796",Terpuk,800 p.n.e.,Rosja,tarczowy,erupcja datowana,bazalt / pikryt,strefa subdukcji / skorupa kontynentalna (>25 km),Wulkan,"Global Volcanism Program, 2013. Volcanoes of the World, v. 4.11.0. Venzke, E (ed.). Smithsonian Institution. Downloaded 20 Jun 2022. https://doi.org/10.5479/si.GVP.VOTW4-2013","160","57"
"1281","797",Sedankinsky,7050 p.n.e.,Rosja,tarczowy,erupcja datowana,bazalt / pikryt,strefa subdukcji / skorupa kontynentalna (>25 km),Wulkan,"Global Volcanism Program, 2013. Volcanoes of the World, v. 4.11.0. Venzke, E (ed.). Smithsonian Institution. Downloaded 20 Jun 2022. https://doi.org/10.5479/si.GVP.VOTW4-2013","160","57"
"1282","803",Titila,550 p.n.e.,Rosja,tarczowy,erupcja datowana,bazalt / pikryt,strefa subdukcji / skorupa kontynentalna (>25 km),Wulkan,"Global Volcanism Program, 2013. Volcanoes of the World, v. 4.11.0. Venzke, E (ed.). Smithsonian Institution. Downloaded 20 Jun 2022. https://doi.org/10.5479/si.GVP.VOTW4-2013","160","57"
"1283","806",Elovsky,7550 p.n.e.,Rosja,tarczowy,erupcja datowana,bazalt / pikryt,strefa subdukcji / skorupa kontynentalna (>25 km),Wulkan,"Global Volcanism Program, 2013. Volcanoes of the World, v. 4.11.0. Venzke, E (ed.). Smithsonian Institution. Downloaded 20 Jun 2022. https://doi.org/10.5479/si.GVP.VOTW4-2013","161","58"
"1284","843",Newer Volcanics Province,2900 p.n.e.,Australia,tarczowy,erupcja datowana,tefryt / trachybazalt,strefa subdukcji / skorupa kontynentalna (>25 km),Wulkan,"Global Volcanism Program, 2013. Volcanoes of the World, v. 4.11.0. Venzke, E (ed.). Smithsonian Institution. Downloaded 20 Jun 2022. https://doi.org/10.5479/si.GVP.VOTW4-2013","143","-38"
"1285","175",Nikko-Shiranesan,"1952",Japonia,tarczowy,erupcja zaobserwowana,andezyt / andezyt bazaltowy,strefa subdukcji / skorupa kontynentalna (>25 km),Wulkan,"Global Volcanism Program, 2013. Volcanoes of the World, v. 4.11.0. Venzke, E (ed.). Smithsonian Institution. Downloaded 20 Jun 2022. https://doi.org/10.5479/si.GVP.VOTW4-2013","139","37"
"1286","180",Numazawa,3400 p.n.e.,Japonia,tarczowy,erupcja datowana,dacyt,strefa subdukcji / skorupa kontynentalna (>25 km),Wulkan,"Global Volcanism Program, 2013. Volcanoes of the World, v. 4.11.0. Venzke, E (ed.). Smithsonian Institution. Downloaded 20 Jun 2022. https://doi.org/10.5479/si.GVP.VOTW4-2013","140","37"
"1287","147",Kirishimayama,"2018",Japonia,tarczowy,erupcja zaobserwowana,andezyt / andezyt bazaltowy,strefa subdukcji / skorupa kontynentalna (>25 km),Wulkan,"Global Volcanism Program, 2013. Volcanoes of the World, v. 4.11.0. Venzke, E (ed.). Smithsonian Institution. Downloaded 20 Jun 2022. https://doi.org/10.5479/si.GVP.VOTW4-2013","131","32"
"1288","148",Fukue,400 p.n.e.,Japonia,tarczowy,erupcja datowana,bazalt / pikryt,strefa subdukcji / skorupa kontynentalna (>25 km),Wulkan,"Global Volcanism Program, 2013. Volcanoes of the World, v. 4.11.0. Venzke, E (ed.). Smithsonian Institution. Downloaded 20 Jun 2022. https://doi.org/10.5479/si.GVP.VOTW4-2013","129","33"
"1289","911",St. Paul Island,1280 p.n.e.,Stany Zjednoczone,tarczowy,erupcja datowana,tefryt / trachybazalt,strefa subdukcji / skorupa kontynentalna (>25 km),Wulkan,"Global Volcanism Program, 2013. Volcanoes of the World, v. 4.11.0. Venzke, E (ed.). Smithsonian Institution. Downloaded 20 Jun 2022. https://doi.org/10.5479/si.GVP.VOTW4-2013","-170","57"
"1290","914",Imuruk Lake,"300",Stany Zjednoczone,tarczowy,erupcja datowana,bazalt / pikryt,strefa subdukcji / skorupa kontynentalna (>25 km),Wulkan,"Global Volcanism Program, 2013. Volcanoes of the World, v. 4.11.0. Venzke, E (ed.). Smithsonian Institution. Downloaded 20 Jun 2022. https://doi.org/10.5479/si.GVP.VOTW4-2013","-163","66"
"1291","153",Abu,6850 p.n.e.,Japonia,tarczowy,erupcja datowana,andezyt / andezyt bazaltowy,strefa subdukcji / skorupa kontynentalna (>25 km),Wulkan,"Global Volcanism Program, 2013. Volcanoes of the World, v. 4.11.0. Venzke, E (ed.). Smithsonian Institution. Downloaded 20 Jun 2022. https://doi.org/10.5479/si.GVP.VOTW4-2013","132","35"
"1292","916",Wrangell,"1912",Stany Zjednoczone,tarczowy,erupcja zaobserwowana,andezyt / andezyt bazaltowy,strefa subdukcji / skorupa kontynentalna (>25 km),Wulkan,"Global Volcanism Program, 2013. Volcanoes of the World, v. 4.11.0. Venzke, E (ed.). Smithsonian Institution. Downloaded 20 Jun 2022. https://doi.org/10.5479/si.GVP.VOTW4-2013","-144","62"
"1293","949",Indian Heaven,6250 p.n.e.,Stany Zjednoczone,tarczowy,erupcja datowana,bazalt / pikryt,strefa subdukcji / skorupa kontynentalna (>25 km),Wulkan,"Global Volcanism Program, 2013. Volcanoes of the World, v. 4.11.0. Venzke, E (ed.). Smithsonian Institution. Downloaded 20 Jun 2022. https://doi.org/10.5479/si.GVP.VOTW4-2013","-122","46"
"1294","332",Emuruangogolak,"1910",Kenia,tarczowy,erupcja datowana,trachit,strefa ryftowa / skorupa kontynentalna (>25 km),Wulkan,"Global Volcanism Program, 2013. Volcanoes of the World, v. 4.11.0. Venzke, E (ed.). Smithsonian Institution. Downloaded 20 Jun 2022. https://doi.org/10.5479/si.GVP.VOTW4-2013","36","2"
"1295","954",Belknap,"480",Stany Zjednoczone,tarczowy,erupcja datowana,andezyt / andezyt bazaltowy,strefa subdukcji / skorupa kontynentalna (>25 km),Wulkan,"Global Volcanism Program, 2013. Volcanoes of the World, v. 4.11.0. Venzke, E (ed.). Smithsonian Institution. Downloaded 20 Jun 2022. https://doi.org/10.5479/si.GVP.VOTW4-2013","-122","44"
"1296","958",Newberry,"690",Stany Zjednoczone,tarczowy,erupcja datowana,andezyt / andezyt bazaltowy,strefa subdukcji / skorupa kontynentalna (>25 km),Wulkan,"Global Volcanism Program, 2013. Volcanoes of the World, v. 4.11.0. Venzke, E (ed.). Smithsonian Institution. Downloaded 20 Jun 2022. https://doi.org/10.5479/si.GVP.VOTW4-2013","-121","44"
"1297","965",Medicine Lake,"1060",Stany Zjednoczone,tarczowy,erupcja datowana,bazalt / pikryt,strefa subdukcji / skorupa kontynentalna (>25 km),Wulkan,"Global Volcanism Program, 2013. Volcanoes of the World, v. 4.11.0. Venzke, E (ed.). Smithsonian Institution. Downloaded 20 Jun 2022. https://doi.org/10.5479/si.GVP.VOTW4-2013","-122","42"
"1298","975",Black Butte Crater Lava Field,8400 p.n.e.,Stany Zjednoczone,tarczowy,erupcja datowana,bazalt / pikryt,strefa ryftowa / skorupa kontynentalna (>25 km),Wulkan,"Global Volcanism Program, 2013. Volcanoes of the World, v. 4.11.0. Venzke, E (ed.). Smithsonian Institution. Downloaded 20 Jun 2022. https://doi.org/10.5479/si.GVP.VOTW4-2013","-114","43"
"1299","538",Mayor Island,5060 p.n.e.,Nowa Zelandia,tarczowy,erupcja datowana,ryolit,strefa subdukcji / skorupa kontynentalna (>25 km),Wulkan,"Global Volcanism Program, 2013. Volcanoes of the World, v. 4.11.0. Venzke, E (ed.). Smithsonian Institution. Downloaded 20 Jun 2022. https://doi.org/10.5479/si.GVP.VOTW4-2013","176","-37"
"1300","977",Wapi Lava Field,300 p.n.e.,Stany Zjednoczone,tarczowy,erupcja datowana,bazalt / pikryt,strefa ryftowa / skorupa kontynentalna (>25 km),Wulkan,"Global Volcanism Program, 2013. Volcanoes of the World, v. 4.11.0. Venzke, E (ed.). Smithsonian Institution. Downloaded 20 Jun 2022. https://doi.org/10.5479/si.GVP.VOTW4-2013","-113","43"
"1301","978",Hell's Half Acre,3250 p.n.e.,Stany Zjednoczone,tarczowy,erupcja datowana,bazalt / pikryt,strefa ryftowa / skorupa kontynentalna (>25 km),Wulkan,"Global Volcanism Program, 2013. Volcanoes of the World, v. 4.11.0. Venzke, E (ed.). Smithsonian Institution. Downloaded 20 Jun 2022. https://doi.org/10.5479/si.GVP.VOTW4-2013","-112","44"
"1302","1000",Kilauea,"2021",Stany Zjednoczone,tarczowy,erupcja zaobserwowana,bazalt / pikryt,strefa subdukcji / skorupa oceaniczna (< 15 km),Wulkan,"Global Volcanism Program, 2013. Volcanoes of the World, v. 4.11.0. Venzke, E (ed.). Smithsonian Institution. Downloaded 20 Jun 2022. https://doi.org/10.5479/si.GVP.VOTW4-2013","-155","19"
"1303","357",Nyamuragira,"2018",Demokratyczna Republika Konga,tarczowy,erupcja zaobserwowana,tefryt / trachybazalt,strefa ryftowa / skorupa kontynentalna (>25 km),Wulkan,"Global Volcanism Program, 2013. Volcanoes of the World, v. 4.11.0. Venzke, E (ed.). Smithsonian Institution. Downloaded 20 Jun 2022. https://doi.org/10.5479/si.GVP.VOTW4-2013","29","-1"
"1304","1015",Mauna Loa,"1984",Stany Zjednoczone,tarczowy,erupcja zaobserwowana,bazalt / pikryt,strefa subdukcji / skorupa oceaniczna (< 15 km),Wulkan,"Global Volcanism Program, 2013. Volcanoes of the World, v. 4.11.0. Venzke, E (ed.). Smithsonian Institution. Downloaded 20 Jun 2022. https://doi.org/10.5479/si.GVP.VOTW4-2013","-156","19"
"1305","1048",Theistareykir,900 p.n.e.,Islandia,tarczowy,erupcja datowana,bazalt / pikryt,strefa ryftowa / skorupa oceaniczna (< 15 km),Wulkan,"Global Volcanism Program, 2013. Volcanoes of the World, v. 4.11.0. Venzke, E (ed.). Smithsonian Institution. Downloaded 20 Jun 2022. https://doi.org/10.5479/si.GVP.VOTW4-2013","-17","66"
"1306","329","Barrier, The","1921",Kenia,tarczowy,erupcja zaobserwowana,trachit,strefa ryftowa / skorupa kontynentalna (>25 km),Wulkan,"Global Volcanism Program, 2013. Volcanoes of the World, v. 4.11.0. Venzke, E (ed.). Smithsonian Institution. Downloaded 20 Jun 2022. https://doi.org/10.5479/si.GVP.VOTW4-2013","37","2"
"1307","330",Namarunu,6550 p.n.e.,Kenia,tarczowy,erupcja datowana,bazalt / pikryt,strefa ryftowa / skorupa kontynentalna (>25 km),Wulkan,"Global Volcanism Program, 2013. Volcanoes of the World, v. 4.11.0. Venzke, E (ed.). Smithsonian Institution. Downloaded 20 Jun 2022. https://doi.org/10.5479/si.GVP.VOTW4-2013","36","2"
"1308","333",Silali,5050 p.n.e.,Kenia,tarczowy,erupcja datowana,trachit,strefa ryftowa / skorupa kontynentalna (>25 km),Wulkan,"Global Volcanism Program, 2013. Volcanoes of the World, v. 4.11.0. Venzke, E (ed.). Smithsonian Institution. Downloaded 20 Jun 2022. https://doi.org/10.5479/si.GVP.VOTW4-2013","36","1"
"1309","1068",Madeira,4500 p.n.e.,Portugalia,tarczowy,erupcja datowana,bazalt / pikryt,strefa subdukcji / skorupa oceaniczna (< 15 km),Wulkan,"Global Volcanism Program, 2013. Volcanoes of the World, v. 4.11.0. Venzke, E (ed.). Smithsonian Institution. Downloaded 20 Jun 2022. https://doi.org/10.5479/si.GVP.VOTW4-2013","-17","33"
"1310","1070",Hierro,"2012",Hiszpania,tarczowy,erupcja zaobserwowana,tefryt / trachybazalt,strefa subdukcji / skorupa oceaniczna (< 15 km),Wulkan,"Global Volcanism Program, 2013. Volcanoes of the World, v. 4.11.0. Venzke, E (ed.). Smithsonian Institution. Downloaded 20 Jun 2022. https://doi.org/10.5479/si.GVP.VOTW4-2013","-18","28"
"1311","366",Santa Isabel,"1923",Gwinea Równikowa,tarczowy,erupcja zaobserwowana,bazalt / pikryt,strefa subdukcji / skorupa kontynentalna (>25 km),Wulkan,"Global Volcanism Program, 2013. Volcanoes of the World, v. 4.11.0. Venzke, E (ed.). Smithsonian Institution. Downloaded 20 Jun 2022. https://doi.org/10.5479/si.GVP.VOTW4-2013","9","4"
"1312","1080",Tristan da Cunha,"1962",Wielka Brytania,tarczowy,erupcja zaobserwowana,tefryt / trachybazalt,strefa ryftowa / skorupa oceaniczna (< 15 km),Wulkan,"Global Volcanism Program, 2013. Volcanoes of the World, v. 4.11.0. Venzke, E (ed.). Smithsonian Institution. Downloaded 20 Jun 2022. https://doi.org/10.5479/si.GVP.VOTW4-2013","-12","-37"
"1313","1082",Bouvet,50 p.n.e.,Norwegia,tarczowy,erupcja datowana,bazalt / pikryt,strefa ryftowa / skorupa oceaniczna (< 15 km),Wulkan,"Global Volcanism Program, 2013. Volcanoes of the World, v. 4.11.0. Venzke, E (ed.). Smithsonian Institution. Downloaded 20 Jun 2022. https://doi.org/10.5479/si.GVP.VOTW4-2013","3","-54"
"1314","1092",Berlin,8350 p.n.e.,Antarktyda,tarczowy,erupcja datowana,trachit,strefa subdukcji / skorupa kontynentalna (>25 km),Wulkan,"Global Volcanism Program, 2013. Volcanoes of the World, v. 4.11.0. Venzke, E (ed.). Smithsonian Institution. Downloaded 20 Jun 2022. https://doi.org/10.5479/si.GVP.VOTW4-2013","-136","-76"
"1315","1097",Takahe,5550 p.n.e.,Antarktyda,tarczowy,erupcja datowana,trachit,strefa subdukcji / skorupa kontynentalna (>25 km),Wulkan,"Global Volcanism Program, 2013. Volcanoes of the World, v. 4.11.0. Venzke, E (ed.). Smithsonian Institution. Downloaded 20 Jun 2022. https://doi.org/10.5479/si.GVP.VOTW4-2013","-112","-76"
"1316","1187",Santiago,"1906",Ekwador,tarczowy,erupcja zaobserwowana,bazalt / pikryt,strefa ryftowa / skorupa oceaniczna (< 15 km),Wulkan,"Global Volcanism Program, 2013. Volcanoes of the World, v. 4.11.0. Venzke, E (ed.). Smithsonian Institution. Downloaded 20 Jun 2022. https://doi.org/10.5479/si.GVP.VOTW4-2013","-91","0"
"1317","408",Mayotte Island,2050 p.n.e.,Francja,tarczowy,erupcja datowana,bazalt / pikryt,strefa subdukcji / skorupa oceaniczna (< 15 km),Wulkan,"Global Volcanism Program, 2013. Volcanoes of the World, v. 4.11.0. Venzke, E (ed.). Smithsonian Institution. Downloaded 20 Jun 2022. https://doi.org/10.5479/si.GVP.VOTW4-2013","45","-13"
"1318","409",Karthala,"2007",Komory,tarczowy,erupcja zaobserwowana,bazalt / pikryt,strefa subdukcji / skorupa oceaniczna (< 15 km),Wulkan,"Global Volcanism Program, 2013. Volcanoes of the World, v. 4.11.0. Venzke, E (ed.). Smithsonian Institution. Downloaded 20 Jun 2022. https://doi.org/10.5479/si.GVP.VOTW4-2013","43","-12"
"1319","415","Fournaise, Piton de la","2018",Francja,tarczowy,erupcja zaobserwowana,bazalt / pikryt,strefa subdukcji / skorupa oceaniczna (< 15 km),Wulkan,"Global Volcanism Program, 2013. Volcanoes of the World, v. 4.11.0. Venzke, E (ed.). Smithsonian Institution. Downloaded 20 Jun 2022. https://doi.org/10.5479/si.GVP.VOTW4-2013","56","-21"
"1320","1107",Montagu Island,"2007",Wielka Brytania,tarczowy,erupcja zaobserwowana,bazalt / pikryt,strefa subdukcji / skorupa oceaniczna (< 15 km),Wulkan,"Global Volcanism Program, 2013. Volcanoes of the World, v. 4.11.0. Venzke, E (ed.). Smithsonian Institution. Downloaded 20 Jun 2022. https://doi.org/10.5479/si.GVP.VOTW4-2013","-26","-58"
"1321","421",Nylgimelkin,3550 p.n.e.,Rosja,tarczowy,erupcja datowana,bazalt / pikryt,strefa subdukcji / skorupa kontynentalna (>25 km),Wulkan,"Global Volcanism Program, 2013. Volcanoes of the World, v. 4.11.0. Venzke, E (ed.). Smithsonian Institution. Downloaded 20 Jun 2022. https://doi.org/10.5479/si.GVP.VOTW4-2013","161","58"
"1322","456",Halla,"1007",Korea Południowa,tarczowy,erupcja zaobserwowana,bazalt / pikryt,strefa subdukcji / skorupa kontynentalna (>25 km),Wulkan,"Global Volcanism Program, 2013. Volcanoes of the World, v. 4.11.0. Venzke, E (ed.). Smithsonian Institution. Downloaded 20 Jun 2022. https://doi.org/10.5479/si.GVP.VOTW4-2013","127","33"
"1323","1144",Santa Isabel,850 p.n.e.,Kolumbia,tarczowy,erupcja datowana,andezyt / andezyt bazaltowy,strefa subdukcji / skorupa kontynentalna (>25 km),Wulkan,"Global Volcanism Program, 2013. Volcanoes of the World, v. 4.11.0. Venzke, E (ed.). Smithsonian Institution. Downloaded 20 Jun 2022. https://doi.org/10.5479/si.GVP.VOTW4-2013","-75","5"
"1324","477",Yunaska,"1937",Stany Zjednoczone,tarczowy,erupcja zaobserwowana,andezyt / andezyt bazaltowy,strefa subdukcji / skorupa oceaniczna (< 15 km),Wulkan,"Global Volcanism Program, 2013. Volcanoes of the World, v. 4.11.0. Venzke, E (ed.). Smithsonian Institution. Downloaded 20 Jun 2022. https://doi.org/10.5479/si.GVP.VOTW4-2013","-171","53"
"1325","1177",Fernandina,"2018",Ekwador,tarczowy,erupcja zaobserwowana,bazalt / pikryt,strefa ryftowa / skorupa oceaniczna (< 15 km),Wulkan,"Global Volcanism Program, 2013. Volcanoes of the World, v. 4.11.0. Venzke, E (ed.). Smithsonian Institution. Downloaded 20 Jun 2022. https://doi.org/10.5479/si.GVP.VOTW4-2013","-92","0"
"1326","1178",Ecuador,"1150",Ekwador,tarczowy,erupcja datowana,bazalt / pikryt,strefa ryftowa / skorupa oceaniczna (< 15 km),Wulkan,"Global Volcanism Program, 2013. Volcanoes of the World, v. 4.11.0. Venzke, E (ed.). Smithsonian Institution. Downloaded 20 Jun 2022. https://doi.org/10.5479/si.GVP.VOTW4-2013","-92","0"
"1327","1180",Darwin,"1813",Ekwador,tarczowy,erupcja datowana,bazalt / pikryt,strefa ryftowa / skorupa oceaniczna (< 15 km),Wulkan,"Global Volcanism Program, 2013. Volcanoes of the World, v. 4.11.0. Venzke, E (ed.). Smithsonian Institution. Downloaded 20 Jun 2022. https://doi.org/10.5479/si.GVP.VOTW4-2013","-91","0"
"1328","1181",Alcedo,"1993",Ekwador,tarczowy,erupcja zaobserwowana,bazalt / pikryt,strefa ryftowa / skorupa oceaniczna (< 15 km),Wulkan,"Global Volcanism Program, 2013. Volcanoes of the World, v. 4.11.0. Venzke, E (ed.). Smithsonian Institution. Downloaded 20 Jun 2022. https://doi.org/10.5479/si.GVP.VOTW4-2013","-91","0"
"1329","1182","Negra, Sierra","2018",Ekwador,tarczowy,erupcja zaobserwowana,bazalt / pikryt,strefa ryftowa / skorupa oceaniczna (< 15 km),Wulkan,"Global Volcanism Program, 2013. Volcanoes of the World, v. 4.11.0. Venzke, E (ed.). Smithsonian Institution. Downloaded 20 Jun 2022. https://doi.org/10.5479/si.GVP.VOTW4-2013","-91","-1"
"1330","1183","Azul, Cerro","2008",Ekwador,tarczowy,erupcja zaobserwowana,bazalt / pikryt,strefa ryftowa / skorupa oceaniczna (< 15 km),Wulkan,"Global Volcanism Program, 2013. Volcanoes of the World, v. 4.11.0. Venzke, E (ed.). Smithsonian Institution. Downloaded 20 Jun 2022. https://doi.org/10.5479/si.GVP.VOTW4-2013","-91","-1"
"1331","1184",Pinta,"1928",Ekwador,tarczowy,erupcja zaobserwowana,bazalt / pikryt,strefa ryftowa / skorupa oceaniczna (< 15 km),Wulkan,"Global Volcanism Program, 2013. Volcanoes of the World, v. 4.11.0. Venzke, E (ed.). Smithsonian Institution. Downloaded 20 Jun 2022. https://doi.org/10.5479/si.GVP.VOTW4-2013","-91","1"
"1332","1185",Marchena,"1991",Ekwador,tarczowy,erupcja zaobserwowana,bazalt / pikryt,strefa ryftowa / skorupa oceaniczna (< 15 km),Wulkan,"Global Volcanism Program, 2013. Volcanoes of the World, v. 4.11.0. Venzke, E (ed.). Smithsonian Institution. Downloaded 20 Jun 2022. https://doi.org/10.5479/si.GVP.VOTW4-2013","-90","0"
"1333","486",Okmok,"2008",Stany Zjednoczone,tarczowy,erupcja zaobserwowana,bazalt / pikryt,strefa subdukcji / skorupa oceaniczna (< 15 km),Wulkan,"Global Volcanism Program, 2013. Volcanoes of the World, v. 4.11.0. Venzke, E (ed.). Smithsonian Institution. Downloaded 20 Jun 2022. https://doi.org/10.5479/si.GVP.VOTW4-2013","-168","53"
"1334","1225",Mauna Kea,2460 p.n.e.,Stany Zjednoczone,tarczowy,erupcja datowana,bazalt / pikryt,strefa subdukcji / skorupa oceaniczna (< 15 km),Wulkan,"Global Volcanism Program, 2013. Volcanoes of the World, v. 4.11.0. Venzke, E (ed.). Smithsonian Institution. Downloaded 20 Jun 2022. https://doi.org/10.5479/si.GVP.VOTW4-2013","-155","20"
"1335","1226",Hualalai,"1801",Stany Zjednoczone,tarczowy,erupcja zaobserwowana,bazalt / pikryt,strefa subdukcji / skorupa oceaniczna (< 15 km),Wulkan,"Global Volcanism Program, 2013. Volcanoes of the World, v. 4.11.0. Venzke, E (ed.). Smithsonian Institution. Downloaded 20 Jun 2022. https://doi.org/10.5479/si.GVP.VOTW4-2013","-156","20"
"1336","1227",Haleakala,"1750",Stany Zjednoczone,tarczowy,erupcja datowana,bazalt / pikryt,strefa subdukcji / skorupa oceaniczna (< 15 km),Wulkan,"Global Volcanism Program, 2013. Volcanoes of the World, v. 4.11.0. Venzke, E (ed.). Smithsonian Institution. Downloaded 20 Jun 2022. https://doi.org/10.5479/si.GVP.VOTW4-2013","-156","21"
"1337","1257",Socorro,"1994",Meksyk,tarczowy,erupcja zaobserwowana,trachit,strefa ryftowa / skorupa oceaniczna (< 15 km),Wulkan,"Global Volcanism Program, 2013. Volcanoes of the World, v. 4.11.0. Venzke, E (ed.). Smithsonian Institution. Downloaded 20 Jun 2022. https://doi.org/10.5479/si.GVP.VOTW4-2013","-111","19"
"1338","534",Marion Island,"2004",Republika Południowej Afryki,tarczowy,erupcja zaobserwowana,bazalt / pikryt,strefa ryftowa / skorupa oceaniczna (< 15 km),Wulkan,"Global Volcanism Program, 2013. Volcanoes of the World, v. 4.11.0. Venzke, E (ed.). Smithsonian Institution. Downloaded 20 Jun 2022. https://doi.org/10.5479/si.GVP.VOTW4-2013","38","-47"
"1339","578",Niuafo'ou,"1985",Tonga,tarczowy,erupcja zaobserwowana,bazalt / pikryt,strefa subdukcji / skorupa oceaniczna (< 15 km),Wulkan,"Global Volcanism Program, 2013. Volcanoes of the World, v. 4.11.0. Venzke, E (ed.). Smithsonian Institution. Downloaded 20 Jun 2022. https://doi.org/10.5479/si.GVP.VOTW4-2013","-176","-16"
"1340","1179",Wolf,"2022",Ekwador,tarczowy,erupcja zaobserwowana,bazalt / pikryt,strefa ryftowa / skorupa oceaniczna (< 15 km),Wulkan,"Global Volcanism Program, 2013. Volcanoes of the World, v. 4.11.0. Venzke, E (ed.). Smithsonian Institution. Downloaded 20 Jun 2022. https://doi.org/10.5479/si.GVP.VOTW4-2013","-91","0"
"1341","322",Unnamed,brak danych,Etiopia,stożkowy,nieznana data wybuchu,bazalt / pikryt,strefa ryftowa / skorupa pośrednia (15-25 km),Wulkan,"Global Volcanism Program, 2013. Volcanoes of the World, v. 4.11.0. Venzke, E (ed.). Smithsonian Institution. Downloaded 20 Jun 2022. https://doi.org/10.5479/si.GVP.VOTW4-2013","38","6"
"1342","418",Bely,brak danych,Rosja,tarczowy,brak dowodów na wybuch,bazalt / pikryt,strefa subdukcji / skorupa kontynentalna (>25 km),Wulkan,"Global Volcanism Program, 2013. Volcanoes of the World, v. 4.11.0. Venzke, E (ed.). Smithsonian Institution. Downloaded 20 Jun 2022. https://doi.org/10.5479/si.GVP.VOTW4-2013","161","58"
"1343","324",Mega Basalt Field,brak danych,Etiopia - Kenia,stożkowy,nieznana data wybuchu,bazalt / pikryt,strefa ryftowa / skorupa pośrednia (15-25 km),Wulkan,"Global Volcanism Program, 2013. Volcanoes of the World, v. 4.11.0. Venzke, E (ed.). Smithsonian Institution. Downloaded 20 Jun 2022. https://doi.org/10.5479/si.GVP.VOTW4-2013","37","4"
"1344","331",Segererua Plateau,brak danych,Kenia,stożkowy,nieznana data wybuchu,bazalt / pikryt,strefa ryftowa / skorupa kontynentalna (>25 km),Wulkan,"Global Volcanism Program, 2013. Volcanoes of the World, v. 4.11.0. Venzke, E (ed.). Smithsonian Institution. Downloaded 20 Jun 2022. https://doi.org/10.5479/si.GVP.VOTW4-2013","38","2"
"1345","363",Tshibinda,brak danych,Demokratyczna Republika Konga,stożkowy,nieznana data wybuchu,bazalt / pikryt,strefa ryftowa / skorupa kontynentalna (>25 km),Wulkan,"Global Volcanism Program, 2013. Volcanoes of the World, v. 4.11.0. Venzke, E (ed.). Smithsonian Institution. Downloaded 20 Jun 2022. https://doi.org/10.5479/si.GVP.VOTW4-2013","29","-2"
"1346","368",Tombel Graben,brak danych,Kamerun,stożkowy,nieznana data wybuchu,tefryt / trachybazalt,strefa subdukcji / skorupa kontynentalna (>25 km),Wulkan,"Global Volcanism Program, 2013. Volcanoes of the World, v. 4.11.0. Venzke, E (ed.). Smithsonian Institution. Downloaded 20 Jun 2022. https://doi.org/10.5479/si.GVP.VOTW4-2013","10","5"
"1347","586",Ofu-Olosega,"1866",Stany Zjednoczone,tarczowy,erupcja zaobserwowana,bazalt / pikryt,strefa subdukcji / skorupa oceaniczna (< 15 km),Wulkan,"Global Volcanism Program, 2013. Volcanoes of the World, v. 4.11.0. Venzke, E (ed.). Smithsonian Institution. Downloaded 20 Jun 2022. https://doi.org/10.5479/si.GVP.VOTW4-2013","-170","-14"
"1348","589",Savai'i,"1911",Samoa,tarczowy,erupcja zaobserwowana,bazalt / pikryt,strefa subdukcji / skorupa oceaniczna (< 15 km),Wulkan,"Global Volcanism Program, 2013. Volcanoes of the World, v. 4.11.0. Venzke, E (ed.). Smithsonian Institution. Downloaded 20 Jun 2022. https://doi.org/10.5479/si.GVP.VOTW4-2013","-173","-14"
"1349","591",Taveuni,"1550",Fidżi,tarczowy,erupcja datowana,bazalt / pikryt,strefa subdukcji / grubość skorupy nieznana,Wulkan,"Global Volcanism Program, 2013. Volcanoes of the World, v. 4.11.0. Venzke, E (ed.). Smithsonian Institution. Downloaded 20 Jun 2022. https://doi.org/10.5479/si.GVP.VOTW4-2013","-180","-17"
"1350","1376",Payun Matru,5050 p.n.e.,Argentyna,tarczowy,erupcja datowana,tefryt / trachybazalt,strefa subdukcji / skorupa kontynentalna (>25 km),Wulkan,"Global Volcanism Program, 2013. Volcanoes of the World, v. 4.11.0. Venzke, E (ed.). Smithsonian Institution. Downloaded 20 Jun 2022. https://doi.org/10.5479/si.GVP.VOTW4-2013","-69","-36"
"1351","33",Tenduruk Dagi,"1855",Turcja,tarczowy,erupcja zaobserwowana,bazalt / pikryt,strefa subdukcji / skorupa kontynentalna (>25 km),Wulkan,"Global Volcanism Program, 2013. Volcanoes of the World, v. 4.11.0. Venzke, E (ed.). Smithsonian Institution. Downloaded 20 Jun 2022. https://doi.org/10.5479/si.GVP.VOTW4-2013","44","39"
"1352","70",Manda Hararo,"2009",Etiopia,tarczowy,erupcja zaobserwowana,bazalt / pikryt,strefa ryftowa / skorupa pośrednia (15-25 km),Wulkan,"Global Volcanism Program, 2013. Volcanoes of the World, v. 4.11.0. Venzke, E (ed.). Smithsonian Institution. Downloaded 20 Jun 2022. https://doi.org/10.5479/si.GVP.VOTW4-2013","41","12"
"1353","814",Billy Mitchell,"1580",Papua - Nowa Gwinea,tarczowy,erupcja datowana,andezyt / andezyt bazaltowy,strefa subdukcji / grubość skorupy nieznana,Wulkan,"Global Volcanism Program, 2013. Volcanoes of the World, v. 4.11.0. Venzke, E (ed.). Smithsonian Institution. Downloaded 20 Jun 2022. https://doi.org/10.5479/si.GVP.VOTW4-2013","155","-6"
"1354","817",Loloru,1050 p.n.e.,Papua - Nowa Gwinea,tarczowy,erupcja datowana,andezyt / andezyt bazaltowy,strefa subdukcji / grubość skorupy nieznana,Wulkan,"Global Volcanism Program, 2013. Volcanoes of the World, v. 4.11.0. Venzke, E (ed.). Smithsonian Institution. Downloaded 20 Jun 2022. https://doi.org/10.5479/si.GVP.VOTW4-2013","156","-7"
"1355","1118",Apoyeque,50 p.n.e.,Nikaragua,tarczowy,erupcja datowana,dacyt,strefa subdukcji / skorupa kontynentalna (>25 km),Wulkan,"Global Volcanism Program, 2013. Volcanoes of the World, v. 4.11.0. Venzke, E (ed.). Smithsonian Institution. Downloaded 20 Jun 2022. https://doi.org/10.5479/si.GVP.VOTW4-2013","-86","12"
"1356","622",Rabaul,"2014",Papua - Nowa Gwinea,tarczowy,erupcja zaobserwowana,dacyt,strefa subdukcji / skorupa kontynentalna (>25 km),Wulkan,"Global Volcanism Program, 2013. Volcanoes of the World, v. 4.11.0. Venzke, E (ed.). Smithsonian Institution. Downloaded 20 Jun 2022. https://doi.org/10.5479/si.GVP.VOTW4-2013","152","-4"
"1357","831",Ambrym,"2022",Vanuatu,tarczowy,erupcja zaobserwowana,bazalt / pikryt,strefa subdukcji / skorupa oceaniczna (< 15 km),Wulkan,"Global Volcanism Program, 2013. Volcanoes of the World, v. 4.11.0. Venzke, E (ed.). Smithsonian Institution. Downloaded 20 Jun 2022. https://doi.org/10.5479/si.GVP.VOTW4-2013","168","-16"
"1358","378","Koussi, Emi",brak danych,Czad,tarczowy,nieznana data wybuchu,trachit,strefa subdukcji / skorupa kontynentalna (>25 km),Wulkan,"Global Volcanism Program, 2013. Volcanoes of the World, v. 4.11.0. Venzke, E (ed.). Smithsonian Institution. Downloaded 20 Jun 2022. https://doi.org/10.5479/si.GVP.VOTW4-2013","19","20"
"1359","1002",Purico Complex,brak danych,Chile,tarczowy,nieznana data wybuchu,dacyt,strefa subdukcji / skorupa kontynentalna (>25 km),Wulkan,"Global Volcanism Program, 2013. Volcanoes of the World, v. 4.11.0. Venzke, E (ed.). Smithsonian Institution. Downloaded 20 Jun 2022. https://doi.org/10.5479/si.GVP.VOTW4-2013","-68","-23"
"1360","1210",Tambo Quemado,brak danych,Boliwia,tarczowy,nieznana data wybuchu,ryolit,strefa subdukcji / skorupa kontynentalna (>25 km),Wulkan,"Global Volcanism Program, 2013. Volcanoes of the World, v. 4.11.0. Venzke, E (ed.). Smithsonian Institution. Downloaded 20 Jun 2022. https://doi.org/10.5479/si.GVP.VOTW4-2013","-69","-19"
"1361","1093",Andrus,brak danych,Antarktyda,tarczowy,brak dowodów na wybuch,trachit,strefa subdukcji / skorupa kontynentalna (>25 km),Wulkan,"Global Volcanism Program, 2013. Volcanoes of the World, v. 4.11.0. Venzke, E (ed.). Smithsonian Institution. Downloaded 20 Jun 2022. https://doi.org/10.5479/si.GVP.VOTW4-2013","-132","-76"
"1362","370",Todra Volcanic Field,brak danych,Niger,stożkowy,nieznana data wybuchu,bazalt / pikryt,strefa subdukcji / skorupa kontynentalna (>25 km),Wulkan,"Global Volcanism Program, 2013. Volcanoes of the World, v. 4.11.0. Venzke, E (ed.). Smithsonian Institution. Downloaded 20 Jun 2022. https://doi.org/10.5479/si.GVP.VOTW4-2013","9","18"
"1363","422",Snezhniy,brak danych,Rosja,tarczowy,brak dowodów na wybuch,bazalt / pikryt,strefa subdukcji / skorupa kontynentalna (>25 km),Wulkan,"Global Volcanism Program, 2013. Volcanoes of the World, v. 4.11.0. Venzke, E (ed.). Smithsonian Institution. Downloaded 20 Jun 2022. https://doi.org/10.5479/si.GVP.VOTW4-2013","161","58"
"1364","424",Iktunup,brak danych,Rosja,tarczowy,brak dowodów na wybuch,bazalt / pikryt,strefa subdukcji / skorupa kontynentalna (>25 km),Wulkan,"Global Volcanism Program, 2013. Volcanoes of the World, v. 4.11.0. Venzke, E (ed.). Smithsonian Institution. Downloaded 20 Jun 2022. https://doi.org/10.5479/si.GVP.VOTW4-2013","161","58"
"1365","430",Snegovoy,brak danych,Rosja,tarczowy,brak dowodów na wybuch,bazalt / pikryt,strefa subdukcji / skorupa kontynentalna (>25 km),Wulkan,"Global Volcanism Program, 2013. Volcanoes of the World, v. 4.11.0. Venzke, E (ed.). Smithsonian Institution. Downloaded 20 Jun 2022. https://doi.org/10.5479/si.GVP.VOTW4-2013","161","58"
"1366","432",Iettunup,brak danych,Rosja,tarczowy,brak dowodów na wybuch,bazalt / pikryt,strefa subdukcji / skorupa kontynentalna (>25 km),Wulkan,"Global Volcanism Program, 2013. Volcanoes of the World, v. 4.11.0. Venzke, E (ed.). Smithsonian Institution. Downloaded 20 Jun 2022. https://doi.org/10.5479/si.GVP.VOTW4-2013","161","58"
"1367","433",Voyampolsky,brak danych,Rosja,tarczowy,brak dowodów na wybuch,bazalt / pikryt,strefa subdukcji / skorupa kontynentalna (>25 km),Wulkan,"Global Volcanism Program, 2013. Volcanoes of the World, v. 4.11.0. Venzke, E (ed.). Smithsonian Institution. Downloaded 20 Jun 2022. https://doi.org/10.5479/si.GVP.VOTW4-2013","161","58"
"1368","454",Ch'uga-ryong,brak danych,Korea Północna - Korea Południowa,tarczowy,brak dowodów na wybuch,bazalt / pikryt,strefa subdukcji / skorupa kontynentalna (>25 km),Wulkan,"Global Volcanism Program, 2013. Volcanoes of the World, v. 4.11.0. Venzke, E (ed.). Smithsonian Institution. Downloaded 20 Jun 2022. https://doi.org/10.5479/si.GVP.VOTW4-2013","127","38"
"1369","171",Shiga,brak danych,Japonia,tarczowy,brak dowodów na wybuch,andezyt / andezyt bazaltowy,strefa subdukcji / skorupa kontynentalna (>25 km),Wulkan,"Global Volcanism Program, 2013. Volcanoes of the World, v. 4.11.0. Venzke, E (ed.). Smithsonian Institution. Downloaded 20 Jun 2022. https://doi.org/10.5479/si.GVP.VOTW4-2013","139","37"
"1370","310",Uka,brak danych,Rosja,tarczowy,brak dowodów na wybuch,bazalt / pikryt,strefa subdukcji / skorupa kontynentalna (>25 km),Wulkan,"Global Volcanism Program, 2013. Volcanoes of the World, v. 4.11.0. Venzke, E (ed.). Smithsonian Institution. Downloaded 20 Jun 2022. https://doi.org/10.5479/si.GVP.VOTW4-2013","161","58"
"1371","316",Kaileney,brak danych,Rosja,tarczowy,brak dowodów na wybuch,bazalt / pikryt,strefa subdukcji / skorupa kontynentalna (>25 km),Wulkan,"Global Volcanism Program, 2013. Volcanoes of the World, v. 4.11.0. Venzke, E (ed.). Smithsonian Institution. Downloaded 20 Jun 2022. https://doi.org/10.5479/si.GVP.VOTW4-2013","161","58"
"1372","319",Plosky,brak danych,Rosja,tarczowy,brak dowodów na wybuch,bazalt / pikryt,strefa subdukcji / skorupa kontynentalna (>25 km),Wulkan,"Global Volcanism Program, 2013. Volcanoes of the World, v. 4.11.0. Venzke, E (ed.). Smithsonian Institution. Downloaded 20 Jun 2022. https://doi.org/10.5479/si.GVP.VOTW4-2013","160","58"
"1373","328",Marsabit,brak danych,Kenia,tarczowy,brak dowodów na wybuch,bazalt / pikryt,strefa ryftowa / skorupa kontynentalna (>25 km),Wulkan,"Global Volcanism Program, 2013. Volcanoes of the World, v. 4.11.0. Venzke, E (ed.). Smithsonian Institution. Downloaded 20 Jun 2022. https://doi.org/10.5479/si.GVP.VOTW4-2013","38","2"
"1374","773",Maly Payalpan,brak danych,Rosja,tarczowy,brak dowodów na wybuch,andezyt / andezyt bazaltowy,strefa subdukcji / skorupa kontynentalna (>25 km),Wulkan,"Global Volcanism Program, 2013. Volcanoes of the World, v. 4.11.0. Venzke, E (ed.). Smithsonian Institution. Downloaded 20 Jun 2022. https://doi.org/10.5479/si.GVP.VOTW4-2013","158","56"
"1375","774",Bolshoi Payalpan,brak danych,Rosja,tarczowy,brak dowodów na wybuch,andezyt / andezyt bazaltowy,strefa subdukcji / skorupa kontynentalna (>25 km),Wulkan,"Global Volcanism Program, 2013. Volcanoes of the World, v. 4.11.0. Venzke, E (ed.). Smithsonian Institution. Downloaded 20 Jun 2022. https://doi.org/10.5479/si.GVP.VOTW4-2013","158","56"
"1376","775",Plosky,brak danych,Rosja,tarczowy,brak dowodów na wybuch,bazalt / pikryt,strefa subdukcji / skorupa kontynentalna (>25 km),Wulkan,"Global Volcanism Program, 2013. Volcanoes of the World, v. 4.11.0. Venzke, E (ed.). Smithsonian Institution. Downloaded 20 Jun 2022. https://doi.org/10.5479/si.GVP.VOTW4-2013","158","55"
"1377","776",Akhtang,brak danych,Rosja,tarczowy,brak dowodów na wybuch,bazalt / pikryt,strefa subdukcji / skorupa kontynentalna (>25 km),Wulkan,"Global Volcanism Program, 2013. Volcanoes of the World, v. 4.11.0. Venzke, E (ed.). Smithsonian Institution. Downloaded 20 Jun 2022. https://doi.org/10.5479/si.GVP.VOTW4-2013","159","55"
"1378","777",Kozyrevsky,brak danych,Rosja,tarczowy,brak dowodów na wybuch,bazalt / pikryt,strefa subdukcji / skorupa kontynentalna (>25 km),Wulkan,"Global Volcanism Program, 2013. Volcanoes of the World, v. 4.11.0. Venzke, E (ed.). Smithsonian Institution. Downloaded 20 Jun 2022. https://doi.org/10.5479/si.GVP.VOTW4-2013","158","56"
"1379","779",Uksichan,brak danych,Rosja,tarczowy,brak dowodów na wybuch,bazalt / pikryt,strefa subdukcji / skorupa kontynentalna (>25 km),Wulkan,"Global Volcanism Program, 2013. Volcanoes of the World, v. 4.11.0. Venzke, E (ed.). Smithsonian Institution. Downloaded 20 Jun 2022. https://doi.org/10.5479/si.GVP.VOTW4-2013","158","56"
"1380","781",Kulkev,brak danych,Rosja,tarczowy,brak dowodów na wybuch,bazalt / pikryt,strefa subdukcji / skorupa kontynentalna (>25 km),Wulkan,"Global Volcanism Program, 2013. Volcanoes of the World, v. 4.11.0. Venzke, E (ed.). Smithsonian Institution. Downloaded 20 Jun 2022. https://doi.org/10.5479/si.GVP.VOTW4-2013","158","56"
"1381","782",Geodesistoy,brak danych,Rosja,tarczowy,brak dowodów na wybuch,bazalt / pikryt,strefa subdukcji / skorupa kontynentalna (>25 km),Wulkan,"Global Volcanism Program, 2013. Volcanoes of the World, v. 4.11.0. Venzke, E (ed.). Smithsonian Institution. Downloaded 20 Jun 2022. https://doi.org/10.5479/si.GVP.VOTW4-2013","159","56"
"1382","784",Krainy,brak danych,Rosja,tarczowy,brak dowodów na wybuch,bazalt / pikryt,strefa subdukcji / skorupa kontynentalna (>25 km),Wulkan,"Global Volcanism Program, 2013. Volcanoes of the World, v. 4.11.0. Venzke, E (ed.). Smithsonian Institution. Downloaded 20 Jun 2022. https://doi.org/10.5479/si.GVP.VOTW4-2013","159","56"
"1383","785",Kekurny,brak danych,Rosja,tarczowy,brak dowodów na wybuch,bazalt / pikryt,strefa subdukcji / skorupa kontynentalna (>25 km),Wulkan,"Global Volcanism Program, 2013. Volcanoes of the World, v. 4.11.0. Venzke, E (ed.). Smithsonian Institution. Downloaded 20 Jun 2022. https://doi.org/10.5479/si.GVP.VOTW4-2013","159","56"
"1384","786",Eggella,brak danych,Rosja,tarczowy,brak dowodów na wybuch,bazalt / pikryt,strefa subdukcji / skorupa kontynentalna (>25 km),Wulkan,"Global Volcanism Program, 2013. Volcanoes of the World, v. 4.11.0. Venzke, E (ed.). Smithsonian Institution. Downloaded 20 Jun 2022. https://doi.org/10.5479/si.GVP.VOTW4-2013","159","57"
"1385","787",Verkhovoy,brak danych,Rosja,tarczowy,brak dowodów na wybuch,bazalt / pikryt,strefa subdukcji / skorupa kontynentalna (>25 km),Wulkan,"Global Volcanism Program, 2013. Volcanoes of the World, v. 4.11.0. Venzke, E (ed.). Smithsonian Institution. Downloaded 20 Jun 2022. https://doi.org/10.5479/si.GVP.VOTW4-2013","160","57"
"1386","790",Pogranychny,brak danych,Rosja,tarczowy,brak dowodów na wybuch,bazalt / pikryt,strefa subdukcji / skorupa kontynentalna (>25 km),Wulkan,"Global Volcanism Program, 2013. Volcanoes of the World, v. 4.11.0. Venzke, E (ed.). Smithsonian Institution. Downloaded 20 Jun 2022. https://doi.org/10.5479/si.GVP.VOTW4-2013","160","57"
"1387","791",Zaozerny,brak danych,Rosja,tarczowy,brak dowodów na wybuch,bazalt / pikryt,strefa subdukcji / skorupa kontynentalna (>25 km),Wulkan,"Global Volcanism Program, 2013. Volcanoes of the World, v. 4.11.0. Venzke, E (ed.). Smithsonian Institution. Downloaded 20 Jun 2022. https://doi.org/10.5479/si.GVP.VOTW4-2013","160","57"
"1388","793",Kebeney,brak danych,Rosja,tarczowy,brak dowodów na wybuch,bazalt / pikryt,strefa subdukcji / skorupa kontynentalna (>25 km),Wulkan,"Global Volcanism Program, 2013. Volcanoes of the World, v. 4.11.0. Venzke, E (ed.). Smithsonian Institution. Downloaded 20 Jun 2022. https://doi.org/10.5479/si.GVP.VOTW4-2013","160","57"
"1389","794",Fedotych,brak danych,Rosja,tarczowy,brak dowodów na wybuch,bazalt / pikryt,strefa subdukcji / skorupa kontynentalna (>25 km),Wulkan,"Global Volcanism Program, 2013. Volcanoes of the World, v. 4.11.0. Venzke, E (ed.). Smithsonian Institution. Downloaded 20 Jun 2022. https://doi.org/10.5479/si.GVP.VOTW4-2013","160","57"
"1390","798",Leutongey,brak danych,Rosja,tarczowy,brak dowodów na wybuch,bazalt / pikryt,strefa subdukcji / skorupa kontynentalna (>25 km),Wulkan,"Global Volcanism Program, 2013. Volcanoes of the World, v. 4.11.0. Venzke, E (ed.). Smithsonian Institution. Downloaded 20 Jun 2022. https://doi.org/10.5479/si.GVP.VOTW4-2013","160","57"
"1391","799",Tuzovsky,brak danych,Rosja,tarczowy,brak dowodów na wybuch,bazalt / pikryt,strefa subdukcji / skorupa kontynentalna (>25 km),Wulkan,"Global Volcanism Program, 2013. Volcanoes of the World, v. 4.11.0. Venzke, E (ed.). Smithsonian Institution. Downloaded 20 Jun 2022. https://doi.org/10.5479/si.GVP.VOTW4-2013","160","57"
"1392","804",Mezhdusopochny,brak danych,Rosja,tarczowy,brak dowodów na wybuch,bazalt / pikryt,strefa subdukcji / skorupa kontynentalna (>25 km),Wulkan,"Global Volcanism Program, 2013. Volcanoes of the World, v. 4.11.0. Venzke, E (ed.). Smithsonian Institution. Downloaded 20 Jun 2022. https://doi.org/10.5479/si.GVP.VOTW4-2013","160","57"
"1393","805",Shishel,brak danych,Rosja,tarczowy,brak dowodów na wybuch,bazalt / pikryt,strefa subdukcji / skorupa kontynentalna (>25 km),Wulkan,"Global Volcanism Program, 2013. Volcanoes of the World, v. 4.11.0. Venzke, E (ed.). Smithsonian Institution. Downloaded 20 Jun 2022. https://doi.org/10.5479/si.GVP.VOTW4-2013","160","57"
"1394","926",Heart Peaks,brak danych,Kanada,tarczowy,brak dowodów na wybuch,bazalt / pikryt,strefa subdukcji / skorupa kontynentalna (>25 km),Wulkan,"Global Volcanism Program, 2013. Volcanoes of the World, v. 4.11.0. Venzke, E (ed.). Smithsonian Institution. Downloaded 20 Jun 2022. https://doi.org/10.5479/si.GVP.VOTW4-2013","-132","59"
"1395","927",Level Mountain,brak danych,Kanada,tarczowy,brak dowodów na wybuch,trachit,strefa subdukcji / skorupa kontynentalna (>25 km),Wulkan,"Global Volcanism Program, 2013. Volcanoes of the World, v. 4.11.0. Venzke, E (ed.). Smithsonian Institution. Downloaded 20 Jun 2022. https://doi.org/10.5479/si.GVP.VOTW4-2013","-131","58"
"1396","1089",Morning,brak danych,Antarktyda,tarczowy,brak dowodów na wybuch,fonolit,strefa subdukcji / skorupa kontynentalna (>25 km),Wulkan,"Global Volcanism Program, 2013. Volcanoes of the World, v. 4.11.0. Venzke, E (ed.). Smithsonian Institution. Downloaded 20 Jun 2022. https://doi.org/10.5479/si.GVP.VOTW4-2013","164","-78"
"1397","1094",Waesche,brak danych,Antarktyda,tarczowy,brak dowodów na wybuch,tefryt / trachybazalt,strefa subdukcji / skorupa kontynentalna (>25 km),Wulkan,"Global Volcanism Program, 2013. Volcanoes of the World, v. 4.11.0. Venzke, E (ed.). Smithsonian Institution. Downloaded 20 Jun 2022. https://doi.org/10.5479/si.GVP.VOTW4-2013","-127","-77"
"1398","1095",Siple,brak danych,Antarktyda,tarczowy,brak dowodów na wybuch,bazalt / pikryt,strefa subdukcji / skorupa kontynentalna (>25 km),Wulkan,"Global Volcanism Program, 2013. Volcanoes of the World, v. 4.11.0. Venzke, E (ed.). Smithsonian Institution. Downloaded 20 Jun 2022. https://doi.org/10.5479/si.GVP.VOTW4-2013","-127","-73"
"1399","1096",Toney Mountain,brak danych,Antarktyda,tarczowy,brak dowodów na wybuch,tefryt / trachybazalt,strefa subdukcji / skorupa kontynentalna (>25 km),Wulkan,"Global Volcanism Program, 2013. Volcanoes of the World, v. 4.11.0. Venzke, E (ed.). Smithsonian Institution. Downloaded 20 Jun 2022. https://doi.org/10.5479/si.GVP.VOTW4-2013","-116","-76"
"1400","1127","Lajas, Las",brak danych,Nikaragua,tarczowy,brak dowodów na wybuch,bazalt / pikryt,strefa subdukcji / skorupa kontynentalna (>25 km),Wulkan,"Global Volcanism Program, 2013. Volcanoes of the World, v. 4.11.0. Venzke, E (ed.). Smithsonian Institution. Downloaded 20 Jun 2022. https://doi.org/10.5479/si.GVP.VOTW4-2013","-86","12"
"1401","420",Ozernoy,brak danych,Rosja,tarczowy,nieznana data wybuchu,bazalt / pikryt,strefa subdukcji / skorupa kontynentalna (>25 km),Wulkan,"Global Volcanism Program, 2013. Volcanoes of the World, v. 4.11.0. Venzke, E (ed.). Smithsonian Institution. Downloaded 20 Jun 2022. https://doi.org/10.5479/si.GVP.VOTW4-2013","157","52"
"1402","429",Ostanets,brak danych,Rosja,tarczowy,nieznana data wybuchu,bazalt / pikryt,strefa subdukcji / skorupa kontynentalna (>25 km),Wulkan,"Global Volcanism Program, 2013. Volcanoes of the World, v. 4.11.0. Venzke, E (ed.). Smithsonian Institution. Downloaded 20 Jun 2022. https://doi.org/10.5479/si.GVP.VOTW4-2013","157","52"
"1403","61",Asavyo,brak danych,Etiopia,tarczowy,nieznana data wybuchu,bazalt / pikryt,strefa ryftowa / skorupa pośrednia (15-25 km),Wulkan,"Global Volcanism Program, 2013. Volcanoes of the World, v. 4.11.0. Venzke, E (ed.). Smithsonian Institution. Downloaded 20 Jun 2022. https://doi.org/10.5479/si.GVP.VOTW4-2013","42","13"
"1404","45",Zukur,brak danych,Jemen,tarczowy,nieznana data wybuchu,bazalt / pikryt,strefa ryftowa / skorupa oceaniczna (< 15 km),Wulkan,"Global Volcanism Program, 2013. Volcanoes of the World, v. 4.11.0. Venzke, E (ed.). Smithsonian Institution. Downloaded 20 Jun 2022. https://doi.org/10.5479/si.GVP.VOTW4-2013","43","14"
"1405","46",Hanish,brak danych,Jemen,tarczowy,nieznana data wybuchu,bazalt / pikryt,strefa ryftowa / skorupa oceaniczna (< 15 km),Wulkan,"Global Volcanism Program, 2013. Volcanoes of the World, v. 4.11.0. Venzke, E (ed.). Smithsonian Institution. Downloaded 20 Jun 2022. https://doi.org/10.5479/si.GVP.VOTW4-2013","43","14"
"1406","56",Hayli Gubbi,brak danych,Etiopia,tarczowy,nieznana data wybuchu,bazalt / pikryt,strefa ryftowa / skorupa pośrednia (15-25 km),Wulkan,"Global Volcanism Program, 2013. Volcanoes of the World, v. 4.11.0. Venzke, E (ed.). Smithsonian Institution. Downloaded 20 Jun 2022. https://doi.org/10.5479/si.GVP.VOTW4-2013","41","14"
"1407","62",Mat Ala,brak danych,Etiopia,tarczowy,nieznana data wybuchu,bazalt / pikryt,strefa ryftowa / skorupa pośrednia (15-25 km),Wulkan,"Global Volcanism Program, 2013. Volcanoes of the World, v. 4.11.0. Venzke, E (ed.). Smithsonian Institution. Downloaded 20 Jun 2022. https://doi.org/10.5479/si.GVP.VOTW4-2013","41","13"
"1408","63",Tat Ali,brak danych,Etiopia,tarczowy,nieznana data wybuchu,bazalt / pikryt,strefa ryftowa / skorupa pośrednia (15-25 km),Wulkan,"Global Volcanism Program, 2013. Volcanoes of the World, v. 4.11.0. Venzke, E (ed.). Smithsonian Institution. Downloaded 20 Jun 2022. https://doi.org/10.5479/si.GVP.VOTW4-2013","41","13"
"1409","69",Dabbayra,brak danych,Etiopia,tarczowy,nieznana data wybuchu,bazalt / pikryt,strefa ryftowa / skorupa pośrednia (15-25 km),Wulkan,"Global Volcanism Program, 2013. Volcanoes of the World, v. 4.11.0. Venzke, E (ed.). Smithsonian Institution. Downloaded 20 Jun 2022. https://doi.org/10.5479/si.GVP.VOTW4-2013","40","12"
"1410","72",Kurub,brak danych,Etiopia,tarczowy,nieznana data wybuchu,bazalt / pikryt,strefa ryftowa / skorupa pośrednia (15-25 km),Wulkan,"Global Volcanism Program, 2013. Volcanoes of the World, v. 4.11.0. Venzke, E (ed.). Smithsonian Institution. Downloaded 20 Jun 2022. https://doi.org/10.5479/si.GVP.VOTW4-2013","41","12"
"1411","523",Otdelniy,brak danych,Rosja,tarczowy,nieznana data wybuchu,bazalt / pikryt,strefa subdukcji / skorupa kontynentalna (>25 km),Wulkan,"Global Volcanism Program, 2013. Volcanoes of the World, v. 4.11.0. Venzke, E (ed.). Smithsonian Institution. Downloaded 20 Jun 2022. https://doi.org/10.5479/si.GVP.VOTW4-2013","157","52"
"1412","337",Nyambeni Hills,brak danych,Kenia,tarczowy,nieznana data wybuchu,bazalt / pikryt,strefa ryftowa / skorupa kontynentalna (>25 km),Wulkan,"Global Volcanism Program, 2013. Volcanoes of the World, v. 4.11.0. Venzke, E (ed.). Smithsonian Institution. Downloaded 20 Jun 2022. https://doi.org/10.5479/si.GVP.VOTW4-2013","38","0"
"1413","86",Dofan,brak danych,Etiopia,tarczowy,nieznana data wybuchu,ryolit,strefa ryftowa / skorupa kontynentalna (>25 km),Wulkan,"Global Volcanism Program, 2013. Volcanoes of the World, v. 4.11.0. Venzke, E (ed.). Smithsonian Institution. Downloaded 20 Jun 2022. https://doi.org/10.5479/si.GVP.VOTW4-2013","40","9"
"1414","155",Oki-Dogo,brak danych,Japonia,tarczowy,nieznana data wybuchu,bazalt / pikryt,strefa subdukcji / skorupa kontynentalna (>25 km),Wulkan,"Global Volcanism Program, 2013. Volcanoes of the World, v. 4.11.0. Venzke, E (ed.). Smithsonian Institution. Downloaded 20 Jun 2022. https://doi.org/10.5479/si.GVP.VOTW4-2013","133","36"
"1415","165",Washiba-Kumonotaira,brak danych,Japonia,tarczowy,nieznana data wybuchu,andezyt / andezyt bazaltowy,strefa subdukcji / skorupa kontynentalna (>25 km),Wulkan,"Global Volcanism Program, 2013. Volcanoes of the World, v. 4.11.0. Venzke, E (ed.). Smithsonian Institution. Downloaded 20 Jun 2022. https://doi.org/10.5479/si.GVP.VOTW4-2013","138","36"
"1416","344",Suswa,brak danych,Kenia,tarczowy,nieznana data wybuchu,fonolit,strefa ryftowa / skorupa kontynentalna (>25 km),Wulkan,"Global Volcanism Program, 2013. Volcanoes of the World, v. 4.11.0. Venzke, E (ed.). Smithsonian Institution. Downloaded 20 Jun 2022. https://doi.org/10.5479/si.GVP.VOTW4-2013","36","-1"
"1417","335",Korosi,brak danych,Kenia,tarczowy,nieznana data wybuchu,trachit,strefa ryftowa / skorupa kontynentalna (>25 km),Wulkan,"Global Volcanism Program, 2013. Volcanoes of the World, v. 4.11.0. Venzke, E (ed.). Smithsonian Institution. Downloaded 20 Jun 2022. https://doi.org/10.5479/si.GVP.VOTW4-2013","36","1"
"1418","336",Ol Kokwe,brak danych,Kenia,tarczowy,nieznana data wybuchu,bazalt / pikryt,strefa ryftowa / skorupa kontynentalna (>25 km),Wulkan,"Global Volcanism Program, 2013. Volcanoes of the World, v. 4.11.0. Venzke, E (ed.). Smithsonian Institution. Downloaded 20 Jun 2022. https://doi.org/10.5479/si.GVP.VOTW4-2013","36","1"
"1419","364",San Carlos,brak danych,Gwinea Równikowa,tarczowy,nieznana data wybuchu,bazalt / pikryt,strefa subdukcji / skorupa kontynentalna (>25 km),Wulkan,"Global Volcanism Program, 2013. Volcanoes of the World, v. 4.11.0. Venzke, E (ed.). Smithsonian Institution. Downloaded 20 Jun 2022. https://doi.org/10.5479/si.GVP.VOTW4-2013","9","3"
"1420","365",San Joaquin,brak danych,Gwinea Równikowa,tarczowy,nieznana data wybuchu,bazalt / pikryt,strefa subdukcji / skorupa kontynentalna (>25 km),Wulkan,"Global Volcanism Program, 2013. Volcanoes of the World, v. 4.11.0. Venzke, E (ed.). Smithsonian Institution. Downloaded 20 Jun 2022. https://doi.org/10.5479/si.GVP.VOTW4-2013","9","3"
"1421","407","Grille, La",brak danych,Komory,tarczowy,nieznana data wybuchu,tefryt / trachybazalt,strefa subdukcji / skorupa oceaniczna (< 15 km),Wulkan,"Global Volcanism Program, 2013. Volcanoes of the World, v. 4.11.0. Venzke, E (ed.). Smithsonian Institution. Downloaded 20 Jun 2022. https://doi.org/10.5479/si.GVP.VOTW4-2013","43","-11"
"1422","533",Prince Edward Island,brak danych,Republika Południowej Afryki,tarczowy,nieznana data wybuchu,bazalt / pikryt,strefa ryftowa / skorupa oceaniczna (< 15 km),Wulkan,"Global Volcanism Program, 2013. Volcanoes of the World, v. 4.11.0. Venzke, E (ed.). Smithsonian Institution. Downloaded 20 Jun 2022. https://doi.org/10.5479/si.GVP.VOTW4-2013","38","-47"
"1423","31",Karaca Dag,brak danych,Turcja,tarczowy,nieznana data wybuchu,bazalt / pikryt,strefa subdukcji / skorupa kontynentalna (>25 km),Wulkan,"Global Volcanism Program, 2013. Volcanoes of the World, v. 4.11.0. Venzke, E (ed.). Smithsonian Institution. Downloaded 20 Jun 2022. https://doi.org/10.5479/si.GVP.VOTW4-2013","40","38"
"1424","585",Ta'u,brak danych,Stany Zjednoczone,tarczowy,nieznana data wybuchu,bazalt / pikryt,strefa subdukcji / skorupa oceaniczna (< 15 km),Wulkan,"Global Volcanism Program, 2013. Volcanoes of the World, v. 4.11.0. Venzke, E (ed.). Smithsonian Institution. Downloaded 20 Jun 2022. https://doi.org/10.5479/si.GVP.VOTW4-2013","-169","-14"
"1425","588",Upolu,brak danych,Samoa,tarczowy,nieznana data wybuchu,bazalt / pikryt,strefa subdukcji / skorupa oceaniczna (< 15 km),Wulkan,"Global Volcanism Program, 2013. Volcanoes of the World, v. 4.11.0. Venzke, E (ed.). Smithsonian Institution. Downloaded 20 Jun 2022. https://doi.org/10.5479/si.GVP.VOTW4-2013","-172","-14"
"1426","590",Wallis Islands,brak danych,Francja,tarczowy,nieznana data wybuchu,bazalt / pikryt,strefa subdukcji / skorupa oceaniczna (< 15 km),Wulkan,"Global Volcanism Program, 2013. Volcanoes of the World, v. 4.11.0. Venzke, E (ed.). Smithsonian Institution. Downloaded 20 Jun 2022. https://doi.org/10.5479/si.GVP.VOTW4-2013","-176","-13"
"1427","756",Schmidt,brak danych,Rosja,tarczowy,nieznana data wybuchu,bazalt / pikryt,strefa subdukcji / skorupa kontynentalna (>25 km),Wulkan,"Global Volcanism Program, 2013. Volcanoes of the World, v. 4.11.0. Venzke, E (ed.). Smithsonian Institution. Downloaded 20 Jun 2022. https://doi.org/10.5479/si.GVP.VOTW4-2013","161","55"
"1428","913",St. Michael,brak danych,Stany Zjednoczone,tarczowy,nieznana data wybuchu,bazalt / pikryt,strefa subdukcji / skorupa kontynentalna (>25 km),Wulkan,"Global Volcanism Program, 2013. Volcanoes of the World, v. 4.11.0. Venzke, E (ed.). Smithsonian Institution. Downloaded 20 Jun 2022. https://doi.org/10.5479/si.GVP.VOTW4-2013","-162","63"
"1429","929",Spectrum Range,brak danych,Kanada,tarczowy,nieznana data wybuchu,ryolit,strefa subdukcji / skorupa kontynentalna (>25 km),Wulkan,"Global Volcanism Program, 2013. Volcanoes of the World, v. 4.11.0. Venzke, E (ed.). Smithsonian Institution. Downloaded 20 Jun 2022. https://doi.org/10.5479/si.GVP.VOTW4-2013","-131","57"
"1430","1099",Peter I Island,brak danych,Antarktyda,tarczowy,nieznana data wybuchu,bazalt / pikryt,strefa subdukcji / skorupa oceaniczna (< 15 km),Wulkan,"Global Volcanism Program, 2013. Volcanoes of the World, v. 4.11.0. Venzke, E (ed.). Smithsonian Institution. Downloaded 20 Jun 2022. https://doi.org/10.5479/si.GVP.VOTW4-2013","-91","-69"
"1431","1114",James Ross Island,brak danych,Antarktyda,tarczowy,nieznana data wybuchu,bazalt / pikryt,strefa subdukcji / skorupa kontynentalna (>25 km),Wulkan,"Global Volcanism Program, 2013. Volcanoes of the World, v. 4.11.0. Venzke, E (ed.). Smithsonian Institution. Downloaded 20 Jun 2022. https://doi.org/10.5479/si.GVP.VOTW4-2013","-58","-64"
"1432","1123",Zapatera,brak danych,Nikaragua,tarczowy,nieznana data wybuchu,andezyt / andezyt bazaltowy,strefa subdukcji / skorupa kontynentalna (>25 km),Wulkan,"Global Volcanism Program, 2013. Volcanoes of the World, v. 4.11.0. Venzke, E (ed.). Smithsonian Institution. Downloaded 20 Jun 2022. https://doi.org/10.5479/si.GVP.VOTW4-2013","-86","12"
"1433","1186",Genovesa,brak danych,Ekwador,tarczowy,nieznana data wybuchu,bazalt / pikryt,strefa ryftowa / skorupa oceaniczna (< 15 km),Wulkan,"Global Volcanism Program, 2013. Volcanoes of the World, v. 4.11.0. Venzke, E (ed.). Smithsonian Institution. Downloaded 20 Jun 2022. https://doi.org/10.5479/si.GVP.VOTW4-2013","-90","0"
