gid,nazwa,ostatnia_erupcja,kraj,typ,rodzaj_erupcji,materiał,tektonika,legenda,źródło
"830",Ambae,"2021",Vanuatu,tarczowy,erupcja zaobserwowana,bazalt / pikryt,strefa subdukcji / skorupa oceaniczna (< 15 km),Wulkan,"Global Volcanism Program, 2013. Volcanoes of the World, v. 4.11.0. Venzke, E (ed.). Smithsonian Institution. Downloaded 20 Jun 2022. https://doi.org/10.5479/si.GVP.VOTW4-2013"
"499",Pavlof,"2021",Stany Zjednoczone,stratowulkan,erupcja zaobserwowana,andezyt / andezyt bazaltowy,strefa subdukcji / skorupa kontynentalna (>25 km),Wulkan,"Global Volcanism Program, 2013. Volcanoes of the World, v. 4.11.0. Venzke, E (ed.). Smithsonian Institution. Downloaded 20 Jun 2022. https://doi.org/10.5479/si.GVP.VOTW4-2013"
"821",Kavachi,"2021",Wyspy Salomona,podwodny,erupcja zaobserwowana,andezyt / andezyt bazaltowy,strefa subdukcji / grubość skorupy nieznana,Wulkan,"Global Volcanism Program, 2013. Volcanoes of the World, v. 4.11.0. Venzke, E (ed.). Smithsonian Institution. Downloaded 20 Jun 2022. https://doi.org/10.5479/si.GVP.VOTW4-2013"
"1130",Rincon de la Vieja,"2021",Kostaryka,"mieszane, złożone",erupcja zaobserwowana,andezyt / andezyt bazaltowy,strefa subdukcji / skorupa kontynentalna (>25 km),Wulkan,"Global Volcanism Program, 2013. Volcanoes of the World, v. 4.11.0. Venzke, E (ed.). Smithsonian Institution. Downloaded 20 Jun 2022. https://doi.org/10.5479/si.GVP.VOTW4-2013"
"469",Great Sitkin,"2021",Stany Zjednoczone,stratowulkan,erupcja zaobserwowana,andezyt / andezyt bazaltowy,strefa subdukcji / skorupa oceaniczna (< 15 km),Wulkan,"Global Volcanism Program, 2013. Volcanoes of the World, v. 4.11.0. Venzke, E (ed.). Smithsonian Institution. Downloaded 20 Jun 2022. https://doi.org/10.5479/si.GVP.VOTW4-2013"
"873",Krakatau,"2021",Indonezja,kaldera,erupcja zaobserwowana,andezyt / andezyt bazaltowy,strefa subdukcji / skorupa kontynentalna (>25 km),Wulkan,"Global Volcanism Program, 2013. Volcanoes of the World, v. 4.11.0. Venzke, E (ed.). Smithsonian Institution. Downloaded 20 Jun 2022. https://doi.org/10.5479/si.GVP.VOTW4-2013"
"1330",San Cristobal,"2020",Nikaragua,stratowulkan,erupcja zaobserwowana,bazalt / pikryt,strefa subdukcji / skorupa kontynentalna (>25 km),Wulkan,"Global Volcanism Program, 2013. Volcanoes of the World, v. 4.11.0. Venzke, E (ed.). Smithsonian Institution. Downloaded 20 Jun 2022. https://doi.org/10.5479/si.GVP.VOTW4-2013"
"686",Awu,"2004",Indonezja,stratowulkan,erupcja zaobserwowana,andezyt / andezyt bazaltowy,strefa subdukcji / skorupa oceaniczna (< 15 km),Wulkan,"Global Volcanism Program, 2013. Volcanoes of the World, v. 4.11.0. Venzke, E (ed.). Smithsonian Institution. Downloaded 20 Jun 2022. https://doi.org/10.5479/si.GVP.VOTW4-2013"
"567",Hunga Tonga-Hunga Ha'apai,"2022",Tonga,podwodny,erupcja zaobserwowana,andezyt / andezyt bazaltowy,strefa subdukcji / skorupa oceaniczna (< 15 km),Wulkan,"Global Volcanism Program, 2013. Volcanoes of the World, v. 4.11.0. Venzke, E (ed.). Smithsonian Institution. Downloaded 20 Jun 2022. https://doi.org/10.5479/si.GVP.VOTW4-2013"
"731",Taal,"2021",Filipiny,kaldera,erupcja zaobserwowana,andezyt / andezyt bazaltowy,strefa subdukcji / skorupa kontynentalna (>25 km),Wulkan,"Global Volcanism Program, 2013. Volcanoes of the World, v. 4.11.0. Venzke, E (ed.). Smithsonian Institution. Downloaded 20 Jun 2022. https://doi.org/10.5479/si.GVP.VOTW4-2013"
"645",Sangeang Api,"2022",Indonezja,"mieszane, złożone",erupcja zaobserwowana,tefryt / trachybazalt,strefa subdukcji / skorupa kontynentalna (>25 km),Wulkan,"Global Volcanism Program, 2013. Volcanoes of the World, v. 4.11.0. Venzke, E (ed.). Smithsonian Institution. Downloaded 20 Jun 2022. https://doi.org/10.5479/si.GVP.VOTW4-2013"
"651",Iya,"1969",Indonezja,stratowulkan,erupcja zaobserwowana,bazalt / pikryt,strefa subdukcji / grubość skorupy nieznana,Wulkan,"Global Volcanism Program, 2013. Volcanoes of the World, v. 4.11.0. Venzke, E (ed.). Smithsonian Institution. Downloaded 20 Jun 2022. https://doi.org/10.5479/si.GVP.VOTW4-2013"
"1271",Popocatepetl,"2018",Meksyk,stratowulkan,erupcja zaobserwowana,andezyt / andezyt bazaltowy,strefa subdukcji / skorupa kontynentalna (>25 km),Wulkan,"Global Volcanism Program, 2013. Volcanoes of the World, v. 4.11.0. Venzke, E (ed.). Smithsonian Institution. Downloaded 20 Jun 2022. https://doi.org/10.5479/si.GVP.VOTW4-2013"
"1272","Malinche, La",1170 p.n.e.,Meksyk,stratowulkan,erupcja datowana,andezyt / andezyt bazaltowy,strefa subdukcji / skorupa kontynentalna (>25 km),Wulkan,"Global Volcanism Program, 2013. Volcanoes of the World, v. 4.11.0. Venzke, E (ed.). Smithsonian Institution. Downloaded 20 Jun 2022. https://doi.org/10.5479/si.GVP.VOTW4-2013"
"1279","Cumbres,  Las",3920 p.n.e.,Meksyk,stratowulkan,erupcja datowana,andezyt / andezyt bazaltowy,strefa subdukcji / skorupa kontynentalna (>25 km),Wulkan,"Global Volcanism Program, 2013. Volcanoes of the World, v. 4.11.0. Venzke, E (ed.). Smithsonian Institution. Downloaded 20 Jun 2022. https://doi.org/10.5479/si.GVP.VOTW4-2013"
"1280","Orizaba, Pico de","1846",Meksyk,stratowulkan,erupcja zaobserwowana,andezyt / andezyt bazaltowy,strefa subdukcji / skorupa kontynentalna (>25 km),Wulkan,"Global Volcanism Program, 2013. Volcanoes of the World, v. 4.11.0. Venzke, E (ed.). Smithsonian Institution. Downloaded 20 Jun 2022. https://doi.org/10.5479/si.GVP.VOTW4-2013"
"1283",Tacana,"1986",Meksyk - Gwatemala,stratowulkan,erupcja zaobserwowana,andezyt / andezyt bazaltowy,strefa subdukcji / skorupa kontynentalna (>25 km),Wulkan,"Global Volcanism Program, 2013. Volcanoes of the World, v. 4.11.0. Venzke, E (ed.). Smithsonian Institution. Downloaded 20 Jun 2022. https://doi.org/10.5479/si.GVP.VOTW4-2013"
"1286",Almolonga,"1818",Gwatemala,stratowulkan,erupcja zaobserwowana,dacyt,strefa subdukcji / skorupa kontynentalna (>25 km),Wulkan,"Global Volcanism Program, 2013. Volcanoes of the World, v. 4.11.0. Venzke, E (ed.). Smithsonian Institution. Downloaded 20 Jun 2022. https://doi.org/10.5479/si.GVP.VOTW4-2013"
"35",Elbrus,"50",Rosja,stratowulkan,erupcja datowana,dacyt,strefa subdukcji / skorupa kontynentalna (>25 km),Wulkan,"Global Volcanism Program, 2013. Volcanoes of the World, v. 4.11.0. Venzke, E (ed.). Smithsonian Institution. Downloaded 20 Jun 2022. https://doi.org/10.5479/si.GVP.VOTW4-2013"
"21",Milos,"140",Grecja,stratowulkan,erupcja datowana,ryolit,strefa subdukcji / skorupa kontynentalna (>25 km),Wulkan,"Global Volcanism Program, 2013. Volcanoes of the World, v. 4.11.0. Venzke, E (ed.). Smithsonian Institution. Downloaded 20 Jun 2022. https://doi.org/10.5479/si.GVP.VOTW4-2013"
"36",Kazbek,750 p.n.e.,Georgia,stratowulkan,erupcja datowana,andezyt / andezyt bazaltowy,strefa subdukcji / skorupa kontynentalna (>25 km),Wulkan,"Global Volcanism Program, 2013. Volcanoes of the World, v. 4.11.0. Venzke, E (ed.). Smithsonian Institution. Downloaded 20 Jun 2022. https://doi.org/10.5479/si.GVP.VOTW4-2013"
"52",Chikurachki,"2022",Rosja,stratowulkan,erupcja zaobserwowana,bazalt / pikryt,strefa subdukcji / skorupa kontynentalna (>25 km),Wulkan,"Global Volcanism Program, 2013. Volcanoes of the World, v. 4.11.0. Venzke, E (ed.). Smithsonian Institution. Downloaded 20 Jun 2022. https://doi.org/10.5479/si.GVP.VOTW4-2013"
"41",Porak,778 p.n.e.,Armenia-Azerbejdżan,stratowulkan,erupcja datowana,andezyt / andezyt bazaltowy,strefa subdukcji / skorupa kontynentalna (>25 km),Wulkan,"Global Volcanism Program, 2013. Volcanoes of the World, v. 4.11.0. Venzke, E (ed.). Smithsonian Institution. Downloaded 20 Jun 2022. https://doi.org/10.5479/si.GVP.VOTW4-2013"
"43","Tair, Jebel at","2008",Jemen,stratowulkan,erupcja zaobserwowana,tefryt / trachybazalt,strefa ryftowa / skorupa oceaniczna (< 15 km),Wulkan,"Global Volcanism Program, 2013. Volcanoes of the World, v. 4.11.0. Venzke, E (ed.). Smithsonian Institution. Downloaded 20 Jun 2022. https://doi.org/10.5479/si.GVP.VOTW4-2013"
"57",Dubbi,"1861",Erytrea,stratowulkan,erupcja zaobserwowana,bazalt / pikryt,strefa ryftowa / skorupa pośrednia (15-25 km),Wulkan,"Global Volcanism Program, 2013. Volcanoes of the World, v. 4.11.0. Venzke, E (ed.). Smithsonian Institution. Downloaded 20 Jun 2022. https://doi.org/10.5479/si.GVP.VOTW4-2013"
"58",Nabro,"2012",Erytrea,stratowulkan,erupcja zaobserwowana,trachit,strefa ryftowa / skorupa pośrednia (15-25 km),Wulkan,"Global Volcanism Program, 2013. Volcanoes of the World, v. 4.11.0. Venzke, E (ed.). Smithsonian Institution. Downloaded 20 Jun 2022. https://doi.org/10.5479/si.GVP.VOTW4-2013"
"87",Fentale,"1820",Etiopia,stratowulkan,erupcja zaobserwowana,ryolit,strefa ryftowa / skorupa kontynentalna (>25 km),Wulkan,"Global Volcanism Program, 2013. Volcanoes of the World, v. 4.11.0. Venzke, E (ed.). Smithsonian Institution. Downloaded 20 Jun 2022. https://doi.org/10.5479/si.GVP.VOTW4-2013"
"99",Alutu,50 p.n.e.,Etiopia,stratowulkan,erupcja datowana,ryolit,strefa ryftowa / skorupa kontynentalna (>25 km),Wulkan,"Global Volcanism Program, 2013. Volcanoes of the World, v. 4.11.0. Venzke, E (ed.). Smithsonian Institution. Downloaded 20 Jun 2022. https://doi.org/10.5479/si.GVP.VOTW4-2013"
"103",Mariveles,2050 p.n.e.,Filipiny,stratowulkan,erupcja datowana,andezyt / andezyt bazaltowy,strefa subdukcji / skorupa kontynentalna (>25 km),Wulkan,"Global Volcanism Program, 2013. Volcanoes of the World, v. 4.11.0. Venzke, E (ed.). Smithsonian Institution. Downloaded 20 Jun 2022. https://doi.org/10.5479/si.GVP.VOTW4-2013"
"106",Ebeko,"2018",Rosja,stratowulkan,erupcja zaobserwowana,andezyt / andezyt bazaltowy,strefa subdukcji / skorupa kontynentalna (>25 km),Wulkan,"Global Volcanism Program, 2013. Volcanoes of the World, v. 4.11.0. Venzke, E (ed.). Smithsonian Institution. Downloaded 20 Jun 2022. https://doi.org/10.5479/si.GVP.VOTW4-2013"
"107",Pinatubo,"1993",Filipiny,stratowulkan,erupcja zaobserwowana,dacyt,strefa subdukcji / skorupa kontynentalna (>25 km),Wulkan,"Global Volcanism Program, 2013. Volcanoes of the World, v. 4.11.0. Venzke, E (ed.). Smithsonian Institution. Downloaded 20 Jun 2022. https://doi.org/10.5479/si.GVP.VOTW4-2013"
"108",Alaid,"2016",Rosja,stratowulkan,erupcja zaobserwowana,bazalt / pikryt,strefa subdukcji / skorupa kontynentalna (>25 km),Wulkan,"Global Volcanism Program, 2013. Volcanoes of the World, v. 4.11.0. Venzke, E (ed.). Smithsonian Institution. Downloaded 20 Jun 2022. https://doi.org/10.5479/si.GVP.VOTW4-2013"
"170",Kusatsu-Shiranesan,"2018",Japonia,stratowulkan,erupcja zaobserwowana,andezyt / andezyt bazaltowy,strefa subdukcji / skorupa kontynentalna (>25 km),Wulkan,"Global Volcanism Program, 2013. Volcanoes of the World, v. 4.11.0. Venzke, E (ed.). Smithsonian Institution. Downloaded 20 Jun 2022. https://doi.org/10.5479/si.GVP.VOTW4-2013"
"172",Harunasan,"550",Japonia,stratowulkan,erupcja datowana,andezyt / andezyt bazaltowy,strefa subdukcji / skorupa kontynentalna (>25 km),Wulkan,"Global Volcanism Program, 2013. Volcanoes of the World, v. 4.11.0. Venzke, E (ed.). Smithsonian Institution. Downloaded 20 Jun 2022. https://doi.org/10.5479/si.GVP.VOTW4-2013"
"467",Kanaga,"2012",Stany Zjednoczone,stratowulkan,erupcja zaobserwowana,andezyt / andezyt bazaltowy,strefa subdukcji / skorupa oceaniczna (< 15 km),Wulkan,"Global Volcanism Program, 2013. Volcanoes of the World, v. 4.11.0. Venzke, E (ed.). Smithsonian Institution. Downloaded 20 Jun 2022. https://doi.org/10.5479/si.GVP.VOTW4-2013"
"468",Moffett,1600 p.n.e.,Stany Zjednoczone,stratowulkan,erupcja datowana,andezyt / andezyt bazaltowy,strefa subdukcji / skorupa oceaniczna (< 15 km),Wulkan,"Global Volcanism Program, 2013. Volcanoes of the World, v. 4.11.0. Venzke, E (ed.). Smithsonian Institution. Downloaded 20 Jun 2022. https://doi.org/10.5479/si.GVP.VOTW4-2013"
"575",Fonualei,"1957",Tonga,stratowulkan,erupcja zaobserwowana,dacyt,strefa subdukcji / skorupa oceaniczna (< 15 km),Wulkan,"Global Volcanism Program, 2013. Volcanoes of the World, v. 4.11.0. Venzke, E (ed.). Smithsonian Institution. Downloaded 20 Jun 2022. https://doi.org/10.5479/si.GVP.VOTW4-2013"
"669",Serua,"1921",Indonezja,stratowulkan,erupcja zaobserwowana,andezyt / andezyt bazaltowy,strefa subdukcji / skorupa oceaniczna (< 15 km),Wulkan,"Global Volcanism Program, 2013. Volcanoes of the World, v. 4.11.0. Venzke, E (ed.). Smithsonian Institution. Downloaded 20 Jun 2022. https://doi.org/10.5479/si.GVP.VOTW4-2013"
"672",Colo,"1983",Indonezja,stratowulkan,erupcja zaobserwowana,trachyandezyt / bazaltowy trachyandezyt,strefa subdukcji / skorupa kontynentalna (>25 km),Wulkan,"Global Volcanism Program, 2013. Volcanoes of the World, v. 4.11.0. Venzke, E (ed.). Smithsonian Institution. Downloaded 20 Jun 2022. https://doi.org/10.5479/si.GVP.VOTW4-2013"
"674",Soputan,"2016",Indonezja,stratowulkan,erupcja zaobserwowana,andezyt / andezyt bazaltowy,strefa subdukcji / skorupa kontynentalna (>25 km),Wulkan,"Global Volcanism Program, 2013. Volcanoes of the World, v. 4.11.0. Venzke, E (ed.). Smithsonian Institution. Downloaded 20 Jun 2022. https://doi.org/10.5479/si.GVP.VOTW4-2013"
"679",Lokon-Empung,"2015",Indonezja,stratowulkan,erupcja zaobserwowana,bazalt / pikryt,strefa subdukcji / skorupa kontynentalna (>25 km),Wulkan,"Global Volcanism Program, 2013. Volcanoes of the World, v. 4.11.0. Venzke, E (ed.). Smithsonian Institution. Downloaded 20 Jun 2022. https://doi.org/10.5479/si.GVP.VOTW4-2013"
"680",Mahawu,"1977",Indonezja,stratowulkan,erupcja zaobserwowana,andezyt / andezyt bazaltowy,strefa subdukcji / skorupa kontynentalna (>25 km),Wulkan,"Global Volcanism Program, 2013. Volcanoes of the World, v. 4.11.0. Venzke, E (ed.). Smithsonian Institution. Downloaded 20 Jun 2022. https://doi.org/10.5479/si.GVP.VOTW4-2013"
"682",Tangkoko-Duasudara,"1880",Indonezja,stratowulkan,erupcja zaobserwowana,andezyt / andezyt bazaltowy,strefa subdukcji / skorupa kontynentalna (>25 km),Wulkan,"Global Volcanism Program, 2013. Volcanoes of the World, v. 4.11.0. Venzke, E (ed.). Smithsonian Institution. Downloaded 20 Jun 2022. https://doi.org/10.5479/si.GVP.VOTW4-2013"
"683",Ruang,"2002",Indonezja,stratowulkan,erupcja zaobserwowana,andezyt / andezyt bazaltowy,strefa subdukcji / skorupa oceaniczna (< 15 km),Wulkan,"Global Volcanism Program, 2013. Volcanoes of the World, v. 4.11.0. Venzke, E (ed.). Smithsonian Institution. Downloaded 20 Jun 2022. https://doi.org/10.5479/si.GVP.VOTW4-2013"
"684",Karangetang,"2018",Indonezja,stratowulkan,erupcja zaobserwowana,andezyt / andezyt bazaltowy,strefa subdukcji / skorupa oceaniczna (< 15 km),Wulkan,"Global Volcanism Program, 2013. Volcanoes of the World, v. 4.11.0. Venzke, E (ed.). Smithsonian Institution. Downloaded 20 Jun 2022. https://doi.org/10.5479/si.GVP.VOTW4-2013"
"690",Ibu,"2018",Indonezja,stratowulkan,erupcja zaobserwowana,andezyt / andezyt bazaltowy,strefa subdukcji / skorupa oceaniczna (< 15 km),Wulkan,"Global Volcanism Program, 2013. Volcanoes of the World, v. 4.11.0. Venzke, E (ed.). Smithsonian Institution. Downloaded 20 Jun 2022. https://doi.org/10.5479/si.GVP.VOTW4-2013"
"691",Gamkonora,"2007",Indonezja,stratowulkan,erupcja zaobserwowana,andezyt / andezyt bazaltowy,strefa subdukcji / skorupa oceaniczna (< 15 km),Wulkan,"Global Volcanism Program, 2013. Volcanoes of the World, v. 4.11.0. Venzke, E (ed.). Smithsonian Institution. Downloaded 20 Jun 2022. https://doi.org/10.5479/si.GVP.VOTW4-2013"
"695",Gamalama,"2016",Indonezja,stratowulkan,erupcja zaobserwowana,andezyt / andezyt bazaltowy,strefa subdukcji / skorupa oceaniczna (< 15 km),Wulkan,"Global Volcanism Program, 2013. Volcanoes of the World, v. 4.11.0. Venzke, E (ed.). Smithsonian Institution. Downloaded 20 Jun 2022. https://doi.org/10.5479/si.GVP.VOTW4-2013"
"699",Makian,"1988",Indonezja,stratowulkan,erupcja zaobserwowana,andezyt / andezyt bazaltowy,strefa subdukcji / skorupa oceaniczna (< 15 km),Wulkan,"Global Volcanism Program, 2013. Volcanoes of the World, v. 4.11.0. Venzke, E (ed.). Smithsonian Institution. Downloaded 20 Jun 2022. https://doi.org/10.5479/si.GVP.VOTW4-2013"
"704",Parker,"1641",Filipiny,stratowulkan,erupcja zaobserwowana,andezyt / andezyt bazaltowy,strefa subdukcji / skorupa kontynentalna (>25 km),Wulkan,"Global Volcanism Program, 2013. Volcanoes of the World, v. 4.11.0. Venzke, E (ed.). Smithsonian Institution. Downloaded 20 Jun 2022. https://doi.org/10.5479/si.GVP.VOTW4-2013"
"705",Matutum,"1290",Filipiny,stratowulkan,erupcja datowana,andezyt / andezyt bazaltowy,strefa subdukcji / skorupa kontynentalna (>25 km),Wulkan,"Global Volcanism Program, 2013. Volcanoes of the World, v. 4.11.0. Venzke, E (ed.). Smithsonian Institution. Downloaded 20 Jun 2022. https://doi.org/10.5479/si.GVP.VOTW4-2013"
"707",Leonard Range,"120",Filipiny,stratowulkan,erupcja datowana,andezyt / andezyt bazaltowy,strefa subdukcji / skorupa kontynentalna (>25 km),Wulkan,"Global Volcanism Program, 2013. Volcanoes of the World, v. 4.11.0. Venzke, E (ed.). Smithsonian Institution. Downloaded 20 Jun 2022. https://doi.org/10.5479/si.GVP.VOTW4-2013"
"708",Makaturing,"1882",Filipiny,stratowulkan,erupcja zaobserwowana,bazalt / pikryt,strefa subdukcji / skorupa kontynentalna (>25 km),Wulkan,"Global Volcanism Program, 2013. Volcanoes of the World, v. 4.11.0. Venzke, E (ed.). Smithsonian Institution. Downloaded 20 Jun 2022. https://doi.org/10.5479/si.GVP.VOTW4-2013"
"764",Bezymianny,"2018",Rosja,stratowulkan,erupcja zaobserwowana,andezyt / andezyt bazaltowy,strefa subdukcji / skorupa kontynentalna (>25 km),Wulkan,"Global Volcanism Program, 2013. Volcanoes of the World, v. 4.11.0. Venzke, E (ed.). Smithsonian Institution. Downloaded 20 Jun 2022. https://doi.org/10.5479/si.GVP.VOTW4-2013"
"766",Klyuchevskoy,"2018",Rosja,stratowulkan,erupcja zaobserwowana,bazalt / pikryt,strefa subdukcji / skorupa kontynentalna (>25 km),Wulkan,"Global Volcanism Program, 2013. Volcanoes of the World, v. 4.11.0. Venzke, E (ed.). Smithsonian Institution. Downloaded 20 Jun 2022. https://doi.org/10.5479/si.GVP.VOTW4-2013"
"768",Sheveluch,"2018",Rosja,stratowulkan,erupcja zaobserwowana,andezyt / andezyt bazaltowy,strefa subdukcji / skorupa kontynentalna (>25 km),Wulkan,"Global Volcanism Program, 2013. Volcanoes of the World, v. 4.11.0. Venzke, E (ed.). Smithsonian Institution. Downloaded 20 Jun 2022. https://doi.org/10.5479/si.GVP.VOTW4-2013"
"770",Khangar,"1500",Rosja,stratowulkan,erupcja datowana,dacyt,strefa subdukcji / skorupa kontynentalna (>25 km),Wulkan,"Global Volcanism Program, 2013. Volcanoes of the World, v. 4.11.0. Venzke, E (ed.). Smithsonian Institution. Downloaded 20 Jun 2022. https://doi.org/10.5479/si.GVP.VOTW4-2013"
"112",Kambalny,"2017",Rosja,stratowulkan,erupcja datowana,bazalt / pikryt,strefa subdukcji / skorupa kontynentalna (>25 km),Wulkan,"Global Volcanism Program, 2013. Volcanoes of the World, v. 4.11.0. Venzke, E (ed.). Smithsonian Institution. Downloaded 20 Jun 2022. https://doi.org/10.5479/si.GVP.VOTW4-2013"
"114",Koshelev,"1690",Rosja,stratowulkan,erupcja zaobserwowana,bazalt / pikryt,strefa subdukcji / skorupa kontynentalna (>25 km),Wulkan,"Global Volcanism Program, 2013. Volcanoes of the World, v. 4.11.0. Venzke, E (ed.). Smithsonian Institution. Downloaded 20 Jun 2022. https://doi.org/10.5479/si.GVP.VOTW4-2013"
"115",Cagua,"1860",Filipiny,stratowulkan,erupcja zaobserwowana,andezyt / andezyt bazaltowy,strefa subdukcji / skorupa kontynentalna (>25 km),Wulkan,"Global Volcanism Program, 2013. Volcanoes of the World, v. 4.11.0. Venzke, E (ed.). Smithsonian Institution. Downloaded 20 Jun 2022. https://doi.org/10.5479/si.GVP.VOTW4-2013"
"116",Camiguin de Babuyanes,"1857",Filipiny,stratowulkan,erupcja zaobserwowana,andezyt / andezyt bazaltowy,strefa subdukcji / grubość skorupy nieznana,Wulkan,"Global Volcanism Program, 2013. Volcanoes of the World, v. 4.11.0. Venzke, E (ed.). Smithsonian Institution. Downloaded 20 Jun 2022. https://doi.org/10.5479/si.GVP.VOTW4-2013"
"887",Cereme,"1951",Indonezja,stratowulkan,erupcja zaobserwowana,andezyt / andezyt bazaltowy,strefa subdukcji / skorupa kontynentalna (>25 km),Wulkan,"Global Volcanism Program, 2013. Volcanoes of the World, v. 4.11.0. Venzke, E (ed.). Smithsonian Institution. Downloaded 20 Jun 2022. https://doi.org/10.5479/si.GVP.VOTW4-2013"
"788",Alney-Chashakondzha,"1600",Rosja,stratowulkan,erupcja datowana,bazalt / pikryt,strefa subdukcji / skorupa kontynentalna (>25 km),Wulkan,"Global Volcanism Program, 2013. Volcanoes of the World, v. 4.11.0. Venzke, E (ed.). Smithsonian Institution. Downloaded 20 Jun 2022. https://doi.org/10.5479/si.GVP.VOTW4-2013"
"800",Gorny Institute,"1250",Rosja,stratowulkan,erupcja datowana,andezyt / andezyt bazaltowy,strefa subdukcji / skorupa kontynentalna (>25 km),Wulkan,"Global Volcanism Program, 2013. Volcanoes of the World, v. 4.11.0. Venzke, E (ed.). Smithsonian Institution. Downloaded 20 Jun 2022. https://doi.org/10.5479/si.GVP.VOTW4-2013"
"825",Tinakula,"2018",Wyspy Salomona,stratowulkan,erupcja zaobserwowana,andezyt / andezyt bazaltowy,strefa subdukcji / grubość skorupy nieznana,Wulkan,"Global Volcanism Program, 2013. Volcanoes of the World, v. 4.11.0. Venzke, E (ed.). Smithsonian Institution. Downloaded 20 Jun 2022. https://doi.org/10.5479/si.GVP.VOTW4-2013"
"828",Gaua,"2022",Vanuatu,stratowulkan,erupcja zaobserwowana,andezyt / andezyt bazaltowy,strefa subdukcji / skorupa oceaniczna (< 15 km),Wulkan,"Global Volcanism Program, 2013. Volcanoes of the World, v. 4.11.0. Venzke, E (ed.). Smithsonian Institution. Downloaded 20 Jun 2022. https://doi.org/10.5479/si.GVP.VOTW4-2013"
"811",Ambitle,350 p.n.e.,Papua - Nowa Gwinea,stratowulkan,erupcja datowana,fonolitowy tefryt,strefa subdukcji / grubość skorupy nieznana,Wulkan,"Global Volcanism Program, 2013. Volcanoes of the World, v. 4.11.0. Venzke, E (ed.). Smithsonian Institution. Downloaded 20 Jun 2022. https://doi.org/10.5479/si.GVP.VOTW4-2013"
"818",Simbo,"1910",Wyspy Salomona,stratowulkan,erupcja datowana,andezyt / andezyt bazaltowy,strefa subdukcji / grubość skorupy nieznana,Wulkan,"Global Volcanism Program, 2013. Volcanoes of the World, v. 4.11.0. Venzke, E (ed.). Smithsonian Institution. Downloaded 20 Jun 2022. https://doi.org/10.5479/si.GVP.VOTW4-2013"
"824",Savo,"1847",Wyspy Salomona,stratowulkan,erupcja zaobserwowana,andezyt / andezyt bazaltowy,strefa subdukcji / grubość skorupy nieznana,Wulkan,"Global Volcanism Program, 2013. Volcanoes of the World, v. 4.11.0. Venzke, E (ed.). Smithsonian Institution. Downloaded 20 Jun 2022. https://doi.org/10.5479/si.GVP.VOTW4-2013"
"832",Lopevi,"2007",Vanuatu,stratowulkan,erupcja zaobserwowana,bazalt / pikryt,strefa subdukcji / skorupa oceaniczna (< 15 km),Wulkan,"Global Volcanism Program, 2013. Volcanoes of the World, v. 4.11.0. Venzke, E (ed.). Smithsonian Institution. Downloaded 20 Jun 2022. https://doi.org/10.5479/si.GVP.VOTW4-2013"
"833",Epi,"2004",Vanuatu,stratowulkan,erupcja zaobserwowana,bazalt / pikryt,strefa subdukcji / skorupa oceaniczna (< 15 km),Wulkan,"Global Volcanism Program, 2013. Volcanoes of the World, v. 4.11.0. Venzke, E (ed.). Smithsonian Institution. Downloaded 20 Jun 2022. https://doi.org/10.5479/si.GVP.VOTW4-2013"
"837",Traitor's Head,"1881",Vanuatu,stratowulkan,erupcja zaobserwowana,bazalt / pikryt,strefa subdukcji / skorupa oceaniczna (< 15 km),Wulkan,"Global Volcanism Program, 2013. Volcanoes of the World, v. 4.11.0. Venzke, E (ed.). Smithsonian Institution. Downloaded 20 Jun 2022. https://doi.org/10.5479/si.GVP.VOTW4-2013"
"118",Babuyan Claro,"1924",Filipiny,stratowulkan,erupcja zaobserwowana,andezyt / andezyt bazaltowy,strefa subdukcji / grubość skorupy nieznana,Wulkan,"Global Volcanism Program, 2013. Volcanoes of the World, v. 4.11.0. Venzke, E (ed.). Smithsonian Institution. Downloaded 20 Jun 2022. https://doi.org/10.5479/si.GVP.VOTW4-2013"
"120",Iraya,"1454",Filipiny,stratowulkan,erupcja zaobserwowana,andezyt / andezyt bazaltowy,strefa subdukcji / grubość skorupy nieznana,Wulkan,"Global Volcanism Program, 2013. Volcanoes of the World, v. 4.11.0. Venzke, E (ed.). Smithsonian Institution. Downloaded 20 Jun 2022. https://doi.org/10.5479/si.GVP.VOTW4-2013"
"133",Kueishantao,"1785",Tajwan,stratowulkan,erupcja zaobserwowana,andezyt / andezyt bazaltowy,strefa subdukcji / skorupa kontynentalna (>25 km),Wulkan,"Global Volcanism Program, 2013. Volcanoes of the World, v. 4.11.0. Venzke, E (ed.). Smithsonian Institution. Downloaded 20 Jun 2022. https://doi.org/10.5479/si.GVP.VOTW4-2013"
"137",Yokoate-jima,"1835",Japonia,stratowulkan,erupcja zaobserwowana,andezyt / andezyt bazaltowy,strefa subdukcji / skorupa oceaniczna (< 15 km),Wulkan,"Global Volcanism Program, 2013. Volcanoes of the World, v. 4.11.0. Venzke, E (ed.). Smithsonian Institution. Downloaded 20 Jun 2022. https://doi.org/10.5479/si.GVP.VOTW4-2013"
"838",Yasur,"2018",Vanuatu,stratowulkan,erupcja zaobserwowana,andezyt / andezyt bazaltowy,strefa subdukcji / skorupa oceaniczna (< 15 km),Wulkan,"Global Volcanism Program, 2013. Volcanoes of the World, v. 4.11.0. Venzke, E (ed.). Smithsonian Institution. Downloaded 20 Jun 2022. https://doi.org/10.5479/si.GVP.VOTW4-2013"
"841",Matthew Island,"1956",Francja,stratowulkan,erupcja zaobserwowana,andezyt / andezyt bazaltowy,strefa subdukcji / grubość skorupy nieznana,Wulkan,"Global Volcanism Program, 2013. Volcanoes of the World, v. 4.11.0. Venzke, E (ed.). Smithsonian Institution. Downloaded 20 Jun 2022. https://doi.org/10.5479/si.GVP.VOTW4-2013"
"842",Hunter Island,"1903",Francja,stratowulkan,erupcja zaobserwowana,andezyt / andezyt bazaltowy,strefa subdukcji / grubość skorupy nieznana,Wulkan,"Global Volcanism Program, 2013. Volcanoes of the World, v. 4.11.0. Venzke, E (ed.). Smithsonian Institution. Downloaded 20 Jun 2022. https://doi.org/10.5479/si.GVP.VOTW4-2013"
"845",Barren Island,"2017",Indie,stratowulkan,erupcja zaobserwowana,bazalt / pikryt,strefa subdukcji / skorupa kontynentalna (>25 km),Wulkan,"Global Volcanism Program, 2013. Volcanoes of the World, v. 4.11.0. Venzke, E (ed.). Smithsonian Institution. Downloaded 20 Jun 2022. https://doi.org/10.5479/si.GVP.VOTW4-2013"
"846",Seulawah Agam,"1839",Indonezja,stratowulkan,erupcja zaobserwowana,andezyt / andezyt bazaltowy,strefa subdukcji / skorupa kontynentalna (>25 km),Wulkan,"Global Volcanism Program, 2013. Volcanoes of the World, v. 4.11.0. Venzke, E (ed.). Smithsonian Institution. Downloaded 20 Jun 2022. https://doi.org/10.5479/si.GVP.VOTW4-2013"
"848","Telong, Bur ni","1937",Indonezja,stratowulkan,erupcja zaobserwowana,andezyt / andezyt bazaltowy,strefa subdukcji / skorupa kontynentalna (>25 km),Wulkan,"Global Volcanism Program, 2013. Volcanoes of the World, v. 4.11.0. Venzke, E (ed.). Smithsonian Institution. Downloaded 20 Jun 2022. https://doi.org/10.5479/si.GVP.VOTW4-2013"
"850",Sinabung,"2018",Indonezja,stratowulkan,erupcja zaobserwowana,andezyt / andezyt bazaltowy,strefa subdukcji / skorupa kontynentalna (>25 km),Wulkan,"Global Volcanism Program, 2013. Volcanoes of the World, v. 4.11.0. Venzke, E (ed.). Smithsonian Institution. Downloaded 20 Jun 2022. https://doi.org/10.5479/si.GVP.VOTW4-2013"
"139",Suwanosejima,"2018",Japonia,stratowulkan,erupcja zaobserwowana,andezyt / andezyt bazaltowy,strefa subdukcji / skorupa oceaniczna (< 15 km),Wulkan,"Global Volcanism Program, 2013. Volcanoes of the World, v. 4.11.0. Venzke, E (ed.). Smithsonian Institution. Downloaded 20 Jun 2022. https://doi.org/10.5479/si.GVP.VOTW4-2013"
"140",Nakanoshima,"1914",Japonia,stratowulkan,erupcja zaobserwowana,andezyt / andezyt bazaltowy,strefa subdukcji / skorupa oceaniczna (< 15 km),Wulkan,"Global Volcanism Program, 2013. Volcanoes of the World, v. 4.11.0. Venzke, E (ed.). Smithsonian Institution. Downloaded 20 Jun 2022. https://doi.org/10.5479/si.GVP.VOTW4-2013"
"854",Sorikmarapi,"1986",Indonezja,stratowulkan,erupcja zaobserwowana,andezyt / andezyt bazaltowy,strefa subdukcji / skorupa kontynentalna (>25 km),Wulkan,"Global Volcanism Program, 2013. Volcanoes of the World, v. 4.11.0. Venzke, E (ed.). Smithsonian Institution. Downloaded 20 Jun 2022. https://doi.org/10.5479/si.GVP.VOTW4-2013"
"859",Tandikat-Singgalang,"1924",Indonezja,stratowulkan,erupcja zaobserwowana,andezyt / andezyt bazaltowy,strefa subdukcji / skorupa kontynentalna (>25 km),Wulkan,"Global Volcanism Program, 2013. Volcanoes of the World, v. 4.11.0. Venzke, E (ed.). Smithsonian Institution. Downloaded 20 Jun 2022. https://doi.org/10.5479/si.GVP.VOTW4-2013"
"860",Talang,"2007",Indonezja,stratowulkan,erupcja zaobserwowana,andezyt / andezyt bazaltowy,strefa subdukcji / skorupa kontynentalna (>25 km),Wulkan,"Global Volcanism Program, 2013. Volcanoes of the World, v. 4.11.0. Venzke, E (ed.). Smithsonian Institution. Downloaded 20 Jun 2022. https://doi.org/10.5479/si.GVP.VOTW4-2013"
"861",Kerinci,"2018",Indonezja,stratowulkan,erupcja zaobserwowana,andezyt / andezyt bazaltowy,strefa subdukcji / skorupa kontynentalna (>25 km),Wulkan,"Global Volcanism Program, 2013. Volcanoes of the World, v. 4.11.0. Venzke, E (ed.). Smithsonian Institution. Downloaded 20 Jun 2022. https://doi.org/10.5479/si.GVP.VOTW4-2013"
"862",Sumbing,"1921",Indonezja,stratowulkan,erupcja zaobserwowana,andezyt / andezyt bazaltowy,strefa subdukcji / skorupa kontynentalna (>25 km),Wulkan,"Global Volcanism Program, 2013. Volcanoes of the World, v. 4.11.0. Venzke, E (ed.). Smithsonian Institution. Downloaded 20 Jun 2022. https://doi.org/10.5479/si.GVP.VOTW4-2013"
"866",Dempo,"2022",Indonezja,stratowulkan,erupcja zaobserwowana,andezyt / andezyt bazaltowy,strefa subdukcji / skorupa kontynentalna (>25 km),Wulkan,"Global Volcanism Program, 2013. Volcanoes of the World, v. 4.11.0. Venzke, E (ed.). Smithsonian Institution. Downloaded 20 Jun 2022. https://doi.org/10.5479/si.GVP.VOTW4-2013"
"865",Kaba,"2000",Indonezja,stratowulkan,erupcja zaobserwowana,andezyt / andezyt bazaltowy,strefa subdukcji / skorupa kontynentalna (>25 km),Wulkan,"Global Volcanism Program, 2013. Volcanoes of the World, v. 4.11.0. Venzke, E (ed.). Smithsonian Institution. Downloaded 20 Jun 2022. https://doi.org/10.5479/si.GVP.VOTW4-2013"
"876",Perbakti-Gagak,"1939",Indonezja,stratowulkan,erupcja zaobserwowana,andezyt / andezyt bazaltowy,strefa subdukcji / skorupa kontynentalna (>25 km),Wulkan,"Global Volcanism Program, 2013. Volcanoes of the World, v. 4.11.0. Venzke, E (ed.). Smithsonian Institution. Downloaded 20 Jun 2022. https://doi.org/10.5479/si.GVP.VOTW4-2013"
"877",Salak,"1938",Indonezja,stratowulkan,erupcja zaobserwowana,andezyt / andezyt bazaltowy,strefa subdukcji / skorupa kontynentalna (>25 km),Wulkan,"Global Volcanism Program, 2013. Volcanoes of the World, v. 4.11.0. Venzke, E (ed.). Smithsonian Institution. Downloaded 20 Jun 2022. https://doi.org/10.5479/si.GVP.VOTW4-2013"
"878",Gede-Pangrango,"1957",Indonezja,stratowulkan,erupcja zaobserwowana,andezyt / andezyt bazaltowy,strefa subdukcji / skorupa kontynentalna (>25 km),Wulkan,"Global Volcanism Program, 2013. Volcanoes of the World, v. 4.11.0. Venzke, E (ed.). Smithsonian Institution. Downloaded 20 Jun 2022. https://doi.org/10.5479/si.GVP.VOTW4-2013"
"880",Tangkubanparahu,"2013",Indonezja,stratowulkan,erupcja zaobserwowana,andezyt / andezyt bazaltowy,strefa subdukcji / skorupa kontynentalna (>25 km),Wulkan,"Global Volcanism Program, 2013. Volcanoes of the World, v. 4.11.0. Venzke, E (ed.). Smithsonian Institution. Downloaded 20 Jun 2022. https://doi.org/10.5479/si.GVP.VOTW4-2013"
"14",Lipari,"1230",Włochy,stratowulkan,erupcja datowana,ryolit,strefa subdukcji / skorupa kontynentalna (>25 km),Wulkan,"Global Volcanism Program, 2013. Volcanoes of the World, v. 4.11.0. Venzke, E (ed.). Smithsonian Institution. Downloaded 20 Jun 2022. https://doi.org/10.5479/si.GVP.VOTW4-2013"
"895",Merapi,"2022",Indonezja,stratowulkan,erupcja zaobserwowana,andezyt / andezyt bazaltowy,strefa subdukcji / skorupa kontynentalna (>25 km),Wulkan,"Global Volcanism Program, 2013. Volcanoes of the World, v. 4.11.0. Venzke, E (ed.). Smithsonian Institution. Downloaded 20 Jun 2022. https://doi.org/10.5479/si.GVP.VOTW4-2013"
"881",Papandayan,"2002",Indonezja,stratowulkan,erupcja zaobserwowana,andezyt / andezyt bazaltowy,strefa subdukcji / skorupa kontynentalna (>25 km),Wulkan,"Global Volcanism Program, 2013. Volcanoes of the World, v. 4.11.0. Venzke, E (ed.). Smithsonian Institution. Downloaded 20 Jun 2022. https://doi.org/10.5479/si.GVP.VOTW4-2013"
"885",Galunggung,"1984",Indonezja,stratowulkan,erupcja zaobserwowana,bazalt / pikryt,strefa subdukcji / skorupa kontynentalna (>25 km),Wulkan,"Global Volcanism Program, 2013. Volcanoes of the World, v. 4.11.0. Venzke, E (ed.). Smithsonian Institution. Downloaded 20 Jun 2022. https://doi.org/10.5479/si.GVP.VOTW4-2013"
"888",Slamet,"2014",Indonezja,stratowulkan,erupcja zaobserwowana,bazalt / pikryt,strefa subdukcji / skorupa kontynentalna (>25 km),Wulkan,"Global Volcanism Program, 2013. Volcanoes of the World, v. 4.11.0. Venzke, E (ed.). Smithsonian Institution. Downloaded 20 Jun 2022. https://doi.org/10.5479/si.GVP.VOTW4-2013"
"890",Sundoro,"1971",Indonezja,stratowulkan,erupcja zaobserwowana,andezyt / andezyt bazaltowy,strefa subdukcji / skorupa kontynentalna (>25 km),Wulkan,"Global Volcanism Program, 2013. Volcanoes of the World, v. 4.11.0. Venzke, E (ed.). Smithsonian Institution. Downloaded 20 Jun 2022. https://doi.org/10.5479/si.GVP.VOTW4-2013"
"891",Sumbing,"1730",Indonezja,stratowulkan,erupcja zaobserwowana,andezyt / andezyt bazaltowy,strefa subdukcji / skorupa kontynentalna (>25 km),Wulkan,"Global Volcanism Program, 2013. Volcanoes of the World, v. 4.11.0. Venzke, E (ed.). Smithsonian Institution. Downloaded 20 Jun 2022. https://doi.org/10.5479/si.GVP.VOTW4-2013"
"162",Norikuradake,50 p.n.e.,Japonia,stratowulkan,erupcja datowana,andezyt / andezyt bazaltowy,strefa subdukcji / skorupa kontynentalna (>25 km),Wulkan,"Global Volcanism Program, 2013. Volcanoes of the World, v. 4.11.0. Venzke, E (ed.). Smithsonian Institution. Downloaded 20 Jun 2022. https://doi.org/10.5479/si.GVP.VOTW4-2013"
"166",Midagahara,"1839",Japonia,stratowulkan,erupcja zaobserwowana,andezyt / andezyt bazaltowy,strefa subdukcji / skorupa kontynentalna (>25 km),Wulkan,"Global Volcanism Program, 2013. Volcanoes of the World, v. 4.11.0. Venzke, E (ed.). Smithsonian Institution. Downloaded 20 Jun 2022. https://doi.org/10.5479/si.GVP.VOTW4-2013"
"178",Takaharayama,4570 p.n.e.,Japonia,stratowulkan,erupcja datowana,andezyt / andezyt bazaltowy,strefa subdukcji / skorupa kontynentalna (>25 km),Wulkan,"Global Volcanism Program, 2013. Volcanoes of the World, v. 4.11.0. Venzke, E (ed.). Smithsonian Institution. Downloaded 20 Jun 2022. https://doi.org/10.5479/si.GVP.VOTW4-2013"
"179",Nasudake,"1963",Japonia,stratowulkan,erupcja zaobserwowana,andezyt / andezyt bazaltowy,strefa subdukcji / skorupa kontynentalna (>25 km),Wulkan,"Global Volcanism Program, 2013. Volcanoes of the World, v. 4.11.0. Venzke, E (ed.). Smithsonian Institution. Downloaded 20 Jun 2022. https://doi.org/10.5479/si.GVP.VOTW4-2013"
"182",Adatarayama,"1996",Japonia,stratowulkan,erupcja zaobserwowana,andezyt / andezyt bazaltowy,strefa subdukcji / skorupa kontynentalna (>25 km),Wulkan,"Global Volcanism Program, 2013. Volcanoes of the World, v. 4.11.0. Venzke, E (ed.). Smithsonian Institution. Downloaded 20 Jun 2022. https://doi.org/10.5479/si.GVP.VOTW4-2013"
"141",Kuchinoshima,"1190",Japonia,stratowulkan,erupcja datowana,andezyt / andezyt bazaltowy,strefa subdukcji / skorupa oceaniczna (< 15 km),Wulkan,"Global Volcanism Program, 2013. Volcanoes of the World, v. 4.11.0. Venzke, E (ed.). Smithsonian Institution. Downloaded 20 Jun 2022. https://doi.org/10.5479/si.GVP.VOTW4-2013"
"897",Lawu,"1885",Indonezja,stratowulkan,erupcja zaobserwowana,andezyt / andezyt bazaltowy,strefa subdukcji / skorupa kontynentalna (>25 km),Wulkan,"Global Volcanism Program, 2013. Volcanoes of the World, v. 4.11.0. Venzke, E (ed.). Smithsonian Institution. Downloaded 20 Jun 2022. https://doi.org/10.5479/si.GVP.VOTW4-2013"
"899",Kelut,"2014",Indonezja,stratowulkan,erupcja zaobserwowana,andezyt / andezyt bazaltowy,strefa subdukcji / skorupa kontynentalna (>25 km),Wulkan,"Global Volcanism Program, 2013. Volcanoes of the World, v. 4.11.0. Venzke, E (ed.). Smithsonian Institution. Downloaded 20 Jun 2022. https://doi.org/10.5479/si.GVP.VOTW4-2013"
"191",Hachimantai,5350 p.n.e.,Japonia,stratowulkan,erupcja datowana,andezyt / andezyt bazaltowy,strefa subdukcji / skorupa kontynentalna (>25 km),Wulkan,"Global Volcanism Program, 2013. Volcanoes of the World, v. 4.11.0. Venzke, E (ed.). Smithsonian Institution. Downloaded 20 Jun 2022. https://doi.org/10.5479/si.GVP.VOTW4-2013"
"192",Akita-Yakeyama,"1997",Japonia,stratowulkan,erupcja zaobserwowana,andezyt / andezyt bazaltowy,strefa subdukcji / skorupa kontynentalna (>25 km),Wulkan,"Global Volcanism Program, 2013. Volcanoes of the World, v. 4.11.0. Venzke, E (ed.). Smithsonian Institution. Downloaded 20 Jun 2022. https://doi.org/10.5479/si.GVP.VOTW4-2013"
"194",Iwakisan,"1863",Japonia,stratowulkan,erupcja zaobserwowana,andezyt / andezyt bazaltowy,strefa subdukcji / skorupa kontynentalna (>25 km),Wulkan,"Global Volcanism Program, 2013. Volcanoes of the World, v. 4.11.0. Venzke, E (ed.). Smithsonian Institution. Downloaded 20 Jun 2022. https://doi.org/10.5479/si.GVP.VOTW4-2013"
"196",Hakkodasan,"1550",Japonia,stratowulkan,erupcja datowana,andezyt / andezyt bazaltowy,strefa subdukcji / skorupa kontynentalna (>25 km),Wulkan,"Global Volcanism Program, 2013. Volcanoes of the World, v. 4.11.0. Venzke, E (ed.). Smithsonian Institution. Downloaded 20 Jun 2022. https://doi.org/10.5479/si.GVP.VOTW4-2013"
"198",Izu-Oshima,"1990",Japonia,stratowulkan,erupcja zaobserwowana,bazalt / pikryt,strefa subdukcji / skorupa oceaniczna (< 15 km),Wulkan,"Global Volcanism Program, 2013. Volcanoes of the World, v. 4.11.0. Venzke, E (ed.). Smithsonian Institution. Downloaded 20 Jun 2022. https://doi.org/10.5479/si.GVP.VOTW4-2013"
"202",Miyakejima,"2010",Japonia,stratowulkan,erupcja zaobserwowana,bazalt / pikryt,strefa subdukcji / skorupa oceaniczna (< 15 km),Wulkan,"Global Volcanism Program, 2013. Volcanoes of the World, v. 4.11.0. Venzke, E (ed.). Smithsonian Institution. Downloaded 20 Jun 2022. https://doi.org/10.5479/si.GVP.VOTW4-2013"
"203",Mikurajima,4100 p.n.e.,Japonia,stratowulkan,erupcja datowana,bazalt / pikryt,strefa subdukcji / skorupa oceaniczna (< 15 km),Wulkan,"Global Volcanism Program, 2013. Volcanoes of the World, v. 4.11.0. Venzke, E (ed.). Smithsonian Institution. Downloaded 20 Jun 2022. https://doi.org/10.5479/si.GVP.VOTW4-2013"
"205",Hachijojima,"1606",Japonia,stratowulkan,erupcja zaobserwowana,bazalt / pikryt,strefa subdukcji / skorupa oceaniczna (< 15 km),Wulkan,"Global Volcanism Program, 2013. Volcanoes of the World, v. 4.11.0. Venzke, E (ed.). Smithsonian Institution. Downloaded 20 Jun 2022. https://doi.org/10.5479/si.GVP.VOTW4-2013"
"206",Aogashima,"1785",Japonia,stratowulkan,erupcja zaobserwowana,bazalt / pikryt,strefa subdukcji / skorupa oceaniczna (< 15 km),Wulkan,"Global Volcanism Program, 2013. Volcanoes of the World, v. 4.11.0. Venzke, E (ed.). Smithsonian Institution. Downloaded 20 Jun 2022. https://doi.org/10.5479/si.GVP.VOTW4-2013"
"941",Garibaldi,8060 p.n.e.,Kanada,stratowulkan,erupcja datowana,dacyt,strefa subdukcji / skorupa kontynentalna (>25 km),Wulkan,"Global Volcanism Program, 2013. Volcanoes of the World, v. 4.11.0. Venzke, E (ed.). Smithsonian Institution. Downloaded 20 Jun 2022. https://doi.org/10.5479/si.GVP.VOTW4-2013"
"1016","Plat Pays, Morne","1270",Dominika,stratowulkan,erupcja datowana,dacyt,strefa subdukcji / skorupa oceaniczna (< 15 km),Wulkan,"Global Volcanism Program, 2013. Volcanoes of the World, v. 4.11.0. Venzke, E (ed.). Smithsonian Institution. Downloaded 20 Jun 2022. https://doi.org/10.5479/si.GVP.VOTW4-2013"
"1066",Furnas,"1630",Portugalia,stratowulkan,erupcja zaobserwowana,trachit,strefa ryftowa / skorupa oceaniczna (< 15 km),Wulkan,"Global Volcanism Program, 2013. Volcanoes of the World, v. 4.11.0. Venzke, E (ed.). Smithsonian Institution. Downloaded 20 Jun 2022. https://doi.org/10.5479/si.GVP.VOTW4-2013"
"1146",Machin,"1180",Kolumbia,stratowulkan,erupcja datowana,dacyt,strefa subdukcji / skorupa kontynentalna (>25 km),Wulkan,"Global Volcanism Program, 2013. Volcanoes of the World, v. 4.11.0. Venzke, E (ed.). Smithsonian Institution. Downloaded 20 Jun 2022. https://doi.org/10.5479/si.GVP.VOTW4-2013"
"1069",La Palma,"1971",Hiszpania,stratowulkan,erupcja zaobserwowana,tefryt / trachybazalt,strefa subdukcji / skorupa oceaniczna (< 15 km),Wulkan,"Global Volcanism Program, 2013. Volcanoes of the World, v. 4.11.0. Venzke, E (ed.). Smithsonian Institution. Downloaded 20 Jun 2022. https://doi.org/10.5479/si.GVP.VOTW4-2013"
"1071",Tenerife,"1909",Hiszpania,stratowulkan,erupcja zaobserwowana,fonolit,strefa subdukcji / skorupa oceaniczna (< 15 km),Wulkan,"Global Volcanism Program, 2013. Volcanoes of the World, v. 4.11.0. Venzke, E (ed.). Smithsonian Institution. Downloaded 20 Jun 2022. https://doi.org/10.5479/si.GVP.VOTW4-2013"
"1075",Fogo,"2015",Wyspy Zielonego Przylądka,stratowulkan,erupcja zaobserwowana,foidyt,strefa subdukcji / skorupa pośrednia (15-25 km),Wulkan,"Global Volcanism Program, 2013. Volcanoes of the World, v. 4.11.0. Venzke, E (ed.). Smithsonian Institution. Downloaded 20 Jun 2022. https://doi.org/10.5479/si.GVP.VOTW4-2013"
"350",Rungwe,"1250",Tanzania,stratowulkan,erupcja datowana,trachit,strefa ryftowa / skorupa kontynentalna (>25 km),Wulkan,"Global Volcanism Program, 2013. Volcanoes of the World, v. 4.11.0. Venzke, E (ed.). Smithsonian Institution. Downloaded 20 Jun 2022. https://doi.org/10.5479/si.GVP.VOTW4-2013"
"351",Kyejo,"1800",Tanzania,stratowulkan,erupcja zaobserwowana,trachit,strefa ryftowa / skorupa kontynentalna (>25 km),Wulkan,"Global Volcanism Program, 2013. Volcanoes of the World, v. 4.11.0. Venzke, E (ed.). Smithsonian Institution. Downloaded 20 Jun 2022. https://doi.org/10.5479/si.GVP.VOTW4-2013"
"359",Karisimbi,8050 p.n.e.,Demokratyczna Republika Konga - Rwanda,stratowulkan,erupcja datowana,tefryt / trachybazalt,strefa ryftowa / skorupa kontynentalna (>25 km),Wulkan,"Global Volcanism Program, 2013. Volcanoes of the World, v. 4.11.0. Venzke, E (ed.). Smithsonian Institution. Downloaded 20 Jun 2022. https://doi.org/10.5479/si.GVP.VOTW4-2013"
"367",Cameroon,"2000",Kamerun,stratowulkan,erupcja zaobserwowana,tefryt / trachybazalt,strefa subdukcji / skorupa kontynentalna (>25 km),Wulkan,"Global Volcanism Program, 2013. Volcanoes of the World, v. 4.11.0. Venzke, E (ed.). Smithsonian Institution. Downloaded 20 Jun 2022. https://doi.org/10.5479/si.GVP.VOTW4-2013"
"1081",Nightingale Island,"2004",Wielka Brytania,stratowulkan,erupcja zaobserwowana,trachit,strefa ryftowa / skorupa oceaniczna (< 15 km),Wulkan,"Global Volcanism Program, 2013. Volcanoes of the World, v. 4.11.0. Venzke, E (ed.). Smithsonian Institution. Downloaded 20 Jun 2022. https://doi.org/10.5479/si.GVP.VOTW4-2013"
"983",Carrizozo,3250 p.n.e.,Stany Zjednoczone,stożkowy,erupcja datowana,bazalt / pikryt,strefa ryftowa / skorupa kontynentalna (>25 km),Wulkan,"Global Volcanism Program, 2013. Volcanoes of the World, v. 4.11.0. Venzke, E (ed.). Smithsonian Institution. Downloaded 20 Jun 2022. https://doi.org/10.5479/si.GVP.VOTW4-2013"
"1267","Toluca, Nevado de",1350 p.n.e.,Meksyk,stratowulkan,erupcja datowana,andezyt / andezyt bazaltowy,strefa subdukcji / skorupa kontynentalna (>25 km),Wulkan,"Global Volcanism Program, 2013. Volcanoes of the World, v. 4.11.0. Venzke, E (ed.). Smithsonian Institution. Downloaded 20 Jun 2022. https://doi.org/10.5479/si.GVP.VOTW4-2013"
"1142","Bravo, Cerro","1720",Kolumbia,stratowulkan,erupcja datowana,dacyt,strefa subdukcji / skorupa kontynentalna (>25 km),Wulkan,"Global Volcanism Program, 2013. Volcanoes of the World, v. 4.11.0. Venzke, E (ed.). Smithsonian Institution. Downloaded 20 Jun 2022. https://doi.org/10.5479/si.GVP.VOTW4-2013"
"1339",Socompa,5250 p.n.e.,Chile - Argentyna,stratowulkan,erupcja datowana,dacyt,strefa subdukcji / skorupa kontynentalna (>25 km),Wulkan,"Global Volcanism Program, 2013. Volcanoes of the World, v. 4.11.0. Venzke, E (ed.). Smithsonian Institution. Downloaded 20 Jun 2022. https://doi.org/10.5479/si.GVP.VOTW4-2013"
"1340",Llullaillaco,"1877",Chile - Argentyna,stratowulkan,erupcja zaobserwowana,dacyt,strefa subdukcji / skorupa kontynentalna (>25 km),Wulkan,"Global Volcanism Program, 2013. Volcanoes of the World, v. 4.11.0. Venzke, E (ed.). Smithsonian Institution. Downloaded 20 Jun 2022. https://doi.org/10.5479/si.GVP.VOTW4-2013"
"131",Unnamed,brak danych,Tajwan,podwodny,brak dowodów na wybuch,"-",strefa subdukcji / skorupa kontynentalna (>25 km),Wulkan,"Global Volcanism Program, 2013. Volcanoes of the World, v. 4.11.0. Venzke, E (ed.). Smithsonian Institution. Downloaded 20 Jun 2022. https://doi.org/10.5479/si.GVP.VOTW4-2013"
"1348","Ojos del Salado, Nevados","750",Chile - Argentyna,stratowulkan,erupcja datowana,dacyt,strefa subdukcji / skorupa kontynentalna (>25 km),Wulkan,"Global Volcanism Program, 2013. Volcanoes of the World, v. 4.11.0. Venzke, E (ed.). Smithsonian Institution. Downloaded 20 Jun 2022. https://doi.org/10.5479/si.GVP.VOTW4-2013"
"783",Anaun,brak danych,Rosja,stratowulkan,brak dowodów na wybuch,bazalt / pikryt,strefa subdukcji / skorupa kontynentalna (>25 km),Wulkan,"Global Volcanism Program, 2013. Volcanoes of the World, v. 4.11.0. Venzke, E (ed.). Smithsonian Institution. Downloaded 20 Jun 2022. https://doi.org/10.5479/si.GVP.VOTW4-2013"
"1359",Tupungatito,"1987",Chile - Argentyna,stratowulkan,erupcja zaobserwowana,andezyt / andezyt bazaltowy,strefa subdukcji / skorupa kontynentalna (>25 km),Wulkan,"Global Volcanism Program, 2013. Volcanoes of the World, v. 4.11.0. Venzke, E (ed.). Smithsonian Institution. Downloaded 20 Jun 2022. https://doi.org/10.5479/si.GVP.VOTW4-2013"
"1360",San Jose,"1960",Chile - Argentyna,stratowulkan,erupcja zaobserwowana,andezyt / andezyt bazaltowy,strefa subdukcji / skorupa kontynentalna (>25 km),Wulkan,"Global Volcanism Program, 2013. Volcanoes of the World, v. 4.11.0. Venzke, E (ed.). Smithsonian Institution. Downloaded 20 Jun 2022. https://doi.org/10.5479/si.GVP.VOTW4-2013"
"1365",Tinguiririca,"1917",Chile,stratowulkan,erupcja zaobserwowana,andezyt / andezyt bazaltowy,strefa subdukcji / skorupa kontynentalna (>25 km),Wulkan,"Global Volcanism Program, 2013. Volcanoes of the World, v. 4.11.0. Venzke, E (ed.). Smithsonian Institution. Downloaded 20 Jun 2022. https://doi.org/10.5479/si.GVP.VOTW4-2013"
"1366",Planchon-Peteroa,"2011",Chile,stratowulkan,erupcja zaobserwowana,andezyt / andezyt bazaltowy,strefa subdukcji / skorupa kontynentalna (>25 km),Wulkan,"Global Volcanism Program, 2013. Volcanoes of the World, v. 4.11.0. Venzke, E (ed.). Smithsonian Institution. Downloaded 20 Jun 2022. https://doi.org/10.5479/si.GVP.VOTW4-2013"
"1369",Descabezado Grande,"1933",Chile,stratowulkan,erupcja zaobserwowana,andezyt / andezyt bazaltowy,strefa subdukcji / skorupa kontynentalna (>25 km),Wulkan,"Global Volcanism Program, 2013. Volcanoes of the World, v. 4.11.0. Venzke, E (ed.). Smithsonian Institution. Downloaded 20 Jun 2022. https://doi.org/10.5479/si.GVP.VOTW4-2013"
"1370","Azul, Cerro","1967",Chile,stratowulkan,erupcja zaobserwowana,dacyt,strefa subdukcji / skorupa kontynentalna (>25 km),Wulkan,"Global Volcanism Program, 2013. Volcanoes of the World, v. 4.11.0. Venzke, E (ed.). Smithsonian Institution. Downloaded 20 Jun 2022. https://doi.org/10.5479/si.GVP.VOTW4-2013"
"663","Tara, Batu","2015",Indonezja,stratowulkan,erupcja zaobserwowana,tefryt / trachybazalt,strefa subdukcji / skorupa oceaniczna (< 15 km),Wulkan,"Global Volcanism Program, 2013. Volcanoes of the World, v. 4.11.0. Venzke, E (ed.). Smithsonian Institution. Downloaded 20 Jun 2022. https://doi.org/10.5479/si.GVP.VOTW4-2013"
"665",Gunungapi Wetar,"1699",Indonezja,stratowulkan,erupcja zaobserwowana,andezyt / andezyt bazaltowy,strefa subdukcji / skorupa oceaniczna (< 15 km),Wulkan,"Global Volcanism Program, 2013. Volcanoes of the World, v. 4.11.0. Venzke, E (ed.). Smithsonian Institution. Downloaded 20 Jun 2022. https://doi.org/10.5479/si.GVP.VOTW4-2013"
"666",Wurlali,"1892",Indonezja,stratowulkan,erupcja zaobserwowana,andezyt / andezyt bazaltowy,strefa subdukcji / skorupa oceaniczna (< 15 km),Wulkan,"Global Volcanism Program, 2013. Volcanoes of the World, v. 4.11.0. Venzke, E (ed.). Smithsonian Institution. Downloaded 20 Jun 2022. https://doi.org/10.5479/si.GVP.VOTW4-2013"
"667",Teon,"1904",Indonezja,stratowulkan,erupcja zaobserwowana,andezyt / andezyt bazaltowy,strefa subdukcji / skorupa oceaniczna (< 15 km),Wulkan,"Global Volcanism Program, 2013. Volcanoes of the World, v. 4.11.0. Venzke, E (ed.). Smithsonian Institution. Downloaded 20 Jun 2022. https://doi.org/10.5479/si.GVP.VOTW4-2013"
"668",Nila,"1968",Indonezja,stratowulkan,erupcja zaobserwowana,andezyt / andezyt bazaltowy,strefa subdukcji / skorupa oceaniczna (< 15 km),Wulkan,"Global Volcanism Program, 2013. Volcanoes of the World, v. 4.11.0. Venzke, E (ed.). Smithsonian Institution. Downloaded 20 Jun 2022. https://doi.org/10.5479/si.GVP.VOTW4-2013"
"1373","Longavi, Nevado de",4890 p.n.e.,Chile,stratowulkan,erupcja datowana,andezyt / andezyt bazaltowy,strefa subdukcji / skorupa kontynentalna (>25 km),Wulkan,"Global Volcanism Program, 2013. Volcanoes of the World, v. 4.11.0. Venzke, E (ed.). Smithsonian Institution. Downloaded 20 Jun 2022. https://doi.org/10.5479/si.GVP.VOTW4-2013"
"1378","Chillan, Nevados de","2018",Chile,stratowulkan,erupcja zaobserwowana,andezyt / andezyt bazaltowy,strefa subdukcji / skorupa kontynentalna (>25 km),Wulkan,"Global Volcanism Program, 2013. Volcanoes of the World, v. 4.11.0. Venzke, E (ed.). Smithsonian Institution. Downloaded 20 Jun 2022. https://doi.org/10.5479/si.GVP.VOTW4-2013"
"714",Camiguin,"1953",Filipiny,stratowulkan,erupcja zaobserwowana,andezyt / andezyt bazaltowy,strefa subdukcji / skorupa kontynentalna (>25 km),Wulkan,"Global Volcanism Program, 2013. Volcanoes of the World, v. 4.11.0. Venzke, E (ed.). Smithsonian Institution. Downloaded 20 Jun 2022. https://doi.org/10.5479/si.GVP.VOTW4-2013"
"716",Kanlaon,"2017",Filipiny,stratowulkan,erupcja zaobserwowana,andezyt / andezyt bazaltowy,strefa subdukcji / skorupa kontynentalna (>25 km),Wulkan,"Global Volcanism Program, 2013. Volcanoes of the World, v. 4.11.0. Venzke, E (ed.). Smithsonian Institution. Downloaded 20 Jun 2022. https://doi.org/10.5479/si.GVP.VOTW4-2013"
"719",Cabalían,"1820",Filipiny,stratowulkan,erupcja datowana,andezyt / andezyt bazaltowy,strefa subdukcji / skorupa kontynentalna (>25 km),Wulkan,"Global Volcanism Program, 2013. Volcanoes of the World, v. 4.11.0. Venzke, E (ed.). Smithsonian Institution. Downloaded 20 Jun 2022. https://doi.org/10.5479/si.GVP.VOTW4-2013"
"722",Bulusan,"2017",Filipiny,stratowulkan,erupcja zaobserwowana,andezyt / andezyt bazaltowy,strefa subdukcji / skorupa kontynentalna (>25 km),Wulkan,"Global Volcanism Program, 2013. Volcanoes of the World, v. 4.11.0. Venzke, E (ed.). Smithsonian Institution. Downloaded 20 Jun 2022. https://doi.org/10.5479/si.GVP.VOTW4-2013"
"724",Mayon,"2018",Filipiny,stratowulkan,erupcja zaobserwowana,andezyt / andezyt bazaltowy,strefa subdukcji / skorupa kontynentalna (>25 km),Wulkan,"Global Volcanism Program, 2013. Volcanoes of the World, v. 4.11.0. Venzke, E (ed.). Smithsonian Institution. Downloaded 20 Jun 2022. https://doi.org/10.5479/si.GVP.VOTW4-2013"
"727",Isarog,3500 p.n.e.,Filipiny,stratowulkan,erupcja datowana,andezyt / andezyt bazaltowy,strefa subdukcji / skorupa kontynentalna (>25 km),Wulkan,"Global Volcanism Program, 2013. Volcanoes of the World, v. 4.11.0. Venzke, E (ed.). Smithsonian Institution. Downloaded 20 Jun 2022. https://doi.org/10.5479/si.GVP.VOTW4-2013"
"730",San Pablo Volcanic Field,"1350",Filipiny,stratowulkan,erupcja datowana,trachyandezyt / bazaltowy trachyandezyt,strefa subdukcji / skorupa kontynentalna (>25 km),Wulkan,"Global Volcanism Program, 2013. Volcanoes of the World, v. 4.11.0. Venzke, E (ed.). Smithsonian Institution. Downloaded 20 Jun 2022. https://doi.org/10.5479/si.GVP.VOTW4-2013"
"732",Vilyuchik,8050 p.n.e.,Rosja,stratowulkan,erupcja datowana,andezyt / andezyt bazaltowy,strefa subdukcji / skorupa kontynentalna (>25 km),Wulkan,"Global Volcanism Program, 2013. Volcanoes of the World, v. 4.11.0. Venzke, E (ed.). Smithsonian Institution. Downloaded 20 Jun 2022. https://doi.org/10.5479/si.GVP.VOTW4-2013"
"1396",Mocho-Choshuenco,"1937",Chile,stratowulkan,erupcja zaobserwowana,andezyt / andezyt bazaltowy,strefa subdukcji / skorupa kontynentalna (>25 km),Wulkan,"Global Volcanism Program, 2013. Volcanoes of the World, v. 4.11.0. Venzke, E (ed.). Smithsonian Institution. Downloaded 20 Jun 2022. https://doi.org/10.5479/si.GVP.VOTW4-2013"
"1398",Puyehue-Cordon Caulle,"2012",Chile,stratowulkan,erupcja zaobserwowana,andezyt / andezyt bazaltowy,strefa subdukcji / skorupa kontynentalna (>25 km),Wulkan,"Global Volcanism Program, 2013. Volcanoes of the World, v. 4.11.0. Venzke, E (ed.). Smithsonian Institution. Downloaded 20 Jun 2022. https://doi.org/10.5479/si.GVP.VOTW4-2013"
"1400",Antillanca Group,230 p.n.e.,Chile,stratowulkan,erupcja datowana,bazalt / pikryt,strefa subdukcji / skorupa kontynentalna (>25 km),Wulkan,"Global Volcanism Program, 2013. Volcanoes of the World, v. 4.11.0. Venzke, E (ed.). Smithsonian Institution. Downloaded 20 Jun 2022. https://doi.org/10.5479/si.GVP.VOTW4-2013"
"1401",Puntiagudo-Cordon Cenizos,"1850",Chile,stratowulkan,erupcja zaobserwowana,andezyt / andezyt bazaltowy,strefa subdukcji / skorupa kontynentalna (>25 km),Wulkan,"Global Volcanism Program, 2013. Volcanoes of the World, v. 4.11.0. Venzke, E (ed.). Smithsonian Institution. Downloaded 20 Jun 2022. https://doi.org/10.5479/si.GVP.VOTW4-2013"
"1402",Osorno,"1869",Chile,stratowulkan,erupcja zaobserwowana,bazalt / pikryt,strefa subdukcji / skorupa kontynentalna (>25 km),Wulkan,"Global Volcanism Program, 2013. Volcanoes of the World, v. 4.11.0. Venzke, E (ed.). Smithsonian Institution. Downloaded 20 Jun 2022. https://doi.org/10.5479/si.GVP.VOTW4-2013"
"1405",Calbuco,"2015",Chile,stratowulkan,erupcja zaobserwowana,andezyt / andezyt bazaltowy,strefa subdukcji / skorupa kontynentalna (>25 km),Wulkan,"Global Volcanism Program, 2013. Volcanoes of the World, v. 4.11.0. Venzke, E (ed.). Smithsonian Institution. Downloaded 20 Jun 2022. https://doi.org/10.5479/si.GVP.VOTW4-2013"
"1406",Yate,"1090",Chile,stratowulkan,erupcja datowana,andezyt / andezyt bazaltowy,strefa subdukcji / skorupa kontynentalna (>25 km),Wulkan,"Global Volcanism Program, 2013. Volcanoes of the World, v. 4.11.0. Venzke, E (ed.). Smithsonian Institution. Downloaded 20 Jun 2022. https://doi.org/10.5479/si.GVP.VOTW4-2013"
"1407",Hornopiren,"340",Chile,stratowulkan,erupcja datowana,andezyt / andezyt bazaltowy,strefa subdukcji / skorupa kontynentalna (>25 km),Wulkan,"Global Volcanism Program, 2013. Volcanoes of the World, v. 4.11.0. Venzke, E (ed.). Smithsonian Institution. Downloaded 20 Jun 2022. https://doi.org/10.5479/si.GVP.VOTW4-2013"
"1411",Michinmahuida,"1835",Chile,stratowulkan,erupcja zaobserwowana,andezyt / andezyt bazaltowy,strefa subdukcji / skorupa kontynentalna (>25 km),Wulkan,"Global Volcanism Program, 2013. Volcanoes of the World, v. 4.11.0. Venzke, E (ed.). Smithsonian Institution. Downloaded 20 Jun 2022. https://doi.org/10.5479/si.GVP.VOTW4-2013"
"735",Victory,"1935",Papua - Nowa Gwinea,stratowulkan,erupcja zaobserwowana,andezyt / andezyt bazaltowy,strefa subdukcji / skorupa kontynentalna (>25 km),Wulkan,"Global Volcanism Program, 2013. Volcanoes of the World, v. 4.11.0. Venzke, E (ed.). Smithsonian Institution. Downloaded 20 Jun 2022. https://doi.org/10.5479/si.GVP.VOTW4-2013"
"736",Koryaksky,"2009",Rosja,stratowulkan,erupcja zaobserwowana,andezyt / andezyt bazaltowy,strefa subdukcji / skorupa kontynentalna (>25 km),Wulkan,"Global Volcanism Program, 2013. Volcanoes of the World, v. 4.11.0. Venzke, E (ed.). Smithsonian Institution. Downloaded 20 Jun 2022. https://doi.org/10.5479/si.GVP.VOTW4-2013"
"737",Avachinsky,"2001",Rosja,stratowulkan,erupcja zaobserwowana,andezyt / andezyt bazaltowy,strefa subdukcji / skorupa kontynentalna (>25 km),Wulkan,"Global Volcanism Program, 2013. Volcanoes of the World, v. 4.11.0. Venzke, E (ed.). Smithsonian Institution. Downloaded 20 Jun 2022. https://doi.org/10.5479/si.GVP.VOTW4-2013"
"1413",Yanteles,6650 p.n.e.,Chile,stratowulkan,erupcja datowana,andezyt / andezyt bazaltowy,strefa subdukcji / skorupa kontynentalna (>25 km),Wulkan,"Global Volcanism Program, 2013. Volcanoes of the World, v. 4.11.0. Venzke, E (ed.). Smithsonian Institution. Downloaded 20 Jun 2022. https://doi.org/10.5479/si.GVP.VOTW4-2013"
"1414",Corcovado,4920 p.n.e.,Chile,stratowulkan,erupcja datowana,andezyt / andezyt bazaltowy,strefa subdukcji / skorupa kontynentalna (>25 km),Wulkan,"Global Volcanism Program, 2013. Volcanoes of the World, v. 4.11.0. Venzke, E (ed.). Smithsonian Institution. Downloaded 20 Jun 2022. https://doi.org/10.5479/si.GVP.VOTW4-2013"
"30",Erciyes Dagi,6880 p.n.e.,Turcja,stratowulkan,erupcja datowana,dacyt,strefa subdukcji / skorupa kontynentalna (>25 km),Wulkan,"Global Volcanism Program, 2013. Volcanoes of the World, v. 4.11.0. Venzke, E (ed.). Smithsonian Institution. Downloaded 20 Jun 2022. https://doi.org/10.5479/si.GVP.VOTW4-2013"
"32",Nemrut Dagi,"1650",Turcja,stratowulkan,erupcja zaobserwowana,ryolit,strefa subdukcji / skorupa kontynentalna (>25 km),Wulkan,"Global Volcanism Program, 2013. Volcanoes of the World, v. 4.11.0. Venzke, E (ed.). Smithsonian Institution. Downloaded 20 Jun 2022. https://doi.org/10.5479/si.GVP.VOTW4-2013"
"34",Ararat,"1840",Turcja,stratowulkan,erupcja zaobserwowana,andezyt / andezyt bazaltowy,strefa subdukcji / skorupa kontynentalna (>25 km),Wulkan,"Global Volcanism Program, 2013. Volcanoes of the World, v. 4.11.0. Venzke, E (ed.). Smithsonian Institution. Downloaded 20 Jun 2022. https://doi.org/10.5479/si.GVP.VOTW4-2013"
"745",Bakening,550 p.n.e.,Rosja,stratowulkan,erupcja datowana,andezyt / andezyt bazaltowy,strefa subdukcji / skorupa kontynentalna (>25 km),Wulkan,"Global Volcanism Program, 2013. Volcanoes of the World, v. 4.11.0. Venzke, E (ed.). Smithsonian Institution. Downloaded 20 Jun 2022. https://doi.org/10.5479/si.GVP.VOTW4-2013"
"747",Akademia Nauk,"1996",Rosja,stratowulkan,erupcja zaobserwowana,andezyt / andezyt bazaltowy,strefa subdukcji / skorupa kontynentalna (>25 km),Wulkan,"Global Volcanism Program, 2013. Volcanoes of the World, v. 4.11.0. Venzke, E (ed.). Smithsonian Institution. Downloaded 20 Jun 2022. https://doi.org/10.5479/si.GVP.VOTW4-2013"
"826",Motlav,brak danych,Vanuatu,stratowulkan,nieznana data wybuchu,bazalt / pikryt,strefa subdukcji / skorupa oceaniczna (< 15 km),Wulkan,"Global Volcanism Program, 2013. Volcanoes of the World, v. 4.11.0. Venzke, E (ed.). Smithsonian Institution. Downloaded 20 Jun 2022. https://doi.org/10.5479/si.GVP.VOTW4-2013"
"748",Karymsky,"2020",Rosja,stratowulkan,erupcja zaobserwowana,andezyt / andezyt bazaltowy,strefa subdukcji / skorupa kontynentalna (>25 km),Wulkan,"Global Volcanism Program, 2013. Volcanoes of the World, v. 4.11.0. Venzke, E (ed.). Smithsonian Institution. Downloaded 20 Jun 2022. https://doi.org/10.5479/si.GVP.VOTW4-2013"
"750",Bolshoi Semiachik,4450 p.n.e.,Rosja,stratowulkan,erupcja datowana,bazalt / pikryt,strefa subdukcji / skorupa kontynentalna (>25 km),Wulkan,"Global Volcanism Program, 2013. Volcanoes of the World, v. 4.11.0. Venzke, E (ed.). Smithsonian Institution. Downloaded 20 Jun 2022. https://doi.org/10.5479/si.GVP.VOTW4-2013"
"751",Taunshits,550 p.n.e.,Rosja,stratowulkan,erupcja datowana,andezyt / andezyt bazaltowy,strefa subdukcji / skorupa kontynentalna (>25 km),Wulkan,"Global Volcanism Program, 2013. Volcanoes of the World, v. 4.11.0. Venzke, E (ed.). Smithsonian Institution. Downloaded 20 Jun 2022. https://doi.org/10.5479/si.GVP.VOTW4-2013"
"753",Kikhpinych,"1550",Rosja,stratowulkan,erupcja datowana,bazalt / pikryt,strefa subdukcji / skorupa kontynentalna (>25 km),Wulkan,"Global Volcanism Program, 2013. Volcanoes of the World, v. 4.11.0. Venzke, E (ed.). Smithsonian Institution. Downloaded 20 Jun 2022. https://doi.org/10.5479/si.GVP.VOTW4-2013"
"755",Kronotsky,"1923",Rosja,stratowulkan,erupcja zaobserwowana,bazalt / pikryt,strefa subdukcji / skorupa kontynentalna (>25 km),Wulkan,"Global Volcanism Program, 2013. Volcanoes of the World, v. 4.11.0. Venzke, E (ed.). Smithsonian Institution. Downloaded 20 Jun 2022. https://doi.org/10.5479/si.GVP.VOTW4-2013"
"758",Komarov,"950",Rosja,stratowulkan,erupcja datowana,bazalt / pikryt,strefa subdukcji / skorupa kontynentalna (>25 km),Wulkan,"Global Volcanism Program, 2013. Volcanoes of the World, v. 4.11.0. Venzke, E (ed.). Smithsonian Institution. Downloaded 20 Jun 2022. https://doi.org/10.5479/si.GVP.VOTW4-2013"
"759",Vysoky,550 p.n.e.,Rosja,stratowulkan,erupcja datowana,andezyt / andezyt bazaltowy,strefa subdukcji / skorupa kontynentalna (>25 km),Wulkan,"Global Volcanism Program, 2013. Volcanoes of the World, v. 4.11.0. Venzke, E (ed.). Smithsonian Institution. Downloaded 20 Jun 2022. https://doi.org/10.5479/si.GVP.VOTW4-2013"
"760",Kizimen,"2013",Rosja,stratowulkan,erupcja zaobserwowana,andezyt / andezyt bazaltowy,strefa subdukcji / skorupa kontynentalna (>25 km),Wulkan,"Global Volcanism Program, 2013. Volcanoes of the World, v. 4.11.0. Venzke, E (ed.). Smithsonian Institution. Downloaded 20 Jun 2022. https://doi.org/10.5479/si.GVP.VOTW4-2013"
"68",Dabbahu,"2005",Etiopia,stratowulkan,erupcja zaobserwowana,bazalt / pikryt,strefa ryftowa / skorupa pośrednia (15-25 km),Wulkan,"Global Volcanism Program, 2013. Volcanoes of the World, v. 4.11.0. Venzke, E (ed.). Smithsonian Institution. Downloaded 20 Jun 2022. https://doi.org/10.5479/si.GVP.VOTW4-2013"
"1019",Soufriere St. Vincent,"2021",Saint Vincent i Grenadyny,stratowulkan,erupcja zaobserwowana,andezyt / andezyt bazaltowy,strefa subdukcji / skorupa oceaniczna (< 15 km),Wulkan,"Global Volcanism Program, 2013. Volcanoes of the World, v. 4.11.0. Venzke, E (ed.). Smithsonian Institution. Downloaded 20 Jun 2022. https://doi.org/10.5479/si.GVP.VOTW4-2013"
"1416",Melimoyu,"200",Chile,stratowulkan,erupcja datowana,andezyt / andezyt bazaltowy,strefa subdukcji / skorupa kontynentalna (>25 km),Wulkan,"Global Volcanism Program, 2013. Volcanoes of the World, v. 4.11.0. Venzke, E (ed.). Smithsonian Institution. Downloaded 20 Jun 2022. https://doi.org/10.5479/si.GVP.VOTW4-2013"
"1418",Mentolat,"1710",Chile,stratowulkan,erupcja zaobserwowana,andezyt / andezyt bazaltowy,strefa subdukcji / skorupa kontynentalna (>25 km),Wulkan,"Global Volcanism Program, 2013. Volcanoes of the World, v. 4.11.0. Venzke, E (ed.). Smithsonian Institution. Downloaded 20 Jun 2022. https://doi.org/10.5479/si.GVP.VOTW4-2013"
"1420",Maca,"1560",Chile,stratowulkan,erupcja datowana,bazalt / pikryt,strefa subdukcji / skorupa kontynentalna (>25 km),Wulkan,"Global Volcanism Program, 2013. Volcanoes of the World, v. 4.11.0. Venzke, E (ed.). Smithsonian Institution. Downloaded 20 Jun 2022. https://doi.org/10.5479/si.GVP.VOTW4-2013"
"1421","Hudson, Cerro","2011",Chile,stratowulkan,erupcja zaobserwowana,bazalt / pikryt,strefa subdukcji / skorupa kontynentalna (>25 km),Wulkan,"Global Volcanism Program, 2013. Volcanoes of the World, v. 4.11.0. Venzke, E (ed.). Smithsonian Institution. Downloaded 20 Jun 2022. https://doi.org/10.5479/si.GVP.VOTW4-2013"
"1422",Arenales,"1979",Chile,stratowulkan,erupcja zaobserwowana,"-",strefa subdukcji / skorupa kontynentalna (>25 km),Wulkan,"Global Volcanism Program, 2013. Volcanoes of the World, v. 4.11.0. Venzke, E (ed.). Smithsonian Institution. Downloaded 20 Jun 2022. https://doi.org/10.5479/si.GVP.VOTW4-2013"
"128",Popa,442 p.n.e.,Mjanma,stratowulkan,erupcja datowana,bazalt / pikryt,strefa subdukcji / skorupa kontynentalna (>25 km),Wulkan,"Global Volcanism Program, 2013. Volcanoes of the World, v. 4.11.0. Venzke, E (ed.). Smithsonian Institution. Downloaded 20 Jun 2022. https://doi.org/10.5479/si.GVP.VOTW4-2013"
"1155",Chiles-Cerro Negro,"1936",Kolumbia - Ekwador,stratowulkan,brak dowodów na wybuch,dacyt,strefa subdukcji / skorupa kontynentalna (>25 km),Wulkan,"Global Volcanism Program, 2013. Volcanoes of the World, v. 4.11.0. Venzke, E (ed.). Smithsonian Institution. Downloaded 20 Jun 2022. https://doi.org/10.5479/si.GVP.VOTW4-2013"
"1169",Sumaco,"1895",Ekwador,stratowulkan,brak dowodów na wybuch,tefryt / trachybazalt,strefa subdukcji / skorupa kontynentalna (>25 km),Wulkan,"Global Volcanism Program, 2013. Volcanoes of the World, v. 4.11.0. Venzke, E (ed.). Smithsonian Institution. Downloaded 20 Jun 2022. https://doi.org/10.5479/si.GVP.VOTW4-2013"
"529",Kerguelen Islands,brak danych,Francja,stratowulkan,brak dowodów na wybuch,trachyandezyt / bazaltowy trachyandezyt,strefa subdukcji / skorupa oceaniczna (< 15 km),Wulkan,"Global Volcanism Program, 2013. Volcanoes of the World, v. 4.11.0. Venzke, E (ed.). Smithsonian Institution. Downloaded 20 Jun 2022. https://doi.org/10.5479/si.GVP.VOTW4-2013"
"530","Est, Ile de l'",brak danych,Francja,stratowulkan,brak dowodów na wybuch,bazalt / pikryt,strefa ryftowa / skorupa oceaniczna (< 15 km),Wulkan,"Global Volcanism Program, 2013. Volcanoes of the World, v. 4.11.0. Venzke, E (ed.). Smithsonian Institution. Downloaded 20 Jun 2022. https://doi.org/10.5479/si.GVP.VOTW4-2013"
"105",Natib,brak danych,Filipiny,stratowulkan,brak dowodów na wybuch,andezyt / andezyt bazaltowy,strefa subdukcji / skorupa kontynentalna (>25 km),Wulkan,"Global Volcanism Program, 2013. Volcanoes of the World, v. 4.11.0. Venzke, E (ed.). Smithsonian Institution. Downloaded 20 Jun 2022. https://doi.org/10.5479/si.GVP.VOTW4-2013"
"109",Arayat,brak danych,Filipiny,stratowulkan,brak dowodów na wybuch,bazalt / pikryt,strefa subdukcji / skorupa kontynentalna (>25 km),Wulkan,"Global Volcanism Program, 2013. Volcanoes of the World, v. 4.11.0. Venzke, E (ed.). Smithsonian Institution. Downloaded 20 Jun 2022. https://doi.org/10.5479/si.GVP.VOTW4-2013"
"138",Akusekijima,brak danych,Japonia,stratowulkan,brak dowodów na wybuch,andezyt / andezyt bazaltowy,strefa subdukcji / skorupa oceaniczna (< 15 km),Wulkan,"Global Volcanism Program, 2013. Volcanoes of the World, v. 4.11.0. Venzke, E (ed.). Smithsonian Institution. Downloaded 20 Jun 2022. https://doi.org/10.5479/si.GVP.VOTW4-2013"
"173",Akagisan,brak danych,Japonia,stratowulkan,brak dowodów na wybuch,andezyt / andezyt bazaltowy,strefa subdukcji / skorupa kontynentalna (>25 km),Wulkan,"Global Volcanism Program, 2013. Volcanoes of the World, v. 4.11.0. Venzke, E (ed.). Smithsonian Institution. Downloaded 20 Jun 2022. https://doi.org/10.5479/si.GVP.VOTW4-2013"
"213",Sofugan,brak danych,Japonia,stratowulkan,brak dowodów na wybuch,bazalt / pikryt,strefa subdukcji / skorupa oceaniczna (< 15 km),Wulkan,"Global Volcanism Program, 2013. Volcanoes of the World, v. 4.11.0. Venzke, E (ed.). Smithsonian Institution. Downloaded 20 Jun 2022. https://doi.org/10.5479/si.GVP.VOTW4-2013"
"279",Odamoisan [Tebenkov],brak danych,Japonia,stratowulkan,brak dowodów na wybuch,"-",strefa subdukcji / skorupa oceaniczna (< 15 km),Wulkan,"Global Volcanism Program, 2013. Volcanoes of the World, v. 4.11.0. Venzke, E (ed.). Smithsonian Institution. Downloaded 20 Jun 2022. https://doi.org/10.5479/si.GVP.VOTW4-2013"
"789",Cherny,brak danych,Rosja,stratowulkan,brak dowodów na wybuch,bazalt / pikryt,strefa subdukcji / skorupa kontynentalna (>25 km),Wulkan,"Global Volcanism Program, 2013. Volcanoes of the World, v. 4.11.0. Venzke, E (ed.). Smithsonian Institution. Downloaded 20 Jun 2022. https://doi.org/10.5479/si.GVP.VOTW4-2013"
"792",Bliznets,brak danych,Rosja,stratowulkan,brak dowodów na wybuch,bazalt / pikryt,strefa subdukcji / skorupa kontynentalna (>25 km),Wulkan,"Global Volcanism Program, 2013. Volcanoes of the World, v. 4.11.0. Venzke, E (ed.). Smithsonian Institution. Downloaded 20 Jun 2022. https://doi.org/10.5479/si.GVP.VOTW4-2013"
"807",Alngey,brak danych,Rosja,stratowulkan,brak dowodów na wybuch,bazalt / pikryt,strefa subdukcji / skorupa kontynentalna (>25 km),Wulkan,"Global Volcanism Program, 2013. Volcanoes of the World, v. 4.11.0. Venzke, E (ed.). Smithsonian Institution. Downloaded 20 Jun 2022. https://doi.org/10.5479/si.GVP.VOTW4-2013"
"835",NE Shepherd Islands,brak danych,Vanuatu,stratowulkan,brak dowodów na wybuch,bazalt / pikryt,strefa subdukcji / skorupa oceaniczna (< 15 km),Wulkan,"Global Volcanism Program, 2013. Volcanoes of the World, v. 4.11.0. Venzke, E (ed.). Smithsonian Institution. Downloaded 20 Jun 2022. https://doi.org/10.5479/si.GVP.VOTW4-2013"
"839",Aneityum,brak danych,Vanuatu,stratowulkan,brak dowodów na wybuch,bazalt / pikryt,strefa subdukcji / skorupa oceaniczna (< 15 km),Wulkan,"Global Volcanism Program, 2013. Volcanoes of the World, v. 4.11.0. Venzke, E (ed.). Smithsonian Institution. Downloaded 20 Jun 2022. https://doi.org/10.5479/si.GVP.VOTW4-2013"
"852",Sibualbuali,brak danych,Indonezja,stratowulkan,brak dowodów na wybuch,dacyt,strefa subdukcji / skorupa kontynentalna (>25 km),Wulkan,"Global Volcanism Program, 2013. Volcanoes of the World, v. 4.11.0. Venzke, E (ed.). Smithsonian Institution. Downloaded 20 Jun 2022. https://doi.org/10.5479/si.GVP.VOTW4-2013"
"853",Lubukraya,brak danych,Indonezja,stratowulkan,brak dowodów na wybuch,andezyt / andezyt bazaltowy,strefa subdukcji / skorupa kontynentalna (>25 km),Wulkan,"Global Volcanism Program, 2013. Volcanoes of the World, v. 4.11.0. Venzke, E (ed.). Smithsonian Institution. Downloaded 20 Jun 2022. https://doi.org/10.5479/si.GVP.VOTW4-2013"
"1224",Miniques,brak danych,Chile,stratowulkan,brak dowodów na wybuch,andezyt / andezyt bazaltowy,strefa subdukcji / skorupa kontynentalna (>25 km),Wulkan,"Global Volcanism Program, 2013. Volcanoes of the World, v. 4.11.0. Venzke, E (ed.). Smithsonian Institution. Downloaded 20 Jun 2022. https://doi.org/10.5479/si.GVP.VOTW4-2013"
"1253",Tres Virgenes,brak danych,Meksyk,stratowulkan,brak dowodów na wybuch,andezyt / andezyt bazaltowy,strefa ryftowa / skorupa kontynentalna (>25 km),Wulkan,"Global Volcanism Program, 2013. Volcanoes of the World, v. 4.11.0. Venzke, E (ed.). Smithsonian Institution. Downloaded 20 Jun 2022. https://doi.org/10.5479/si.GVP.VOTW4-2013"
"1314",Guazapa,brak danych,Salwador,stratowulkan,brak dowodów na wybuch,bazalt / pikryt,strefa subdukcji / skorupa kontynentalna (>25 km),Wulkan,"Global Volcanism Program, 2013. Volcanoes of the World, v. 4.11.0. Venzke, E (ed.). Smithsonian Institution. Downloaded 20 Jun 2022. https://doi.org/10.5479/si.GVP.VOTW4-2013"
"1318",Taburete,brak danych,Salwador,stratowulkan,brak dowodów na wybuch,bazalt / pikryt,strefa subdukcji / skorupa kontynentalna (>25 km),Wulkan,"Global Volcanism Program, 2013. Volcanoes of the World, v. 4.11.0. Venzke, E (ed.). Smithsonian Institution. Downloaded 20 Jun 2022. https://doi.org/10.5479/si.GVP.VOTW4-2013"
"1334",Caichinque,brak danych,Chile,stratowulkan,brak dowodów na wybuch,andezyt / andezyt bazaltowy,strefa subdukcji / skorupa kontynentalna (>25 km),Wulkan,"Global Volcanism Program, 2013. Volcanoes of the World, v. 4.11.0. Venzke, E (ed.). Smithsonian Institution. Downloaded 20 Jun 2022. https://doi.org/10.5479/si.GVP.VOTW4-2013"
"1335",Tilocalar,brak danych,Chile,stratowulkan,brak dowodów na wybuch,andezyt / andezyt bazaltowy,strefa subdukcji / skorupa kontynentalna (>25 km),Wulkan,"Global Volcanism Program, 2013. Volcanoes of the World, v. 4.11.0. Venzke, E (ed.). Smithsonian Institution. Downloaded 20 Jun 2022. https://doi.org/10.5479/si.GVP.VOTW4-2013"
"1337",Pular,brak danych,Chile,stratowulkan,brak dowodów na wybuch,andezyt / andezyt bazaltowy,strefa subdukcji / skorupa kontynentalna (>25 km),Wulkan,"Global Volcanism Program, 2013. Volcanoes of the World, v. 4.11.0. Venzke, E (ed.). Smithsonian Institution. Downloaded 20 Jun 2022. https://doi.org/10.5479/si.GVP.VOTW4-2013"
"1341",Escorial,brak danych,Chile - Argentyna,stratowulkan,brak dowodów na wybuch,andezyt / andezyt bazaltowy,strefa subdukcji / skorupa kontynentalna (>25 km),Wulkan,"Global Volcanism Program, 2013. Volcanoes of the World, v. 4.11.0. Venzke, E (ed.). Smithsonian Institution. Downloaded 20 Jun 2022. https://doi.org/10.5479/si.GVP.VOTW4-2013"
"1347","Incahuasi, Nevado de",brak danych,Chile - Argentyna,stratowulkan,brak dowodów na wybuch,dacyt,strefa subdukcji / skorupa kontynentalna (>25 km),Wulkan,"Global Volcanism Program, 2013. Volcanoes of the World, v. 4.11.0. Venzke, E (ed.). Smithsonian Institution. Downloaded 20 Jun 2022. https://doi.org/10.5479/si.GVP.VOTW4-2013"
"377","Voon, Tarso",brak danych,Czad,stratowulkan,holocen,trachit,strefa subdukcji / skorupa kontynentalna (>25 km),Wulkan,"Global Volcanism Program, 2013. Volcanoes of the World, v. 4.11.0. Venzke, E (ed.). Smithsonian Institution. Downloaded 20 Jun 2022. https://doi.org/10.5479/si.GVP.VOTW4-2013"
"571",Metis Shoal,"1995",Tonga,podwodny,erupcja zaobserwowana,dacyt,strefa subdukcji / skorupa oceaniczna (< 15 km),Wulkan,"Global Volcanism Program, 2013. Volcanoes of the World, v. 4.11.0. Venzke, E (ed.). Smithsonian Institution. Downloaded 20 Jun 2022. https://doi.org/10.5479/si.GVP.VOTW4-2013"
"999",Loihi,"1996",Stany Zjednoczone,podwodny,erupcja zaobserwowana,bazalt / pikryt,strefa subdukcji / skorupa oceaniczna (< 15 km),Wulkan,"Global Volcanism Program, 2013. Volcanoes of the World, v. 4.11.0. Venzke, E (ed.). Smithsonian Institution. Downloaded 20 Jun 2022. https://doi.org/10.5479/si.GVP.VOTW4-2013"
"923",Alligator Lake,brak danych,Kanada,pole wulkaniczne,nieznana data wybuchu,bazalt / pikryt,strefa subdukcji / skorupa kontynentalna (>25 km),Wulkan,"Global Volcanism Program, 2013. Volcanoes of the World, v. 4.11.0. Venzke, E (ed.). Smithsonian Institution. Downloaded 20 Jun 2022. https://doi.org/10.5479/si.GVP.VOTW4-2013"
"326",Central Island,brak danych,Kenia,stożkowy,nieznana data wybuchu,bazalt / pikryt,strefa ryftowa / skorupa kontynentalna (>25 km),Wulkan,"Global Volcanism Program, 2013. Volcanoes of the World, v. 4.11.0. Venzke, E (ed.). Smithsonian Institution. Downloaded 20 Jun 2022. https://doi.org/10.5479/si.GVP.VOTW4-2013"
"652",Sukaria Caldera,brak danych,Indonezja,kaldera,holocen,"-",strefa subdukcji / grubość skorupy nieznana,Wulkan,"Global Volcanism Program, 2013. Volcanoes of the World, v. 4.11.0. Venzke, E (ed.). Smithsonian Institution. Downloaded 20 Jun 2022. https://doi.org/10.5479/si.GVP.VOTW4-2013"
"502",Stepovak Bay 2,brak danych,Stany Zjednoczone,stożkowy,nieznana data wybuchu,andezyt / andezyt bazaltowy,strefa subdukcji / skorupa kontynentalna (>25 km),Wulkan,"Global Volcanism Program, 2013. Volcanoes of the World, v. 4.11.0. Venzke, E (ed.). Smithsonian Institution. Downloaded 20 Jun 2022. https://doi.org/10.5479/si.GVP.VOTW4-2013"
"104",Vernadskii Ridge,brak danych,Rosja,stożkowy,nieznana data wybuchu,andezyt / andezyt bazaltowy,strefa subdukcji / skorupa kontynentalna (>25 km),Wulkan,"Global Volcanism Program, 2013. Volcanoes of the World, v. 4.11.0. Venzke, E (ed.). Smithsonian Institution. Downloaded 20 Jun 2022. https://doi.org/10.5479/si.GVP.VOTW4-2013"
"340",Elmenteita Badlands,brak danych,Kenia,stożkowy,nieznana data wybuchu,bazalt / pikryt,strefa ryftowa / skorupa kontynentalna (>25 km),Wulkan,"Global Volcanism Program, 2013. Volcanoes of the World, v. 4.11.0. Venzke, E (ed.). Smithsonian Institution. Downloaded 20 Jun 2022. https://doi.org/10.5479/si.GVP.VOTW4-2013"
"92",Sodore,brak danych,Etiopia,stożkowy,nieznana data wybuchu,bazalt / pikryt,strefa subdukcji / skorupa kontynentalna (>25 km),Wulkan,"Global Volcanism Program, 2013. Volcanoes of the World, v. 4.11.0. Venzke, E (ed.). Smithsonian Institution. Downloaded 20 Jun 2022. https://doi.org/10.5479/si.GVP.VOTW4-2013"
"94",Bora-Bericcio,brak danych,Etiopia,stożkowy,nieznana data wybuchu,ryolit,strefa ryftowa / skorupa kontynentalna (>25 km),Wulkan,"Global Volcanism Program, 2013. Volcanoes of the World, v. 4.11.0. Venzke, E (ed.). Smithsonian Institution. Downloaded 20 Jun 2022. https://doi.org/10.5479/si.GVP.VOTW4-2013"
"285",Ivao Group,brak danych,Rosja,stożkowy,nieznana data wybuchu,"-",strefa subdukcji / skorupa oceaniczna (< 15 km),Wulkan,"Global Volcanism Program, 2013. Volcanoes of the World, v. 4.11.0. Venzke, E (ed.). Smithsonian Institution. Downloaded 20 Jun 2022. https://doi.org/10.5479/si.GVP.VOTW4-2013"
"1188",Santa Cruz,brak danych,Ekwador,tarczowy,nieznana data wybuchu,bazalt / pikryt,strefa ryftowa / skorupa oceaniczna (< 15 km),Wulkan,"Global Volcanism Program, 2013. Volcanoes of the World, v. 4.11.0. Venzke, E (ed.). Smithsonian Institution. Downloaded 20 Jun 2022. https://doi.org/10.5479/si.GVP.VOTW4-2013"
"1189",San Cristobal,brak danych,Ekwador,tarczowy,nieznana data wybuchu,bazalt / pikryt,strefa ryftowa / skorupa oceaniczna (< 15 km),Wulkan,"Global Volcanism Program, 2013. Volcanoes of the World, v. 4.11.0. Venzke, E (ed.). Smithsonian Institution. Downloaded 20 Jun 2022. https://doi.org/10.5479/si.GVP.VOTW4-2013"
"1251",Guadalupe,brak danych,Meksyk,tarczowy,nieznana data wybuchu,trachyandezyt / bazaltowy trachyandezyt,strefa ryftowa / skorupa oceaniczna (< 15 km),Wulkan,"Global Volcanism Program, 2013. Volcanoes of the World, v. 4.11.0. Venzke, E (ed.). Smithsonian Institution. Downloaded 20 Jun 2022. https://doi.org/10.5479/si.GVP.VOTW4-2013"
"1254","Tortuga, Isla",brak danych,Meksyk,tarczowy,nieznana data wybuchu,bazalt / pikryt,strefa ryftowa / skorupa kontynentalna (>25 km),Wulkan,"Global Volcanism Program, 2013. Volcanoes of the World, v. 4.11.0. Venzke, E (ed.). Smithsonian Institution. Downloaded 20 Jun 2022. https://doi.org/10.5479/si.GVP.VOTW4-2013"
"1275","Atlixcos, Los",brak danych,Meksyk,tarczowy,nieznana data wybuchu,bazalt / pikryt,strefa subdukcji / skorupa kontynentalna (>25 km),Wulkan,"Global Volcanism Program, 2013. Volcanoes of the World, v. 4.11.0. Venzke, E (ed.). Smithsonian Institution. Downloaded 20 Jun 2022. https://doi.org/10.5479/si.GVP.VOTW4-2013"
"1358",Easter Island,brak danych,Chile,tarczowy,nieznana data wybuchu,bazalt / pikryt,strefa ryftowa / skorupa oceaniczna (< 15 km),Wulkan,"Global Volcanism Program, 2013. Volcanoes of the World, v. 4.11.0. Venzke, E (ed.). Smithsonian Institution. Downloaded 20 Jun 2022. https://doi.org/10.5479/si.GVP.VOTW4-2013"
"314",Tepi,brak danych,Etiopia,tarczowy,holocen,bazalt / pikryt,strefa subdukcji / skorupa kontynentalna (>25 km),Wulkan,"Global Volcanism Program, 2013. Volcanoes of the World, v. 4.11.0. Venzke, E (ed.). Smithsonian Institution. Downloaded 20 Jun 2022. https://doi.org/10.5479/si.GVP.VOTW4-2013"
"15",Vulcano,"1890",Włochy,stratowulkan,erupcja zaobserwowana,tefryt / trachybazalt,strefa subdukcji / skorupa kontynentalna (>25 km),Wulkan,"Global Volcanism Program, 2013. Volcanoes of the World, v. 4.11.0. Venzke, E (ed.). Smithsonian Institution. Downloaded 20 Jun 2022. https://doi.org/10.5479/si.GVP.VOTW4-2013"
"1285",Santa Maria,"2018",Gwatemala,stratowulkan,erupcja zaobserwowana,dacyt,strefa subdukcji / skorupa kontynentalna (>25 km),Wulkan,"Global Volcanism Program, 2013. Volcanoes of the World, v. 4.11.0. Venzke, E (ed.). Smithsonian Institution. Downloaded 20 Jun 2022. https://doi.org/10.5479/si.GVP.VOTW4-2013"
"894",Merbabu,"1797",Indonezja,stratowulkan,erupcja zaobserwowana,bazalt / pikryt,strefa subdukcji / skorupa kontynentalna (>25 km),Wulkan,"Global Volcanism Program, 2013. Volcanoes of the World, v. 4.11.0. Venzke, E (ed.). Smithsonian Institution. Downloaded 20 Jun 2022. https://doi.org/10.5479/si.GVP.VOTW4-2013"
"896",Muria,160 p.n.e.,Indonezja,stratowulkan,erupcja datowana,tefryt / trachybazalt,strefa subdukcji / skorupa kontynentalna (>25 km),Wulkan,"Global Volcanism Program, 2013. Volcanoes of the World, v. 4.11.0. Venzke, E (ed.). Smithsonian Institution. Downloaded 20 Jun 2022. https://doi.org/10.5479/si.GVP.VOTW4-2013"
"904",Fourpeaked,"2006",Stany Zjednoczone,stratowulkan,erupcja zaobserwowana,andezyt / andezyt bazaltowy,strefa subdukcji / skorupa kontynentalna (>25 km),Wulkan,"Global Volcanism Program, 2013. Volcanoes of the World, v. 4.11.0. Venzke, E (ed.). Smithsonian Institution. Downloaded 20 Jun 2022. https://doi.org/10.5479/si.GVP.VOTW4-2013"
"907",Iliamna,"1876",Stany Zjednoczone,stratowulkan,erupcja zaobserwowana,andezyt / andezyt bazaltowy,strefa subdukcji / skorupa kontynentalna (>25 km),Wulkan,"Global Volcanism Program, 2013. Volcanoes of the World, v. 4.11.0. Venzke, E (ed.). Smithsonian Institution. Downloaded 20 Jun 2022. https://doi.org/10.5479/si.GVP.VOTW4-2013"
"908",Redoubt,"2009",Stany Zjednoczone,stratowulkan,erupcja zaobserwowana,andezyt / andezyt bazaltowy,strefa subdukcji / skorupa kontynentalna (>25 km),Wulkan,"Global Volcanism Program, 2013. Volcanoes of the World, v. 4.11.0. Venzke, E (ed.). Smithsonian Institution. Downloaded 20 Jun 2022. https://doi.org/10.5479/si.GVP.VOTW4-2013"
"909",Spurr,"1992",Stany Zjednoczone,stratowulkan,erupcja zaobserwowana,andezyt / andezyt bazaltowy,strefa subdukcji / skorupa kontynentalna (>25 km),Wulkan,"Global Volcanism Program, 2013. Volcanoes of the World, v. 4.11.0. Venzke, E (ed.). Smithsonian Institution. Downloaded 20 Jun 2022. https://doi.org/10.5479/si.GVP.VOTW4-2013"
"910",Hayes,"1200",Stany Zjednoczone,stratowulkan,erupcja datowana,dacyt,strefa subdukcji / skorupa kontynentalna (>25 km),Wulkan,"Global Volcanism Program, 2013. Volcanoes of the World, v. 4.11.0. Venzke, E (ed.). Smithsonian Institution. Downloaded 20 Jun 2022. https://doi.org/10.5479/si.GVP.VOTW4-2013"
"142",Kuchinoerabujima,"2015",Japonia,stratowulkan,erupcja zaobserwowana,andezyt / andezyt bazaltowy,strefa subdukcji / skorupa oceaniczna (< 15 km),Wulkan,"Global Volcanism Program, 2013. Volcanoes of the World, v. 4.11.0. Venzke, E (ed.). Smithsonian Institution. Downloaded 20 Jun 2022. https://doi.org/10.5479/si.GVP.VOTW4-2013"
"197",Osorezan,"1787",Japonia,stratowulkan,erupcja zaobserwowana,andezyt / andezyt bazaltowy,strefa subdukcji / skorupa kontynentalna (>25 km),Wulkan,"Global Volcanism Program, 2013. Volcanoes of the World, v. 4.11.0. Venzke, E (ed.). Smithsonian Institution. Downloaded 20 Jun 2022. https://doi.org/10.5479/si.GVP.VOTW4-2013"
"199",Toshima,4550 p.n.e.,Japonia,stratowulkan,erupcja datowana,bazalt / pikryt,strefa subdukcji / skorupa oceaniczna (< 15 km),Wulkan,"Global Volcanism Program, 2013. Volcanoes of the World, v. 4.11.0. Venzke, E (ed.). Smithsonian Institution. Downloaded 20 Jun 2022. https://doi.org/10.5479/si.GVP.VOTW4-2013"
"151",Kujusan,"1996",Japonia,stratowulkan,erupcja zaobserwowana,andezyt / andezyt bazaltowy,strefa subdukcji / skorupa kontynentalna (>25 km),Wulkan,"Global Volcanism Program, 2013. Volcanoes of the World, v. 4.11.0. Venzke, E (ed.). Smithsonian Institution. Downloaded 20 Jun 2022. https://doi.org/10.5479/si.GVP.VOTW4-2013"
"154",Sanbesan,"650",Japonia,stratowulkan,erupcja datowana,dacyt,strefa subdukcji / skorupa kontynentalna (>25 km),Wulkan,"Global Volcanism Program, 2013. Volcanoes of the World, v. 4.11.0. Venzke, E (ed.). Smithsonian Institution. Downloaded 20 Jun 2022. https://doi.org/10.5479/si.GVP.VOTW4-2013"
"158",Fujisan,"1708",Japonia,stratowulkan,erupcja zaobserwowana,bazalt / pikryt,strefa subdukcji / skorupa kontynentalna (>25 km),Wulkan,"Global Volcanism Program, 2013. Volcanoes of the World, v. 4.11.0. Venzke, E (ed.). Smithsonian Institution. Downloaded 20 Jun 2022. https://doi.org/10.5479/si.GVP.VOTW4-2013"
"159",Yokodake,"1200",Japonia,stratowulkan,erupcja datowana,andezyt / andezyt bazaltowy,strefa subdukcji / skorupa kontynentalna (>25 km),Wulkan,"Global Volcanism Program, 2013. Volcanoes of the World, v. 4.11.0. Venzke, E (ed.). Smithsonian Institution. Downloaded 20 Jun 2022. https://doi.org/10.5479/si.GVP.VOTW4-2013"
"161",Hakusan,"1659",Japonia,stratowulkan,erupcja zaobserwowana,andezyt / andezyt bazaltowy,strefa subdukcji / skorupa kontynentalna (>25 km),Wulkan,"Global Volcanism Program, 2013. Volcanoes of the World, v. 4.11.0. Venzke, E (ed.). Smithsonian Institution. Downloaded 20 Jun 2022. https://doi.org/10.5479/si.GVP.VOTW4-2013"
"164",Yakedake,"1995",Japonia,stratowulkan,erupcja zaobserwowana,andezyt / andezyt bazaltowy,strefa subdukcji / skorupa kontynentalna (>25 km),Wulkan,"Global Volcanism Program, 2013. Volcanoes of the World, v. 4.11.0. Venzke, E (ed.). Smithsonian Institution. Downloaded 20 Jun 2022. https://doi.org/10.5479/si.GVP.VOTW4-2013"
"168",Myokosan,750 p.n.e.,Japonia,stratowulkan,erupcja datowana,andezyt / andezyt bazaltowy,strefa subdukcji / skorupa kontynentalna (>25 km),Wulkan,"Global Volcanism Program, 2013. Volcanoes of the World, v. 4.11.0. Venzke, E (ed.). Smithsonian Institution. Downloaded 20 Jun 2022. https://doi.org/10.5479/si.GVP.VOTW4-2013"
"917",Churchill,"847",Stany Zjednoczone,stratowulkan,erupcja datowana,dacyt,strefa subdukcji / skorupa kontynentalna (>25 km),Wulkan,"Global Volcanism Program, 2013. Volcanoes of the World, v. 4.11.0. Venzke, E (ed.). Smithsonian Institution. Downloaded 20 Jun 2022. https://doi.org/10.5479/si.GVP.VOTW4-2013"
"918",Edgecumbe,2220 p.n.e.,Stany Zjednoczone,stratowulkan,erupcja datowana,andezyt / andezyt bazaltowy,strefa subdukcji / skorupa kontynentalna (>25 km),Wulkan,"Global Volcanism Program, 2013. Volcanoes of the World, v. 4.11.0. Venzke, E (ed.). Smithsonian Institution. Downloaded 20 Jun 2022. https://doi.org/10.5479/si.GVP.VOTW4-2013"
"928",Edziza,"950",Kanada,stratowulkan,erupcja datowana,trachit,strefa subdukcji / skorupa kontynentalna (>25 km),Wulkan,"Global Volcanism Program, 2013. Volcanoes of the World, v. 4.11.0. Venzke, E (ed.). Smithsonian Institution. Downloaded 20 Jun 2022. https://doi.org/10.5479/si.GVP.VOTW4-2013"
"174",Hiuchigatake,"1544",Japonia,stratowulkan,erupcja zaobserwowana,andezyt / andezyt bazaltowy,strefa subdukcji / skorupa kontynentalna (>25 km),Wulkan,"Global Volcanism Program, 2013. Volcanoes of the World, v. 4.11.0. Venzke, E (ed.). Smithsonian Institution. Downloaded 20 Jun 2022. https://doi.org/10.5479/si.GVP.VOTW4-2013"
"176",Nantaisan,9540 p.n.e.,Japonia,stratowulkan,erupcja datowana,andezyt / andezyt bazaltowy,strefa subdukcji / skorupa kontynentalna (>25 km),Wulkan,"Global Volcanism Program, 2013. Volcanoes of the World, v. 4.11.0. Venzke, E (ed.). Smithsonian Institution. Downloaded 20 Jun 2022. https://doi.org/10.5479/si.GVP.VOTW4-2013"
"181",Bandaisan,"1888",Japonia,stratowulkan,erupcja zaobserwowana,andezyt / andezyt bazaltowy,strefa subdukcji / skorupa kontynentalna (>25 km),Wulkan,"Global Volcanism Program, 2013. Volcanoes of the World, v. 4.11.0. Venzke, E (ed.). Smithsonian Institution. Downloaded 20 Jun 2022. https://doi.org/10.5479/si.GVP.VOTW4-2013"
"183",Azumayama,"1977",Japonia,stratowulkan,erupcja zaobserwowana,andezyt / andezyt bazaltowy,strefa subdukcji / skorupa kontynentalna (>25 km),Wulkan,"Global Volcanism Program, 2013. Volcanoes of the World, v. 4.11.0. Venzke, E (ed.). Smithsonian Institution. Downloaded 20 Jun 2022. https://doi.org/10.5479/si.GVP.VOTW4-2013"
"187",Kurikomayama,"1950",Japonia,stratowulkan,erupcja zaobserwowana,andezyt / andezyt bazaltowy,strefa subdukcji / skorupa kontynentalna (>25 km),Wulkan,"Global Volcanism Program, 2013. Volcanoes of the World, v. 4.11.0. Venzke, E (ed.). Smithsonian Institution. Downloaded 20 Jun 2022. https://doi.org/10.5479/si.GVP.VOTW4-2013"
"188",Chokaisan,"1974",Japonia,stratowulkan,erupcja zaobserwowana,andezyt / andezyt bazaltowy,strefa subdukcji / skorupa kontynentalna (>25 km),Wulkan,"Global Volcanism Program, 2013. Volcanoes of the World, v. 4.11.0. Venzke, E (ed.). Smithsonian Institution. Downloaded 20 Jun 2022. https://doi.org/10.5479/si.GVP.VOTW4-2013"
"189",Akita-Komagatake,"1971",Japonia,stratowulkan,erupcja zaobserwowana,bazalt / pikryt,strefa subdukcji / skorupa kontynentalna (>25 km),Wulkan,"Global Volcanism Program, 2013. Volcanoes of the World, v. 4.11.0. Venzke, E (ed.). Smithsonian Institution. Downloaded 20 Jun 2022. https://doi.org/10.5479/si.GVP.VOTW4-2013"
"236",Agrigan,"1917",Stany Zjednoczone,stratowulkan,erupcja zaobserwowana,bazalt / pikryt,strefa subdukcji / grubość skorupy nieznana,Wulkan,"Global Volcanism Program, 2013. Volcanoes of the World, v. 4.11.0. Venzke, E (ed.). Smithsonian Institution. Downloaded 20 Jun 2022. https://doi.org/10.5479/si.GVP.VOTW4-2013"
"237",Pagan,"2012",Stany Zjednoczone,stratowulkan,erupcja zaobserwowana,bazalt / pikryt,strefa subdukcji / grubość skorupy nieznana,Wulkan,"Global Volcanism Program, 2013. Volcanoes of the World, v. 4.11.0. Venzke, E (ed.). Smithsonian Institution. Downloaded 20 Jun 2022. https://doi.org/10.5479/si.GVP.VOTW4-2013"
"238",Alamagan,"870",Stany Zjednoczone,stratowulkan,erupcja datowana,andezyt / andezyt bazaltowy,strefa subdukcji / grubość skorupy nieznana,Wulkan,"Global Volcanism Program, 2013. Volcanoes of the World, v. 4.11.0. Venzke, E (ed.). Smithsonian Institution. Downloaded 20 Jun 2022. https://doi.org/10.5479/si.GVP.VOTW4-2013"
"239",Guguan,"1883",Stany Zjednoczone,stratowulkan,erupcja zaobserwowana,andezyt / andezyt bazaltowy,strefa subdukcji / grubość skorupy nieznana,Wulkan,"Global Volcanism Program, 2013. Volcanoes of the World, v. 4.11.0. Venzke, E (ed.). Smithsonian Institution. Downloaded 20 Jun 2022. https://doi.org/10.5479/si.GVP.VOTW4-2013"
"243",Anatahan,"2008",Stany Zjednoczone,stratowulkan,erupcja zaobserwowana,andezyt / andezyt bazaltowy,strefa subdukcji / grubość skorupy nieznana,Wulkan,"Global Volcanism Program, 2013. Volcanoes of the World, v. 4.11.0. Venzke, E (ed.). Smithsonian Institution. Downloaded 20 Jun 2022. https://doi.org/10.5479/si.GVP.VOTW4-2013"
"579",Dugong,brak danych,Tonga,podwodny,brak dowodów na wybuch,"-","-",Wulkan,"Global Volcanism Program, 2013. Volcanoes of the World, v. 4.11.0. Venzke, E (ed.). Smithsonian Institution. Downloaded 20 Jun 2022. https://doi.org/10.5479/si.GVP.VOTW4-2013"
"943",Baker,"1880",Stany Zjednoczone,stratowulkan,erupcja zaobserwowana,andezyt / andezyt bazaltowy,strefa subdukcji / skorupa kontynentalna (>25 km),Wulkan,"Global Volcanism Program, 2013. Volcanoes of the World, v. 4.11.0. Venzke, E (ed.). Smithsonian Institution. Downloaded 20 Jun 2022. https://doi.org/10.5479/si.GVP.VOTW4-2013"
"944",Glacier Peak,"1700",Stany Zjednoczone,stratowulkan,erupcja datowana,dacyt,strefa subdukcji / skorupa kontynentalna (>25 km),Wulkan,"Global Volcanism Program, 2013. Volcanoes of the World, v. 4.11.0. Venzke, E (ed.). Smithsonian Institution. Downloaded 20 Jun 2022. https://doi.org/10.5479/si.GVP.VOTW4-2013"
"209",Yavinsky,4050 p.n.e.,Rosja,stratowulkan,erupcja datowana,bazalt / pikryt,strefa subdukcji / skorupa kontynentalna (>25 km),Wulkan,"Global Volcanism Program, 2013. Volcanoes of the World, v. 4.11.0. Venzke, E (ed.). Smithsonian Institution. Downloaded 20 Jun 2022. https://doi.org/10.5479/si.GVP.VOTW4-2013"
"212",Izu-Torishima,"2002",Japonia,stratowulkan,erupcja zaobserwowana,bazalt / pikryt,strefa subdukcji / skorupa oceaniczna (< 15 km),Wulkan,"Global Volcanism Program, 2013. Volcanoes of the World, v. 4.11.0. Venzke, E (ed.). Smithsonian Institution. Downloaded 20 Jun 2022. https://doi.org/10.5479/si.GVP.VOTW4-2013"
"945",Rainier,"1450",Stany Zjednoczone,stratowulkan,erupcja datowana,andezyt / andezyt bazaltowy,strefa subdukcji / skorupa kontynentalna (>25 km),Wulkan,"Global Volcanism Program, 2013. Volcanoes of the World, v. 4.11.0. Venzke, E (ed.). Smithsonian Institution. Downloaded 20 Jun 2022. https://doi.org/10.5479/si.GVP.VOTW4-2013"
"946",Adams,"950",Stany Zjednoczone,stratowulkan,erupcja datowana,andezyt / andezyt bazaltowy,strefa subdukcji / skorupa kontynentalna (>25 km),Wulkan,"Global Volcanism Program, 2013. Volcanoes of the World, v. 4.11.0. Venzke, E (ed.). Smithsonian Institution. Downloaded 20 Jun 2022. https://doi.org/10.5479/si.GVP.VOTW4-2013"
"947",St. Helens,"2008",Stany Zjednoczone,stratowulkan,erupcja zaobserwowana,dacyt,strefa subdukcji / skorupa kontynentalna (>25 km),Wulkan,"Global Volcanism Program, 2013. Volcanoes of the World, v. 4.11.0. Venzke, E (ed.). Smithsonian Institution. Downloaded 20 Jun 2022. https://doi.org/10.5479/si.GVP.VOTW4-2013"
"950",Hood,"1866",Stany Zjednoczone,stratowulkan,erupcja zaobserwowana,andezyt / andezyt bazaltowy,strefa subdukcji / skorupa kontynentalna (>25 km),Wulkan,"Global Volcanism Program, 2013. Volcanoes of the World, v. 4.11.0. Venzke, E (ed.). Smithsonian Institution. Downloaded 20 Jun 2022. https://doi.org/10.5479/si.GVP.VOTW4-2013"
"951",Jefferson,"950",Stany Zjednoczone,stratowulkan,erupcja datowana,andezyt / andezyt bazaltowy,strefa subdukcji / skorupa kontynentalna (>25 km),Wulkan,"Global Volcanism Program, 2013. Volcanoes of the World, v. 4.11.0. Venzke, E (ed.). Smithsonian Institution. Downloaded 20 Jun 2022. https://doi.org/10.5479/si.GVP.VOTW4-2013"
"956",Bachelor,5800 p.n.e.,Stany Zjednoczone,stratowulkan,erupcja datowana,andezyt / andezyt bazaltowy,strefa subdukcji / skorupa kontynentalna (>25 km),Wulkan,"Global Volcanism Program, 2013. Volcanoes of the World, v. 4.11.0. Venzke, E (ed.). Smithsonian Institution. Downloaded 20 Jun 2022. https://doi.org/10.5479/si.GVP.VOTW4-2013"
"274",Moekeshiwan [Lvinaya Past],7480 p.n.e.,Japonia,stratowulkan,erupcja datowana,andezyt / andezyt bazaltowy,strefa subdukcji / skorupa oceaniczna (< 15 km),Wulkan,"Global Volcanism Program, 2013. Volcanoes of the World, v. 4.11.0. Venzke, E (ed.). Smithsonian Institution. Downloaded 20 Jun 2022. https://doi.org/10.5479/si.GVP.VOTW4-2013"
"275",Etorofu-Atosanupuri [Atosanupuri],"1932",Japonia,stratowulkan,erupcja zaobserwowana,andezyt / andezyt bazaltowy,strefa subdukcji / skorupa oceaniczna (< 15 km),Wulkan,"Global Volcanism Program, 2013. Volcanoes of the World, v. 4.11.0. Venzke, E (ed.). Smithsonian Institution. Downloaded 20 Jun 2022. https://doi.org/10.5479/si.GVP.VOTW4-2013"
"964",Shasta,"1786",Stany Zjednoczone,stratowulkan,erupcja zaobserwowana,andezyt / andezyt bazaltowy,strefa subdukcji / skorupa kontynentalna (>25 km),Wulkan,"Global Volcanism Program, 2013. Volcanoes of the World, v. 4.11.0. Venzke, E (ed.). Smithsonian Institution. Downloaded 20 Jun 2022. https://doi.org/10.5479/si.GVP.VOTW4-2013"
"966",Lassen Volcanic Center,"1917",Stany Zjednoczone,stratowulkan,erupcja zaobserwowana,andezyt / andezyt bazaltowy,strefa subdukcji / skorupa kontynentalna (>25 km),Wulkan,"Global Volcanism Program, 2013. Volcanoes of the World, v. 4.11.0. Venzke, E (ed.). Smithsonian Institution. Downloaded 20 Jun 2022. https://doi.org/10.5479/si.GVP.VOTW4-2013"
"231",Farallon de Pajaros,"1967",Stany Zjednoczone,stratowulkan,erupcja zaobserwowana,andezyt / andezyt bazaltowy,strefa subdukcji / grubość skorupy nieznana,Wulkan,"Global Volcanism Program, 2013. Volcanoes of the World, v. 4.11.0. Venzke, E (ed.). Smithsonian Institution. Downloaded 20 Jun 2022. https://doi.org/10.5479/si.GVP.VOTW4-2013"
"235",Asuncion,"1906",Stany Zjednoczone,stratowulkan,erupcja zaobserwowana,andezyt / andezyt bazaltowy,strefa subdukcji / grubość skorupy nieznana,Wulkan,"Global Volcanism Program, 2013. Volcanoes of the World, v. 4.11.0. Venzke, E (ed.). Smithsonian Institution. Downloaded 20 Jun 2022. https://doi.org/10.5479/si.GVP.VOTW4-2013"
"251",Oshima-Oshima,"1790",Japonia,stratowulkan,erupcja zaobserwowana,bazalt / pikryt,strefa subdukcji / skorupa kontynentalna (>25 km),Wulkan,"Global Volcanism Program, 2013. Volcanoes of the World, v. 4.11.0. Venzke, E (ed.). Smithsonian Institution. Downloaded 20 Jun 2022. https://doi.org/10.5479/si.GVP.VOTW4-2013"
"253",Hokkaido-Komagatake,"2000",Japonia,stratowulkan,erupcja zaobserwowana,andezyt / andezyt bazaltowy,strefa subdukcji / skorupa kontynentalna (>25 km),Wulkan,"Global Volcanism Program, 2013. Volcanoes of the World, v. 4.11.0. Venzke, E (ed.). Smithsonian Institution. Downloaded 20 Jun 2022. https://doi.org/10.5479/si.GVP.VOTW4-2013"
"254",Toya,"2001",Japonia,stratowulkan,erupcja zaobserwowana,bazalt / pikryt,strefa subdukcji / skorupa kontynentalna (>25 km),Wulkan,"Global Volcanism Program, 2013. Volcanoes of the World, v. 4.11.0. Venzke, E (ed.). Smithsonian Institution. Downloaded 20 Jun 2022. https://doi.org/10.5479/si.GVP.VOTW4-2013"
"313",Iliinsky,"1901",Rosja,stratowulkan,erupcja zaobserwowana,andezyt / andezyt bazaltowy,strefa subdukcji / skorupa kontynentalna (>25 km),Wulkan,"Global Volcanism Program, 2013. Volcanoes of the World, v. 4.11.0. Venzke, E (ed.). Smithsonian Institution. Downloaded 20 Jun 2022. https://doi.org/10.5479/si.GVP.VOTW4-2013"
"315",Zheltovsky,"1923",Rosja,stratowulkan,erupcja zaobserwowana,bazalt / pikryt,strefa subdukcji / skorupa kontynentalna (>25 km),Wulkan,"Global Volcanism Program, 2013. Volcanoes of the World, v. 4.11.0. Venzke, E (ed.). Smithsonian Institution. Downloaded 20 Jun 2022. https://doi.org/10.5479/si.GVP.VOTW4-2013"
"255",Niseko,4900 p.n.e.,Japonia,stratowulkan,erupcja datowana,andezyt / andezyt bazaltowy,strefa subdukcji / skorupa kontynentalna (>25 km),Wulkan,"Global Volcanism Program, 2013. Volcanoes of the World, v. 4.11.0. Venzke, E (ed.). Smithsonian Institution. Downloaded 20 Jun 2022. https://doi.org/10.5479/si.GVP.VOTW4-2013"
"256",Yoteizan,1050 p.n.e.,Japonia,stratowulkan,erupcja datowana,andezyt / andezyt bazaltowy,strefa subdukcji / skorupa kontynentalna (>25 km),Wulkan,"Global Volcanism Program, 2013. Volcanoes of the World, v. 4.11.0. Venzke, E (ed.). Smithsonian Institution. Downloaded 20 Jun 2022. https://doi.org/10.5479/si.GVP.VOTW4-2013"
"257",Kuttara,"1820",Japonia,stratowulkan,erupcja datowana,bazalt / pikryt,strefa subdukcji / skorupa kontynentalna (>25 km),Wulkan,"Global Volcanism Program, 2013. Volcanoes of the World, v. 4.11.0. Venzke, E (ed.). Smithsonian Institution. Downloaded 20 Jun 2022. https://doi.org/10.5479/si.GVP.VOTW4-2013"
"259",Rishirizan,5830 p.n.e.,Japonia,stratowulkan,erupcja datowana,andezyt / andezyt bazaltowy,strefa subdukcji / skorupa kontynentalna (>25 km),Wulkan,"Global Volcanism Program, 2013. Volcanoes of the World, v. 4.11.0. Venzke, E (ed.). Smithsonian Institution. Downloaded 20 Jun 2022. https://doi.org/10.5479/si.GVP.VOTW4-2013"
"260",Tokachidake,"2004",Japonia,stratowulkan,erupcja zaobserwowana,andezyt / andezyt bazaltowy,strefa subdukcji / skorupa kontynentalna (>25 km),Wulkan,"Global Volcanism Program, 2013. Volcanoes of the World, v. 4.11.0. Venzke, E (ed.). Smithsonian Institution. Downloaded 20 Jun 2022. https://doi.org/10.5479/si.GVP.VOTW4-2013"
"261",Taisetsuzan,"1739",Japonia,stratowulkan,erupcja datowana,andezyt / andezyt bazaltowy,strefa subdukcji / skorupa kontynentalna (>25 km),Wulkan,"Global Volcanism Program, 2013. Volcanoes of the World, v. 4.11.0. Venzke, E (ed.). Smithsonian Institution. Downloaded 20 Jun 2022. https://doi.org/10.5479/si.GVP.VOTW4-2013"
"262",Maruyama,"1898",Japonia,stratowulkan,erupcja zaobserwowana,andezyt / andezyt bazaltowy,strefa subdukcji / skorupa kontynentalna (>25 km),Wulkan,"Global Volcanism Program, 2013. Volcanoes of the World, v. 4.11.0. Venzke, E (ed.). Smithsonian Institution. Downloaded 20 Jun 2022. https://doi.org/10.5479/si.GVP.VOTW4-2013"
"266",Rausudake,"1800",Japonia,stratowulkan,erupcja datowana,andezyt / andezyt bazaltowy,strefa subdukcji / skorupa kontynentalna (>25 km),Wulkan,"Global Volcanism Program, 2013. Volcanoes of the World, v. 4.11.0. Venzke, E (ed.). Smithsonian Institution. Downloaded 20 Jun 2022. https://doi.org/10.5479/si.GVP.VOTW4-2013"
"268",Shiretoko-Iozan,"1936",Japonia,stratowulkan,erupcja zaobserwowana,andezyt / andezyt bazaltowy,strefa subdukcji / skorupa kontynentalna (>25 km),Wulkan,"Global Volcanism Program, 2013. Volcanoes of the World, v. 4.11.0. Venzke, E (ed.). Smithsonian Institution. Downloaded 20 Jun 2022. https://doi.org/10.5479/si.GVP.VOTW4-2013"
"270",Raususan [Mendeleev],"1880",Japonia,stratowulkan,erupcja zaobserwowana,andezyt / andezyt bazaltowy,strefa subdukcji / skorupa oceaniczna (< 15 km),Wulkan,"Global Volcanism Program, 2013. Volcanoes of the World, v. 4.11.0. Venzke, E (ed.). Smithsonian Institution. Downloaded 20 Jun 2022. https://doi.org/10.5479/si.GVP.VOTW4-2013"
"272",Chachadake [Tiatia],"1981",Japonia,stratowulkan,erupcja zaobserwowana,bazalt / pikryt,strefa subdukcji / skorupa oceaniczna (< 15 km),Wulkan,"Global Volcanism Program, 2013. Volcanoes of the World, v. 4.11.0. Venzke, E (ed.). Smithsonian Institution. Downloaded 20 Jun 2022. https://doi.org/10.5479/si.GVP.VOTW4-2013"
"280",Sashiusudake [Baransky],"1951",Japonia,stratowulkan,erupcja zaobserwowana,andezyt / andezyt bazaltowy,strefa subdukcji / skorupa oceaniczna (< 15 km),Wulkan,"Global Volcanism Program, 2013. Volcanoes of the World, v. 4.11.0. Venzke, E (ed.). Smithsonian Institution. Downloaded 20 Jun 2022. https://doi.org/10.5479/si.GVP.VOTW4-2013"
"281",Chirippusan [Chirip],"1860",Japonia,stratowulkan,erupcja zaobserwowana,bazalt / pikryt,strefa subdukcji / skorupa oceaniczna (< 15 km),Wulkan,"Global Volcanism Program, 2013. Volcanoes of the World, v. 4.11.0. Venzke, E (ed.). Smithsonian Institution. Downloaded 20 Jun 2022. https://doi.org/10.5479/si.GVP.VOTW4-2013"
"283",Moyorodake [Medvezhia],"1999",Japonia,stratowulkan,erupcja zaobserwowana,andezyt / andezyt bazaltowy,strefa subdukcji / skorupa oceaniczna (< 15 km),Wulkan,"Global Volcanism Program, 2013. Volcanoes of the World, v. 4.11.0. Venzke, E (ed.). Smithsonian Institution. Downloaded 20 Jun 2022. https://doi.org/10.5479/si.GVP.VOTW4-2013"
"360",Visoke,"1957",Demokratyczna Republika Konga - Rwanda,stratowulkan,erupcja zaobserwowana,trachyandezyt / bazaltowy trachyandezyt,strefa ryftowa / skorupa kontynentalna (>25 km),Wulkan,"Global Volcanism Program, 2013. Volcanoes of the World, v. 4.11.0. Venzke, E (ed.). Smithsonian Institution. Downloaded 20 Jun 2022. https://doi.org/10.5479/si.GVP.VOTW4-2013"
"288",Kolokol Group,"1973",Rosja,stratowulkan,erupcja zaobserwowana,andezyt / andezyt bazaltowy,strefa subdukcji / skorupa oceaniczna (< 15 km),Wulkan,"Global Volcanism Program, 2013. Volcanoes of the World, v. 4.11.0. Venzke, E (ed.). Smithsonian Institution. Downloaded 20 Jun 2022. https://doi.org/10.5479/si.GVP.VOTW4-2013"
"1003",Soufriere Hills,"2013",Wielka Brytania,stratowulkan,erupcja zaobserwowana,andezyt / andezyt bazaltowy,strefa subdukcji / skorupa oceaniczna (< 15 km),Wulkan,"Global Volcanism Program, 2013. Volcanoes of the World, v. 4.11.0. Venzke, E (ed.). Smithsonian Institution. Downloaded 20 Jun 2022. https://doi.org/10.5479/si.GVP.VOTW4-2013"
"1005",Soufriere Guadeloupe,"1977",Francja,stratowulkan,erupcja zaobserwowana,andezyt / andezyt bazaltowy,strefa subdukcji / skorupa oceaniczna (< 15 km),Wulkan,"Global Volcanism Program, 2013. Volcanoes of the World, v. 4.11.0. Venzke, E (ed.). Smithsonian Institution. Downloaded 20 Jun 2022. https://doi.org/10.5479/si.GVP.VOTW4-2013"
"1012",Lascar,"2017",Chile,stratowulkan,erupcja zaobserwowana,andezyt / andezyt bazaltowy,strefa subdukcji / skorupa kontynentalna (>25 km),Wulkan,"Global Volcanism Program, 2013. Volcanoes of the World, v. 4.11.0. Venzke, E (ed.). Smithsonian Institution. Downloaded 20 Jun 2022. https://doi.org/10.5479/si.GVP.VOTW4-2013"
"1013","Watt, Morne","1997",Dominika,stratowulkan,erupcja zaobserwowana,andezyt / andezyt bazaltowy,strefa subdukcji / skorupa oceaniczna (< 15 km),Wulkan,"Global Volcanism Program, 2013. Volcanoes of the World, v. 4.11.0. Venzke, E (ed.). Smithsonian Institution. Downloaded 20 Jun 2022. https://doi.org/10.5479/si.GVP.VOTW4-2013"
"220",Kita-Ioto,"2022",Japonia,stratowulkan,erupcja zaobserwowana,bazalt / pikryt,strefa subdukcji / grubość skorupy nieznana,Wulkan,"Global Volcanism Program, 2013. Volcanoes of the World, v. 4.11.0. Venzke, E (ed.). Smithsonian Institution. Downloaded 20 Jun 2022. https://doi.org/10.5479/si.GVP.VOTW4-2013"
"1017",Pelee,"1932",Francja,stratowulkan,erupcja zaobserwowana,andezyt / andezyt bazaltowy,strefa subdukcji / skorupa oceaniczna (< 15 km),Wulkan,"Global Volcanism Program, 2013. Volcanoes of the World, v. 4.11.0. Venzke, E (ed.). Smithsonian Institution. Downloaded 20 Jun 2022. https://doi.org/10.5479/si.GVP.VOTW4-2013"
"345","Lengai, Ol Doinyo","2017",Tanzania,stratowulkan,erupcja zaobserwowana,foidyt,strefa ryftowa / skorupa kontynentalna (>25 km),Wulkan,"Global Volcanism Program, 2013. Volcanoes of the World, v. 4.11.0. Venzke, E (ed.). Smithsonian Institution. Downloaded 20 Jun 2022. https://doi.org/10.5479/si.GVP.VOTW4-2013"
"1022",Snaefellsjokull,"200",Islandia,stratowulkan,erupcja datowana,"-",strefa ryftowa / skorupa oceaniczna (< 15 km),Wulkan,"Global Volcanism Program, 2013. Volcanoes of the World, v. 4.11.0. Venzke, E (ed.). Smithsonian Institution. Downloaded 20 Jun 2022. https://doi.org/10.5479/si.GVP.VOTW4-2013"
"1036",Eyjafjallajokull,"2010",Islandia,stratowulkan,erupcja zaobserwowana,bazalt / pikryt,strefa ryftowa / skorupa oceaniczna (< 15 km),Wulkan,"Global Volcanism Program, 2013. Volcanoes of the World, v. 4.11.0. Venzke, E (ed.). Smithsonian Institution. Downloaded 20 Jun 2022. https://doi.org/10.5479/si.GVP.VOTW4-2013"
"291",Milna,"1914",Rosja,stratowulkan,erupcja zaobserwowana,andezyt / andezyt bazaltowy,strefa subdukcji / skorupa oceaniczna (< 15 km),Wulkan,"Global Volcanism Program, 2013. Volcanoes of the World, v. 4.11.0. Venzke, E (ed.). Smithsonian Institution. Downloaded 20 Jun 2022. https://doi.org/10.5479/si.GVP.VOTW4-2013"
"293",Prevo Peak,"1825",Rosja,stratowulkan,erupcja zaobserwowana,bazalt / pikryt,strefa subdukcji / skorupa oceaniczna (< 15 km),Wulkan,"Global Volcanism Program, 2013. Volcanoes of the World, v. 4.11.0. Venzke, E (ed.). Smithsonian Institution. Downloaded 20 Jun 2022. https://doi.org/10.5479/si.GVP.VOTW4-2013"
"295",Ketoi,"1960",Rosja,stratowulkan,erupcja zaobserwowana,andezyt / andezyt bazaltowy,strefa subdukcji / skorupa oceaniczna (< 15 km),Wulkan,"Global Volcanism Program, 2013. Volcanoes of the World, v. 4.11.0. Venzke, E (ed.). Smithsonian Institution. Downloaded 20 Jun 2022. https://doi.org/10.5479/si.GVP.VOTW4-2013"
"298",Rasshua,"1957",Rosja,stratowulkan,erupcja zaobserwowana,andezyt / andezyt bazaltowy,strefa subdukcji / skorupa oceaniczna (< 15 km),Wulkan,"Global Volcanism Program, 2013. Volcanoes of the World, v. 4.11.0. Venzke, E (ed.). Smithsonian Institution. Downloaded 20 Jun 2022. https://doi.org/10.5479/si.GVP.VOTW4-2013"
"299",Sarychev Peak,"2009",Rosja,stratowulkan,erupcja zaobserwowana,andezyt / andezyt bazaltowy,strefa subdukcji / skorupa oceaniczna (< 15 km),Wulkan,"Global Volcanism Program, 2013. Volcanoes of the World, v. 4.11.0. Venzke, E (ed.). Smithsonian Institution. Downloaded 20 Jun 2022. https://doi.org/10.5479/si.GVP.VOTW4-2013"
"300",Raikoke,"1924",Rosja,stratowulkan,erupcja zaobserwowana,bazalt / pikryt,strefa subdukcji / skorupa oceaniczna (< 15 km),Wulkan,"Global Volcanism Program, 2013. Volcanoes of the World, v. 4.11.0. Venzke, E (ed.). Smithsonian Institution. Downloaded 20 Jun 2022. https://doi.org/10.5479/si.GVP.VOTW4-2013"
"301",Chirinkotan,"2017",Rosja,stratowulkan,erupcja zaobserwowana,andezyt / andezyt bazaltowy,strefa subdukcji / skorupa oceaniczna (< 15 km),Wulkan,"Global Volcanism Program, 2013. Volcanoes of the World, v. 4.11.0. Venzke, E (ed.). Smithsonian Institution. Downloaded 20 Jun 2022. https://doi.org/10.5479/si.GVP.VOTW4-2013"
"302",Ekarma,"2010",Rosja,stratowulkan,erupcja zaobserwowana,andezyt / andezyt bazaltowy,strefa subdukcji / skorupa oceaniczna (< 15 km),Wulkan,"Global Volcanism Program, 2013. Volcanoes of the World, v. 4.11.0. Venzke, E (ed.). Smithsonian Institution. Downloaded 20 Jun 2022. https://doi.org/10.5479/si.GVP.VOTW4-2013"
"1156",Soche,6650 p.n.e.,Ekwador,stratowulkan,erupcja datowana,dacyt,strefa subdukcji / skorupa kontynentalna (>25 km),Wulkan,"Global Volcanism Program, 2013. Volcanoes of the World, v. 4.11.0. Venzke, E (ed.). Smithsonian Institution. Downloaded 20 Jun 2022. https://doi.org/10.5479/si.GVP.VOTW4-2013"
"1039",Torfajokull,"1477",Islandia,stratowulkan,erupcja zaobserwowana,ryolit,strefa ryftowa / skorupa oceaniczna (< 15 km),Wulkan,"Global Volcanism Program, 2013. Volcanoes of the World, v. 4.11.0. Venzke, E (ed.). Smithsonian Institution. Downloaded 20 Jun 2022. https://doi.org/10.5479/si.GVP.VOTW4-2013"
"1040",Hekla,"2000",Islandia,stratowulkan,erupcja zaobserwowana,andezyt / andezyt bazaltowy,strefa ryftowa / skorupa oceaniczna (< 15 km),Wulkan,"Global Volcanism Program, 2013. Volcanoes of the World, v. 4.11.0. Venzke, E (ed.). Smithsonian Institution. Downloaded 20 Jun 2022. https://doi.org/10.5479/si.GVP.VOTW4-2013"
"1042",Bardarbunga,"2015",Islandia,stratowulkan,erupcja zaobserwowana,bazalt / pikryt,strefa ryftowa / skorupa oceaniczna (< 15 km),Wulkan,"Global Volcanism Program, 2013. Volcanoes of the World, v. 4.11.0. Venzke, E (ed.). Smithsonian Institution. Downloaded 20 Jun 2022. https://doi.org/10.5479/si.GVP.VOTW4-2013"
"1044",Kverkfjoll,"1968",Islandia,stratowulkan,erupcja zaobserwowana,bazalt / pikryt,strefa ryftowa / skorupa oceaniczna (< 15 km),Wulkan,"Global Volcanism Program, 2013. Volcanoes of the World, v. 4.11.0. Venzke, E (ed.). Smithsonian Institution. Downloaded 20 Jun 2022. https://doi.org/10.5479/si.GVP.VOTW4-2013"
"1045",Askja,"1961",Islandia,stratowulkan,erupcja zaobserwowana,bazalt / pikryt,strefa ryftowa / skorupa oceaniczna (< 15 km),Wulkan,"Global Volcanism Program, 2013. Volcanoes of the World, v. 4.11.0. Venzke, E (ed.). Smithsonian Institution. Downloaded 20 Jun 2022. https://doi.org/10.5479/si.GVP.VOTW4-2013"
"1046",Fremrinamar,1200 p.n.e.,Islandia,stratowulkan,erupcja datowana,bazalt / pikryt,strefa ryftowa / skorupa oceaniczna (< 15 km),Wulkan,"Global Volcanism Program, 2013. Volcanoes of the World, v. 4.11.0. Venzke, E (ed.). Smithsonian Institution. Downloaded 20 Jun 2022. https://doi.org/10.5479/si.GVP.VOTW4-2013"
"1050",Oraefajokull,"1728",Islandia,stratowulkan,erupcja zaobserwowana,bazalt / pikryt,strefa ryftowa / skorupa oceaniczna (< 15 km),Wulkan,"Global Volcanism Program, 2013. Volcanoes of the World, v. 4.11.0. Venzke, E (ed.). Smithsonian Institution. Downloaded 20 Jun 2022. https://doi.org/10.5479/si.GVP.VOTW4-2013"
"1053",Jan Mayen,"1985",Norwegia,stratowulkan,erupcja zaobserwowana,bazalt / pikryt,strefa ryftowa / skorupa oceaniczna (< 15 km),Wulkan,"Global Volcanism Program, 2013. Volcanoes of the World, v. 4.11.0. Venzke, E (ed.). Smithsonian Institution. Downloaded 20 Jun 2022. https://doi.org/10.5479/si.GVP.VOTW4-2013"
"303",Sinarka,"1878",Rosja,stratowulkan,erupcja zaobserwowana,andezyt / andezyt bazaltowy,strefa subdukcji / skorupa oceaniczna (< 15 km),Wulkan,"Global Volcanism Program, 2013. Volcanoes of the World, v. 4.11.0. Venzke, E (ed.). Smithsonian Institution. Downloaded 20 Jun 2022. https://doi.org/10.5479/si.GVP.VOTW4-2013"
"304",Kharimkotan,"1933",Rosja,stratowulkan,erupcja zaobserwowana,andezyt / andezyt bazaltowy,strefa subdukcji / skorupa oceaniczna (< 15 km),Wulkan,"Global Volcanism Program, 2013. Volcanoes of the World, v. 4.11.0. Venzke, E (ed.). Smithsonian Institution. Downloaded 20 Jun 2022. https://doi.org/10.5479/si.GVP.VOTW4-2013"
"305",Tao-Rusyr Caldera,"1952",Rosja,stratowulkan,erupcja zaobserwowana,andezyt / andezyt bazaltowy,strefa subdukcji / skorupa oceaniczna (< 15 km),Wulkan,"Global Volcanism Program, 2013. Volcanoes of the World, v. 4.11.0. Venzke, E (ed.). Smithsonian Institution. Downloaded 20 Jun 2022. https://doi.org/10.5479/si.GVP.VOTW4-2013"
"308",Fuss Peak,"1854",Rosja,stratowulkan,erupcja zaobserwowana,andezyt / andezyt bazaltowy,strefa subdukcji / skorupa kontynentalna (>25 km),Wulkan,"Global Volcanism Program, 2013. Volcanoes of the World, v. 4.11.0. Venzke, E (ed.). Smithsonian Institution. Downloaded 20 Jun 2022. https://doi.org/10.5479/si.GVP.VOTW4-2013"
"327",South Island,"1888",Kenia,stratowulkan,erupcja zaobserwowana,bazalt / pikryt,strefa ryftowa / skorupa kontynentalna (>25 km),Wulkan,"Global Volcanism Program, 2013. Volcanoes of the World, v. 4.11.0. Venzke, E (ed.). Smithsonian Institution. Downloaded 20 Jun 2022. https://doi.org/10.5479/si.GVP.VOTW4-2013"
"343",Longonot,"1863",Kenia,stratowulkan,erupcja datowana,trachit,strefa ryftowa / skorupa kontynentalna (>25 km),Wulkan,"Global Volcanism Program, 2013. Volcanoes of the World, v. 4.11.0. Venzke, E (ed.). Smithsonian Institution. Downloaded 20 Jun 2022. https://doi.org/10.5479/si.GVP.VOTW4-2013"
"347",Meru,"1910",Tanzania,stratowulkan,erupcja zaobserwowana,fonolit,strefa ryftowa / skorupa kontynentalna (>25 km),Wulkan,"Global Volcanism Program, 2013. Volcanoes of the World, v. 4.11.0. Venzke, E (ed.). Smithsonian Institution. Downloaded 20 Jun 2022. https://doi.org/10.5479/si.GVP.VOTW4-2013"
"1055",Flores,950 p.n.e.,Portugalia,stratowulkan,erupcja datowana,bazalt / pikryt,strefa subdukcji / skorupa kontynentalna (>25 km),Wulkan,"Global Volcanism Program, 2013. Volcanoes of the World, v. 4.11.0. Venzke, E (ed.). Smithsonian Institution. Downloaded 20 Jun 2022. https://doi.org/10.5479/si.GVP.VOTW4-2013"
"1057",Fayal,"1958",Portugalia,stratowulkan,erupcja zaobserwowana,andezyt / andezyt bazaltowy,strefa ryftowa / skorupa oceaniczna (< 15 km),Wulkan,"Global Volcanism Program, 2013. Volcanoes of the World, v. 4.11.0. Venzke, E (ed.). Smithsonian Institution. Downloaded 20 Jun 2022. https://doi.org/10.5479/si.GVP.VOTW4-2013"
"1058",Pico,"1720",Portugalia,stratowulkan,erupcja zaobserwowana,bazalt / pikryt,strefa ryftowa / skorupa oceaniczna (< 15 km),Wulkan,"Global Volcanism Program, 2013. Volcanoes of the World, v. 4.11.0. Venzke, E (ed.). Smithsonian Institution. Downloaded 20 Jun 2022. https://doi.org/10.5479/si.GVP.VOTW4-2013"
"1060",Graciosa,1950 p.n.e.,Portugalia,stratowulkan,erupcja datowana,bazalt / pikryt,strefa ryftowa / skorupa oceaniczna (< 15 km),Wulkan,"Global Volcanism Program, 2013. Volcanoes of the World, v. 4.11.0. Venzke, E (ed.). Smithsonian Institution. Downloaded 20 Jun 2022. https://doi.org/10.5479/si.GVP.VOTW4-2013"
"1061",Terceira,"2000",Portugalia,stratowulkan,erupcja zaobserwowana,bazalt / pikryt,strefa ryftowa / skorupa oceaniczna (< 15 km),Wulkan,"Global Volcanism Program, 2013. Volcanoes of the World, v. 4.11.0. Venzke, E (ed.). Smithsonian Institution. Downloaded 20 Jun 2022. https://doi.org/10.5479/si.GVP.VOTW4-2013"
"1063",Sete Cidades,"1880",Portugalia,stratowulkan,erupcja zaobserwowana,trachit,strefa ryftowa / skorupa oceaniczna (< 15 km),Wulkan,"Global Volcanism Program, 2013. Volcanoes of the World, v. 4.11.0. Venzke, E (ed.). Smithsonian Institution. Downloaded 20 Jun 2022. https://doi.org/10.5479/si.GVP.VOTW4-2013"
"1065",Agua de Pau,"1564",Portugalia,stratowulkan,erupcja zaobserwowana,trachit,strefa ryftowa / skorupa oceaniczna (< 15 km),Wulkan,"Global Volcanism Program, 2013. Volcanoes of the World, v. 4.11.0. Venzke, E (ed.). Smithsonian Institution. Downloaded 20 Jun 2022. https://doi.org/10.5479/si.GVP.VOTW4-2013"
"1083",Buckle Island,"1899",Antarktyda,stratowulkan,erupcja zaobserwowana,tefryt / trachybazalt,strefa ryftowa / skorupa oceaniczna (< 15 km),Wulkan,"Global Volcanism Program, 2013. Volcanoes of the World, v. 4.11.0. Venzke, E (ed.). Smithsonian Institution. Downloaded 20 Jun 2022. https://doi.org/10.5479/si.GVP.VOTW4-2013"
"1086","Pleiades, The",1050 p.n.e.,Antarktyda,stratowulkan,erupcja datowana,trachyandezyt / bazaltowy trachyandezyt,strefa subdukcji / skorupa kontynentalna (>25 km),Wulkan,"Global Volcanism Program, 2013. Volcanoes of the World, v. 4.11.0. Venzke, E (ed.). Smithsonian Institution. Downloaded 20 Jun 2022. https://doi.org/10.5479/si.GVP.VOTW4-2013"
"1087",Melbourne,"1892",Antarktyda,stratowulkan,erupcja datowana,trachit,strefa subdukcji / skorupa kontynentalna (>25 km),Wulkan,"Global Volcanism Program, 2013. Volcanoes of the World, v. 4.11.0. Venzke, E (ed.). Smithsonian Institution. Downloaded 20 Jun 2022. https://doi.org/10.5479/si.GVP.VOTW4-2013"
"1090",Erebus,"2018",Antarktyda,stratowulkan,erupcja zaobserwowana,fonolit,strefa subdukcji / skorupa kontynentalna (>25 km),Wulkan,"Global Volcanism Program, 2013. Volcanoes of the World, v. 4.11.0. Venzke, E (ed.). Smithsonian Institution. Downloaded 20 Jun 2022. https://doi.org/10.5479/si.GVP.VOTW4-2013"
"1098",Hudson Mountains,210 p.n.e.,Antarktyda,stratowulkan,erupcja datowana,bazalt / pikryt,strefa subdukcji / skorupa kontynentalna (>25 km),Wulkan,"Global Volcanism Program, 2013. Volcanoes of the World, v. 4.11.0. Venzke, E (ed.). Smithsonian Institution. Downloaded 20 Jun 2022. https://doi.org/10.5479/si.GVP.VOTW4-2013"
"358",Nyiragongo,"2021",Demokratyczna Republika Konga,stratowulkan,erupcja zaobserwowana,foidyt,strefa ryftowa / skorupa kontynentalna (>25 km),Wulkan,"Global Volcanism Program, 2013. Volcanoes of the World, v. 4.11.0. Venzke, E (ed.). Smithsonian Institution. Downloaded 20 Jun 2022. https://doi.org/10.5479/si.GVP.VOTW4-2013"
"403",Damavand,5350 p.n.e.,Iran,stratowulkan,erupcja datowana,trachyandezyt / bazaltowy trachyandezyt,strefa subdukcji / skorupa kontynentalna (>25 km),Wulkan,"Global Volcanism Program, 2013. Volcanoes of the World, v. 4.11.0. Venzke, E (ed.). Smithsonian Institution. Downloaded 20 Jun 2022. https://doi.org/10.5479/si.GVP.VOTW4-2013"
"505",Kupreanof,"1987",Stany Zjednoczone,stratowulkan,erupcja zaobserwowana,andezyt / andezyt bazaltowy,strefa subdukcji / skorupa kontynentalna (>25 km),Wulkan,"Global Volcanism Program, 2013. Volcanoes of the World, v. 4.11.0. Venzke, E (ed.). Smithsonian Institution. Downloaded 20 Jun 2022. https://doi.org/10.5479/si.GVP.VOTW4-2013"
"506",Veniaminof,"2013",Stany Zjednoczone,stratowulkan,erupcja zaobserwowana,andezyt / andezyt bazaltowy,strefa subdukcji / skorupa kontynentalna (>25 km),Wulkan,"Global Volcanism Program, 2013. Volcanoes of the World, v. 4.11.0. Venzke, E (ed.). Smithsonian Institution. Downloaded 20 Jun 2022. https://doi.org/10.5479/si.GVP.VOTW4-2013"
"1101",Penguin Island,"1905",Antarktyda,stratowulkan,erupcja zaobserwowana,bazalt / pikryt,strefa subdukcji / skorupa kontynentalna (>25 km),Wulkan,"Global Volcanism Program, 2013. Volcanoes of the World, v. 4.11.0. Venzke, E (ed.). Smithsonian Institution. Downloaded 20 Jun 2022. https://doi.org/10.5479/si.GVP.VOTW4-2013"
"1105",Southern Thule,"1975",Wielka Brytania,stratowulkan,erupcja zaobserwowana,andezyt / andezyt bazaltowy,strefa subdukcji / skorupa oceaniczna (< 15 km),Wulkan,"Global Volcanism Program, 2013. Volcanoes of the World, v. 4.11.0. Venzke, E (ed.). Smithsonian Institution. Downloaded 20 Jun 2022. https://doi.org/10.5479/si.GVP.VOTW4-2013"
"1106",Bristol Island,"2016",Wielka Brytania,stratowulkan,erupcja zaobserwowana,bazalt / pikryt,strefa subdukcji / skorupa oceaniczna (< 15 km),Wulkan,"Global Volcanism Program, 2013. Volcanoes of the World, v. 4.11.0. Venzke, E (ed.). Smithsonian Institution. Downloaded 20 Jun 2022. https://doi.org/10.5479/si.GVP.VOTW4-2013"
"1108",Saunders,"2018",Wielka Brytania,stratowulkan,erupcja zaobserwowana,bazalt / pikryt,strefa subdukcji / skorupa oceaniczna (< 15 km),Wulkan,"Global Volcanism Program, 2013. Volcanoes of the World, v. 4.11.0. Venzke, E (ed.). Smithsonian Institution. Downloaded 20 Jun 2022. https://doi.org/10.5479/si.GVP.VOTW4-2013"
"1109",Candlemas Island,"1911",Wielka Brytania,stratowulkan,erupcja zaobserwowana,bazalt / pikryt,strefa subdukcji / skorupa oceaniczna (< 15 km),Wulkan,"Global Volcanism Program, 2013. Volcanoes of the World, v. 4.11.0. Venzke, E (ed.). Smithsonian Institution. Downloaded 20 Jun 2022. https://doi.org/10.5479/si.GVP.VOTW4-2013"
"1112",Zavodovski,"2016",Wielka Brytania,stratowulkan,erupcja zaobserwowana,bazalt / pikryt,strefa subdukcji / skorupa oceaniczna (< 15 km),Wulkan,"Global Volcanism Program, 2013. Volcanoes of the World, v. 4.11.0. Venzke, E (ed.). Smithsonian Institution. Downloaded 20 Jun 2022. https://doi.org/10.5479/si.GVP.VOTW4-2013"
"1117",Momotombo,"2016",Nikaragua,stratowulkan,erupcja zaobserwowana,bazalt / pikryt,strefa subdukcji / skorupa kontynentalna (>25 km),Wulkan,"Global Volcanism Program, 2013. Volcanoes of the World, v. 4.11.0. Venzke, E (ed.). Smithsonian Institution. Downloaded 20 Jun 2022. https://doi.org/10.5479/si.GVP.VOTW4-2013"
"419",Ksudach,"1907",Rosja,stratowulkan,erupcja zaobserwowana,andezyt / andezyt bazaltowy,strefa subdukcji / skorupa kontynentalna (>25 km),Wulkan,"Global Volcanism Program, 2013. Volcanoes of the World, v. 4.11.0. Venzke, E (ed.). Smithsonian Institution. Downloaded 20 Jun 2022. https://doi.org/10.5479/si.GVP.VOTW4-2013"
"425",Khodutka,300 p.n.e.,Rosja,stratowulkan,erupcja datowana,andezyt / andezyt bazaltowy,strefa subdukcji / skorupa kontynentalna (>25 km),Wulkan,"Global Volcanism Program, 2013. Volcanoes of the World, v. 4.11.0. Venzke, E (ed.). Smithsonian Institution. Downloaded 20 Jun 2022. https://doi.org/10.5479/si.GVP.VOTW4-2013"
"426",Spokoiny,3450 p.n.e.,Rosja,stratowulkan,erupcja datowana,dacyt,strefa subdukcji / skorupa kontynentalna (>25 km),Wulkan,"Global Volcanism Program, 2013. Volcanoes of the World, v. 4.11.0. Venzke, E (ed.). Smithsonian Institution. Downloaded 20 Jun 2022. https://doi.org/10.5479/si.GVP.VOTW4-2013"
"428",Ostry,2050 p.n.e.,Rosja,stratowulkan,erupcja datowana,bazalt / pikryt,strefa subdukcji / skorupa kontynentalna (>25 km),Wulkan,"Global Volcanism Program, 2013. Volcanoes of the World, v. 4.11.0. Venzke, E (ed.). Smithsonian Institution. Downloaded 20 Jun 2022. https://doi.org/10.5479/si.GVP.VOTW4-2013"
"446",Arjuno-Welirang,"1952",Indonezja,stratowulkan,erupcja zaobserwowana,andezyt / andezyt bazaltowy,strefa subdukcji / skorupa kontynentalna (>25 km),Wulkan,"Global Volcanism Program, 2013. Volcanoes of the World, v. 4.11.0. Venzke, E (ed.). Smithsonian Institution. Downloaded 20 Jun 2022. https://doi.org/10.5479/si.GVP.VOTW4-2013"
"453",Changbaishan,"1903",Chiny - Północna Korea,stratowulkan,erupcja zaobserwowana,trachit,strefa subdukcji / skorupa kontynentalna (>25 km),Wulkan,"Global Volcanism Program, 2013. Volcanoes of the World, v. 4.11.0. Venzke, E (ed.). Smithsonian Institution. Downloaded 20 Jun 2022. https://doi.org/10.5479/si.GVP.VOTW4-2013"
"1124",Concepcion,"2011",Nikaragua,stratowulkan,erupcja zaobserwowana,andezyt / andezyt bazaltowy,strefa subdukcji / skorupa kontynentalna (>25 km),Wulkan,"Global Volcanism Program, 2013. Volcanoes of the World, v. 4.11.0. Venzke, E (ed.). Smithsonian Institution. Downloaded 20 Jun 2022. https://doi.org/10.5479/si.GVP.VOTW4-2013"
"455",Ulreung,2990 p.n.e.,Korea Południowa,stratowulkan,erupcja datowana,trachyandezyt / bazaltowy trachyandezyt,strefa subdukcji / skorupa kontynentalna (>25 km),Wulkan,"Global Volcanism Program, 2013. Volcanoes of the World, v. 4.11.0. Venzke, E (ed.). Smithsonian Institution. Downloaded 20 Jun 2022. https://doi.org/10.5479/si.GVP.VOTW4-2013"
"458",Kiska,"1990",Stany Zjednoczone,stratowulkan,erupcja zaobserwowana,andezyt / andezyt bazaltowy,strefa subdukcji / skorupa oceaniczna (< 15 km),Wulkan,"Global Volcanism Program, 2013. Volcanoes of the World, v. 4.11.0. Venzke, E (ed.). Smithsonian Institution. Downloaded 20 Jun 2022. https://doi.org/10.5479/si.GVP.VOTW4-2013"
"461",Little Sitkin,"1830",Stany Zjednoczone,stratowulkan,erupcja zaobserwowana,andezyt / andezyt bazaltowy,strefa subdukcji / skorupa oceaniczna (< 15 km),Wulkan,"Global Volcanism Program, 2013. Volcanoes of the World, v. 4.11.0. Venzke, E (ed.). Smithsonian Institution. Downloaded 20 Jun 2022. https://doi.org/10.5479/si.GVP.VOTW4-2013"
"463",Gareloi,"1989",Stany Zjednoczone,stratowulkan,erupcja zaobserwowana,bazalt / pikryt,strefa subdukcji / skorupa oceaniczna (< 15 km),Wulkan,"Global Volcanism Program, 2013. Volcanoes of the World, v. 4.11.0. Venzke, E (ed.). Smithsonian Institution. Downloaded 20 Jun 2022. https://doi.org/10.5479/si.GVP.VOTW4-2013"
"464",Tanaga,"1914",Stany Zjednoczone,stratowulkan,erupcja zaobserwowana,bazalt / pikryt,strefa subdukcji / skorupa oceaniczna (< 15 km),Wulkan,"Global Volcanism Program, 2013. Volcanoes of the World, v. 4.11.0. Venzke, E (ed.). Smithsonian Institution. Downloaded 20 Jun 2022. https://doi.org/10.5479/si.GVP.VOTW4-2013"
"465",Takawangha,"1550",Stany Zjednoczone,stratowulkan,erupcja datowana,bazalt / pikryt,strefa subdukcji / skorupa oceaniczna (< 15 km),Wulkan,"Global Volcanism Program, 2013. Volcanoes of the World, v. 4.11.0. Venzke, E (ed.). Smithsonian Institution. Downloaded 20 Jun 2022. https://doi.org/10.5479/si.GVP.VOTW4-2013"
"1131",Miravalles,"1946",Kostaryka,stratowulkan,erupcja zaobserwowana,andezyt / andezyt bazaltowy,strefa subdukcji / skorupa kontynentalna (>25 km),Wulkan,"Global Volcanism Program, 2013. Volcanoes of the World, v. 4.11.0. Venzke, E (ed.). Smithsonian Institution. Downloaded 20 Jun 2022. https://doi.org/10.5479/si.GVP.VOTW4-2013"
"1133",Arenal,"2010",Kostaryka,stratowulkan,erupcja zaobserwowana,andezyt / andezyt bazaltowy,strefa subdukcji / skorupa kontynentalna (>25 km),Wulkan,"Global Volcanism Program, 2013. Volcanoes of the World, v. 4.11.0. Venzke, E (ed.). Smithsonian Institution. Downloaded 20 Jun 2022. https://doi.org/10.5479/si.GVP.VOTW4-2013"
"1137",Irazu,"1994",Kostaryka,stratowulkan,erupcja zaobserwowana,andezyt / andezyt bazaltowy,strefa subdukcji / skorupa kontynentalna (>25 km),Wulkan,"Global Volcanism Program, 2013. Volcanoes of the World, v. 4.11.0. Venzke, E (ed.). Smithsonian Institution. Downloaded 20 Jun 2022. https://doi.org/10.5479/si.GVP.VOTW4-2013"
"1138",Turrialba,"2018",Kostaryka,stratowulkan,erupcja zaobserwowana,andezyt / andezyt bazaltowy,strefa subdukcji / skorupa kontynentalna (>25 km),Wulkan,"Global Volcanism Program, 2013. Volcanoes of the World, v. 4.11.0. Venzke, E (ed.). Smithsonian Institution. Downloaded 20 Jun 2022. https://doi.org/10.5479/si.GVP.VOTW4-2013"
"1139",Baru,"1550",Panama,stratowulkan,erupcja zaobserwowana,andezyt / andezyt bazaltowy,strefa subdukcji / skorupa kontynentalna (>25 km),Wulkan,"Global Volcanism Program, 2013. Volcanoes of the World, v. 4.11.0. Venzke, E (ed.). Smithsonian Institution. Downloaded 20 Jun 2022. https://doi.org/10.5479/si.GVP.VOTW4-2013"
"1141",Romeral,5390 p.n.e.,Kolumbia,stratowulkan,erupcja datowana,andezyt / andezyt bazaltowy,strefa subdukcji / skorupa kontynentalna (>25 km),Wulkan,"Global Volcanism Program, 2013. Volcanoes of the World, v. 4.11.0. Venzke, E (ed.). Smithsonian Institution. Downloaded 20 Jun 2022. https://doi.org/10.5479/si.GVP.VOTW4-2013"
"470",Kasatochi,"2008",Stany Zjednoczone,stratowulkan,erupcja zaobserwowana,bazalt / pikryt,strefa subdukcji / skorupa oceaniczna (< 15 km),Wulkan,"Global Volcanism Program, 2013. Volcanoes of the World, v. 4.11.0. Venzke, E (ed.). Smithsonian Institution. Downloaded 20 Jun 2022. https://doi.org/10.5479/si.GVP.VOTW4-2013"
"471",Koniuji,1150 p.n.e.,Stany Zjednoczone,stratowulkan,erupcja datowana,andezyt / andezyt bazaltowy,strefa subdukcji / skorupa oceaniczna (< 15 km),Wulkan,"Global Volcanism Program, 2013. Volcanoes of the World, v. 4.11.0. Venzke, E (ed.). Smithsonian Institution. Downloaded 20 Jun 2022. https://doi.org/10.5479/si.GVP.VOTW4-2013"
"472",Atka,"1812",Stany Zjednoczone,stratowulkan,erupcja zaobserwowana,bazalt / pikryt,strefa subdukcji / skorupa oceaniczna (< 15 km),Wulkan,"Global Volcanism Program, 2013. Volcanoes of the World, v. 4.11.0. Venzke, E (ed.). Smithsonian Institution. Downloaded 20 Jun 2022. https://doi.org/10.5479/si.GVP.VOTW4-2013"
"473",Korovin,"2007",Stany Zjednoczone,stratowulkan,erupcja zaobserwowana,bazalt / pikryt,strefa subdukcji / skorupa kontynentalna (>25 km),Wulkan,"Global Volcanism Program, 2013. Volcanoes of the World, v. 4.11.0. Venzke, E (ed.). Smithsonian Institution. Downloaded 20 Jun 2022. https://doi.org/10.5479/si.GVP.VOTW4-2013"
"474",Seguam,"1993",Stany Zjednoczone,stratowulkan,erupcja zaobserwowana,andezyt / andezyt bazaltowy,strefa subdukcji / skorupa oceaniczna (< 15 km),Wulkan,"Global Volcanism Program, 2013. Volcanoes of the World, v. 4.11.0. Venzke, E (ed.). Smithsonian Institution. Downloaded 20 Jun 2022. https://doi.org/10.5479/si.GVP.VOTW4-2013"
"475",Amukta,"1997",Stany Zjednoczone,stratowulkan,erupcja zaobserwowana,andezyt / andezyt bazaltowy,strefa subdukcji / skorupa oceaniczna (< 15 km),Wulkan,"Global Volcanism Program, 2013. Volcanoes of the World, v. 4.11.0. Venzke, E (ed.). Smithsonian Institution. Downloaded 20 Jun 2022. https://doi.org/10.5479/si.GVP.VOTW4-2013"
"462",Semisopochnoi,"2021",Stany Zjednoczone,stratowulkan,erupcja zaobserwowana,bazalt / pikryt,strefa subdukcji / skorupa oceaniczna (< 15 km),Wulkan,"Global Volcanism Program, 2013. Volcanoes of the World, v. 4.11.0. Venzke, E (ed.). Smithsonian Institution. Downloaded 20 Jun 2022. https://doi.org/10.5479/si.GVP.VOTW4-2013"
"1135",Poas,"2022",Kostaryka,stratowulkan,erupcja zaobserwowana,andezyt / andezyt bazaltowy,strefa subdukcji / skorupa kontynentalna (>25 km),Wulkan,"Global Volcanism Program, 2013. Volcanoes of the World, v. 4.11.0. Venzke, E (ed.). Smithsonian Institution. Downloaded 20 Jun 2022. https://doi.org/10.5479/si.GVP.VOTW4-2013"
"1143","Ruiz, Nevado del","2017",Kolumbia,stratowulkan,erupcja zaobserwowana,andezyt / andezyt bazaltowy,strefa subdukcji / skorupa kontynentalna (>25 km),Wulkan,"Global Volcanism Program, 2013. Volcanoes of the World, v. 4.11.0. Venzke, E (ed.). Smithsonian Institution. Downloaded 20 Jun 2022. https://doi.org/10.5479/si.GVP.VOTW4-2013"
"1145","Tolima, Nevado del","1943",Kolumbia,stratowulkan,erupcja zaobserwowana,andezyt / andezyt bazaltowy,strefa subdukcji / skorupa kontynentalna (>25 km),Wulkan,"Global Volcanism Program, 2013. Volcanoes of the World, v. 4.11.0. Venzke, E (ed.). Smithsonian Institution. Downloaded 20 Jun 2022. https://doi.org/10.5479/si.GVP.VOTW4-2013"
"1147","Huila, Nevado del","2012",Kolumbia,stratowulkan,erupcja zaobserwowana,andezyt / andezyt bazaltowy,strefa subdukcji / skorupa kontynentalna (>25 km),Wulkan,"Global Volcanism Program, 2013. Volcanoes of the World, v. 4.11.0. Venzke, E (ed.). Smithsonian Institution. Downloaded 20 Jun 2022. https://doi.org/10.5479/si.GVP.VOTW4-2013"
"1151",Dona Juana,"1906",Kolumbia,stratowulkan,erupcja zaobserwowana,andezyt / andezyt bazaltowy,strefa subdukcji / skorupa kontynentalna (>25 km),Wulkan,"Global Volcanism Program, 2013. Volcanoes of the World, v. 4.11.0. Venzke, E (ed.). Smithsonian Institution. Downloaded 20 Jun 2022. https://doi.org/10.5479/si.GVP.VOTW4-2013"
"1153",Azufral,930 p.n.e.,Kolumbia,stratowulkan,erupcja datowana,dacyt,strefa subdukcji / skorupa kontynentalna (>25 km),Wulkan,"Global Volcanism Program, 2013. Volcanoes of the World, v. 4.11.0. Venzke, E (ed.). Smithsonian Institution. Downloaded 20 Jun 2022. https://doi.org/10.5479/si.GVP.VOTW4-2013"
"1154",Cumbal,"1926",Kolumbia,stratowulkan,erupcja zaobserwowana,andezyt / andezyt bazaltowy,strefa subdukcji / skorupa kontynentalna (>25 km),Wulkan,"Global Volcanism Program, 2013. Volcanoes of the World, v. 4.11.0. Venzke, E (ed.). Smithsonian Institution. Downloaded 20 Jun 2022. https://doi.org/10.5479/si.GVP.VOTW4-2013"
"1157",Chachimbiro,3740 p.n.e.,Ekwador,stratowulkan,erupcja datowana,dacyt,strefa subdukcji / skorupa kontynentalna (>25 km),Wulkan,"Global Volcanism Program, 2013. Volcanoes of the World, v. 4.11.0. Venzke, E (ed.). Smithsonian Institution. Downloaded 20 Jun 2022. https://doi.org/10.5479/si.GVP.VOTW4-2013"
"479",Carlisle,"1828",Stany Zjednoczone,stratowulkan,erupcja zaobserwowana,andezyt / andezyt bazaltowy,strefa subdukcji / skorupa oceaniczna (< 15 km),Wulkan,"Global Volcanism Program, 2013. Volcanoes of the World, v. 4.11.0. Venzke, E (ed.). Smithsonian Institution. Downloaded 20 Jun 2022. https://doi.org/10.5479/si.GVP.VOTW4-2013"
"480",Cleveland,"2018",Stany Zjednoczone,stratowulkan,erupcja zaobserwowana,andezyt / andezyt bazaltowy,strefa subdukcji / skorupa oceaniczna (< 15 km),Wulkan,"Global Volcanism Program, 2013. Volcanoes of the World, v. 4.11.0. Venzke, E (ed.). Smithsonian Institution. Downloaded 20 Jun 2022. https://doi.org/10.5479/si.GVP.VOTW4-2013"
"483",Kagamil,"1929",Stany Zjednoczone,stratowulkan,erupcja zaobserwowana,"-",strefa subdukcji / skorupa oceaniczna (< 15 km),Wulkan,"Global Volcanism Program, 2013. Volcanoes of the World, v. 4.11.0. Venzke, E (ed.). Smithsonian Institution. Downloaded 20 Jun 2022. https://doi.org/10.5479/si.GVP.VOTW4-2013"
"1162",Reventador,"2018",Ekwador,stratowulkan,erupcja zaobserwowana,andezyt / andezyt bazaltowy,strefa subdukcji / skorupa kontynentalna (>25 km),Wulkan,"Global Volcanism Program, 2013. Volcanoes of the World, v. 4.11.0. Venzke, E (ed.). Smithsonian Institution. Downloaded 20 Jun 2022. https://doi.org/10.5479/si.GVP.VOTW4-2013"
"1164",Guagua Pichincha,"2002",Ekwador,stratowulkan,erupcja zaobserwowana,andezyt / andezyt bazaltowy,strefa subdukcji / skorupa kontynentalna (>25 km),Wulkan,"Global Volcanism Program, 2013. Volcanoes of the World, v. 4.11.0. Venzke, E (ed.). Smithsonian Institution. Downloaded 20 Jun 2022. https://doi.org/10.5479/si.GVP.VOTW4-2013"
"1165",Atacazo,320 p.n.e.,Ekwador,stratowulkan,erupcja datowana,andezyt / andezyt bazaltowy,strefa subdukcji / skorupa kontynentalna (>25 km),Wulkan,"Global Volcanism Program, 2013. Volcanoes of the World, v. 4.11.0. Venzke, E (ed.). Smithsonian Institution. Downloaded 20 Jun 2022. https://doi.org/10.5479/si.GVP.VOTW4-2013"
"1167",Antisana,"1802",Ekwador,stratowulkan,erupcja zaobserwowana,andezyt / andezyt bazaltowy,strefa subdukcji / skorupa kontynentalna (>25 km),Wulkan,"Global Volcanism Program, 2013. Volcanoes of the World, v. 4.11.0. Venzke, E (ed.). Smithsonian Institution. Downloaded 20 Jun 2022. https://doi.org/10.5479/si.GVP.VOTW4-2013"
"1168",Aliso,2450 p.n.e.,Ekwador,stratowulkan,erupcja datowana,andezyt / andezyt bazaltowy,strefa subdukcji / skorupa kontynentalna (>25 km),Wulkan,"Global Volcanism Program, 2013. Volcanoes of the World, v. 4.11.0. Venzke, E (ed.). Smithsonian Institution. Downloaded 20 Jun 2022. https://doi.org/10.5479/si.GVP.VOTW4-2013"
"1171",Cotopaxi,"2016",Ekwador,stratowulkan,erupcja zaobserwowana,andezyt / andezyt bazaltowy,strefa subdukcji / skorupa kontynentalna (>25 km),Wulkan,"Global Volcanism Program, 2013. Volcanoes of the World, v. 4.11.0. Venzke, E (ed.). Smithsonian Institution. Downloaded 20 Jun 2022. https://doi.org/10.5479/si.GVP.VOTW4-2013"
"1173",Chimborazo,"550",Ekwador,stratowulkan,erupcja datowana,andezyt / andezyt bazaltowy,strefa subdukcji / skorupa kontynentalna (>25 km),Wulkan,"Global Volcanism Program, 2013. Volcanoes of the World, v. 4.11.0. Venzke, E (ed.). Smithsonian Institution. Downloaded 20 Jun 2022. https://doi.org/10.5479/si.GVP.VOTW4-2013"
"1174",Tungurahua,"2016",Ekwador,stratowulkan,erupcja zaobserwowana,andezyt / andezyt bazaltowy,strefa subdukcji / skorupa kontynentalna (>25 km),Wulkan,"Global Volcanism Program, 2013. Volcanoes of the World, v. 4.11.0. Venzke, E (ed.). Smithsonian Institution. Downloaded 20 Jun 2022. https://doi.org/10.5479/si.GVP.VOTW4-2013"
"484",Vsevidof,"1878",Stany Zjednoczone,stratowulkan,erupcja zaobserwowana,andezyt / andezyt bazaltowy,strefa subdukcji / skorupa oceaniczna (< 15 km),Wulkan,"Global Volcanism Program, 2013. Volcanoes of the World, v. 4.11.0. Venzke, E (ed.). Smithsonian Institution. Downloaded 20 Jun 2022. https://doi.org/10.5479/si.GVP.VOTW4-2013"
"488",Makushin,"1995",Stany Zjednoczone,stratowulkan,erupcja zaobserwowana,andezyt / andezyt bazaltowy,strefa subdukcji / skorupa oceaniczna (< 15 km),Wulkan,"Global Volcanism Program, 2013. Volcanoes of the World, v. 4.11.0. Venzke, E (ed.). Smithsonian Institution. Downloaded 20 Jun 2022. https://doi.org/10.5479/si.GVP.VOTW4-2013"
"489",Akutan,"1992",Stany Zjednoczone,stratowulkan,erupcja zaobserwowana,bazalt / pikryt,strefa subdukcji / skorupa oceaniczna (< 15 km),Wulkan,"Global Volcanism Program, 2013. Volcanoes of the World, v. 4.11.0. Venzke, E (ed.). Smithsonian Institution. Downloaded 20 Jun 2022. https://doi.org/10.5479/si.GVP.VOTW4-2013"
"490",Westdahl,"1992",Stany Zjednoczone,stratowulkan,erupcja zaobserwowana,bazalt / pikryt,strefa subdukcji / skorupa kontynentalna (>25 km),Wulkan,"Global Volcanism Program, 2013. Volcanoes of the World, v. 4.11.0. Venzke, E (ed.). Smithsonian Institution. Downloaded 20 Jun 2022. https://doi.org/10.5479/si.GVP.VOTW4-2013"
"491",Fisher,"1830",Stany Zjednoczone,stratowulkan,erupcja zaobserwowana,andezyt / andezyt bazaltowy,strefa subdukcji / skorupa kontynentalna (>25 km),Wulkan,"Global Volcanism Program, 2013. Volcanoes of the World, v. 4.11.0. Venzke, E (ed.). Smithsonian Institution. Downloaded 20 Jun 2022. https://doi.org/10.5479/si.GVP.VOTW4-2013"
"492",Shishaldin,"2015",Stany Zjednoczone,stratowulkan,erupcja zaobserwowana,bazalt / pikryt,strefa subdukcji / skorupa kontynentalna (>25 km),Wulkan,"Global Volcanism Program, 2013. Volcanoes of the World, v. 4.11.0. Venzke, E (ed.). Smithsonian Institution. Downloaded 20 Jun 2022. https://doi.org/10.5479/si.GVP.VOTW4-2013"
"494",Roundtop,7600 p.n.e.,Stany Zjednoczone,stratowulkan,erupcja datowana,ryolit,strefa subdukcji / skorupa kontynentalna (>25 km),Wulkan,"Global Volcanism Program, 2013. Volcanoes of the World, v. 4.11.0. Venzke, E (ed.). Smithsonian Institution. Downloaded 20 Jun 2022. https://doi.org/10.5479/si.GVP.VOTW4-2013"
"495",Amak,"1796",Stany Zjednoczone,stratowulkan,erupcja zaobserwowana,andezyt / andezyt bazaltowy,strefa subdukcji / skorupa kontynentalna (>25 km),Wulkan,"Global Volcanism Program, 2013. Volcanoes of the World, v. 4.11.0. Venzke, E (ed.). Smithsonian Institution. Downloaded 20 Jun 2022. https://doi.org/10.5479/si.GVP.VOTW4-2013"
"501",Dana,1890 p.n.e.,Stany Zjednoczone,stratowulkan,erupcja datowana,andezyt / andezyt bazaltowy,strefa subdukcji / skorupa kontynentalna (>25 km),Wulkan,"Global Volcanism Program, 2013. Volcanoes of the World, v. 4.11.0. Venzke, E (ed.). Smithsonian Institution. Downloaded 20 Jun 2022. https://doi.org/10.5479/si.GVP.VOTW4-2013"
"507",Black Peak,1900 p.n.e.,Stany Zjednoczone,stratowulkan,erupcja datowana,andezyt / andezyt bazaltowy,strefa subdukcji / skorupa kontynentalna (>25 km),Wulkan,"Global Volcanism Program, 2013. Volcanoes of the World, v. 4.11.0. Venzke, E (ed.). Smithsonian Institution. Downloaded 20 Jun 2022. https://doi.org/10.5479/si.GVP.VOTW4-2013"
"1196",Sabancaya,"2018",Peru,stratowulkan,erupcja zaobserwowana,andezyt / andezyt bazaltowy,strefa subdukcji / skorupa kontynentalna (>25 km),Wulkan,"Global Volcanism Program, 2013. Volcanoes of the World, v. 4.11.0. Venzke, E (ed.). Smithsonian Institution. Downloaded 20 Jun 2022. https://doi.org/10.5479/si.GVP.VOTW4-2013"
"1199","Misti, El","1985",Peru,stratowulkan,erupcja zaobserwowana,andezyt / andezyt bazaltowy,strefa subdukcji / skorupa kontynentalna (>25 km),Wulkan,"Global Volcanism Program, 2013. Volcanoes of the World, v. 4.11.0. Venzke, E (ed.). Smithsonian Institution. Downloaded 20 Jun 2022. https://doi.org/10.5479/si.GVP.VOTW4-2013"
"1200",Ubinas,"2017",Peru,stratowulkan,erupcja zaobserwowana,andezyt / andezyt bazaltowy,strefa subdukcji / skorupa kontynentalna (>25 km),Wulkan,"Global Volcanism Program, 2013. Volcanoes of the World, v. 4.11.0. Venzke, E (ed.). Smithsonian Institution. Downloaded 20 Jun 2022. https://doi.org/10.5479/si.GVP.VOTW4-2013"
"1201",Huaynaputina,"1600",Peru,stratowulkan,erupcja zaobserwowana,dacyt,strefa subdukcji / skorupa kontynentalna (>25 km),Wulkan,"Global Volcanism Program, 2013. Volcanoes of the World, v. 4.11.0. Venzke, E (ed.). Smithsonian Institution. Downloaded 20 Jun 2022. https://doi.org/10.5479/si.GVP.VOTW4-2013"
"1176",Sangay,"2019",Ekwador,stratowulkan,erupcja zaobserwowana,andezyt / andezyt bazaltowy,strefa subdukcji / skorupa kontynentalna (>25 km),Wulkan,"Global Volcanism Program, 2013. Volcanoes of the World, v. 4.11.0. Venzke, E (ed.). Smithsonian Institution. Downloaded 20 Jun 2022. https://doi.org/10.5479/si.GVP.VOTW4-2013"
"1148",Purace,"2022",Kolumbia,stratowulkan,erupcja zaobserwowana,andezyt / andezyt bazaltowy,strefa subdukcji / skorupa kontynentalna (>25 km),Wulkan,"Global Volcanism Program, 2013. Volcanoes of the World, v. 4.11.0. Venzke, E (ed.). Smithsonian Institution. Downloaded 20 Jun 2022. https://doi.org/10.5479/si.GVP.VOTW4-2013"
"1203",Tutupaca,"1802",Peru,stratowulkan,erupcja zaobserwowana,andezyt / andezyt bazaltowy,strefa subdukcji / skorupa kontynentalna (>25 km),Wulkan,"Global Volcanism Program, 2013. Volcanoes of the World, v. 4.11.0. Venzke, E (ed.). Smithsonian Institution. Downloaded 20 Jun 2022. https://doi.org/10.5479/si.GVP.VOTW4-2013"
"1204",Yucamane,1320 p.n.e.,Peru,stratowulkan,erupcja zaobserwowana,andezyt / andezyt bazaltowy,strefa subdukcji / skorupa kontynentalna (>25 km),Wulkan,"Global Volcanism Program, 2013. Volcanoes of the World, v. 4.11.0. Venzke, E (ed.). Smithsonian Institution. Downloaded 20 Jun 2022. https://doi.org/10.5479/si.GVP.VOTW4-2013"
"509",Yantarni,800 p.n.e.,Stany Zjednoczone,stratowulkan,erupcja datowana,andezyt / andezyt bazaltowy,strefa subdukcji / skorupa kontynentalna (>25 km),Wulkan,"Global Volcanism Program, 2013. Volcanoes of the World, v. 4.11.0. Venzke, E (ed.). Smithsonian Institution. Downloaded 20 Jun 2022. https://doi.org/10.5479/si.GVP.VOTW4-2013"
"510",Chiginagak,"1998",Stany Zjednoczone,stratowulkan,erupcja zaobserwowana,andezyt / andezyt bazaltowy,strefa subdukcji / skorupa kontynentalna (>25 km),Wulkan,"Global Volcanism Program, 2013. Volcanoes of the World, v. 4.11.0. Venzke, E (ed.). Smithsonian Institution. Downloaded 20 Jun 2022. https://doi.org/10.5479/si.GVP.VOTW4-2013"
"512",Ugashik-Peulik,"1814",Stany Zjednoczone,stratowulkan,erupcja zaobserwowana,andezyt / andezyt bazaltowy,strefa subdukcji / skorupa kontynentalna (>25 km),Wulkan,"Global Volcanism Program, 2013. Volcanoes of the World, v. 4.11.0. Venzke, E (ed.). Smithsonian Institution. Downloaded 20 Jun 2022. https://doi.org/10.5479/si.GVP.VOTW4-2013"
"1208",Parinacota,"290",Chile - Boliwia,stratowulkan,erupcja datowana,andezyt / andezyt bazaltowy,strefa subdukcji / skorupa kontynentalna (>25 km),Wulkan,"Global Volcanism Program, 2013. Volcanoes of the World, v. 4.11.0. Venzke, E (ed.). Smithsonian Institution. Downloaded 20 Jun 2022. https://doi.org/10.5479/si.GVP.VOTW4-2013"
"1209",Guallatiri,"1960",Chile,stratowulkan,erupcja zaobserwowana,andezyt / andezyt bazaltowy,strefa subdukcji / skorupa kontynentalna (>25 km),Wulkan,"Global Volcanism Program, 2013. Volcanoes of the World, v. 4.11.0. Venzke, E (ed.). Smithsonian Institution. Downloaded 20 Jun 2022. https://doi.org/10.5479/si.GVP.VOTW4-2013"
"1211",Isluga,"1913",Chile,stratowulkan,erupcja zaobserwowana,andezyt / andezyt bazaltowy,strefa subdukcji / skorupa kontynentalna (>25 km),Wulkan,"Global Volcanism Program, 2013. Volcanoes of the World, v. 4.11.0. Venzke, E (ed.). Smithsonian Institution. Downloaded 20 Jun 2022. https://doi.org/10.5479/si.GVP.VOTW4-2013"
"1215",Irruputuncu,"1995",Chile - Boliwia,stratowulkan,erupcja zaobserwowana,andezyt / andezyt bazaltowy,strefa subdukcji / skorupa kontynentalna (>25 km),Wulkan,"Global Volcanism Program, 2013. Volcanoes of the World, v. 4.11.0. Venzke, E (ed.). Smithsonian Institution. Downloaded 20 Jun 2022. https://doi.org/10.5479/si.GVP.VOTW4-2013"
"1217",Olca-Paruma,"1867",Chile - Boliwia,stratowulkan,erupcja zaobserwowana,andezyt / andezyt bazaltowy,strefa subdukcji / skorupa kontynentalna (>25 km),Wulkan,"Global Volcanism Program, 2013. Volcanoes of the World, v. 4.11.0. Venzke, E (ed.). Smithsonian Institution. Downloaded 20 Jun 2022. https://doi.org/10.5479/si.GVP.VOTW4-2013"
"1219",San Pedro-San Pablo,"1960",Chile,stratowulkan,erupcja zaobserwowana,andezyt / andezyt bazaltowy,strefa subdukcji / skorupa kontynentalna (>25 km),Wulkan,"Global Volcanism Program, 2013. Volcanoes of the World, v. 4.11.0. Venzke, E (ed.). Smithsonian Institution. Downloaded 20 Jun 2022. https://doi.org/10.5479/si.GVP.VOTW4-2013"
"1220",Putana,"1810",Chile,stratowulkan,erupcja zaobserwowana,dacyt,strefa subdukcji / skorupa kontynentalna (>25 km),Wulkan,"Global Volcanism Program, 2013. Volcanoes of the World, v. 4.11.0. Venzke, E (ed.). Smithsonian Institution. Downloaded 20 Jun 2022. https://doi.org/10.5479/si.GVP.VOTW4-2013"
"1261",Ceboruco,"1875",Meksyk,stratowulkan,erupcja zaobserwowana,andezyt / andezyt bazaltowy,strefa subdukcji / skorupa kontynentalna (>25 km),Wulkan,"Global Volcanism Program, 2013. Volcanoes of the World, v. 4.11.0. Venzke, E (ed.). Smithsonian Institution. Downloaded 20 Jun 2022. https://doi.org/10.5479/si.GVP.VOTW4-2013"
"1263",Colima,"2017",Meksyk,stratowulkan,erupcja zaobserwowana,andezyt / andezyt bazaltowy,strefa subdukcji / skorupa kontynentalna (>25 km),Wulkan,"Global Volcanism Program, 2013. Volcanoes of the World, v. 4.11.0. Venzke, E (ed.). Smithsonian Institution. Downloaded 20 Jun 2022. https://doi.org/10.5479/si.GVP.VOTW4-2013"
"1266",Jocotitlan,"1270",Meksyk,stratowulkan,erupcja datowana,dacyt,strefa subdukcji / skorupa kontynentalna (>25 km),Wulkan,"Global Volcanism Program, 2013. Volcanoes of the World, v. 4.11.0. Venzke, E (ed.). Smithsonian Institution. Downloaded 20 Jun 2022. https://doi.org/10.5479/si.GVP.VOTW4-2013"
"619",Bamus,"1886",Papua - Nowa Gwinea,stratowulkan,erupcja zaobserwowana,andezyt / andezyt bazaltowy,strefa subdukcji / skorupa kontynentalna (>25 km),Wulkan,"Global Volcanism Program, 2013. Volcanoes of the World, v. 4.11.0. Venzke, E (ed.). Smithsonian Institution. Downloaded 20 Jun 2022. https://doi.org/10.5479/si.GVP.VOTW4-2013"
"626",Lamington,"1956",Papua - Nowa Gwinea,stratowulkan,erupcja zaobserwowana,andezyt / andezyt bazaltowy,strefa subdukcji / skorupa kontynentalna (>25 km),Wulkan,"Global Volcanism Program, 2013. Volcanoes of the World, v. 4.11.0. Venzke, E (ed.). Smithsonian Institution. Downloaded 20 Jun 2022. https://doi.org/10.5479/si.GVP.VOTW4-2013"
"635",Lamongan,"1898",Indonezja,stratowulkan,erupcja zaobserwowana,bazalt / pikryt,strefa subdukcji / skorupa kontynentalna (>25 km),Wulkan,"Global Volcanism Program, 2013. Volcanoes of the World, v. 4.11.0. Venzke, E (ed.). Smithsonian Institution. Downloaded 20 Jun 2022. https://doi.org/10.5479/si.GVP.VOTW4-2013"
"515",Martin,"1953",Stany Zjednoczone,stratowulkan,erupcja datowana,dacyt,strefa subdukcji / skorupa kontynentalna (>25 km),Wulkan,"Global Volcanism Program, 2013. Volcanoes of the World, v. 4.11.0. Venzke, E (ed.). Smithsonian Institution. Downloaded 20 Jun 2022. https://doi.org/10.5479/si.GVP.VOTW4-2013"
"516",Mageik,500 p.n.e.,Stany Zjednoczone,stratowulkan,erupcja datowana,andezyt / andezyt bazaltowy,strefa subdukcji / skorupa kontynentalna (>25 km),Wulkan,"Global Volcanism Program, 2013. Volcanoes of the World, v. 4.11.0. Venzke, E (ed.). Smithsonian Institution. Downloaded 20 Jun 2022. https://doi.org/10.5479/si.GVP.VOTW4-2013"
"517",Trident,"1974",Stany Zjednoczone,stratowulkan,erupcja zaobserwowana,andezyt / andezyt bazaltowy,strefa subdukcji / skorupa kontynentalna (>25 km),Wulkan,"Global Volcanism Program, 2013. Volcanoes of the World, v. 4.11.0. Venzke, E (ed.). Smithsonian Institution. Downloaded 20 Jun 2022. https://doi.org/10.5479/si.GVP.VOTW4-2013"
"518",Katmai,"1912",Stany Zjednoczone,stratowulkan,erupcja zaobserwowana,andezyt / andezyt bazaltowy,strefa subdukcji / skorupa kontynentalna (>25 km),Wulkan,"Global Volcanism Program, 2013. Volcanoes of the World, v. 4.11.0. Venzke, E (ed.). Smithsonian Institution. Downloaded 20 Jun 2022. https://doi.org/10.5479/si.GVP.VOTW4-2013"
"520",Griggs,1790 p.n.e.,Stany Zjednoczone,stratowulkan,erupcja datowana,andezyt / andezyt bazaltowy,strefa subdukcji / skorupa kontynentalna (>25 km),Wulkan,"Global Volcanism Program, 2013. Volcanoes of the World, v. 4.11.0. Venzke, E (ed.). Smithsonian Institution. Downloaded 20 Jun 2022. https://doi.org/10.5479/si.GVP.VOTW4-2013"
"521",Snowy Mountain,"1710",Stany Zjednoczone,stratowulkan,erupcja datowana,andezyt / andezyt bazaltowy,strefa subdukcji / skorupa kontynentalna (>25 km),Wulkan,"Global Volcanism Program, 2013. Volcanoes of the World, v. 4.11.0. Venzke, E (ed.). Smithsonian Institution. Downloaded 20 Jun 2022. https://doi.org/10.5479/si.GVP.VOTW4-2013"
"524",St. Paul,"1793",Francja,stratowulkan,erupcja zaobserwowana,bazalt / pikryt,strefa ryftowa / skorupa oceaniczna (< 15 km),Wulkan,"Global Volcanism Program, 2013. Volcanoes of the World, v. 4.11.0. Venzke, E (ed.). Smithsonian Institution. Downloaded 20 Jun 2022. https://doi.org/10.5479/si.GVP.VOTW4-2013"
"526",Heard,"2018",Australia,stratowulkan,erupcja zaobserwowana,tefryt / trachybazalt,strefa subdukcji / skorupa oceaniczna (< 15 km),Wulkan,"Global Volcanism Program, 2013. Volcanoes of the World, v. 4.11.0. Venzke, E (ed.). Smithsonian Institution. Downloaded 20 Jun 2022. https://doi.org/10.5479/si.GVP.VOTW4-2013"
"1287",Atitlan,"1853",Gwatemala,stratowulkan,erupcja zaobserwowana,andezyt / andezyt bazaltowy,strefa subdukcji / skorupa kontynentalna (>25 km),Wulkan,"Global Volcanism Program, 2013. Volcanoes of the World, v. 4.11.0. Venzke, E (ed.). Smithsonian Institution. Downloaded 20 Jun 2022. https://doi.org/10.5479/si.GVP.VOTW4-2013"
"1289",Acatenango,"1972",Gwatemala,stratowulkan,erupcja zaobserwowana,andezyt / andezyt bazaltowy,strefa subdukcji / skorupa kontynentalna (>25 km),Wulkan,"Global Volcanism Program, 2013. Volcanoes of the World, v. 4.11.0. Venzke, E (ed.). Smithsonian Institution. Downloaded 20 Jun 2022. https://doi.org/10.5479/si.GVP.VOTW4-2013"
"1290",Fuego,"2018",Gwatemala,stratowulkan,erupcja zaobserwowana,bazalt / pikryt,strefa subdukcji / skorupa kontynentalna (>25 km),Wulkan,"Global Volcanism Program, 2013. Volcanoes of the World, v. 4.11.0. Venzke, E (ed.). Smithsonian Institution. Downloaded 20 Jun 2022. https://doi.org/10.5479/si.GVP.VOTW4-2013"
"539",Taranaki [Egmont],"1854",Nowa Zelandia,stratowulkan,erupcja zaobserwowana,andezyt / andezyt bazaltowy,strefa subdukcji / skorupa kontynentalna (>25 km),Wulkan,"Global Volcanism Program, 2013. Volcanoes of the World, v. 4.11.0. Venzke, E (ed.). Smithsonian Institution. Downloaded 20 Jun 2022. https://doi.org/10.5479/si.GVP.VOTW4-2013"
"540",White Island,"2016",Nowa Zelandia,stratowulkan,erupcja zaobserwowana,andezyt / andezyt bazaltowy,strefa subdukcji / skorupa kontynentalna (>25 km),Wulkan,"Global Volcanism Program, 2013. Volcanoes of the World, v. 4.11.0. Venzke, E (ed.). Smithsonian Institution. Downloaded 20 Jun 2022. https://doi.org/10.5479/si.GVP.VOTW4-2013"
"1294",Tecuamburro,960 p.n.e.,Gwatemala,stratowulkan,erupcja datowana,andezyt / andezyt bazaltowy,strefa subdukcji / skorupa kontynentalna (>25 km),Wulkan,"Global Volcanism Program, 2013. Volcanoes of the World, v. 4.11.0. Venzke, E (ed.). Smithsonian Institution. Downloaded 20 Jun 2022. https://doi.org/10.5479/si.GVP.VOTW4-2013"
"1423",Lautaro,"1979",Chile,stratowulkan,erupcja zaobserwowana,dacyt,strefa subdukcji / skorupa kontynentalna (>25 km),Wulkan,"Global Volcanism Program, 2013. Volcanoes of the World, v. 4.11.0. Venzke, E (ed.). Smithsonian Institution. Downloaded 20 Jun 2022. https://doi.org/10.5479/si.GVP.VOTW4-2013"
"1425",Aguilera,1250 p.n.e.,Chile,stratowulkan,erupcja datowana,dacyt,strefa subdukcji / skorupa kontynentalna (>25 km),Wulkan,"Global Volcanism Program, 2013. Volcanoes of the World, v. 4.11.0. Venzke, E (ed.). Smithsonian Institution. Downloaded 20 Jun 2022. https://doi.org/10.5479/si.GVP.VOTW4-2013"
"1428","Burney, Monte","1910",Chile,stratowulkan,erupcja zaobserwowana,andezyt / andezyt bazaltowy,strefa subdukcji / skorupa kontynentalna (>25 km),Wulkan,"Global Volcanism Program, 2013. Volcanoes of the World, v. 4.11.0. Venzke, E (ed.). Smithsonian Institution. Downloaded 20 Jun 2022. https://doi.org/10.5479/si.GVP.VOTW4-2013"
"1431",Saba,"1640",Niderlandy,stratowulkan,erupcja zaobserwowana,andezyt / andezyt bazaltowy,strefa subdukcji / skorupa oceaniczna (< 15 km),Wulkan,"Global Volcanism Program, 2013. Volcanoes of the World, v. 4.11.0. Venzke, E (ed.). Smithsonian Institution. Downloaded 20 Jun 2022. https://doi.org/10.5479/si.GVP.VOTW4-2013"
"1432","Quill, The","250",Niderlandy,stratowulkan,erupcja datowana,andezyt / andezyt bazaltowy,strefa subdukcji / skorupa oceaniczna (< 15 km),Wulkan,"Global Volcanism Program, 2013. Volcanoes of the World, v. 4.11.0. Venzke, E (ed.). Smithsonian Institution. Downloaded 20 Jun 2022. https://doi.org/10.5479/si.GVP.VOTW4-2013"
"1433",Liamuiga,"160",Saint Kitts i Nevis,stratowulkan,erupcja datowana,andezyt / andezyt bazaltowy,strefa subdukcji / skorupa oceaniczna (< 15 km),Wulkan,"Global Volcanism Program, 2013. Volcanoes of the World, v. 4.11.0. Venzke, E (ed.). Smithsonian Institution. Downloaded 20 Jun 2022. https://doi.org/10.5479/si.GVP.VOTW4-2013"
"1309",Santa Ana,"2005",Salwador,stratowulkan,erupcja zaobserwowana,andezyt / andezyt bazaltowy,strefa subdukcji / skorupa kontynentalna (>25 km),Wulkan,"Global Volcanism Program, 2013. Volcanoes of the World, v. 4.11.0. Venzke, E (ed.). Smithsonian Institution. Downloaded 20 Jun 2022. https://doi.org/10.5479/si.GVP.VOTW4-2013"
"1310",Izalco,"1966",Salwador,stratowulkan,erupcja zaobserwowana,andezyt / andezyt bazaltowy,strefa subdukcji / skorupa kontynentalna (>25 km),Wulkan,"Global Volcanism Program, 2013. Volcanoes of the World, v. 4.11.0. Venzke, E (ed.). Smithsonian Institution. Downloaded 20 Jun 2022. https://doi.org/10.5479/si.GVP.VOTW4-2013"
"1312",San Salvador,"1917",Salwador,stratowulkan,erupcja zaobserwowana,andezyt / andezyt bazaltowy,strefa subdukcji / skorupa kontynentalna (>25 km),Wulkan,"Global Volcanism Program, 2013. Volcanoes of the World, v. 4.11.0. Venzke, E (ed.). Smithsonian Institution. Downloaded 20 Jun 2022. https://doi.org/10.5479/si.GVP.VOTW4-2013"
"1323",San Miguel,"2018",Salwador,stratowulkan,erupcja zaobserwowana,andezyt / andezyt bazaltowy,strefa subdukcji / skorupa kontynentalna (>25 km),Wulkan,"Global Volcanism Program, 2013. Volcanoes of the World, v. 4.11.0. Venzke, E (ed.). Smithsonian Institution. Downloaded 20 Jun 2022. https://doi.org/10.5479/si.GVP.VOTW4-2013"
"546",Tongariro,"2012",Nowa Zelandia,stratowulkan,erupcja zaobserwowana,andezyt / andezyt bazaltowy,strefa subdukcji / skorupa kontynentalna (>25 km),Wulkan,"Global Volcanism Program, 2013. Volcanoes of the World, v. 4.11.0. Venzke, E (ed.). Smithsonian Institution. Downloaded 20 Jun 2022. https://doi.org/10.5479/si.GVP.VOTW4-2013"
"547",Ruapehu,"2007",Nowa Zelandia,stratowulkan,erupcja zaobserwowana,andezyt / andezyt bazaltowy,strefa subdukcji / skorupa kontynentalna (>25 km),Wulkan,"Global Volcanism Program, 2013. Volcanoes of the World, v. 4.11.0. Venzke, E (ed.). Smithsonian Institution. Downloaded 20 Jun 2022. https://doi.org/10.5479/si.GVP.VOTW4-2013"
"561",Raoul Island,"2006",Nowa Zelandia,stratowulkan,erupcja zaobserwowana,andezyt / andezyt bazaltowy,strefa subdukcji / skorupa oceaniczna (< 15 km),Wulkan,"Global Volcanism Program, 2013. Volcanoes of the World, v. 4.11.0. Venzke, E (ed.). Smithsonian Institution. Downloaded 20 Jun 2022. https://doi.org/10.5479/si.GVP.VOTW4-2013"
"570",Kao,"1847",Tonga,stratowulkan,erupcja zaobserwowana,andezyt / andezyt bazaltowy,strefa subdukcji / skorupa oceaniczna (< 15 km),Wulkan,"Global Volcanism Program, 2013. Volcanoes of the World, v. 4.11.0. Venzke, E (ed.). Smithsonian Institution. Downloaded 20 Jun 2022. https://doi.org/10.5479/si.GVP.VOTW4-2013"
"573",Late,"1854",Tonga,stratowulkan,erupcja zaobserwowana,andezyt / andezyt bazaltowy,strefa subdukcji / skorupa oceaniczna (< 15 km),Wulkan,"Global Volcanism Program, 2013. Volcanoes of the World, v. 4.11.0. Venzke, E (ed.). Smithsonian Institution. Downloaded 20 Jun 2022. https://doi.org/10.5479/si.GVP.VOTW4-2013"
"1329",Cosiguina,"1859",Nikaragua,stratowulkan,erupcja zaobserwowana,andezyt / andezyt bazaltowy,strefa subdukcji / skorupa kontynentalna (>25 km),Wulkan,"Global Volcanism Program, 2013. Volcanoes of the World, v. 4.11.0. Venzke, E (ed.). Smithsonian Institution. Downloaded 20 Jun 2022. https://doi.org/10.5479/si.GVP.VOTW4-2013"
"599",Bam,"1960",Papua - Nowa Gwinea,stratowulkan,erupcja zaobserwowana,andezyt / andezyt bazaltowy,strefa subdukcji / skorupa kontynentalna (>25 km),Wulkan,"Global Volcanism Program, 2013. Volcanoes of the World, v. 4.11.0. Venzke, E (ed.). Smithsonian Institution. Downloaded 20 Jun 2022. https://doi.org/10.5479/si.GVP.VOTW4-2013"
"601",Manam,"2018",Papua - Nowa Gwinea,stratowulkan,erupcja zaobserwowana,bazalt / pikryt,strefa subdukcji / skorupa kontynentalna (>25 km),Wulkan,"Global Volcanism Program, 2013. Volcanoes of the World, v. 4.11.0. Venzke, E (ed.). Smithsonian Institution. Downloaded 20 Jun 2022. https://doi.org/10.5479/si.GVP.VOTW4-2013"
"602",Karkar,"2014",Papua - Nowa Gwinea,stratowulkan,erupcja zaobserwowana,andezyt / andezyt bazaltowy,strefa subdukcji / skorupa kontynentalna (>25 km),Wulkan,"Global Volcanism Program, 2013. Volcanoes of the World, v. 4.11.0. Venzke, E (ed.). Smithsonian Institution. Downloaded 20 Jun 2022. https://doi.org/10.5479/si.GVP.VOTW4-2013"
"606",Ritter Island,"2007",Papua - Nowa Gwinea,stratowulkan,erupcja zaobserwowana,bazalt / pikryt,strefa subdukcji / skorupa kontynentalna (>25 km),Wulkan,"Global Volcanism Program, 2013. Volcanoes of the World, v. 4.11.0. Venzke, E (ed.). Smithsonian Institution. Downloaded 20 Jun 2022. https://doi.org/10.5479/si.GVP.VOTW4-2013"
"614",Krummel-Garbuna-Welcker,"2008",Papua - Nowa Gwinea,stratowulkan,erupcja zaobserwowana,andezyt / andezyt bazaltowy,strefa subdukcji / skorupa kontynentalna (>25 km),Wulkan,"Global Volcanism Program, 2013. Volcanoes of the World, v. 4.11.0. Venzke, E (ed.). Smithsonian Institution. Downloaded 20 Jun 2022. https://doi.org/10.5479/si.GVP.VOTW4-2013"
"618",Hargy,"950",Papua - Nowa Gwinea,stratowulkan,erupcja datowana,dacyt,strefa subdukcji / skorupa kontynentalna (>25 km),Wulkan,"Global Volcanism Program, 2013. Volcanoes of the World, v. 4.11.0. Venzke, E (ed.). Smithsonian Institution. Downloaded 20 Jun 2022. https://doi.org/10.5479/si.GVP.VOTW4-2013"
"634",Tengger Caldera,"2016",Indonezja,stratowulkan,erupcja zaobserwowana,trachyandezyt / bazaltowy trachyandezyt,strefa subdukcji / skorupa kontynentalna (>25 km),Wulkan,"Global Volcanism Program, 2013. Volcanoes of the World, v. 4.11.0. Venzke, E (ed.). Smithsonian Institution. Downloaded 20 Jun 2022. https://doi.org/10.5479/si.GVP.VOTW4-2013"
"637",Raung,"2015",Indonezja,stratowulkan,erupcja zaobserwowana,andezyt / andezyt bazaltowy,strefa subdukcji / skorupa kontynentalna (>25 km),Wulkan,"Global Volcanism Program, 2013. Volcanoes of the World, v. 4.11.0. Venzke, E (ed.). Smithsonian Institution. Downloaded 20 Jun 2022. https://doi.org/10.5479/si.GVP.VOTW4-2013"
"638",Ijen,"1999",Indonezja,stratowulkan,erupcja zaobserwowana,andezyt / andezyt bazaltowy,strefa subdukcji / skorupa kontynentalna (>25 km),Wulkan,"Global Volcanism Program, 2013. Volcanoes of the World, v. 4.11.0. Venzke, E (ed.). Smithsonian Institution. Downloaded 20 Jun 2022. https://doi.org/10.5479/si.GVP.VOTW4-2013"
"642",Agung,"2018",Indonezja,stratowulkan,erupcja zaobserwowana,andezyt / andezyt bazaltowy,strefa subdukcji / skorupa kontynentalna (>25 km),Wulkan,"Global Volcanism Program, 2013. Volcanoes of the World, v. 4.11.0. Venzke, E (ed.). Smithsonian Institution. Downloaded 20 Jun 2022. https://doi.org/10.5479/si.GVP.VOTW4-2013"
"643",Rinjani,"2016",Indonezja,stratowulkan,erupcja zaobserwowana,andezyt / andezyt bazaltowy,strefa subdukcji / skorupa kontynentalna (>25 km),Wulkan,"Global Volcanism Program, 2013. Volcanoes of the World, v. 4.11.0. Venzke, E (ed.). Smithsonian Institution. Downloaded 20 Jun 2022. https://doi.org/10.5479/si.GVP.VOTW4-2013"
"644",Tambora,"1967",Indonezja,stratowulkan,erupcja zaobserwowana,tefryt / trachybazalt,strefa subdukcji / skorupa kontynentalna (>25 km),Wulkan,"Global Volcanism Program, 2013. Volcanoes of the World, v. 4.11.0. Venzke, E (ed.). Smithsonian Institution. Downloaded 20 Jun 2022. https://doi.org/10.5479/si.GVP.VOTW4-2013"
"648",Inierie,8050 p.n.e.,Indonezja,stratowulkan,erupcja datowana,andezyt / andezyt bazaltowy,strefa subdukcji / grubość skorupy nieznana,Wulkan,"Global Volcanism Program, 2013. Volcanoes of the World, v. 4.11.0. Venzke, E (ed.). Smithsonian Institution. Downloaded 20 Jun 2022. https://doi.org/10.5479/si.GVP.VOTW4-2013"
"650",Ebulobo,"1969",Indonezja,stratowulkan,erupcja zaobserwowana,andezyt / andezyt bazaltowy,strefa subdukcji / grubość skorupy nieznana,Wulkan,"Global Volcanism Program, 2013. Volcanoes of the World, v. 4.11.0. Venzke, E (ed.). Smithsonian Institution. Downloaded 20 Jun 2022. https://doi.org/10.5479/si.GVP.VOTW4-2013"
"654",Paluweh,"2013",Indonezja,stratowulkan,erupcja zaobserwowana,andezyt / andezyt bazaltowy,strefa subdukcji / grubość skorupy nieznana,Wulkan,"Global Volcanism Program, 2013. Volcanoes of the World, v. 4.11.0. Venzke, E (ed.). Smithsonian Institution. Downloaded 20 Jun 2022. https://doi.org/10.5479/si.GVP.VOTW4-2013"
"655",Egon,"2008",Indonezja,stratowulkan,erupcja zaobserwowana,andezyt / andezyt bazaltowy,strefa subdukcji / grubość skorupy nieznana,Wulkan,"Global Volcanism Program, 2013. Volcanoes of the World, v. 4.11.0. Venzke, E (ed.). Smithsonian Institution. Downloaded 20 Jun 2022. https://doi.org/10.5479/si.GVP.VOTW4-2013"
"657",Lewotobi,"2003",Indonezja,stratowulkan,erupcja zaobserwowana,andezyt / andezyt bazaltowy,strefa subdukcji / grubość skorupy nieznana,Wulkan,"Global Volcanism Program, 2013. Volcanoes of the World, v. 4.11.0. Venzke, E (ed.). Smithsonian Institution. Downloaded 20 Jun 2022. https://doi.org/10.5479/si.GVP.VOTW4-2013"
"659",Iliboleng,"1993",Indonezja,stratowulkan,erupcja zaobserwowana,bazalt / pikryt,strefa subdukcji / grubość skorupy nieznana,Wulkan,"Global Volcanism Program, 2013. Volcanoes of the World, v. 4.11.0. Venzke, E (ed.). Smithsonian Institution. Downloaded 20 Jun 2022. https://doi.org/10.5479/si.GVP.VOTW4-2013"
"660",Lewotolo,"2012",Indonezja,stratowulkan,erupcja zaobserwowana,andezyt / andezyt bazaltowy,strefa subdukcji / grubość skorupy nieznana,Wulkan,"Global Volcanism Program, 2013. Volcanoes of the World, v. 4.11.0. Venzke, E (ed.). Smithsonian Institution. Downloaded 20 Jun 2022. https://doi.org/10.5479/si.GVP.VOTW4-2013"
"772",Ichinsky,"1740",Rosja,stratowulkan,erupcja zaobserwowana,bazalt / pikryt,strefa subdukcji / skorupa kontynentalna (>25 km),Wulkan,"Global Volcanism Program, 2013. Volcanoes of the World, v. 4.11.0. Venzke, E (ed.). Smithsonian Institution. Downloaded 20 Jun 2022. https://doi.org/10.5479/si.GVP.VOTW4-2013"
"633",Semeru,"2021",Indonezja,stratowulkan,erupcja zaobserwowana,andezyt / andezyt bazaltowy,strefa subdukcji / skorupa kontynentalna (>25 km),Wulkan,"Global Volcanism Program, 2013. Volcanoes of the World, v. 4.11.0. Venzke, E (ed.). Smithsonian Institution. Downloaded 20 Jun 2022. https://doi.org/10.5479/si.GVP.VOTW4-2013"
"620",Ulawun,"2022",Papua - Nowa Gwinea,stratowulkan,erupcja zaobserwowana,bazalt / pikryt,strefa subdukcji / skorupa kontynentalna (>25 km),Wulkan,"Global Volcanism Program, 2013. Volcanoes of the World, v. 4.11.0. Venzke, E (ed.). Smithsonian Institution. Downloaded 20 Jun 2022. https://doi.org/10.5479/si.GVP.VOTW4-2013"
"1331",Telica,"2021",Nikaragua,stratowulkan,erupcja zaobserwowana,bazalt / pikryt,strefa subdukcji / skorupa kontynentalna (>25 km),Wulkan,"Global Volcanism Program, 2013. Volcanoes of the World, v. 4.11.0. Venzke, E (ed.). Smithsonian Institution. Downloaded 20 Jun 2022. https://doi.org/10.5479/si.GVP.VOTW4-2013"
"1379",Tromen,"1822",Argentyna,stratowulkan,erupcja zaobserwowana,andezyt / andezyt bazaltowy,strefa subdukcji / skorupa kontynentalna (>25 km),Wulkan,"Global Volcanism Program, 2013. Volcanoes of the World, v. 4.11.0. Venzke, E (ed.). Smithsonian Institution. Downloaded 20 Jun 2022. https://doi.org/10.5479/si.GVP.VOTW4-2013"
"1380",Antuco,"1869",Chile,stratowulkan,erupcja zaobserwowana,bazalt / pikryt,strefa subdukcji / skorupa kontynentalna (>25 km),Wulkan,"Global Volcanism Program, 2013. Volcanoes of the World, v. 4.11.0. Venzke, E (ed.). Smithsonian Institution. Downloaded 20 Jun 2022. https://doi.org/10.5479/si.GVP.VOTW4-2013"
"1382",Copahue,"2018",Chile - Argentyna,stratowulkan,erupcja zaobserwowana,tefryt / trachybazalt,strefa subdukcji / skorupa kontynentalna (>25 km),Wulkan,"Global Volcanism Program, 2013. Volcanoes of the World, v. 4.11.0. Venzke, E (ed.). Smithsonian Institution. Downloaded 20 Jun 2022. https://doi.org/10.5479/si.GVP.VOTW4-2013"
"1383",Callaqui,"1980",Chile,stratowulkan,erupcja zaobserwowana,andezyt / andezyt bazaltowy,strefa subdukcji / skorupa kontynentalna (>25 km),Wulkan,"Global Volcanism Program, 2013. Volcanoes of the World, v. 4.11.0. Venzke, E (ed.). Smithsonian Institution. Downloaded 20 Jun 2022. https://doi.org/10.5479/si.GVP.VOTW4-2013"
"1386",Lonquimay,"1990",Chile,stratowulkan,erupcja zaobserwowana,andezyt / andezyt bazaltowy,strefa subdukcji / skorupa kontynentalna (>25 km),Wulkan,"Global Volcanism Program, 2013. Volcanoes of the World, v. 4.11.0. Venzke, E (ed.). Smithsonian Institution. Downloaded 20 Jun 2022. https://doi.org/10.5479/si.GVP.VOTW4-2013"
"1392",Villarrica,"2018",Chile,stratowulkan,erupcja zaobserwowana,bazalt / pikryt,strefa subdukcji / skorupa kontynentalna (>25 km),Wulkan,"Global Volcanism Program, 2013. Volcanoes of the World, v. 4.11.0. Venzke, E (ed.). Smithsonian Institution. Downloaded 20 Jun 2022. https://doi.org/10.5479/si.GVP.VOTW4-2013"
"1393",Quetrupillan,"1872",Chile,stratowulkan,erupcja zaobserwowana,andezyt / andezyt bazaltowy,strefa subdukcji / skorupa kontynentalna (>25 km),Wulkan,"Global Volcanism Program, 2013. Volcanoes of the World, v. 4.11.0. Venzke, E (ed.). Smithsonian Institution. Downloaded 20 Jun 2022. https://doi.org/10.5479/si.GVP.VOTW4-2013"
"1394",Lanin,"560",Chile - Argentyna,stratowulkan,erupcja datowana,trachyandezyt / bazaltowy trachyandezyt,strefa subdukcji / skorupa kontynentalna (>25 km),Wulkan,"Global Volcanism Program, 2013. Volcanoes of the World, v. 4.11.0. Venzke, E (ed.). Smithsonian Institution. Downloaded 20 Jun 2022. https://doi.org/10.5479/si.GVP.VOTW4-2013"
"1395",Huanquihue Group,"1750",Argentyna,stratowulkan,erupcja datowana,bazalt / pikryt,strefa subdukcji / skorupa kontynentalna (>25 km),Wulkan,"Global Volcanism Program, 2013. Volcanoes of the World, v. 4.11.0. Venzke, E (ed.). Smithsonian Institution. Downloaded 20 Jun 2022. https://doi.org/10.5479/si.GVP.VOTW4-2013"
"9",Vesuvius,"1944",Włochy,stratowulkan,erupcja zaobserwowana,fonolitowy tefryt,strefa subdukcji / skorupa kontynentalna (>25 km),Wulkan,"Global Volcanism Program, 2013. Volcanoes of the World, v. 4.11.0. Venzke, E (ed.). Smithsonian Institution. Downloaded 20 Jun 2022. https://doi.org/10.5479/si.GVP.VOTW4-2013"
"12",Stromboli,"2018",Włochy,stratowulkan,erupcja zaobserwowana,trachyandezyt / bazaltowy trachyandezyt,strefa subdukcji / skorupa kontynentalna (>25 km),Wulkan,"Global Volcanism Program, 2013. Volcanoes of the World, v. 4.11.0. Venzke, E (ed.). Smithsonian Institution. Downloaded 20 Jun 2022. https://doi.org/10.5479/si.GVP.VOTW4-2013"
"16",Etna,"2018",Włochy,stratowulkan,erupcja zaobserwowana,tefryt / trachybazalt,strefa subdukcji / skorupa kontynentalna (>25 km),Wulkan,"Global Volcanism Program, 2013. Volcanoes of the World, v. 4.11.0. Venzke, E (ed.). Smithsonian Institution. Downloaded 20 Jun 2022. https://doi.org/10.5479/si.GVP.VOTW4-2013"
"23",Nisyros,"1888",Grecja,stratowulkan,erupcja zaobserwowana,dacyt,strefa subdukcji / skorupa kontynentalna (>25 km),Wulkan,"Global Volcanism Program, 2013. Volcanoes of the World, v. 4.11.0. Venzke, E (ed.). Smithsonian Institution. Downloaded 20 Jun 2022. https://doi.org/10.5479/si.GVP.VOTW4-2013"
"710",Ragang,"1873",Filipiny,stratowulkan,erupcja zaobserwowana,bazalt / pikryt,strefa subdukcji / skorupa kontynentalna (>25 km),Wulkan,"Global Volcanism Program, 2013. Volcanoes of the World, v. 4.11.0. Venzke, E (ed.). Smithsonian Institution. Downloaded 20 Jun 2022. https://doi.org/10.5479/si.GVP.VOTW4-2013"
"598",Kadovar,"2018",Papua - Nowa Gwinea,stratowulkan,nieznana data wybuchu,andezyt / andezyt bazaltowy,strefa subdukcji / skorupa kontynentalna (>25 km),Wulkan,"Global Volcanism Program, 2013. Volcanoes of the World, v. 4.11.0. Venzke, E (ed.). Smithsonian Institution. Downloaded 20 Jun 2022. https://doi.org/10.5479/si.GVP.VOTW4-2013"
"1385",Tolhuaca,4000 p.n.e.,Chile,stratowulkan,nieznana data wybuchu,andezyt / andezyt bazaltowy,strefa subdukcji / skorupa kontynentalna (>25 km),Wulkan,"Global Volcanism Program, 2013. Volcanoes of the World, v. 4.11.0. Venzke, E (ed.). Smithsonian Institution. Downloaded 20 Jun 2022. https://doi.org/10.5479/si.GVP.VOTW4-2013"
"13",Panarea,brak danych,Włochy,stratowulkan,brak dowodów na wybuch,andezyt / andezyt bazaltowy,strefa subdukcji / skorupa kontynentalna (>25 km),Wulkan,"Global Volcanism Program, 2013. Volcanoes of the World, v. 4.11.0. Venzke, E (ed.). Smithsonian Institution. Downloaded 20 Jun 2022. https://doi.org/10.5479/si.GVP.VOTW4-2013"
"59",Mallahle,brak danych,Etiopia - Erytrea,stratowulkan,brak dowodów na wybuch,trachit,strefa ryftowa / skorupa pośrednia (15-25 km),Wulkan,"Global Volcanism Program, 2013. Volcanoes of the World, v. 4.11.0. Venzke, E (ed.). Smithsonian Institution. Downloaded 20 Jun 2022. https://doi.org/10.5479/si.GVP.VOTW4-2013"
"60",Sork Ale,brak danych,Etiopia - Erytrea,stratowulkan,brak dowodów na wybuch,bazalt / pikryt,strefa ryftowa / skorupa pośrednia (15-25 km),Wulkan,"Global Volcanism Program, 2013. Volcanoes of the World, v. 4.11.0. Venzke, E (ed.). Smithsonian Institution. Downloaded 20 Jun 2022. https://doi.org/10.5479/si.GVP.VOTW4-2013"
"65",Afdera,brak danych,Etiopia,stratowulkan,brak dowodów na wybuch,ryolit,strefa ryftowa / skorupa pośrednia (15-25 km),Wulkan,"Global Volcanism Program, 2013. Volcanoes of the World, v. 4.11.0. Venzke, E (ed.). Smithsonian Institution. Downloaded 20 Jun 2022. https://doi.org/10.5479/si.GVP.VOTW4-2013"
"457",Buldir,brak danych,Stany Zjednoczone,stratowulkan,brak dowodów na wybuch,bazalt / pikryt,strefa subdukcji / skorupa oceaniczna (< 15 km),Wulkan,"Global Volcanism Program, 2013. Volcanoes of the World, v. 4.11.0. Venzke, E (ed.). Smithsonian Institution. Downloaded 20 Jun 2022. https://doi.org/10.5479/si.GVP.VOTW4-2013"
"460",Davidof,brak danych,Stany Zjednoczone,stratowulkan,brak dowodów na wybuch,"-",strefa subdukcji / skorupa oceaniczna (< 15 km),Wulkan,"Global Volcanism Program, 2013. Volcanoes of the World, v. 4.11.0. Venzke, E (ed.). Smithsonian Institution. Downloaded 20 Jun 2022. https://doi.org/10.5479/si.GVP.VOTW4-2013"
"466",Bobrof,brak danych,Stany Zjednoczone,stratowulkan,brak dowodów na wybuch,bazalt / pikryt,strefa subdukcji / skorupa oceaniczna (< 15 km),Wulkan,"Global Volcanism Program, 2013. Volcanoes of the World, v. 4.11.0. Venzke, E (ed.). Smithsonian Institution. Downloaded 20 Jun 2022. https://doi.org/10.5479/si.GVP.VOTW4-2013"
"493",Isanotski,brak danych,Stany Zjednoczone,stratowulkan,brak dowodów na wybuch,"-",strefa subdukcji / skorupa kontynentalna (>25 km),Wulkan,"Global Volcanism Program, 2013. Volcanoes of the World, v. 4.11.0. Venzke, E (ed.). Smithsonian Institution. Downloaded 20 Jun 2022. https://doi.org/10.5479/si.GVP.VOTW4-2013"
"522",Denison,brak danych,Stany Zjednoczone,stratowulkan,brak dowodów na wybuch,andezyt / andezyt bazaltowy,strefa subdukcji / skorupa kontynentalna (>25 km),Wulkan,"Global Volcanism Program, 2013. Volcanoes of the World, v. 4.11.0. Venzke, E (ed.). Smithsonian Institution. Downloaded 20 Jun 2022. https://doi.org/10.5479/si.GVP.VOTW4-2013"
"286",Rudakov,brak danych,Rosja,stratowulkan,brak dowodów na wybuch,andezyt / andezyt bazaltowy,strefa subdukcji / skorupa oceaniczna (< 15 km),Wulkan,"Global Volcanism Program, 2013. Volcanoes of the World, v. 4.11.0. Venzke, E (ed.). Smithsonian Institution. Downloaded 20 Jun 2022. https://doi.org/10.5479/si.GVP.VOTW4-2013"
"287",Tri Sestry,brak danych,Rosja,stratowulkan,brak dowodów na wybuch,andezyt / andezyt bazaltowy,strefa subdukcji / skorupa oceaniczna (< 15 km),Wulkan,"Global Volcanism Program, 2013. Volcanoes of the World, v. 4.11.0. Venzke, E (ed.). Smithsonian Institution. Downloaded 20 Jun 2022. https://doi.org/10.5479/si.GVP.VOTW4-2013"
"320",Chiracha,brak danych,Etiopia,stratowulkan,brak dowodów na wybuch,ryolit,strefa ryftowa / skorupa kontynentalna (>25 km),Wulkan,"Global Volcanism Program, 2013. Volcanoes of the World, v. 4.11.0. Venzke, E (ed.). Smithsonian Institution. Downloaded 20 Jun 2022. https://doi.org/10.5479/si.GVP.VOTW4-2013"
"369",Oku Volcanic Field,brak danych,Kamerun,stratowulkan,brak dowodów na wybuch,bazalt / pikryt,strefa subdukcji / skorupa kontynentalna (>25 km),Wulkan,"Global Volcanism Program, 2013. Volcanoes of the World, v. 4.11.0. Venzke, E (ed.). Smithsonian Institution. Downloaded 20 Jun 2022. https://doi.org/10.5479/si.GVP.VOTW4-2013"
"576",Tafahi,brak danych,Tonga,stratowulkan,brak dowodów na wybuch,andezyt / andezyt bazaltowy,strefa subdukcji / skorupa oceaniczna (< 15 km),Wulkan,"Global Volcanism Program, 2013. Volcanoes of the World, v. 4.11.0. Venzke, E (ed.). Smithsonian Institution. Downloaded 20 Jun 2022. https://doi.org/10.5479/si.GVP.VOTW4-2013"
"595",Baluan,brak danych,Papua - Nowa Gwinea,stratowulkan,brak dowodów na wybuch,bazalt / pikryt,strefa subdukcji / skorupa kontynentalna (>25 km),Wulkan,"Global Volcanism Program, 2013. Volcanoes of the World, v. 4.11.0. Venzke, E (ed.). Smithsonian Institution. Downloaded 20 Jun 2022. https://doi.org/10.5479/si.GVP.VOTW4-2013"
"600",Boisa,brak danych,Papua - Nowa Gwinea,stratowulkan,brak dowodów na wybuch,bazalt / pikryt,strefa subdukcji / skorupa kontynentalna (>25 km),Wulkan,"Global Volcanism Program, 2013. Volcanoes of the World, v. 4.11.0. Venzke, E (ed.). Smithsonian Institution. Downloaded 20 Jun 2022. https://doi.org/10.5479/si.GVP.VOTW4-2013"
"607",Sakar,brak danych,Papua - Nowa Gwinea,stratowulkan,brak dowodów na wybuch,bazalt / pikryt,strefa subdukcji / skorupa kontynentalna (>25 km),Wulkan,"Global Volcanism Program, 2013. Volcanoes of the World, v. 4.11.0. Venzke, E (ed.). Smithsonian Institution. Downloaded 20 Jun 2022. https://doi.org/10.5479/si.GVP.VOTW4-2013"
"615",Lolo,brak danych,Papua - Nowa Gwinea,stratowulkan,brak dowodów na wybuch,andezyt / andezyt bazaltowy,strefa subdukcji / skorupa kontynentalna (>25 km),Wulkan,"Global Volcanism Program, 2013. Volcanoes of the World, v. 4.11.0. Venzke, E (ed.). Smithsonian Institution. Downloaded 20 Jun 2022. https://doi.org/10.5479/si.GVP.VOTW4-2013"
"639",Baluran,brak danych,Indonezja,stratowulkan,brak dowodów na wybuch,andezyt / andezyt bazaltowy,strefa subdukcji / skorupa kontynentalna (>25 km),Wulkan,"Global Volcanism Program, 2013. Volcanoes of the World, v. 4.11.0. Venzke, E (ed.). Smithsonian Institution. Downloaded 20 Jun 2022. https://doi.org/10.5479/si.GVP.VOTW4-2013"
"709",Latukan,brak danych,Filipiny,stratowulkan,brak dowodów na wybuch,bazalt / pikryt,strefa subdukcji / skorupa kontynentalna (>25 km),Wulkan,"Global Volcanism Program, 2013. Volcanoes of the World, v. 4.11.0. Venzke, E (ed.). Smithsonian Institution. Downloaded 20 Jun 2022. https://doi.org/10.5479/si.GVP.VOTW4-2013"
"711",Kalatungan,brak danych,Filipiny,stratowulkan,brak dowodów na wybuch,bazalt / pikryt,strefa subdukcji / skorupa kontynentalna (>25 km),Wulkan,"Global Volcanism Program, 2013. Volcanoes of the World, v. 4.11.0. Venzke, E (ed.). Smithsonian Institution. Downloaded 20 Jun 2022. https://doi.org/10.5479/si.GVP.VOTW4-2013"
"778",Romanovka,brak danych,Rosja,stratowulkan,brak dowodów na wybuch,bazalt / pikryt,strefa subdukcji / skorupa kontynentalna (>25 km),Wulkan,"Global Volcanism Program, 2013. Volcanoes of the World, v. 4.11.0. Venzke, E (ed.). Smithsonian Institution. Downloaded 20 Jun 2022. https://doi.org/10.5479/si.GVP.VOTW4-2013"
"875",Karang,brak danych,Indonezja,stratowulkan,brak dowodów na wybuch,andezyt / andezyt bazaltowy,strefa subdukcji / skorupa kontynentalna (>25 km),Wulkan,"Global Volcanism Program, 2013. Volcanoes of the World, v. 4.11.0. Venzke, E (ed.). Smithsonian Institution. Downloaded 20 Jun 2022. https://doi.org/10.5479/si.GVP.VOTW4-2013"
"1001",Nevis Peak,brak danych,Saint Kitts i Nevis,stratowulkan,brak dowodów na wybuch,andezyt / andezyt bazaltowy,strefa subdukcji / skorupa oceaniczna (< 15 km),Wulkan,"Global Volcanism Program, 2013. Volcanoes of the World, v. 4.11.0. Venzke, E (ed.). Smithsonian Institution. Downloaded 20 Jun 2022. https://doi.org/10.5479/si.GVP.VOTW4-2013"
"1009","Diablotins, Morne",brak danych,Dominika,stratowulkan,brak dowodów na wybuch,andezyt / andezyt bazaltowy,strefa subdukcji / skorupa oceaniczna (< 15 km),Wulkan,"Global Volcanism Program, 2013. Volcanoes of the World, v. 4.11.0. Venzke, E (ed.). Smithsonian Institution. Downloaded 20 Jun 2022. https://doi.org/10.5479/si.GVP.VOTW4-2013"
"1010",Chiliques,brak danych,Chile,stratowulkan,brak dowodów na wybuch,andezyt / andezyt bazaltowy,strefa subdukcji / skorupa kontynentalna (>25 km),Wulkan,"Global Volcanism Program, 2013. Volcanoes of the World, v. 4.11.0. Venzke, E (ed.). Smithsonian Institution. Downloaded 20 Jun 2022. https://doi.org/10.5479/si.GVP.VOTW4-2013"
"1029",Hromundartindur,brak danych,Islandia,stratowulkan,brak dowodów na wybuch,bazalt / pikryt,strefa ryftowa / skorupa oceaniczna (< 15 km),Wulkan,"Global Volcanism Program, 2013. Volcanoes of the World, v. 4.11.0. Venzke, E (ed.). Smithsonian Institution. Downloaded 20 Jun 2022. https://doi.org/10.5479/si.GVP.VOTW4-2013"
"1038",Tindfjallajokull,brak danych,Islandia,stratowulkan,brak dowodów na wybuch,bazalt / pikryt,strefa ryftowa / skorupa oceaniczna (< 15 km),Wulkan,"Global Volcanism Program, 2013. Volcanoes of the World, v. 4.11.0. Venzke, E (ed.). Smithsonian Institution. Downloaded 20 Jun 2022. https://doi.org/10.5479/si.GVP.VOTW4-2013"
"1084",Young Island,brak danych,Antarktyda,stratowulkan,brak dowodów na wybuch,tefryt / trachybazalt,strefa ryftowa / skorupa oceaniczna (< 15 km),Wulkan,"Global Volcanism Program, 2013. Volcanoes of the World, v. 4.11.0. Venzke, E (ed.). Smithsonian Institution. Downloaded 20 Jun 2022. https://doi.org/10.5479/si.GVP.VOTW4-2013"
"1085",Sturge Island,brak danych,Antarktyda,stratowulkan,brak dowodów na wybuch,tefryt / trachybazalt,strefa ryftowa / skorupa oceaniczna (< 15 km),Wulkan,"Global Volcanism Program, 2013. Volcanoes of the World, v. 4.11.0. Venzke, E (ed.). Smithsonian Institution. Downloaded 20 Jun 2022. https://doi.org/10.5479/si.GVP.VOTW4-2013"
"1102",Bridgeman Island,brak danych,Antarktyda,stratowulkan,brak dowodów na wybuch,andezyt / andezyt bazaltowy,strefa subdukcji / skorupa kontynentalna (>25 km),Wulkan,"Global Volcanism Program, 2013. Volcanoes of the World, v. 4.11.0. Venzke, E (ed.). Smithsonian Institution. Downloaded 20 Jun 2022. https://doi.org/10.5479/si.GVP.VOTW4-2013"
"1115",Melville,brak danych,Antarktyda,stratowulkan,brak dowodów na wybuch,"-",strefa subdukcji / skorupa kontynentalna (>25 km),Wulkan,"Global Volcanism Program, 2013. Volcanoes of the World, v. 4.11.0. Venzke, E (ed.). Smithsonian Institution. Downloaded 20 Jun 2022. https://doi.org/10.5479/si.GVP.VOTW4-2013"
"1126","Ciguatepe, Cerro el",brak danych,Nikaragua,stratowulkan,brak dowodów na wybuch,bazalt / pikryt,strefa subdukcji / skorupa kontynentalna (>25 km),Wulkan,"Global Volcanism Program, 2013. Volcanoes of the World, v. 4.11.0. Venzke, E (ed.). Smithsonian Institution. Downloaded 20 Jun 2022. https://doi.org/10.5479/si.GVP.VOTW4-2013"
"1129",Orosi,brak danych,Kostaryka,stratowulkan,brak dowodów na wybuch,andezyt / andezyt bazaltowy,strefa subdukcji / skorupa kontynentalna (>25 km),Wulkan,"Global Volcanism Program, 2013. Volcanoes of the World, v. 4.11.0. Venzke, E (ed.). Smithsonian Institution. Downloaded 20 Jun 2022. https://doi.org/10.5479/si.GVP.VOTW4-2013"
"1140","Valle, El",brak danych,Panama,stratowulkan,brak dowodów na wybuch,dacyt,strefa subdukcji / skorupa kontynentalna (>25 km),Wulkan,"Global Volcanism Program, 2013. Volcanoes of the World, v. 4.11.0. Venzke, E (ed.). Smithsonian Institution. Downloaded 20 Jun 2022. https://doi.org/10.5479/si.GVP.VOTW4-2013"
"1160",Mojanda,brak danych,Ekwador,stratowulkan,brak dowodów na wybuch,andezyt / andezyt bazaltowy,strefa subdukcji / skorupa kontynentalna (>25 km),Wulkan,"Global Volcanism Program, 2013. Volcanoes of the World, v. 4.11.0. Venzke, E (ed.). Smithsonian Institution. Downloaded 20 Jun 2022. https://doi.org/10.5479/si.GVP.VOTW4-2013"
"1197","Chachani, Nevado",brak danych,Peru,stratowulkan,brak dowodów na wybuch,andezyt / andezyt bazaltowy,strefa subdukcji / skorupa kontynentalna (>25 km),Wulkan,"Global Volcanism Program, 2013. Volcanoes of the World, v. 4.11.0. Venzke, E (ed.). Smithsonian Institution. Downloaded 20 Jun 2022. https://doi.org/10.5479/si.GVP.VOTW4-2013"
"1218","Azufre, Cerro del",brak danych,Chile,stratowulkan,brak dowodów na wybuch,andezyt / andezyt bazaltowy,strefa subdukcji / skorupa kontynentalna (>25 km),Wulkan,"Global Volcanism Program, 2013. Volcanoes of the World, v. 4.11.0. Venzke, E (ed.). Smithsonian Institution. Downloaded 20 Jun 2022. https://doi.org/10.5479/si.GVP.VOTW4-2013"
"1377",Domuyo,brak danych,Argentyna,stratowulkan,brak dowodów na wybuch,dacyt,strefa subdukcji / skorupa kontynentalna (>25 km),Wulkan,"Global Volcanism Program, 2013. Volcanoes of the World, v. 4.11.0. Venzke, E (ed.). Smithsonian Institution. Downloaded 20 Jun 2022. https://doi.org/10.5479/si.GVP.VOTW4-2013"
"1403",Tronador,brak danych,Chile - Argentyna,stratowulkan,brak dowodów na wybuch,andezyt / andezyt bazaltowy,strefa subdukcji / skorupa kontynentalna (>25 km),Wulkan,"Global Volcanism Program, 2013. Volcanoes of the World, v. 4.11.0. Venzke, E (ed.). Smithsonian Institution. Downloaded 20 Jun 2022. https://doi.org/10.5479/si.GVP.VOTW4-2013"
"1295",Jumaytepeque,brak danych,Gwatemala,stratowulkan,brak dowodów na wybuch,bazalt / pikryt,strefa subdukcji / skorupa kontynentalna (>25 km),Wulkan,"Global Volcanism Program, 2013. Volcanoes of the World, v. 4.11.0. Venzke, E (ed.). Smithsonian Institution. Downloaded 20 Jun 2022. https://doi.org/10.5479/si.GVP.VOTW4-2013"
"900",Kawi-Butak,brak danych,Indonezja,stratowulkan,nieznana data wybuchu,"-",strefa subdukcji / skorupa kontynentalna (>25 km),Wulkan,"Global Volcanism Program, 2013. Volcanoes of the World, v. 4.11.0. Venzke, E (ed.). Smithsonian Institution. Downloaded 20 Jun 2022. https://doi.org/10.5479/si.GVP.VOTW4-2013"
"1419",Cay,brak danych,Chile,stratowulkan,brak dowodów na wybuch,andezyt / andezyt bazaltowy,strefa subdukcji / skorupa kontynentalna (>25 km),Wulkan,"Global Volcanism Program, 2013. Volcanoes of the World, v. 4.11.0. Venzke, E (ed.). Smithsonian Institution. Downloaded 20 Jun 2022. https://doi.org/10.5479/si.GVP.VOTW4-2013"
"1350",Tuzgle,brak danych,Argentyna,stratowulkan,brak dowodów na wybuch,dacyt,strefa subdukcji / skorupa kontynentalna (>25 km),Wulkan,"Global Volcanism Program, 2013. Volcanoes of the World, v. 4.11.0. Venzke, E (ed.). Smithsonian Institution. Downloaded 20 Jun 2022. https://doi.org/10.5479/si.GVP.VOTW4-2013"
"1364",Risco Plateado,brak danych,Argentyna,stratowulkan,brak dowodów na wybuch,andezyt / andezyt bazaltowy,strefa subdukcji / skorupa kontynentalna (>25 km),Wulkan,"Global Volcanism Program, 2013. Volcanoes of the World, v. 4.11.0. Venzke, E (ed.). Smithsonian Institution. Downloaded 20 Jun 2022. https://doi.org/10.5479/si.GVP.VOTW4-2013"
"80",Gabillema,brak danych,Etiopia,stratowulkan,nieznana data wybuchu,ryolit,strefa ryftowa / skorupa pośrednia (15-25 km),Wulkan,"Global Volcanism Program, 2013. Volcanoes of the World, v. 4.11.0. Venzke, E (ed.). Smithsonian Institution. Downloaded 20 Jun 2022. https://doi.org/10.5479/si.GVP.VOTW4-2013"
"417",Belenkaya,brak danych,Rosja,stratowulkan,nieznana data wybuchu,bazalt / pikryt,strefa subdukcji / skorupa kontynentalna (>25 km),Wulkan,"Global Volcanism Program, 2013. Volcanoes of the World, v. 4.11.0. Venzke, E (ed.). Smithsonian Institution. Downloaded 20 Jun 2022. https://doi.org/10.5479/si.GVP.VOTW4-2013"
"427",Piratkovsky,brak danych,Rosja,stratowulkan,nieznana data wybuchu,"-",strefa subdukcji / skorupa kontynentalna (>25 km),Wulkan,"Global Volcanism Program, 2013. Volcanoes of the World, v. 4.11.0. Venzke, E (ed.). Smithsonian Institution. Downloaded 20 Jun 2022. https://doi.org/10.5479/si.GVP.VOTW4-2013"
"38",Aragats,brak danych,Armenia,stratowulkan,nieznana data wybuchu,andezyt / andezyt bazaltowy,strefa subdukcji / skorupa kontynentalna (>25 km),Wulkan,"Global Volcanism Program, 2013. Volcanoes of the World, v. 4.11.0. Venzke, E (ed.). Smithsonian Institution. Downloaded 20 Jun 2022. https://doi.org/10.5479/si.GVP.VOTW4-2013"
"55",Ale Bagu,brak danych,Etiopia,stratowulkan,nieznana data wybuchu,bazalt / pikryt,strefa ryftowa / skorupa pośrednia (15-25 km),Wulkan,"Global Volcanism Program, 2013. Volcanoes of the World, v. 4.11.0. Venzke, E (ed.). Smithsonian Institution. Downloaded 20 Jun 2022. https://doi.org/10.5479/si.GVP.VOTW4-2013"
"64",Borawli,brak danych,Etiopia,stratowulkan,nieznana data wybuchu,bazalt / pikryt,strefa ryftowa / skorupa pośrednia (15-25 km),Wulkan,"Global Volcanism Program, 2013. Volcanoes of the World, v. 4.11.0. Venzke, E (ed.). Smithsonian Institution. Downloaded 20 Jun 2022. https://doi.org/10.5479/si.GVP.VOTW4-2013"
"66",Ma Alalta,brak danych,Etiopia,stratowulkan,nieznana data wybuchu,ryolit,strefa ryftowa / skorupa pośrednia (15-25 km),Wulkan,"Global Volcanism Program, 2013. Volcanoes of the World, v. 4.11.0. Venzke, E (ed.). Smithsonian Institution. Downloaded 20 Jun 2022. https://doi.org/10.5479/si.GVP.VOTW4-2013"
"445",Amsterdam Island,brak danych,Francja,stratowulkan,nieznana data wybuchu,bazalt / pikryt,strefa ryftowa / skorupa oceaniczna (< 15 km),Wulkan,"Global Volcanism Program, 2013. Volcanoes of the World, v. 4.11.0. Venzke, E (ed.). Smithsonian Institution. Downloaded 20 Jun 2022. https://doi.org/10.5479/si.GVP.VOTW4-2013"
"459",Segula,brak danych,Stany Zjednoczone,stratowulkan,nieznana data wybuchu,andezyt / andezyt bazaltowy,strefa subdukcji / skorupa oceaniczna (< 15 km),Wulkan,"Global Volcanism Program, 2013. Volcanoes of the World, v. 4.11.0. Venzke, E (ed.). Smithsonian Institution. Downloaded 20 Jun 2022. https://doi.org/10.5479/si.GVP.VOTW4-2013"
"476",Chagulak,brak danych,Stany Zjednoczone,stratowulkan,nieznana data wybuchu,andezyt / andezyt bazaltowy,strefa subdukcji / skorupa oceaniczna (< 15 km),Wulkan,"Global Volcanism Program, 2013. Volcanoes of the World, v. 4.11.0. Venzke, E (ed.). Smithsonian Institution. Downloaded 20 Jun 2022. https://doi.org/10.5479/si.GVP.VOTW4-2013"
"481",Tana,brak danych,Stany Zjednoczone,stratowulkan,nieznana data wybuchu,ryolit,strefa subdukcji / skorupa oceaniczna (< 15 km),Wulkan,"Global Volcanism Program, 2013. Volcanoes of the World, v. 4.11.0. Venzke, E (ed.). Smithsonian Institution. Downloaded 20 Jun 2022. https://doi.org/10.5479/si.GVP.VOTW4-2013"
"482",Uliaga,brak danych,Stany Zjednoczone,stratowulkan,nieznana data wybuchu,"-",strefa subdukcji / skorupa oceaniczna (< 15 km),Wulkan,"Global Volcanism Program, 2013. Volcanoes of the World, v. 4.11.0. Venzke, E (ed.). Smithsonian Institution. Downloaded 20 Jun 2022. https://doi.org/10.5479/si.GVP.VOTW4-2013"
"485",Recheschnoi,brak danych,Stany Zjednoczone,stratowulkan,nieznana data wybuchu,andezyt / andezyt bazaltowy,strefa subdukcji / skorupa oceaniczna (< 15 km),Wulkan,"Global Volcanism Program, 2013. Volcanoes of the World, v. 4.11.0. Venzke, E (ed.). Smithsonian Institution. Downloaded 20 Jun 2022. https://doi.org/10.5479/si.GVP.VOTW4-2013"
"496",Frosty,brak danych,Stany Zjednoczone,stratowulkan,nieznana data wybuchu,andezyt / andezyt bazaltowy,strefa subdukcji / skorupa kontynentalna (>25 km),Wulkan,"Global Volcanism Program, 2013. Volcanoes of the World, v. 4.11.0. Venzke, E (ed.). Smithsonian Institution. Downloaded 20 Jun 2022. https://doi.org/10.5479/si.GVP.VOTW4-2013"
"497",Dutton,brak danych,Stany Zjednoczone,stratowulkan,nieznana data wybuchu,andezyt / andezyt bazaltowy,strefa subdukcji / skorupa kontynentalna (>25 km),Wulkan,"Global Volcanism Program, 2013. Volcanoes of the World, v. 4.11.0. Venzke, E (ed.). Smithsonian Institution. Downloaded 20 Jun 2022. https://doi.org/10.5479/si.GVP.VOTW4-2013"
"500",Pavlof Sister,brak danych,Stany Zjednoczone,stratowulkan,nieznana data wybuchu,bazalt / pikryt,strefa subdukcji / skorupa kontynentalna (>25 km),Wulkan,"Global Volcanism Program, 2013. Volcanoes of the World, v. 4.11.0. Venzke, E (ed.). Smithsonian Institution. Downloaded 20 Jun 2022. https://doi.org/10.5479/si.GVP.VOTW4-2013"
"71",Groppo,brak danych,Etiopia,stratowulkan,nieznana data wybuchu,ryolit,strefa ryftowa / skorupa pośrednia (15-25 km),Wulkan,"Global Volcanism Program, 2013. Volcanoes of the World, v. 4.11.0. Venzke, E (ed.). Smithsonian Institution. Downloaded 20 Jun 2022. https://doi.org/10.5479/si.GVP.VOTW4-2013"
"74",Mousa Alli,brak danych,Etiopia - Erytrea - Dżibuti,stratowulkan,nieznana data wybuchu,ryolit,strefa ryftowa / skorupa pośrednia (15-25 km),Wulkan,"Global Volcanism Program, 2013. Volcanoes of the World, v. 4.11.0. Venzke, E (ed.). Smithsonian Institution. Downloaded 20 Jun 2022. https://doi.org/10.5479/si.GVP.VOTW4-2013"
"504",Stepovak Bay 4,brak danych,Stany Zjednoczone,stratowulkan,nieznana data wybuchu,"-",strefa subdukcji / skorupa kontynentalna (>25 km),Wulkan,"Global Volcanism Program, 2013. Volcanoes of the World, v. 4.11.0. Venzke, E (ed.). Smithsonian Institution. Downloaded 20 Jun 2022. https://doi.org/10.5479/si.GVP.VOTW4-2013"
"511",Kialagvik,brak danych,Stany Zjednoczone,stratowulkan,nieznana data wybuchu,andezyt / andezyt bazaltowy,strefa subdukcji / skorupa kontynentalna (>25 km),Wulkan,"Global Volcanism Program, 2013. Volcanoes of the World, v. 4.11.0. Venzke, E (ed.). Smithsonian Institution. Downloaded 20 Jun 2022. https://doi.org/10.5479/si.GVP.VOTW4-2013"
"525",Golaya,brak danych,Rosja,stratowulkan,nieznana data wybuchu,bazalt / pikryt,strefa subdukcji / skorupa kontynentalna (>25 km),Wulkan,"Global Volcanism Program, 2013. Volcanoes of the World, v. 4.11.0. Venzke, E (ed.). Smithsonian Institution. Downloaded 20 Jun 2022. https://doi.org/10.5479/si.GVP.VOTW4-2013"
"531","Possession, Ile de la",brak danych,Francja,stratowulkan,nieznana data wybuchu,bazalt / pikryt,strefa ryftowa / skorupa oceaniczna (< 15 km),Wulkan,"Global Volcanism Program, 2013. Volcanoes of the World, v. 4.11.0. Venzke, E (ed.). Smithsonian Institution. Downloaded 20 Jun 2022. https://doi.org/10.5479/si.GVP.VOTW4-2013"
"82",Ayelu,brak danych,Etiopia,stratowulkan,nieznana data wybuchu,ryolit,strefa ryftowa / skorupa pośrednia (15-25 km),Wulkan,"Global Volcanism Program, 2013. Volcanoes of the World, v. 4.11.0. Venzke, E (ed.). Smithsonian Institution. Downloaded 20 Jun 2022. https://doi.org/10.5479/si.GVP.VOTW4-2013"
"83",Adwa,brak danych,Etiopia,stratowulkan,nieznana data wybuchu,ryolit,strefa ryftowa / skorupa pośrednia (15-25 km),Wulkan,"Global Volcanism Program, 2013. Volcanoes of the World, v. 4.11.0. Venzke, E (ed.). Smithsonian Institution. Downloaded 20 Jun 2022. https://doi.org/10.5479/si.GVP.VOTW4-2013"
"532","Cochons, Ile aux",brak danych,Francja,stratowulkan,nieznana data wybuchu,bazalt / pikryt,strefa ryftowa / skorupa oceaniczna (< 15 km),Wulkan,"Global Volcanism Program, 2013. Volcanoes of the World, v. 4.11.0. Venzke, E (ed.). Smithsonian Institution. Downloaded 20 Jun 2022. https://doi.org/10.5479/si.GVP.VOTW4-2013"
"90",Boset-Bericha,brak danych,Etiopia,stratowulkan,nieznana data wybuchu,ryolit,strefa ryftowa / skorupa kontynentalna (>25 km),Wulkan,"Global Volcanism Program, 2013. Volcanoes of the World, v. 4.11.0. Venzke, E (ed.). Smithsonian Institution. Downloaded 20 Jun 2022. https://doi.org/10.5479/si.GVP.VOTW4-2013"
"110",Mashkovtsev,brak danych,Rosja,stratowulkan,nieznana data wybuchu,bazalt / pikryt,strefa subdukcji / skorupa kontynentalna (>25 km),Wulkan,"Global Volcanism Program, 2013. Volcanoes of the World, v. 4.11.0. Venzke, E (ed.). Smithsonian Institution. Downloaded 20 Jun 2022. https://doi.org/10.5479/si.GVP.VOTW4-2013"
"241",Sarigan,brak danych,Stany Zjednoczone,stratowulkan,nieznana data wybuchu,andezyt / andezyt bazaltowy,strefa subdukcji / grubość skorupy nieznana,Wulkan,"Global Volcanism Program, 2013. Volcanoes of the World, v. 4.11.0. Venzke, E (ed.). Smithsonian Institution. Downloaded 20 Jun 2022. https://doi.org/10.5479/si.GVP.VOTW4-2013"
"271",Ruruidake [Smirnov],brak danych,Japonia,stratowulkan,nieznana data wybuchu,andezyt / andezyt bazaltowy,strefa subdukcji / skorupa oceaniczna (< 15 km),Wulkan,"Global Volcanism Program, 2013. Volcanoes of the World, v. 4.11.0. Venzke, E (ed.). Smithsonian Institution. Downloaded 20 Jun 2022. https://doi.org/10.5479/si.GVP.VOTW4-2013"
"273",Berutarubesan [Berutarube],brak danych,Japonia,stratowulkan,nieznana data wybuchu,andezyt / andezyt bazaltowy,strefa subdukcji / skorupa oceaniczna (< 15 km),Wulkan,"Global Volcanism Program, 2013. Volcanoes of the World, v. 4.11.0. Venzke, E (ed.). Smithsonian Institution. Downloaded 20 Jun 2022. https://doi.org/10.5479/si.GVP.VOTW4-2013"
"276",Nishihitokappuyama [Bogatyr Ridge],brak danych,Japonia,stratowulkan,nieznana data wybuchu,andezyt / andezyt bazaltowy,strefa subdukcji / skorupa oceaniczna (< 15 km),Wulkan,"Global Volcanism Program, 2013. Volcanoes of the World, v. 4.11.0. Venzke, E (ed.). Smithsonian Institution. Downloaded 20 Jun 2022. https://doi.org/10.5479/si.GVP.VOTW4-2013"
"284",Rakkibetsudake [Demon],brak danych,Japonia,stratowulkan,nieznana data wybuchu,"-",strefa subdukcji / skorupa oceaniczna (< 15 km),Wulkan,"Global Volcanism Program, 2013. Volcanoes of the World, v. 4.11.0. Venzke, E (ed.). Smithsonian Institution. Downloaded 20 Jun 2022. https://doi.org/10.5479/si.GVP.VOTW4-2013"
"294",Uratman,brak danych,Rosja,stratowulkan,nieznana data wybuchu,andezyt / andezyt bazaltowy,strefa subdukcji / skorupa oceaniczna (< 15 km),Wulkan,"Global Volcanism Program, 2013. Volcanoes of the World, v. 4.11.0. Venzke, E (ed.). Smithsonian Institution. Downloaded 20 Jun 2022. https://doi.org/10.5479/si.GVP.VOTW4-2013"
"307",Shirinki,brak danych,Rosja,stratowulkan,nieznana data wybuchu,andezyt / andezyt bazaltowy,strefa subdukcji / skorupa kontynentalna (>25 km),Wulkan,"Global Volcanism Program, 2013. Volcanoes of the World, v. 4.11.0. Venzke, E (ed.). Smithsonian Institution. Downloaded 20 Jun 2022. https://doi.org/10.5479/si.GVP.VOTW4-2013"
"318",Kell,brak danych,Rosja,stratowulkan,nieznana data wybuchu,bazalt / pikryt,strefa subdukcji / skorupa kontynentalna (>25 km),Wulkan,"Global Volcanism Program, 2013. Volcanoes of the World, v. 4.11.0. Venzke, E (ed.). Smithsonian Institution. Downloaded 20 Jun 2022. https://doi.org/10.5479/si.GVP.VOTW4-2013"
"478",Herbert,brak danych,Stany Zjednoczone,stratowulkan,nieznana data wybuchu,andezyt / andezyt bazaltowy,strefa subdukcji / skorupa oceaniczna (< 15 km),Wulkan,"Global Volcanism Program, 2013. Volcanoes of the World, v. 4.11.0. Venzke, E (ed.). Smithsonian Institution. Downloaded 20 Jun 2022. https://doi.org/10.5479/si.GVP.VOTW4-2013"
"361",Muhavura,brak danych,Uganda - Rwanda,stratowulkan,nieznana data wybuchu,tefryt / trachybazalt,strefa ryftowa / skorupa kontynentalna (>25 km),Wulkan,"Global Volcanism Program, 2013. Volcanoes of the World, v. 4.11.0. Venzke, E (ed.). Smithsonian Institution. Downloaded 20 Jun 2022. https://doi.org/10.5479/si.GVP.VOTW4-2013"
"27",Hasan Dagi,brak danych,Turcja,stratowulkan,nieznana data wybuchu,dacyt,strefa subdukcji / skorupa kontynentalna (>25 km),Wulkan,"Global Volcanism Program, 2013. Volcanoes of the World, v. 4.11.0. Venzke, E (ed.). Smithsonian Institution. Downloaded 20 Jun 2022. https://doi.org/10.5479/si.GVP.VOTW4-2013"
"376","Tousside, Tarso",brak danych,Czad,stratowulkan,nieznana data wybuchu,trachit,strefa subdukcji / skorupa kontynentalna (>25 km),Wulkan,"Global Volcanism Program, 2013. Volcanoes of the World, v. 4.11.0. Venzke, E (ed.). Smithsonian Institution. Downloaded 20 Jun 2022. https://doi.org/10.5479/si.GVP.VOTW4-2013"
"1205","Casiri, Nevados",brak danych,Peru,stratowulkan,nieznana data wybuchu,trachit,strefa subdukcji / skorupa kontynentalna (>25 km),Wulkan,"Global Volcanism Program, 2013. Volcanoes of the World, v. 4.11.0. Venzke, E (ed.). Smithsonian Institution. Downloaded 20 Jun 2022. https://doi.org/10.5479/si.GVP.VOTW4-2013"
"401",Sahand,brak danych,Iran,stratowulkan,nieznana data wybuchu,andezyt / andezyt bazaltowy,strefa subdukcji / skorupa kontynentalna (>25 km),Wulkan,"Global Volcanism Program, 2013. Volcanoes of the World, v. 4.11.0. Venzke, E (ed.). Smithsonian Institution. Downloaded 20 Jun 2022. https://doi.org/10.5479/si.GVP.VOTW4-2013"
"402",Sabalan,brak danych,Iran,stratowulkan,nieznana data wybuchu,andezyt / andezyt bazaltowy,strefa subdukcji / skorupa kontynentalna (>25 km),Wulkan,"Global Volcanism Program, 2013. Volcanoes of the World, v. 4.11.0. Venzke, E (ed.). Smithsonian Institution. Downloaded 20 Jun 2022. https://doi.org/10.5479/si.GVP.VOTW4-2013"
"406",Taftan,brak danych,Iran,stratowulkan,nieznana data wybuchu,andezyt / andezyt bazaltowy,strefa subdukcji / skorupa kontynentalna (>25 km),Wulkan,"Global Volcanism Program, 2013. Volcanoes of the World, v. 4.11.0. Venzke, E (ed.). Smithsonian Institution. Downloaded 20 Jun 2022. https://doi.org/10.5479/si.GVP.VOTW4-2013"
"543",Penanggungan,brak danych,Indonezja,stratowulkan,nieznana data wybuchu,andezyt / andezyt bazaltowy,strefa subdukcji / skorupa kontynentalna (>25 km),Wulkan,"Global Volcanism Program, 2013. Volcanoes of the World, v. 4.11.0. Venzke, E (ed.). Smithsonian Institution. Downloaded 20 Jun 2022. https://doi.org/10.5479/si.GVP.VOTW4-2013"
"597",Blup Blup,brak danych,Papua - Nowa Gwinea,stratowulkan,nieznana data wybuchu,andezyt / andezyt bazaltowy,strefa subdukcji / skorupa kontynentalna (>25 km),Wulkan,"Global Volcanism Program, 2013. Volcanoes of the World, v. 4.11.0. Venzke, E (ed.). Smithsonian Institution. Downloaded 20 Jun 2022. https://doi.org/10.5479/si.GVP.VOTW4-2013"
"610",Garove,brak danych,Papua - Nowa Gwinea,stratowulkan,nieznana data wybuchu,andezyt / andezyt bazaltowy,strefa subdukcji / skorupa oceaniczna (< 15 km),Wulkan,"Global Volcanism Program, 2013. Volcanoes of the World, v. 4.11.0. Venzke, E (ed.). Smithsonian Institution. Downloaded 20 Jun 2022. https://doi.org/10.5479/si.GVP.VOTW4-2013"
"612",Bola,brak danych,Papua - Nowa Gwinea,stratowulkan,nieznana data wybuchu,andezyt / andezyt bazaltowy,strefa subdukcji / skorupa kontynentalna (>25 km),Wulkan,"Global Volcanism Program, 2013. Volcanoes of the World, v. 4.11.0. Venzke, E (ed.). Smithsonian Institution. Downloaded 20 Jun 2022. https://doi.org/10.5479/si.GVP.VOTW4-2013"
"627",Visokiy,brak danych,Rosja,stratowulkan,nieznana data wybuchu,bazalt / pikryt,strefa subdukcji / skorupa kontynentalna (>25 km),Wulkan,"Global Volcanism Program, 2013. Volcanoes of the World, v. 4.11.0. Venzke, E (ed.). Smithsonian Institution. Downloaded 20 Jun 2022. https://doi.org/10.5479/si.GVP.VOTW4-2013"
"630",Hydrographers Range,brak danych,Papua - Nowa Gwinea,stratowulkan,nieznana data wybuchu,andezyt / andezyt bazaltowy,strefa subdukcji / skorupa kontynentalna (>25 km),Wulkan,"Global Volcanism Program, 2013. Volcanoes of the World, v. 4.11.0. Venzke, E (ed.). Smithsonian Institution. Downloaded 20 Jun 2022. https://doi.org/10.5479/si.GVP.VOTW4-2013"
"693",Jailolo,brak danych,Indonezja,stratowulkan,nieznana data wybuchu,andezyt / andezyt bazaltowy,strefa subdukcji / skorupa oceaniczna (< 15 km),Wulkan,"Global Volcanism Program, 2013. Volcanoes of the World, v. 4.11.0. Venzke, E (ed.). Smithsonian Institution. Downloaded 20 Jun 2022. https://doi.org/10.5479/si.GVP.VOTW4-2013"
"694",Hiri,brak danych,Indonezja,stratowulkan,nieznana data wybuchu,bazalt / pikryt,strefa subdukcji / skorupa oceaniczna (< 15 km),Wulkan,"Global Volcanism Program, 2013. Volcanoes of the World, v. 4.11.0. Venzke, E (ed.). Smithsonian Institution. Downloaded 20 Jun 2022. https://doi.org/10.5479/si.GVP.VOTW4-2013"
"696",Tidore,brak danych,Indonezja,stratowulkan,nieznana data wybuchu,andezyt / andezyt bazaltowy,strefa subdukcji / skorupa oceaniczna (< 15 km),Wulkan,"Global Volcanism Program, 2013. Volcanoes of the World, v. 4.11.0. Venzke, E (ed.). Smithsonian Institution. Downloaded 20 Jun 2022. https://doi.org/10.5479/si.GVP.VOTW4-2013"
"697",Mare,brak danych,Indonezja,stratowulkan,nieznana data wybuchu,andezyt / andezyt bazaltowy,strefa subdukcji / skorupa oceaniczna (< 15 km),Wulkan,"Global Volcanism Program, 2013. Volcanoes of the World, v. 4.11.0. Venzke, E (ed.). Smithsonian Institution. Downloaded 20 Jun 2022. https://doi.org/10.5479/si.GVP.VOTW4-2013"
"698",Moti,brak danych,Indonezja,stratowulkan,nieznana data wybuchu,andezyt / andezyt bazaltowy,strefa subdukcji / skorupa oceaniczna (< 15 km),Wulkan,"Global Volcanism Program, 2013. Volcanoes of the World, v. 4.11.0. Venzke, E (ed.). Smithsonian Institution. Downloaded 20 Jun 2022. https://doi.org/10.5479/si.GVP.VOTW4-2013"
"700",Tigalalu,brak danych,Indonezja,stratowulkan,nieznana data wybuchu,andezyt / andezyt bazaltowy,strefa subdukcji / skorupa oceaniczna (< 15 km),Wulkan,"Global Volcanism Program, 2013. Volcanoes of the World, v. 4.11.0. Venzke, E (ed.). Smithsonian Institution. Downloaded 20 Jun 2022. https://doi.org/10.5479/si.GVP.VOTW4-2013"
"701",Amasing,brak danych,Indonezja,stratowulkan,nieznana data wybuchu,andezyt / andezyt bazaltowy,strefa subdukcji / skorupa oceaniczna (< 15 km),Wulkan,"Global Volcanism Program, 2013. Volcanoes of the World, v. 4.11.0. Venzke, E (ed.). Smithsonian Institution. Downloaded 20 Jun 2022. https://doi.org/10.5479/si.GVP.VOTW4-2013"
"352",Fort Portal,2120 p.n.e.,Uganda,stożkowy,erupcja datowana,foidyt,strefa ryftowa / skorupa kontynentalna (>25 km),Wulkan,"Global Volcanism Program, 2013. Volcanoes of the World, v. 4.11.0. Venzke, E (ed.). Smithsonian Institution. Downloaded 20 Jun 2022. https://doi.org/10.5479/si.GVP.VOTW4-2013"
"702",Bibinoi,brak danych,Indonezja,stratowulkan,nieznana data wybuchu,andezyt / andezyt bazaltowy,strefa subdukcji / skorupa oceaniczna (< 15 km),Wulkan,"Global Volcanism Program, 2013. Volcanoes of the World, v. 4.11.0. Venzke, E (ed.). Smithsonian Institution. Downloaded 20 Jun 2022. https://doi.org/10.5479/si.GVP.VOTW4-2013"
"713",Malindang,brak danych,Filipiny,stratowulkan,nieznana data wybuchu,bazalt / pikryt,strefa subdukcji / skorupa kontynentalna (>25 km),Wulkan,"Global Volcanism Program, 2013. Volcanoes of the World, v. 4.11.0. Venzke, E (ed.). Smithsonian Institution. Downloaded 20 Jun 2022. https://doi.org/10.5479/si.GVP.VOTW4-2013"
"725",Masaraga,brak danych,Filipiny,stratowulkan,nieznana data wybuchu,andezyt / andezyt bazaltowy,strefa subdukcji / skorupa kontynentalna (>25 km),Wulkan,"Global Volcanism Program, 2013. Volcanoes of the World, v. 4.11.0. Venzke, E (ed.). Smithsonian Institution. Downloaded 20 Jun 2022. https://doi.org/10.5479/si.GVP.VOTW4-2013"
"726",Iriga,brak danych,Filipiny,stratowulkan,nieznana data wybuchu,andezyt / andezyt bazaltowy,strefa subdukcji / skorupa kontynentalna (>25 km),Wulkan,"Global Volcanism Program, 2013. Volcanoes of the World, v. 4.11.0. Venzke, E (ed.). Smithsonian Institution. Downloaded 20 Jun 2022. https://doi.org/10.5479/si.GVP.VOTW4-2013"
"728",Malindig,brak danych,Filipiny,stratowulkan,nieznana data wybuchu,andezyt / andezyt bazaltowy,strefa subdukcji / skorupa kontynentalna (>25 km),Wulkan,"Global Volcanism Program, 2013. Volcanoes of the World, v. 4.11.0. Venzke, E (ed.). Smithsonian Institution. Downloaded 20 Jun 2022. https://doi.org/10.5479/si.GVP.VOTW4-2013"
"762",Udina,brak danych,Rosja,stratowulkan,nieznana data wybuchu,andezyt / andezyt bazaltowy,strefa subdukcji / skorupa kontynentalna (>25 km),Wulkan,"Global Volcanism Program, 2013. Volcanoes of the World, v. 4.11.0. Venzke, E (ed.). Smithsonian Institution. Downloaded 20 Jun 2022. https://doi.org/10.5479/si.GVP.VOTW4-2013"
"763",Zimina,brak danych,Rosja,stratowulkan,nieznana data wybuchu,andezyt / andezyt bazaltowy,strefa subdukcji / skorupa kontynentalna (>25 km),Wulkan,"Global Volcanism Program, 2013. Volcanoes of the World, v. 4.11.0. Venzke, E (ed.). Smithsonian Institution. Downloaded 20 Jun 2022. https://doi.org/10.5479/si.GVP.VOTW4-2013"
"765",Kamen,brak danych,Rosja,stratowulkan,nieznana data wybuchu,bazalt / pikryt,strefa subdukcji / skorupa kontynentalna (>25 km),Wulkan,"Global Volcanism Program, 2013. Volcanoes of the World, v. 4.11.0. Venzke, E (ed.). Smithsonian Institution. Downloaded 20 Jun 2022. https://doi.org/10.5479/si.GVP.VOTW4-2013"
"813",Balbi,brak danych,Papua - Nowa Gwinea,stratowulkan,nieznana data wybuchu,andezyt / andezyt bazaltowy,strefa subdukcji / grubość skorupy nieznana,Wulkan,"Global Volcanism Program, 2013. Volcanoes of the World, v. 4.11.0. Venzke, E (ed.). Smithsonian Institution. Downloaded 20 Jun 2022. https://doi.org/10.5479/si.GVP.VOTW4-2013"
"829",Mere Lava,brak danych,Vanuatu,stratowulkan,nieznana data wybuchu,bazalt / pikryt,strefa subdukcji / skorupa oceaniczna (< 15 km),Wulkan,"Global Volcanism Program, 2013. Volcanoes of the World, v. 4.11.0. Venzke, E (ed.). Smithsonian Institution. Downloaded 20 Jun 2022. https://doi.org/10.5479/si.GVP.VOTW4-2013"
"836",North Vate,brak danych,Vanuatu,stratowulkan,nieznana data wybuchu,bazalt / pikryt,strefa subdukcji / skorupa oceaniczna (< 15 km),Wulkan,"Global Volcanism Program, 2013. Volcanoes of the World, v. 4.11.0. Venzke, E (ed.). Smithsonian Institution. Downloaded 20 Jun 2022. https://doi.org/10.5479/si.GVP.VOTW4-2013"
"844",Narcondum,brak danych,Indie,stratowulkan,nieznana data wybuchu,andezyt / andezyt bazaltowy,strefa subdukcji / skorupa kontynentalna (>25 km),Wulkan,"Global Volcanism Program, 2013. Volcanoes of the World, v. 4.11.0. Venzke, E (ed.). Smithsonian Institution. Downloaded 20 Jun 2022. https://doi.org/10.5479/si.GVP.VOTW4-2013"
"855",Malintang,brak danych,Indonezja,stratowulkan,nieznana data wybuchu,andezyt / andezyt bazaltowy,strefa subdukcji / skorupa kontynentalna (>25 km),Wulkan,"Global Volcanism Program, 2013. Volcanoes of the World, v. 4.11.0. Venzke, E (ed.). Smithsonian Institution. Downloaded 20 Jun 2022. https://doi.org/10.5479/si.GVP.VOTW4-2013"
"874",Pulosari,brak danych,Indonezja,stratowulkan,nieznana data wybuchu,andezyt / andezyt bazaltowy,strefa subdukcji / skorupa kontynentalna (>25 km),Wulkan,"Global Volcanism Program, 2013. Volcanoes of the World, v. 4.11.0. Venzke, E (ed.). Smithsonian Institution. Downloaded 20 Jun 2022. https://doi.org/10.5479/si.GVP.VOTW4-2013"
"879",Patuha,brak danych,Indonezja,stratowulkan,nieznana data wybuchu,andezyt / andezyt bazaltowy,strefa subdukcji / skorupa kontynentalna (>25 km),Wulkan,"Global Volcanism Program, 2013. Volcanoes of the World, v. 4.11.0. Venzke, E (ed.). Smithsonian Institution. Downloaded 20 Jun 2022. https://doi.org/10.5479/si.GVP.VOTW4-2013"
"882",Kendang,brak danych,Indonezja,stratowulkan,nieznana data wybuchu,andezyt / andezyt bazaltowy,strefa subdukcji / skorupa kontynentalna (>25 km),Wulkan,"Global Volcanism Program, 2013. Volcanoes of the World, v. 4.11.0. Venzke, E (ed.). Smithsonian Institution. Downloaded 20 Jun 2022. https://doi.org/10.5479/si.GVP.VOTW4-2013"
"884",Tampomas,brak danych,Indonezja,stratowulkan,nieznana data wybuchu,andezyt / andezyt bazaltowy,strefa subdukcji / skorupa kontynentalna (>25 km),Wulkan,"Global Volcanism Program, 2013. Volcanoes of the World, v. 4.11.0. Venzke, E (ed.). Smithsonian Institution. Downloaded 20 Jun 2022. https://doi.org/10.5479/si.GVP.VOTW4-2013"
"892",Ungaran,brak danych,Indonezja,stratowulkan,nieznana data wybuchu,trachyandezyt / bazaltowy trachyandezyt,strefa subdukcji / skorupa kontynentalna (>25 km),Wulkan,"Global Volcanism Program, 2013. Volcanoes of the World, v. 4.11.0. Venzke, E (ed.). Smithsonian Institution. Downloaded 20 Jun 2022. https://doi.org/10.5479/si.GVP.VOTW4-2013"
"893",Telomoyo,brak danych,Indonezja,stratowulkan,nieznana data wybuchu,andezyt / andezyt bazaltowy,strefa subdukcji / skorupa kontynentalna (>25 km),Wulkan,"Global Volcanism Program, 2013. Volcanoes of the World, v. 4.11.0. Venzke, E (ed.). Smithsonian Institution. Downloaded 20 Jun 2022. https://doi.org/10.5479/si.GVP.VOTW4-2013"
"898",Wilis,brak danych,Indonezja,stratowulkan,nieznana data wybuchu,andezyt / andezyt bazaltowy,strefa subdukcji / skorupa kontynentalna (>25 km),Wulkan,"Global Volcanism Program, 2013. Volcanoes of the World, v. 4.11.0. Venzke, E (ed.). Smithsonian Institution. Downloaded 20 Jun 2022. https://doi.org/10.5479/si.GVP.VOTW4-2013"
"901",Steller,brak danych,Stany Zjednoczone,stratowulkan,nieznana data wybuchu,andezyt / andezyt bazaltowy,strefa subdukcji / skorupa kontynentalna (>25 km),Wulkan,"Global Volcanism Program, 2013. Volcanoes of the World, v. 4.11.0. Venzke, E (ed.). Smithsonian Institution. Downloaded 20 Jun 2022. https://doi.org/10.5479/si.GVP.VOTW4-2013"
"905",Douglas,brak danych,Stany Zjednoczone,stratowulkan,nieznana data wybuchu,andezyt / andezyt bazaltowy,strefa subdukcji / skorupa kontynentalna (>25 km),Wulkan,"Global Volcanism Program, 2013. Volcanoes of the World, v. 4.11.0. Venzke, E (ed.). Smithsonian Institution. Downloaded 20 Jun 2022. https://doi.org/10.5479/si.GVP.VOTW4-2013"
"1004",Colachi,brak danych,Chile,stratowulkan,nieznana data wybuchu,andezyt / andezyt bazaltowy,strefa subdukcji / skorupa kontynentalna (>25 km),Wulkan,"Global Volcanism Program, 2013. Volcanoes of the World, v. 4.11.0. Venzke, E (ed.). Smithsonian Institution. Downloaded 20 Jun 2022. https://doi.org/10.5479/si.GVP.VOTW4-2013"
"1006",Acamarachi,brak danych,Chile,stratowulkan,nieznana data wybuchu,dacyt,strefa subdukcji / skorupa kontynentalna (>25 km),Wulkan,"Global Volcanism Program, 2013. Volcanoes of the World, v. 4.11.0. Venzke, E (ed.). Smithsonian Institution. Downloaded 20 Jun 2022. https://doi.org/10.5479/si.GVP.VOTW4-2013"
"1014",Cordon de Puntas Negras,brak danych,Chile,stratowulkan,nieznana data wybuchu,andezyt / andezyt bazaltowy,strefa subdukcji / skorupa kontynentalna (>25 km),Wulkan,"Global Volcanism Program, 2013. Volcanoes of the World, v. 4.11.0. Venzke, E (ed.). Smithsonian Institution. Downloaded 20 Jun 2022. https://doi.org/10.5479/si.GVP.VOTW4-2013"
"1021",St. Catherine,brak danych,Grenada,stratowulkan,nieznana data wybuchu,andezyt / andezyt bazaltowy,strefa subdukcji / skorupa oceaniczna (< 15 km),Wulkan,"Global Volcanism Program, 2013. Volcanoes of the World, v. 4.11.0. Venzke, E (ed.). Smithsonian Institution. Downloaded 20 Jun 2022. https://doi.org/10.5479/si.GVP.VOTW4-2013"
"1043",Tungnafellsjokull,brak danych,Islandia,stratowulkan,nieznana data wybuchu,bazalt / pikryt,strefa ryftowa / skorupa oceaniczna (< 15 km),Wulkan,"Global Volcanism Program, 2013. Volcanoes of the World, v. 4.11.0. Venzke, E (ed.). Smithsonian Institution. Downloaded 20 Jun 2022. https://doi.org/10.5479/si.GVP.VOTW4-2013"
"1056",Corvo,brak danych,Portugalia,stratowulkan,nieznana data wybuchu,bazalt / pikryt,strefa subdukcji / skorupa oceaniczna (< 15 km),Wulkan,"Global Volcanism Program, 2013. Volcanoes of the World, v. 4.11.0. Venzke, E (ed.). Smithsonian Institution. Downloaded 20 Jun 2022. https://doi.org/10.5479/si.GVP.VOTW4-2013"
"1076",Brava,brak danych,Wyspy Zielonego Przylądka,stratowulkan,nieznana data wybuchu,foidyt,strefa subdukcji / skorupa pośrednia (15-25 km),Wulkan,"Global Volcanism Program, 2013. Volcanoes of the World, v. 4.11.0. Venzke, E (ed.). Smithsonian Institution. Downloaded 20 Jun 2022. https://doi.org/10.5479/si.GVP.VOTW4-2013"
"1078",Ascension,brak danych,Wielka Brytania,stratowulkan,nieznana data wybuchu,bazalt / pikryt,strefa ryftowa / skorupa oceaniczna (< 15 km),Wulkan,"Global Volcanism Program, 2013. Volcanoes of the World, v. 4.11.0. Venzke, E (ed.). Smithsonian Institution. Downloaded 20 Jun 2022. https://doi.org/10.5479/si.GVP.VOTW4-2013"
"1110",Hodson,brak danych,Wielka Brytania,stratowulkan,nieznana data wybuchu,bazalt / pikryt,strefa subdukcji / skorupa oceaniczna (< 15 km),Wulkan,"Global Volcanism Program, 2013. Volcanoes of the World, v. 4.11.0. Venzke, E (ed.). Smithsonian Institution. Downloaded 20 Jun 2022. https://doi.org/10.5479/si.GVP.VOTW4-2013"
"1132",Tenorio,brak danych,Kostaryka,stratowulkan,nieznana data wybuchu,andezyt / andezyt bazaltowy,strefa subdukcji / skorupa kontynentalna (>25 km),Wulkan,"Global Volcanism Program, 2013. Volcanoes of the World, v. 4.11.0. Venzke, E (ed.). Smithsonian Institution. Downloaded 20 Jun 2022. https://doi.org/10.5479/si.GVP.VOTW4-2013"
"1134",Platanar,brak danych,Kostaryka,stratowulkan,nieznana data wybuchu,andezyt / andezyt bazaltowy,strefa subdukcji / skorupa kontynentalna (>25 km),Wulkan,"Global Volcanism Program, 2013. Volcanoes of the World, v. 4.11.0. Venzke, E (ed.). Smithsonian Institution. Downloaded 20 Jun 2022. https://doi.org/10.5479/si.GVP.VOTW4-2013"
"1149",Sotara,brak danych,Kolumbia,stratowulkan,nieznana data wybuchu,andezyt / andezyt bazaltowy,strefa subdukcji / skorupa kontynentalna (>25 km),Wulkan,"Global Volcanism Program, 2013. Volcanoes of the World, v. 4.11.0. Venzke, E (ed.). Smithsonian Institution. Downloaded 20 Jun 2022. https://doi.org/10.5479/si.GVP.VOTW4-2013"
"1170",Illiniza,brak danych,Ekwador,stratowulkan,nieznana data wybuchu,andezyt / andezyt bazaltowy,strefa subdukcji / skorupa kontynentalna (>25 km),Wulkan,"Global Volcanism Program, 2013. Volcanoes of the World, v. 4.11.0. Venzke, E (ed.). Smithsonian Institution. Downloaded 20 Jun 2022. https://doi.org/10.5479/si.GVP.VOTW4-2013"
"1192",Sara Sara,brak danych,Peru,stratowulkan,nieznana data wybuchu,andezyt / andezyt bazaltowy,strefa subdukcji / skorupa kontynentalna (>25 km),Wulkan,"Global Volcanism Program, 2013. Volcanoes of the World, v. 4.11.0. Venzke, E (ed.). Smithsonian Institution. Downloaded 20 Jun 2022. https://doi.org/10.5479/si.GVP.VOTW4-2013"
"1193",Coropuna,brak danych,Peru,stratowulkan,nieznana data wybuchu,andezyt / andezyt bazaltowy,strefa subdukcji / skorupa kontynentalna (>25 km),Wulkan,"Global Volcanism Program, 2013. Volcanoes of the World, v. 4.11.0. Venzke, E (ed.). Smithsonian Institution. Downloaded 20 Jun 2022. https://doi.org/10.5479/si.GVP.VOTW4-2013"
"1212",Tata Sabaya,brak danych,Boliwia,stratowulkan,nieznana data wybuchu,andezyt / andezyt bazaltowy,strefa subdukcji / skorupa kontynentalna (>25 km),Wulkan,"Global Volcanism Program, 2013. Volcanoes of the World, v. 4.11.0. Venzke, E (ed.). Smithsonian Institution. Downloaded 20 Jun 2022. https://doi.org/10.5479/si.GVP.VOTW4-2013"
"1221",Sairecabur,brak danych,Chile - Boliwia,stratowulkan,nieznana data wybuchu,andezyt / andezyt bazaltowy,strefa subdukcji / skorupa kontynentalna (>25 km),Wulkan,"Global Volcanism Program, 2013. Volcanoes of the World, v. 4.11.0. Venzke, E (ed.). Smithsonian Institution. Downloaded 20 Jun 2022. https://doi.org/10.5479/si.GVP.VOTW4-2013"
"587",Tutuila,"440",Stany Zjednoczone,stożkowy,erupcja datowana,bazalt / pikryt,strefa subdukcji / skorupa oceaniczna (< 15 km),Wulkan,"Global Volcanism Program, 2013. Volcanoes of the World, v. 4.11.0. Venzke, E (ed.). Smithsonian Institution. Downloaded 20 Jun 2022. https://doi.org/10.5479/si.GVP.VOTW4-2013"
"1222",Licancabur,brak danych,Chile - Boliwia,stratowulkan,nieznana data wybuchu,andezyt / andezyt bazaltowy,strefa subdukcji / skorupa kontynentalna (>25 km),Wulkan,"Global Volcanism Program, 2013. Volcanoes of the World, v. 4.11.0. Venzke, E (ed.). Smithsonian Institution. Downloaded 20 Jun 2022. https://doi.org/10.5479/si.GVP.VOTW4-2013"
"1231",Mehetia,brak danych,Francja,stratowulkan,nieznana data wybuchu,tefryt / trachybazalt,strefa subdukcji / skorupa oceaniczna (< 15 km),Wulkan,"Global Volcanism Program, 2013. Volcanoes of the World, v. 4.11.0. Venzke, E (ed.). Smithsonian Institution. Downloaded 20 Jun 2022. https://doi.org/10.5479/si.GVP.VOTW4-2013"
"1260",Sanganguey,brak danych,Meksyk,stratowulkan,nieznana data wybuchu,andezyt / andezyt bazaltowy,strefa subdukcji / skorupa kontynentalna (>25 km),Wulkan,"Global Volcanism Program, 2013. Volcanoes of the World, v. 4.11.0. Venzke, E (ed.). Smithsonian Institution. Downloaded 20 Jun 2022. https://doi.org/10.5479/si.GVP.VOTW4-2013"
"1270",Iztaccihuatl,brak danych,Meksyk,stratowulkan,nieznana data wybuchu,andezyt / andezyt bazaltowy,strefa subdukcji / skorupa kontynentalna (>25 km),Wulkan,"Global Volcanism Program, 2013. Volcanoes of the World, v. 4.11.0. Venzke, E (ed.). Smithsonian Institution. Downloaded 20 Jun 2022. https://doi.org/10.5479/si.GVP.VOTW4-2013"
"1284",Tajumulco,brak danych,Gwatemala,stratowulkan,nieznana data wybuchu,dacyt,strefa subdukcji / skorupa kontynentalna (>25 km),Wulkan,"Global Volcanism Program, 2013. Volcanoes of the World, v. 4.11.0. Venzke, E (ed.). Smithsonian Institution. Downloaded 20 Jun 2022. https://doi.org/10.5479/si.GVP.VOTW4-2013"
"1288",Toliman,brak danych,Gwatemala,stratowulkan,nieznana data wybuchu,andezyt / andezyt bazaltowy,strefa subdukcji / skorupa kontynentalna (>25 km),Wulkan,"Global Volcanism Program, 2013. Volcanoes of the World, v. 4.11.0. Venzke, E (ed.). Smithsonian Institution. Downloaded 20 Jun 2022. https://doi.org/10.5479/si.GVP.VOTW4-2013"
"1291",Agua,brak danych,Gwatemala,stratowulkan,nieznana data wybuchu,andezyt / andezyt bazaltowy,strefa subdukcji / skorupa kontynentalna (>25 km),Wulkan,"Global Volcanism Program, 2013. Volcanoes of the World, v. 4.11.0. Venzke, E (ed.). Smithsonian Institution. Downloaded 20 Jun 2022. https://doi.org/10.5479/si.GVP.VOTW4-2013"
"1296",Moyuta,brak danych,Gwatemala,stratowulkan,nieznana data wybuchu,andezyt / andezyt bazaltowy,strefa subdukcji / skorupa kontynentalna (>25 km),Wulkan,"Global Volcanism Program, 2013. Volcanoes of the World, v. 4.11.0. Venzke, E (ed.). Smithsonian Institution. Downloaded 20 Jun 2022. https://doi.org/10.5479/si.GVP.VOTW4-2013"
"1298",Tahual,brak danych,Gwatemala,stratowulkan,nieznana data wybuchu,bazalt / pikryt,strefa subdukcji / skorupa kontynentalna (>25 km),Wulkan,"Global Volcanism Program, 2013. Volcanoes of the World, v. 4.11.0. Venzke, E (ed.). Smithsonian Institution. Downloaded 20 Jun 2022. https://doi.org/10.5479/si.GVP.VOTW4-2013"
"1300",Suchitan,brak danych,Gwatemala,stratowulkan,nieznana data wybuchu,andezyt / andezyt bazaltowy,strefa subdukcji / skorupa kontynentalna (>25 km),Wulkan,"Global Volcanism Program, 2013. Volcanoes of the World, v. 4.11.0. Venzke, E (ed.). Smithsonian Institution. Downloaded 20 Jun 2022. https://doi.org/10.5479/si.GVP.VOTW4-2013"
"1301",Chingo,brak danych,Gwatemala - Salwador,stratowulkan,nieznana data wybuchu,andezyt / andezyt bazaltowy,strefa subdukcji / skorupa kontynentalna (>25 km),Wulkan,"Global Volcanism Program, 2013. Volcanoes of the World, v. 4.11.0. Venzke, E (ed.). Smithsonian Institution. Downloaded 20 Jun 2022. https://doi.org/10.5479/si.GVP.VOTW4-2013"
"1303",Ipala,brak danych,Gwatemala,stratowulkan,nieznana data wybuchu,bazalt / pikryt,strefa subdukcji / skorupa kontynentalna (>25 km),Wulkan,"Global Volcanism Program, 2013. Volcanoes of the World, v. 4.11.0. Venzke, E (ed.). Smithsonian Institution. Downloaded 20 Jun 2022. https://doi.org/10.5479/si.GVP.VOTW4-2013"
"1308",Apaneca Range,brak danych,Salwador,stratowulkan,nieznana data wybuchu,bazalt / pikryt,strefa subdukcji / skorupa kontynentalna (>25 km),Wulkan,"Global Volcanism Program, 2013. Volcanoes of the World, v. 4.11.0. Venzke, E (ed.). Smithsonian Institution. Downloaded 20 Jun 2022. https://doi.org/10.5479/si.GVP.VOTW4-2013"
"1316",San Vicente,brak danych,Salwador,stratowulkan,nieznana data wybuchu,andezyt / andezyt bazaltowy,strefa subdukcji / skorupa kontynentalna (>25 km),Wulkan,"Global Volcanism Program, 2013. Volcanoes of the World, v. 4.11.0. Venzke, E (ed.). Smithsonian Institution. Downloaded 20 Jun 2022. https://doi.org/10.5479/si.GVP.VOTW4-2013"
"1319",Tecapa,brak danych,Salwador,stratowulkan,nieznana data wybuchu,andezyt / andezyt bazaltowy,strefa subdukcji / skorupa kontynentalna (>25 km),Wulkan,"Global Volcanism Program, 2013. Volcanoes of the World, v. 4.11.0. Venzke, E (ed.). Smithsonian Institution. Downloaded 20 Jun 2022. https://doi.org/10.5479/si.GVP.VOTW4-2013"
"1320",Usulutan,brak danych,Salwador,stratowulkan,nieznana data wybuchu,bazalt / pikryt,strefa subdukcji / skorupa kontynentalna (>25 km),Wulkan,"Global Volcanism Program, 2013. Volcanoes of the World, v. 4.11.0. Venzke, E (ed.). Smithsonian Institution. Downloaded 20 Jun 2022. https://doi.org/10.5479/si.GVP.VOTW4-2013"
"1321","Tigre, El",brak danych,Salwador,stratowulkan,nieznana data wybuchu,bazalt / pikryt,strefa subdukcji / skorupa kontynentalna (>25 km),Wulkan,"Global Volcanism Program, 2013. Volcanoes of the World, v. 4.11.0. Venzke, E (ed.). Smithsonian Institution. Downloaded 20 Jun 2022. https://doi.org/10.5479/si.GVP.VOTW4-2013"
"1322",Chinameca,brak danych,Salwador,stratowulkan,nieznana data wybuchu,andezyt / andezyt bazaltowy,strefa subdukcji / skorupa kontynentalna (>25 km),Wulkan,"Global Volcanism Program, 2013. Volcanoes of the World, v. 4.11.0. Venzke, E (ed.). Smithsonian Institution. Downloaded 20 Jun 2022. https://doi.org/10.5479/si.GVP.VOTW4-2013"
"1325","Tigre, Isla el",brak danych,Honduras,stratowulkan,nieznana data wybuchu,bazalt / pikryt,strefa subdukcji / skorupa kontynentalna (>25 km),Wulkan,"Global Volcanism Program, 2013. Volcanoes of the World, v. 4.11.0. Venzke, E (ed.). Smithsonian Institution. Downloaded 20 Jun 2022. https://doi.org/10.5479/si.GVP.VOTW4-2013"
"1326","Zacate Grande, Isla",brak danych,Honduras,stratowulkan,nieznana data wybuchu,bazalt / pikryt,strefa subdukcji / skorupa kontynentalna (>25 km),Wulkan,"Global Volcanism Program, 2013. Volcanoes of the World, v. 4.11.0. Venzke, E (ed.). Smithsonian Institution. Downloaded 20 Jun 2022. https://doi.org/10.5479/si.GVP.VOTW4-2013"
"1332",Rota,brak danych,Nikaragua,stratowulkan,nieznana data wybuchu,andezyt / andezyt bazaltowy,strefa subdukcji / skorupa kontynentalna (>25 km),Wulkan,"Global Volcanism Program, 2013. Volcanoes of the World, v. 4.11.0. Venzke, E (ed.). Smithsonian Institution. Downloaded 20 Jun 2022. https://doi.org/10.5479/si.GVP.VOTW4-2013"
"1342",Lastarria,brak danych,Chile - Argentyna,stratowulkan,nieznana data wybuchu,andezyt / andezyt bazaltowy,strefa subdukcji / skorupa kontynentalna (>25 km),Wulkan,"Global Volcanism Program, 2013. Volcanoes of the World, v. 4.11.0. Venzke, E (ed.). Smithsonian Institution. Downloaded 20 Jun 2022. https://doi.org/10.5479/si.GVP.VOTW4-2013"
"1372",San Pedro-Pellado,brak danych,Chile,stratowulkan,nieznana data wybuchu,andezyt / andezyt bazaltowy,strefa subdukcji / skorupa kontynentalna (>25 km),Wulkan,"Global Volcanism Program, 2013. Volcanoes of the World, v. 4.11.0. Venzke, E (ed.). Smithsonian Institution. Downloaded 20 Jun 2022. https://doi.org/10.5479/si.GVP.VOTW4-2013"
"1374","Blancas, Lomas",brak danych,Chile,stratowulkan,nieznana data wybuchu,bazalt / pikryt,strefa subdukcji / skorupa kontynentalna (>25 km),Wulkan,"Global Volcanism Program, 2013. Volcanoes of the World, v. 4.11.0. Venzke, E (ed.). Smithsonian Institution. Downloaded 20 Jun 2022. https://doi.org/10.5479/si.GVP.VOTW4-2013"
"1387",Tralihue,brak danych,Argentyna,stratowulkan,nieznana data wybuchu,trachyandezyt / bazaltowy trachyandezyt,strefa subdukcji / skorupa kontynentalna (>25 km),Wulkan,"Global Volcanism Program, 2013. Volcanoes of the World, v. 4.11.0. Venzke, E (ed.). Smithsonian Institution. Downloaded 20 Jun 2022. https://doi.org/10.5479/si.GVP.VOTW4-2013"
"1399","Pantojo, Cerro",brak danych,Chile - Argentyna,stratowulkan,nieznana data wybuchu,bazalt / pikryt,strefa subdukcji / skorupa kontynentalna (>25 km),Wulkan,"Global Volcanism Program, 2013. Volcanoes of the World, v. 4.11.0. Venzke, E (ed.). Smithsonian Institution. Downloaded 20 Jun 2022. https://doi.org/10.5479/si.GVP.VOTW4-2013"
"47",Jalua,brak danych,Erytrea,stratowulkan,nieznana data wybuchu,bazalt / pikryt,strefa ryftowa / skorupa pośrednia (15-25 km),Wulkan,"Global Volcanism Program, 2013. Volcanoes of the World, v. 4.11.0. Venzke, E (ed.). Smithsonian Institution. Downloaded 20 Jun 2022. https://doi.org/10.5479/si.GVP.VOTW4-2013"
"48",Alid,brak danych,Erytrea,stratowulkan,nieznana data wybuchu,ryolit,strefa ryftowa / skorupa pośrednia (15-25 km),Wulkan,"Global Volcanism Program, 2013. Volcanoes of the World, v. 4.11.0. Venzke, E (ed.). Smithsonian Institution. Downloaded 20 Jun 2022. https://doi.org/10.5479/si.GVP.VOTW4-2013"
"50",Gada Ale,brak danych,Etiopia,stratowulkan,nieznana data wybuchu,bazalt / pikryt,strefa ryftowa / skorupa pośrednia (15-25 km),Wulkan,"Global Volcanism Program, 2013. Volcanoes of the World, v. 4.11.0. Venzke, E (ed.). Smithsonian Institution. Downloaded 20 Jun 2022. https://doi.org/10.5479/si.GVP.VOTW4-2013"
"53",Bora Ale,brak danych,Etiopia,stratowulkan,nieznana data wybuchu,bazalt / pikryt,strefa ryftowa / skorupa pośrednia (15-25 km),Wulkan,"Global Volcanism Program, 2013. Volcanoes of the World, v. 4.11.0. Venzke, E (ed.). Smithsonian Institution. Downloaded 20 Jun 2022. https://doi.org/10.5479/si.GVP.VOTW4-2013"
"1349","Solo, El",brak danych,Chile - Argentyna,stratowulkan,nieznana data wybuchu,dacyt,strefa subdukcji / skorupa kontynentalna (>25 km),Wulkan,"Global Volcanism Program, 2013. Volcanoes of the World, v. 4.11.0. Venzke, E (ed.). Smithsonian Institution. Downloaded 20 Jun 2022. https://doi.org/10.5479/si.GVP.VOTW4-2013"
"1351",Aracar,brak danych,Argentyna,stratowulkan,nieznana data wybuchu,andezyt / andezyt bazaltowy,strefa subdukcji / skorupa kontynentalna (>25 km),Wulkan,"Global Volcanism Program, 2013. Volcanoes of the World, v. 4.11.0. Venzke, E (ed.). Smithsonian Institution. Downloaded 20 Jun 2022. https://doi.org/10.5479/si.GVP.VOTW4-2013"
"1354","Condor, El",brak danych,Argentyna,stratowulkan,nieznana data wybuchu,"-",strefa subdukcji / skorupa kontynentalna (>25 km),Wulkan,"Global Volcanism Program, 2013. Volcanoes of the World, v. 4.11.0. Venzke, E (ed.). Smithsonian Institution. Downloaded 20 Jun 2022. https://doi.org/10.5479/si.GVP.VOTW4-2013"
"1355",Peinado,brak danych,Argentyna,stratowulkan,nieznana data wybuchu,andezyt / andezyt bazaltowy,strefa subdukcji / skorupa kontynentalna (>25 km),Wulkan,"Global Volcanism Program, 2013. Volcanoes of the World, v. 4.11.0. Venzke, E (ed.). Smithsonian Institution. Downloaded 20 Jun 2022. https://doi.org/10.5479/si.GVP.VOTW4-2013"
"1362",Palomo,brak danych,Chile,stratowulkan,nieznana data wybuchu,andezyt / andezyt bazaltowy,strefa subdukcji / skorupa kontynentalna (>25 km),Wulkan,"Global Volcanism Program, 2013. Volcanoes of the World, v. 4.11.0. Venzke, E (ed.). Smithsonian Institution. Downloaded 20 Jun 2022. https://doi.org/10.5479/si.GVP.VOTW4-2013"
"111",Patoc,brak danych,Filipiny,stratowulkan,holocen,andezyt / andezyt bazaltowy,strefa subdukcji / skorupa kontynentalna (>25 km),Wulkan,"Global Volcanism Program, 2013. Volcanoes of the World, v. 4.11.0. Venzke, E (ed.). Smithsonian Institution. Downloaded 20 Jun 2022. https://doi.org/10.5479/si.GVP.VOTW4-2013"
"404",Bazman,brak danych,Iran,stratowulkan,holocen,andezyt / andezyt bazaltowy,strefa subdukcji / skorupa kontynentalna (>25 km),Wulkan,"Global Volcanism Program, 2013. Volcanoes of the World, v. 4.11.0. Venzke, E (ed.). Smithsonian Institution. Downloaded 20 Jun 2022. https://doi.org/10.5479/si.GVP.VOTW4-2013"
"234",Maug Islands,brak danych,Stany Zjednoczone,stratowulkan,holocen,bazalt / pikryt,strefa subdukcji / grubość skorupy nieznana,Wulkan,"Global Volcanism Program, 2013. Volcanoes of the World, v. 4.11.0. Venzke, E (ed.). Smithsonian Institution. Downloaded 20 Jun 2022. https://doi.org/10.5479/si.GVP.VOTW4-2013"
"240",Zealandia Bank,brak danych,Stany Zjednoczone,stratowulkan,holocen,bazalt / pikryt,strefa subdukcji / grubość skorupy nieznana,Wulkan,"Global Volcanism Program, 2013. Volcanoes of the World, v. 4.11.0. Venzke, E (ed.). Smithsonian Institution. Downloaded 20 Jun 2022. https://doi.org/10.5479/si.GVP.VOTW4-2013"
"617",Sulu Range,brak danych,Papua - Nowa Gwinea,stratowulkan,holocen,andezyt / andezyt bazaltowy,strefa subdukcji / skorupa kontynentalna (>25 km),Wulkan,"Global Volcanism Program, 2013. Volcanoes of the World, v. 4.11.0. Venzke, E (ed.). Smithsonian Institution. Downloaded 20 Jun 2022. https://doi.org/10.5479/si.GVP.VOTW4-2013"
"656",Ilimuda,brak danych,Indonezja,stratowulkan,holocen,andezyt / andezyt bazaltowy,strefa subdukcji / grubość skorupy nieznana,Wulkan,"Global Volcanism Program, 2013. Volcanoes of the World, v. 4.11.0. Venzke, E (ed.). Smithsonian Institution. Downloaded 20 Jun 2022. https://doi.org/10.5479/si.GVP.VOTW4-2013"
"661",Ililabalekan,brak danych,Indonezja,stratowulkan,holocen,bazalt / pikryt,strefa subdukcji / grubość skorupy nieznana,Wulkan,"Global Volcanism Program, 2013. Volcanoes of the World, v. 4.11.0. Venzke, E (ed.). Smithsonian Institution. Downloaded 20 Jun 2022. https://doi.org/10.5479/si.GVP.VOTW4-2013"
"670",Manuk,brak danych,Indonezja,stratowulkan,holocen,andezyt / andezyt bazaltowy,strefa subdukcji / skorupa oceaniczna (< 15 km),Wulkan,"Global Volcanism Program, 2013. Volcanoes of the World, v. 4.11.0. Venzke, E (ed.). Smithsonian Institution. Downloaded 20 Jun 2022. https://doi.org/10.5479/si.GVP.VOTW4-2013"
"681",Klabat,brak danych,Indonezja,stratowulkan,holocen,andezyt / andezyt bazaltowy,strefa subdukcji / skorupa kontynentalna (>25 km),Wulkan,"Global Volcanism Program, 2013. Volcanoes of the World, v. 4.11.0. Venzke, E (ed.). Smithsonian Institution. Downloaded 20 Jun 2022. https://doi.org/10.5479/si.GVP.VOTW4-2013"
"703",Balut,brak danych,Filipiny,stratowulkan,holocen,andezyt / andezyt bazaltowy,strefa subdukcji / skorupa kontynentalna (>25 km),Wulkan,"Global Volcanism Program, 2013. Volcanoes of the World, v. 4.11.0. Venzke, E (ed.). Smithsonian Institution. Downloaded 20 Jun 2022. https://doi.org/10.5479/si.GVP.VOTW4-2013"
"706",Apo,brak danych,Filipiny,stratowulkan,holocen,andezyt / andezyt bazaltowy,strefa subdukcji / skorupa kontynentalna (>25 km),Wulkan,"Global Volcanism Program, 2013. Volcanoes of the World, v. 4.11.0. Venzke, E (ed.). Smithsonian Institution. Downloaded 20 Jun 2022. https://doi.org/10.5479/si.GVP.VOTW4-2013"
"718",Silay,brak danych,Filipiny,stratowulkan,holocen,andezyt / andezyt bazaltowy,strefa subdukcji / skorupa kontynentalna (>25 km),Wulkan,"Global Volcanism Program, 2013. Volcanoes of the World, v. 4.11.0. Venzke, E (ed.). Smithsonian Institution. Downloaded 20 Jun 2022. https://doi.org/10.5479/si.GVP.VOTW4-2013"
"720",Mahagnao,brak danych,Filipiny,stratowulkan,holocen,andezyt / andezyt bazaltowy,strefa subdukcji / skorupa kontynentalna (>25 km),Wulkan,"Global Volcanism Program, 2013. Volcanoes of the World, v. 4.11.0. Venzke, E (ed.). Smithsonian Institution. Downloaded 20 Jun 2022. https://doi.org/10.5479/si.GVP.VOTW4-2013"
"864","Daun, Bukit",brak danych,Indonezja,stratowulkan,holocen,bazalt / pikryt,strefa subdukcji / skorupa kontynentalna (>25 km),Wulkan,"Global Volcanism Program, 2013. Volcanoes of the World, v. 4.11.0. Venzke, E (ed.). Smithsonian Institution. Downloaded 20 Jun 2022. https://doi.org/10.5479/si.GVP.VOTW4-2013"
"867",Patah,brak danych,Indonezja,stratowulkan,holocen,"-",strefa subdukcji / skorupa kontynentalna (>25 km),Wulkan,"Global Volcanism Program, 2013. Volcanoes of the World, v. 4.11.0. Venzke, E (ed.). Smithsonian Institution. Downloaded 20 Jun 2022. https://doi.org/10.5479/si.GVP.VOTW4-2013"
"872",Rajabasa,brak danych,Indonezja,stratowulkan,holocen,andezyt / andezyt bazaltowy,strefa subdukcji / skorupa kontynentalna (>25 km),Wulkan,"Global Volcanism Program, 2013. Volcanoes of the World, v. 4.11.0. Venzke, E (ed.). Smithsonian Institution. Downloaded 20 Jun 2022. https://doi.org/10.5479/si.GVP.VOTW4-2013"
"886",Talagabodas,brak danych,Indonezja,stratowulkan,holocen,bazalt / pikryt,strefa subdukcji / skorupa kontynentalna (>25 km),Wulkan,"Global Volcanism Program, 2013. Volcanoes of the World, v. 4.11.0. Venzke, E (ed.). Smithsonian Institution. Downloaded 20 Jun 2022. https://doi.org/10.5479/si.GVP.VOTW4-2013"
"902",Kukak,brak danych,Stany Zjednoczone,stratowulkan,holocen,andezyt / andezyt bazaltowy,strefa subdukcji / skorupa kontynentalna (>25 km),Wulkan,"Global Volcanism Program, 2013. Volcanoes of the World, v. 4.11.0. Venzke, E (ed.). Smithsonian Institution. Downloaded 20 Jun 2022. https://doi.org/10.5479/si.GVP.VOTW4-2013"
"1051",Esjufjoll,brak danych,Islandia,stratowulkan,holocen,bazalt / pikryt,strefa ryftowa / skorupa oceaniczna (< 15 km),Wulkan,"Global Volcanism Program, 2013. Volcanoes of the World, v. 4.11.0. Venzke, E (ed.). Smithsonian Institution. Downloaded 20 Jun 2022. https://doi.org/10.5479/si.GVP.VOTW4-2013"
"1111",Leskov Island,brak danych,Wielka Brytania,stratowulkan,holocen,andezyt / andezyt bazaltowy,strefa subdukcji / skorupa oceaniczna (< 15 km),Wulkan,"Global Volcanism Program, 2013. Volcanoes of the World, v. 4.11.0. Venzke, E (ed.). Smithsonian Institution. Downloaded 20 Jun 2022. https://doi.org/10.5479/si.GVP.VOTW4-2013"
"1122",Mombacho,brak danych,Nikaragua,stratowulkan,holocen,andezyt / andezyt bazaltowy,strefa subdukcji / skorupa kontynentalna (>25 km),Wulkan,"Global Volcanism Program, 2013. Volcanoes of the World, v. 4.11.0. Venzke, E (ed.). Smithsonian Institution. Downloaded 20 Jun 2022. https://doi.org/10.5479/si.GVP.VOTW4-2013"
"1206",Tacora,brak danych,Chile - Peru,stratowulkan,holocen,andezyt / andezyt bazaltowy,strefa subdukcji / skorupa kontynentalna (>25 km),Wulkan,"Global Volcanism Program, 2013. Volcanoes of the World, v. 4.11.0. Venzke, E (ed.). Smithsonian Institution. Downloaded 20 Jun 2022. https://doi.org/10.5479/si.GVP.VOTW4-2013"
"689",Tobaru,brak danych,Indonezja,stratowulkan,nieznana data wybuchu,andezyt / andezyt bazaltowy,strefa subdukcji / skorupa oceaniczna (< 15 km),Wulkan,"Global Volcanism Program, 2013. Volcanoes of the World, v. 4.11.0. Venzke, E (ed.). Smithsonian Institution. Downloaded 20 Jun 2022. https://doi.org/10.5479/si.GVP.VOTW4-2013"
"1389",Llaima,"2009",Chile,stratowulkan,erupcja zaobserwowana,bazalt / pikryt,strefa subdukcji / skorupa kontynentalna (>25 km),Wulkan,"Global Volcanism Program, 2013. Volcanoes of the World, v. 4.11.0. Venzke, E (ed.). Smithsonian Institution. Downloaded 20 Jun 2022. https://doi.org/10.5479/si.GVP.VOTW4-2013"
"1282","Chichon, El","1982",Meksyk,kopuła lawowa,erupcja zaobserwowana,trachyandezyt / bazaltowy trachyandezyt,strefa subdukcji / skorupa kontynentalna (>25 km),Wulkan,"Global Volcanism Program, 2013. Volcanoes of the World, v. 4.11.0. Venzke, E (ed.). Smithsonian Institution. Downloaded 20 Jun 2022. https://doi.org/10.5479/si.GVP.VOTW4-2013"
"20",Methana,258 p.n.e.,Grecja,kopuła lawowa,erupcja zaobserwowana,andezyt / andezyt bazaltowy,strefa subdukcji / skorupa kontynentalna (>25 km),Wulkan,"Global Volcanism Program, 2013. Volcanoes of the World, v. 4.11.0. Venzke, E (ed.). Smithsonian Institution. Downloaded 20 Jun 2022. https://doi.org/10.5479/si.GVP.VOTW4-2013"
"795",Shisheika,2240 p.n.e.,Rosja,kopuła lawowa,erupcja datowana,andezyt / andezyt bazaltowy,strefa subdukcji / skorupa kontynentalna (>25 km),Wulkan,"Global Volcanism Program, 2013. Volcanoes of the World, v. 4.11.0. Venzke, E (ed.). Smithsonian Institution. Downloaded 20 Jun 2022. https://doi.org/10.5479/si.GVP.VOTW4-2013"
"134",Tatun Volcanic Group,"648",Tajwan,kopuła lawowa,erupcja datowana,andezyt / andezyt bazaltowy,strefa subdukcji / skorupa kontynentalna (>25 km),Wulkan,"Global Volcanism Program, 2013. Volcanoes of the World, v. 4.11.0. Venzke, E (ed.). Smithsonian Institution. Downloaded 20 Jun 2022. https://doi.org/10.5479/si.GVP.VOTW4-2013"
"167",Niigata-Yakeyama,"1998",Japonia,kopuła lawowa,erupcja zaobserwowana,andezyt / andezyt bazaltowy,strefa subdukcji / skorupa kontynentalna (>25 km),Wulkan,"Global Volcanism Program, 2013. Volcanoes of the World, v. 4.11.0. Venzke, E (ed.). Smithsonian Institution. Downloaded 20 Jun 2022. https://doi.org/10.5479/si.GVP.VOTW4-2013"
"177",Omanago Group,3050 p.n.e.,Japonia,kopuła lawowa,erupcja datowana,dacyt,strefa subdukcji / skorupa kontynentalna (>25 km),Wulkan,"Global Volcanism Program, 2013. Volcanoes of the World, v. 4.11.0. Venzke, E (ed.). Smithsonian Institution. Downloaded 20 Jun 2022. https://doi.org/10.5479/si.GVP.VOTW4-2013"
"903",Kaguyak,3850 p.n.e.,Stany Zjednoczone,kopuła lawowa,erupcja datowana,dacyt,strefa subdukcji / skorupa kontynentalna (>25 km),Wulkan,"Global Volcanism Program, 2013. Volcanoes of the World, v. 4.11.0. Venzke, E (ed.). Smithsonian Institution. Downloaded 20 Jun 2022. https://doi.org/10.5479/si.GVP.VOTW4-2013"
"906",Augustine,"2006",Stany Zjednoczone,kopuła lawowa,erupcja zaobserwowana,andezyt / andezyt bazaltowy,strefa subdukcji / skorupa kontynentalna (>25 km),Wulkan,"Global Volcanism Program, 2013. Volcanoes of the World, v. 4.11.0. Venzke, E (ed.). Smithsonian Institution. Downloaded 20 Jun 2022. https://doi.org/10.5479/si.GVP.VOTW4-2013"
"200",Niijima,"886",Japonia,kopuła lawowa,erupcja zaobserwowana,ryolit,strefa subdukcji / skorupa oceaniczna (< 15 km),Wulkan,"Global Volcanism Program, 2013. Volcanoes of the World, v. 4.11.0. Venzke, E (ed.). Smithsonian Institution. Downloaded 20 Jun 2022. https://doi.org/10.5479/si.GVP.VOTW4-2013"
"201",Kozushima,"838",Japonia,kopuła lawowa,erupcja zaobserwowana,ryolit,strefa subdukcji / skorupa oceaniczna (< 15 km),Wulkan,"Global Volcanism Program, 2013. Volcanoes of the World, v. 4.11.0. Venzke, E (ed.). Smithsonian Institution. Downloaded 20 Jun 2022. https://doi.org/10.5479/si.GVP.VOTW4-2013"
"152",Yufu-Tsurumi,"867",Japonia,kopuła lawowa,erupcja zaobserwowana,andezyt / andezyt bazaltowy,strefa subdukcji / skorupa kontynentalna (>25 km),Wulkan,"Global Volcanism Program, 2013. Volcanoes of the World, v. 4.11.0. Venzke, E (ed.). Smithsonian Institution. Downloaded 20 Jun 2022. https://doi.org/10.5479/si.GVP.VOTW4-2013"
"211",Diky Greben,"350",Rosja,kopuła lawowa,erupcja datowana,dacyt,strefa subdukcji / skorupa kontynentalna (>25 km),Wulkan,"Global Volcanism Program, 2013. Volcanoes of the World, v. 4.11.0. Venzke, E (ed.). Smithsonian Institution. Downloaded 20 Jun 2022. https://doi.org/10.5479/si.GVP.VOTW4-2013"
"969",Mono-Inyo Craters,"1380",Stany Zjednoczone,kopuła lawowa,erupcja datowana,ryolit,strefa ryftowa / skorupa kontynentalna (>25 km),Wulkan,"Global Volcanism Program, 2013. Volcanoes of the World, v. 4.11.0. Venzke, E (ed.). Smithsonian Institution. Downloaded 20 Jun 2022. https://doi.org/10.5479/si.GVP.VOTW4-2013"
"970",Mammoth Mountain,"1260",Stany Zjednoczone,kopuła lawowa,erupcja datowana,trachit,strefa ryftowa / skorupa kontynentalna (>25 km),Wulkan,"Global Volcanism Program, 2013. Volcanoes of the World, v. 4.11.0. Venzke, E (ed.). Smithsonian Institution. Downloaded 20 Jun 2022. https://doi.org/10.5479/si.GVP.VOTW4-2013"
"974",Salton Buttes,"210",Stany Zjednoczone,kopuła lawowa,erupcja datowana,ryolit,strefa ryftowa / skorupa kontynentalna (>25 km),Wulkan,"Global Volcanism Program, 2013. Volcanoes of the World, v. 4.11.0. Venzke, E (ed.). Smithsonian Institution. Downloaded 20 Jun 2022. https://doi.org/10.5479/si.GVP.VOTW4-2013"
"252",Esan,"1874",Japonia,kopuła lawowa,erupcja zaobserwowana,andezyt / andezyt bazaltowy,strefa subdukcji / skorupa kontynentalna (>25 km),Wulkan,"Global Volcanism Program, 2013. Volcanoes of the World, v. 4.11.0. Venzke, E (ed.). Smithsonian Institution. Downloaded 20 Jun 2022. https://doi.org/10.5479/si.GVP.VOTW4-2013"
"1202",Ticsani,"1800",Peru,kopuła lawowa,erupcja datowana,dacyt,strefa subdukcji / skorupa kontynentalna (>25 km),Wulkan,"Global Volcanism Program, 2013. Volcanoes of the World, v. 4.11.0. Venzke, E (ed.). Smithsonian Institution. Downloaded 20 Jun 2022. https://doi.org/10.5479/si.GVP.VOTW4-2013"
"541",Okataina,"1981",Nowa Zelandia,kopuła lawowa,erupcja zaobserwowana,ryolit,strefa subdukcji / skorupa kontynentalna (>25 km),Wulkan,"Global Volcanism Program, 2013. Volcanoes of the World, v. 4.11.0. Venzke, E (ed.). Smithsonian Institution. Downloaded 20 Jun 2022. https://doi.org/10.5479/si.GVP.VOTW4-2013"
"1190",Quimsachata,4450 p.n.e.,Peru,kopuła lawowa,erupcja datowana,ryolit,strefa subdukcji / skorupa kontynentalna (>25 km),Wulkan,"Global Volcanism Program, 2013. Volcanoes of the World, v. 4.11.0. Venzke, E (ed.). Smithsonian Institution. Downloaded 20 Jun 2022. https://doi.org/10.5479/si.GVP.VOTW4-2013"
"2",Chaine des Puys,4040 p.n.e.,Francja,kopuła lawowa,erupcja datowana,bazalt / pikryt,strefa ryftowa / skorupa kontynentalna (>25 km),Wulkan,"Global Volcanism Program, 2013. Volcanoes of the World, v. 4.11.0. Venzke, E (ed.). Smithsonian Institution. Downloaded 20 Jun 2022. https://doi.org/10.5479/si.GVP.VOTW4-2013"
"1430",Fueguino,"1820",Chile,kopuła lawowa,erupcja zaobserwowana,andezyt / andezyt bazaltowy,strefa subdukcji / skorupa kontynentalna (>25 km),Wulkan,"Global Volcanism Program, 2013. Volcanoes of the World, v. 4.11.0. Venzke, E (ed.). Smithsonian Institution. Downloaded 20 Jun 2022. https://doi.org/10.5479/si.GVP.VOTW4-2013"
"593",Nabukelevu,"1660",Fidżi,kopuła lawowa,erupcja datowana,andezyt / andezyt bazaltowy,strefa subdukcji / grubość skorupy nieznana,Wulkan,"Global Volcanism Program, 2013. Volcanoes of the World, v. 4.11.0. Venzke, E (ed.). Smithsonian Institution. Downloaded 20 Jun 2022. https://doi.org/10.5479/si.GVP.VOTW4-2013"
"647",Ranakah,"1991",Indonezja,kopuła lawowa,erupcja zaobserwowana,andezyt / andezyt bazaltowy,strefa subdukcji / skorupa kontynentalna (>25 km),Wulkan,"Global Volcanism Program, 2013. Volcanoes of the World, v. 4.11.0. Venzke, E (ed.). Smithsonian Institution. Downloaded 20 Jun 2022. https://doi.org/10.5479/si.GVP.VOTW4-2013"
"712",Musuan,"1886",Filipiny,kopuła lawowa,erupcja zaobserwowana,andezyt / andezyt bazaltowy,strefa subdukcji / skorupa kontynentalna (>25 km),Wulkan,"Global Volcanism Program, 2013. Volcanoes of the World, v. 4.11.0. Venzke, E (ed.). Smithsonian Institution. Downloaded 20 Jun 2022. https://doi.org/10.5479/si.GVP.VOTW4-2013"
"1410",Huequi,"1920",Chile,kopuła lawowa,erupcja zaobserwowana,andezyt / andezyt bazaltowy,strefa subdukcji / skorupa kontynentalna (>25 km),Wulkan,"Global Volcanism Program, 2013. Volcanoes of the World, v. 4.11.0. Venzke, E (ed.). Smithsonian Institution. Downloaded 20 Jun 2022. https://doi.org/10.5479/si.GVP.VOTW4-2013"
"733",Barkhatnaya Sopka,3550 p.n.e.,Rosja,kopuła lawowa,erupcja datowana,bazalt / pikryt,strefa subdukcji / skorupa kontynentalna (>25 km),Wulkan,"Global Volcanism Program, 2013. Volcanoes of the World, v. 4.11.0. Venzke, E (ed.). Smithsonian Institution. Downloaded 20 Jun 2022. https://doi.org/10.5479/si.GVP.VOTW4-2013"
"28",Gollu Dag,brak danych,Turcja,kopuła lawowa,brak dowodów na wybuch,ryolit,strefa subdukcji / skorupa kontynentalna (>25 km),Wulkan,"Global Volcanism Program, 2013. Volcanoes of the World, v. 4.11.0. Venzke, E (ed.). Smithsonian Institution. Downloaded 20 Jun 2022. https://doi.org/10.5479/si.GVP.VOTW4-2013"
"1150",Petacas,brak danych,Kolumbia,kopuła lawowa,brak dowodów na wybuch,"-",strefa subdukcji / skorupa kontynentalna (>25 km),Wulkan,"Global Volcanism Program, 2013. Volcanoes of the World, v. 4.11.0. Venzke, E (ed.). Smithsonian Institution. Downloaded 20 Jun 2022. https://doi.org/10.5479/si.GVP.VOTW4-2013"
"1214",Jatun Mundo Quri Warani,brak danych,Boliwia,kopuła lawowa,brak dowodów na wybuch,dacyt,strefa subdukcji / skorupa kontynentalna (>25 km),Wulkan,"Global Volcanism Program, 2013. Volcanoes of the World, v. 4.11.0. Venzke, E (ed.). Smithsonian Institution. Downloaded 20 Jun 2022. https://doi.org/10.5479/si.GVP.VOTW4-2013"
"1245","Prieto, Cerro",brak danych,Meksyk,kopuła lawowa,brak dowodów na wybuch,dacyt,strefa ryftowa / skorupa kontynentalna (>25 km),Wulkan,"Global Volcanism Program, 2013. Volcanoes of the World, v. 4.11.0. Venzke, E (ed.). Smithsonian Institution. Downloaded 20 Jun 2022. https://doi.org/10.5479/si.GVP.VOTW4-2013"
"1381",Trolon,brak danych,Argentyna,kopuła lawowa,brak dowodów na wybuch,dacyt,strefa subdukcji / skorupa kontynentalna (>25 km),Wulkan,"Global Volcanism Program, 2013. Volcanoes of the World, v. 4.11.0. Venzke, E (ed.). Smithsonian Institution. Downloaded 20 Jun 2022. https://doi.org/10.5479/si.GVP.VOTW4-2013"
"514",Unnamed,brak danych,Stany Zjednoczone,kopuła lawowa,nieznana data wybuchu,"-",strefa subdukcji / skorupa kontynentalna (>25 km),Wulkan,"Global Volcanism Program, 2013. Volcanoes of the World, v. 4.11.0. Venzke, E (ed.). Smithsonian Institution. Downloaded 20 Jun 2022. https://doi.org/10.5479/si.GVP.VOTW4-2013"
"24",Yali,brak danych,Grecja,kopuła lawowa,nieznana data wybuchu,ryolit,strefa subdukcji / skorupa kontynentalna (>25 km),Wulkan,"Global Volcanism Program, 2013. Volcanoes of the World, v. 4.11.0. Venzke, E (ed.). Smithsonian Institution. Downloaded 20 Jun 2022. https://doi.org/10.5479/si.GVP.VOTW4-2013"
"734",Bolshe-Bannaya,brak danych,Rosja,kopuła lawowa,nieznana data wybuchu,bazalt / pikryt,strefa subdukcji / skorupa kontynentalna (>25 km),Wulkan,"Global Volcanism Program, 2013. Volcanoes of the World, v. 4.11.0. Venzke, E (ed.). Smithsonian Institution. Downloaded 20 Jun 2022. https://doi.org/10.5479/si.GVP.VOTW4-2013"
"808",Iamalele,brak danych,Papua - Nowa Gwinea,kopuła lawowa,nieznana data wybuchu,andezyt / andezyt bazaltowy,strefa subdukcji / skorupa kontynentalna (>25 km),Wulkan,"Global Volcanism Program, 2013. Volcanoes of the World, v. 4.11.0. Venzke, E (ed.). Smithsonian Institution. Downloaded 20 Jun 2022. https://doi.org/10.5479/si.GVP.VOTW4-2013"
"1007","Diables, Morne aux",brak danych,Dominika,kopuła lawowa,nieznana data wybuchu,andezyt / andezyt bazaltowy,strefa subdukcji / skorupa oceaniczna (< 15 km),Wulkan,"Global Volcanism Program, 2013. Volcanoes of the World, v. 4.11.0. Venzke, E (ed.). Smithsonian Institution. Downloaded 20 Jun 2022. https://doi.org/10.5479/si.GVP.VOTW4-2013"
"1223",Guayaques,brak danych,Chile - Boliwia,kopuła lawowa,nieznana data wybuchu,dacyt,strefa subdukcji / skorupa kontynentalna (>25 km),Wulkan,"Global Volcanism Program, 2013. Volcanoes of the World, v. 4.11.0. Venzke, E (ed.). Smithsonian Institution. Downloaded 20 Jun 2022. https://doi.org/10.5479/si.GVP.VOTW4-2013"
"1269",Papayo,brak danych,Meksyk,kopuła lawowa,nieznana data wybuchu,dacyt,strefa subdukcji / skorupa kontynentalna (>25 km),Wulkan,"Global Volcanism Program, 2013. Volcanoes of the World, v. 4.11.0. Venzke, E (ed.). Smithsonian Institution. Downloaded 20 Jun 2022. https://doi.org/10.5479/si.GVP.VOTW4-2013"
"1302",Ixtepeque,brak danych,Gwatemala,kopuła lawowa,nieznana data wybuchu,ryolit,strefa subdukcji / skorupa kontynentalna (>25 km),Wulkan,"Global Volcanism Program, 2013. Volcanoes of the World, v. 4.11.0. Venzke, E (ed.). Smithsonian Institution. Downloaded 20 Jun 2022. https://doi.org/10.5479/si.GVP.VOTW4-2013"
"915",Buzzard Creek,1050 p.n.e.,Stany Zjednoczone,stożkowy,erupcja datowana,bazalt / pikryt,strefa subdukcji / skorupa kontynentalna (>25 km),Wulkan,"Global Volcanism Program, 2013. Volcanoes of the World, v. 4.11.0. Venzke, E (ed.). Smithsonian Institution. Downloaded 20 Jun 2022. https://doi.org/10.5479/si.GVP.VOTW4-2013"
"309",Karpinsky Group,"1952",Rosja,stożkowy,erupcja zaobserwowana,andezyt / andezyt bazaltowy,strefa subdukcji / skorupa kontynentalna (>25 km),Wulkan,"Global Volcanism Program, 2013. Volcanoes of the World, v. 4.11.0. Venzke, E (ed.). Smithsonian Institution. Downloaded 20 Jun 2022. https://doi.org/10.5479/si.GVP.VOTW4-2013"
"5",Larderello,"1282",Włochy,stożkowy,erupcja zaobserwowana,"-",strefa subdukcji / skorupa kontynentalna (>25 km),Wulkan,"Global Volcanism Program, 2013. Volcanoes of the World, v. 4.11.0. Venzke, E (ed.). Smithsonian Institution. Downloaded 20 Jun 2022. https://doi.org/10.5479/si.GVP.VOTW4-2013"
"348",Igwisi Hills,10450 p.n.e.,Tanzania,stożkowy,erupcja datowana,foidyt,strefa ryftowa / skorupa kontynentalna (>25 km),Wulkan,"Global Volcanism Program, 2013. Volcanoes of the World, v. 4.11.0. Venzke, E (ed.). Smithsonian Institution. Downloaded 20 Jun 2022. https://doi.org/10.5479/si.GVP.VOTW4-2013"
"95",Tullu Moje,"1900",Etiopia,stożkowy,erupcja zaobserwowana,ryolit,strefa ryftowa / skorupa kontynentalna (>25 km),Wulkan,"Global Volcanism Program, 2013. Volcanoes of the World, v. 4.11.0. Venzke, E (ed.). Smithsonian Institution. Downloaded 20 Jun 2022. https://doi.org/10.5479/si.GVP.VOTW4-2013"
"4",Calatrava Volcanic Field,3600 p.n.e.,Hiszpania,stożkowy,erupcja datowana,bazalt / pikryt,strefa subdukcji / skorupa kontynentalna (>25 km),Wulkan,"Global Volcanism Program, 2013. Volcanoes of the World, v. 4.11.0. Venzke, E (ed.). Smithsonian Institution. Downloaded 20 Jun 2022. https://doi.org/10.5479/si.GVP.VOTW4-2013"
"1276",Naolinco Volcanic Field,1200 p.n.e.,Meksyk,stożkowy,erupcja datowana,bazalt / pikryt,strefa subdukcji / skorupa kontynentalna (>25 km),Wulkan,"Global Volcanism Program, 2013. Volcanoes of the World, v. 4.11.0. Venzke, E (ed.). Smithsonian Institution. Downloaded 20 Jun 2022. https://doi.org/10.5479/si.GVP.VOTW4-2013"
"42",Tskhouk-Karckar,3000 p.n.e.,Armenia-Azerbejdżan,stożkowy,erupcja datowana,andezyt / andezyt bazaltowy,strefa subdukcji / skorupa kontynentalna (>25 km),Wulkan,"Global Volcanism Program, 2013. Volcanoes of the World, v. 4.11.0. Venzke, E (ed.). Smithsonian Institution. Downloaded 20 Jun 2022. https://doi.org/10.5479/si.GVP.VOTW4-2013"
"342",Olkaria,"1770",Kenia,stożkowy,erupcja datowana,ryolit,strefa ryftowa / skorupa kontynentalna (>25 km),Wulkan,"Global Volcanism Program, 2013. Volcanoes of the World, v. 4.11.0. Venzke, E (ed.). Smithsonian Institution. Downloaded 20 Jun 2022. https://doi.org/10.5479/si.GVP.VOTW4-2013"
"381",Meidob Volcanic Field,2950 p.n.e.,Sudan,stożkowy,erupcja datowana,tefryt / trachybazalt,strefa subdukcji / skorupa kontynentalna (>25 km),Wulkan,"Global Volcanism Program, 2013. Volcanoes of the World, v. 4.11.0. Venzke, E (ed.). Smithsonian Institution. Downloaded 20 Jun 2022. https://doi.org/10.5479/si.GVP.VOTW4-2013"
"382",Bayuda Volcanic Field,"850",Sudan,stożkowy,erupcja datowana,tefryt / trachybazalt,strefa subdukcji / skorupa kontynentalna (>25 km),Wulkan,"Global Volcanism Program, 2013. Volcanoes of the World, v. 4.11.0. Venzke, E (ed.). Smithsonian Institution. Downloaded 20 Jun 2022. https://doi.org/10.5479/si.GVP.VOTW4-2013"
"121",Hainan Volcanic Field,"1933",Chiny,stożkowy,erupcja zaobserwowana,bazalt / pikryt,strefa subdukcji / skorupa kontynentalna (>25 km),Wulkan,"Global Volcanism Program, 2013. Volcanoes of the World, v. 4.11.0. Venzke, E (ed.). Smithsonian Institution. Downloaded 20 Jun 2022. https://doi.org/10.5479/si.GVP.VOTW4-2013"
"678",Tolmachev Dol,"300",Rosja,stożkowy,erupcja datowana,bazalt / pikryt,strefa subdukcji / skorupa kontynentalna (>25 km),Wulkan,"Global Volcanism Program, 2013. Volcanoes of the World, v. 4.11.0. Venzke, E (ed.). Smithsonian Institution. Downloaded 20 Jun 2022. https://doi.org/10.5479/si.GVP.VOTW4-2013"
"771",Cherpuk Group,4550 p.n.e.,Rosja,stożkowy,erupcja datowana,andezyt / andezyt bazaltowy,strefa subdukcji / skorupa kontynentalna (>25 km),Wulkan,"Global Volcanism Program, 2013. Volcanoes of the World, v. 4.11.0. Venzke, E (ed.). Smithsonian Institution. Downloaded 20 Jun 2022. https://doi.org/10.5479/si.GVP.VOTW4-2013"
"130",Tengchong,5750 p.n.e.,Chiny,stożkowy,erupcja datowana,bazalt / pikryt,strefa subdukcji / skorupa kontynentalna (>25 km),Wulkan,"Global Volcanism Program, 2013. Volcanoes of the World, v. 4.11.0. Venzke, E (ed.). Smithsonian Institution. Downloaded 20 Jun 2022. https://doi.org/10.5479/si.GVP.VOTW4-2013"
"156",Izu-Tobu,"1989",Japonia,stożkowy,erupcja zaobserwowana,bazalt / pikryt,strefa subdukcji / skorupa kontynentalna (>25 km),Wulkan,"Global Volcanism Program, 2013. Volcanoes of the World, v. 4.11.0. Venzke, E (ed.). Smithsonian Institution. Downloaded 20 Jun 2022. https://doi.org/10.5479/si.GVP.VOTW4-2013"
"931",Iskut-Unuk River Cones,"1800",Kanada,stożkowy,erupcja datowana,bazalt / pikryt,strefa subdukcji / skorupa kontynentalna (>25 km),Wulkan,"Global Volcanism Program, 2013. Volcanoes of the World, v. 4.11.0. Venzke, E (ed.). Smithsonian Institution. Downloaded 20 Jun 2022. https://doi.org/10.5479/si.GVP.VOTW4-2013"
"932",Tseax River Cone,"1690",Kanada,stożkowy,erupcja datowana,bazalt / pikryt,strefa subdukcji / skorupa kontynentalna (>25 km),Wulkan,"Global Volcanism Program, 2013. Volcanoes of the World, v. 4.11.0. Venzke, E (ed.). Smithsonian Institution. Downloaded 20 Jun 2022. https://doi.org/10.5479/si.GVP.VOTW4-2013"
"935",Nazko,5220 p.n.e.,Kanada,stożkowy,erupcja datowana,tefryt / trachybazalt,strefa subdukcji / skorupa kontynentalna (>25 km),Wulkan,"Global Volcanism Program, 2013. Volcanoes of the World, v. 4.11.0. Venzke, E (ed.). Smithsonian Institution. Downloaded 20 Jun 2022. https://doi.org/10.5479/si.GVP.VOTW4-2013"
"936",Wells Gray-Clearwater,"1550",Kanada,stożkowy,erupcja datowana,bazalt / pikryt,strefa subdukcji / skorupa kontynentalna (>25 km),Wulkan,"Global Volcanism Program, 2013. Volcanoes of the World, v. 4.11.0. Venzke, E (ed.). Smithsonian Institution. Downloaded 20 Jun 2022. https://doi.org/10.5479/si.GVP.VOTW4-2013"
"953",Sand Mountain Field,950 p.n.e.,Stany Zjednoczone,stożkowy,erupcja datowana,bazalt / pikryt,strefa subdukcji / skorupa kontynentalna (>25 km),Wulkan,"Global Volcanism Program, 2013. Volcanoes of the World, v. 4.11.0. Venzke, E (ed.). Smithsonian Institution. Downloaded 20 Jun 2022. https://doi.org/10.5479/si.GVP.VOTW4-2013"
"968",Mono Lake Volcanic Field,"1790",Stany Zjednoczone,stożkowy,erupcja datowana,dacyt,strefa ryftowa / skorupa kontynentalna (>25 km),Wulkan,"Global Volcanism Program, 2013. Volcanoes of the World, v. 4.11.0. Venzke, E (ed.). Smithsonian Institution. Downloaded 20 Jun 2022. https://doi.org/10.5479/si.GVP.VOTW4-2013"
"976",Craters of the Moon,130 p.n.e.,Stany Zjednoczone,stożkowy,erupcja datowana,bazalt / pikryt,strefa ryftowa / skorupa kontynentalna (>25 km),Wulkan,"Global Volcanism Program, 2013. Volcanoes of the World, v. 4.11.0. Venzke, E (ed.). Smithsonian Institution. Downloaded 20 Jun 2022. https://doi.org/10.5479/si.GVP.VOTW4-2013"
"988",San Francisco Volcanic Field,"1075",Stany Zjednoczone,stożkowy,erupcja datowana,bazalt / pikryt,strefa ryftowa / skorupa kontynentalna (>25 km),Wulkan,"Global Volcanism Program, 2013. Volcanoes of the World, v. 4.11.0. Venzke, E (ed.). Smithsonian Institution. Downloaded 20 Jun 2022. https://doi.org/10.5479/si.GVP.VOTW4-2013"
"1032","Negro, Cerro","1999",Nikaragua,stożkowy,erupcja zaobserwowana,bazalt / pikryt,strefa subdukcji / skorupa kontynentalna (>25 km),Wulkan,"Global Volcanism Program, 2013. Volcanoes of the World, v. 4.11.0. Venzke, E (ed.). Smithsonian Institution. Downloaded 20 Jun 2022. https://doi.org/10.5479/si.GVP.VOTW4-2013"
"1064",Picos Volcanic System,"1652",Portugalia,stożkowy,erupcja zaobserwowana,tefryt / trachybazalt,strefa ryftowa / skorupa oceaniczna (< 15 km),Wulkan,"Global Volcanism Program, 2013. Volcanoes of the World, v. 4.11.0. Venzke, E (ed.). Smithsonian Institution. Downloaded 20 Jun 2022. https://doi.org/10.5479/si.GVP.VOTW4-2013"
"413",Itasy Volcanic Field,6050 p.n.e.,Madagaskar,stożkowy,erupcja datowana,trachit,strefa subdukcji / skorupa kontynentalna (>25 km),Wulkan,"Global Volcanism Program, 2013. Volcanoes of the World, v. 4.11.0. Venzke, E (ed.). Smithsonian Institution. Downloaded 20 Jun 2022. https://doi.org/10.5479/si.GVP.VOTW4-2013"
"434",Udokan Plateau,220 p.n.e.,Rosja,stożkowy,erupcja datowana,tefryt / trachybazalt,strefa ryftowa / skorupa kontynentalna (>25 km),Wulkan,"Global Volcanism Program, 2013. Volcanoes of the World, v. 4.11.0. Venzke, E (ed.). Smithsonian Institution. Downloaded 20 Jun 2022. https://doi.org/10.5479/si.GVP.VOTW4-2013"
"444",Kunlun Volcanic Group,"1951",Chiny,stożkowy,erupcja zaobserwowana,trachit,strefa subdukcji / skorupa kontynentalna (>25 km),Wulkan,"Global Volcanism Program, 2013. Volcanoes of the World, v. 4.11.0. Venzke, E (ed.). Smithsonian Institution. Downloaded 20 Jun 2022. https://doi.org/10.5479/si.GVP.VOTW4-2013"
"448",Arxan-Chaihe,"0",Chiny,stożkowy,erupcja datowana,bazalt / pikryt,strefa subdukcji / skorupa kontynentalna (>25 km),Wulkan,"Global Volcanism Program, 2013. Volcanoes of the World, v. 4.11.0. Venzke, E (ed.). Smithsonian Institution. Downloaded 20 Jun 2022. https://doi.org/10.5479/si.GVP.VOTW4-2013"
"452",Longgang Group,"350",Chiny,stożkowy,erupcja datowana,bazalt / pikryt,strefa subdukcji / skorupa kontynentalna (>25 km),Wulkan,"Global Volcanism Program, 2013. Volcanoes of the World, v. 4.11.0. Venzke, E (ed.). Smithsonian Institution. Downloaded 20 Jun 2022. https://doi.org/10.5479/si.GVP.VOTW4-2013"
"1194",Andahua-Orcopampa,"1490",Peru,stożkowy,erupcja datowana,trachyandezyt / bazaltowy trachyandezyt,strefa subdukcji / skorupa kontynentalna (>25 km),Wulkan,"Global Volcanism Program, 2013. Volcanoes of the World, v. 4.11.0. Venzke, E (ed.). Smithsonian Institution. Downloaded 20 Jun 2022. https://doi.org/10.5479/si.GVP.VOTW4-2013"
"1256",Barcena,"1953",Meksyk,stożkowy,erupcja zaobserwowana,trachit,strefa ryftowa / skorupa oceaniczna (< 15 km),Wulkan,"Global Volcanism Program, 2013. Volcanoes of the World, v. 4.11.0. Venzke, E (ed.). Smithsonian Institution. Downloaded 20 Jun 2022. https://doi.org/10.5479/si.GVP.VOTW4-2013"
"1264",Michoacan-Guanajuato,"1952",Meksyk,stożkowy,erupcja zaobserwowana,andezyt / andezyt bazaltowy,strefa subdukcji / skorupa kontynentalna (>25 km),Wulkan,"Global Volcanism Program, 2013. Volcanoes of the World, v. 4.11.0. Venzke, E (ed.). Smithsonian Institution. Downloaded 20 Jun 2022. https://doi.org/10.5479/si.GVP.VOTW4-2013"
"1426",Reclus,"1908",Chile,stożkowy,erupcja zaobserwowana,dacyt,strefa subdukcji / skorupa kontynentalna (>25 km),Wulkan,"Global Volcanism Program, 2013. Volcanoes of the World, v. 4.11.0. Venzke, E (ed.). Smithsonian Institution. Downloaded 20 Jun 2022. https://doi.org/10.5479/si.GVP.VOTW4-2013"
"1429",Pali-Aike Volcanic Field,5550 p.n.e.,Chile - Argentyna,stożkowy,erupcja datowana,bazalt / pikryt,strefa subdukcji / skorupa kontynentalna (>25 km),Wulkan,"Global Volcanism Program, 2013. Volcanoes of the World, v. 4.11.0. Venzke, E (ed.). Smithsonian Institution. Downloaded 20 Jun 2022. https://doi.org/10.5479/si.GVP.VOTW4-2013"
"1391",Caburgua-Huelemolle,5050 p.n.e.,Chile,stożkowy,erupcja datowana,bazalt / pikryt,strefa subdukcji / skorupa kontynentalna (>25 km),Wulkan,"Global Volcanism Program, 2013. Volcanoes of the World, v. 4.11.0. Venzke, E (ed.). Smithsonian Institution. Downloaded 20 Jun 2022. https://doi.org/10.5479/si.GVP.VOTW4-2013"
"1397",Carrán-Los Venados,"1979",Chile,stożkowy,erupcja zaobserwowana,bazalt / pikryt,strefa subdukcji / skorupa kontynentalna (>25 km),Wulkan,"Global Volcanism Program, 2013. Volcanoes of the World, v. 4.11.0. Venzke, E (ed.). Smithsonian Institution. Downloaded 20 Jun 2022. https://doi.org/10.5479/si.GVP.VOTW4-2013"
"1404",Cayutue-La Vigueria,190 p.n.e.,Chile,stożkowy,erupcja datowana,bazalt / pikryt,strefa subdukcji / skorupa kontynentalna (>25 km),Wulkan,"Global Volcanism Program, 2013. Volcanoes of the World, v. 4.11.0. Venzke, E (ed.). Smithsonian Institution. Downloaded 20 Jun 2022. https://doi.org/10.5479/si.GVP.VOTW4-2013"
"1408",Apagado,590 p.n.e.,Chile,stożkowy,erupcja datowana,bazalt / pikryt,strefa subdukcji / skorupa kontynentalna (>25 km),Wulkan,"Global Volcanism Program, 2013. Volcanoes of the World, v. 4.11.0. Venzke, E (ed.). Smithsonian Institution. Downloaded 20 Jun 2022. https://doi.org/10.5479/si.GVP.VOTW4-2013"
"740",Waiowa,"1944",Papua - Nowa Gwinea,stożkowy,erupcja zaobserwowana,trachyandezyt / bazaltowy trachyandezyt,strefa subdukcji / skorupa kontynentalna (>25 km),Wulkan,"Global Volcanism Program, 2013. Volcanoes of the World, v. 4.11.0. Venzke, E (ed.). Smithsonian Institution. Downloaded 20 Jun 2022. https://doi.org/10.5479/si.GVP.VOTW4-2013"
"743",Veer,"390",Rosja,stożkowy,erupcja datowana,bazalt / pikryt,strefa subdukcji / skorupa kontynentalna (>25 km),Wulkan,"Global Volcanism Program, 2013. Volcanoes of the World, v. 4.11.0. Venzke, E (ed.). Smithsonian Institution. Downloaded 20 Jun 2022. https://doi.org/10.5479/si.GVP.VOTW4-2013"
"744",Kostakan,"1350",Rosja,stożkowy,erupcja datowana,bazalt / pikryt,strefa subdukcji / skorupa kontynentalna (>25 km),Wulkan,"Global Volcanism Program, 2013. Volcanoes of the World, v. 4.11.0. Venzke, E (ed.). Smithsonian Institution. Downloaded 20 Jun 2022. https://doi.org/10.5479/si.GVP.VOTW4-2013"
"1250",Coronado,brak danych,Meksyk,stratowulkan,holocen,"-",strefa ryftowa / skorupa kontynentalna (>25 km),Wulkan,"Global Volcanism Program, 2013. Volcanoes of the World, v. 4.11.0. Venzke, E (ed.). Smithsonian Institution. Downloaded 20 Jun 2022. https://doi.org/10.5479/si.GVP.VOTW4-2013"
"746",Zavaritsky,800 p.n.e.,Rosja,stożkowy,erupcja datowana,bazalt / pikryt,strefa subdukcji / skorupa kontynentalna (>25 km),Wulkan,"Global Volcanism Program, 2013. Volcanoes of the World, v. 4.11.0. Venzke, E (ed.). Smithsonian Institution. Downloaded 20 Jun 2022. https://doi.org/10.5479/si.GVP.VOTW4-2013"
"435",Vitim Plateau,brak danych,Rosja,stożkowy,nieznana data wybuchu,bazalt / pikryt,"-",Wulkan,"Global Volcanism Program, 2013. Volcanoes of the World, v. 4.11.0. Venzke, E (ed.). Smithsonian Institution. Downloaded 20 Jun 2022. https://doi.org/10.5479/si.GVP.VOTW4-2013"
"441",Bus-Obo,brak danych,Mongolia,stożkowy,brak dowodów na wybuch,bazalt / pikryt,strefa subdukcji / skorupa kontynentalna (>25 km),Wulkan,"Global Volcanism Program, 2013. Volcanoes of the World, v. 4.11.0. Venzke, E (ed.). Smithsonian Institution. Downloaded 20 Jun 2022. https://doi.org/10.5479/si.GVP.VOTW4-2013"
"443",Middle Gobi,brak danych,Mongolia,stożkowy,brak dowodów na wybuch,bazalt / pikryt,strefa subdukcji / skorupa kontynentalna (>25 km),Wulkan,"Global Volcanism Program, 2013. Volcanoes of the World, v. 4.11.0. Venzke, E (ed.). Smithsonian Institution. Downloaded 20 Jun 2022. https://doi.org/10.5479/si.GVP.VOTW4-2013"
"447",Honggeertu,brak danych,Chiny,stożkowy,brak dowodów na wybuch,bazalt / pikryt,strefa subdukcji / skorupa kontynentalna (>25 km),Wulkan,"Global Volcanism Program, 2013. Volcanoes of the World, v. 4.11.0. Venzke, E (ed.). Smithsonian Institution. Downloaded 20 Jun 2022. https://doi.org/10.5479/si.GVP.VOTW4-2013"
"503",Stepovak Bay 3,brak danych,Stany Zjednoczone,stożkowy,brak dowodów na wybuch,andezyt / andezyt bazaltowy,strefa subdukcji / skorupa kontynentalna (>25 km),Wulkan,"Global Volcanism Program, 2013. Volcanoes of the World, v. 4.11.0. Venzke, E (ed.). Smithsonian Institution. Downloaded 20 Jun 2022. https://doi.org/10.5479/si.GVP.VOTW4-2013"
"123",Toroeng Prong,brak danych,Wietnam,stożkowy,brak dowodów na wybuch,bazalt / pikryt,strefa subdukcji / skorupa kontynentalna (>25 km),Wulkan,"Global Volcanism Program, 2013. Volcanoes of the World, v. 4.11.0. Venzke, E (ed.). Smithsonian Institution. Downloaded 20 Jun 2022. https://doi.org/10.5479/si.GVP.VOTW4-2013"
"282",Rucharuyama [Golets-Tornyi Group],brak danych,Japonia,stożkowy,brak dowodów na wybuch,andezyt / andezyt bazaltowy,strefa subdukcji / skorupa oceaniczna (< 15 km),Wulkan,"Global Volcanism Program, 2013. Volcanoes of the World, v. 4.11.0. Venzke, E (ed.). Smithsonian Institution. Downloaded 20 Jun 2022. https://doi.org/10.5479/si.GVP.VOTW4-2013"
"362",Bufumbira,brak danych,Uganda,stożkowy,brak dowodów na wybuch,fonolitowy tefryt,strefa ryftowa / skorupa kontynentalna (>25 km),Wulkan,"Global Volcanism Program, 2013. Volcanoes of the World, v. 4.11.0. Venzke, E (ed.). Smithsonian Institution. Downloaded 20 Jun 2022. https://doi.org/10.5479/si.GVP.VOTW4-2013"
"380",Kutum Volcanic Field,brak danych,Sudan,stożkowy,brak dowodów na wybuch,bazalt / pikryt,strefa subdukcji / skorupa kontynentalna (>25 km),Wulkan,"Global Volcanism Program, 2013. Volcanoes of the World, v. 4.11.0. Venzke, E (ed.). Smithsonian Institution. Downloaded 20 Jun 2022. https://doi.org/10.5479/si.GVP.VOTW4-2013"
"536",Whangarei,brak danych,Nowa Zelandia,stożkowy,brak dowodów na wybuch,tefryt / trachybazalt,strefa subdukcji / skorupa kontynentalna (>25 km),Wulkan,"Global Volcanism Program, 2013. Volcanoes of the World, v. 4.11.0. Venzke, E (ed.). Smithsonian Institution. Downloaded 20 Jun 2022. https://doi.org/10.5479/si.GVP.VOTW4-2013"
"592",Koro,brak danych,Fidżi,stożkowy,brak dowodów na wybuch,bazalt / pikryt,strefa subdukcji / grubość skorupy nieznana,Wulkan,"Global Volcanism Program, 2013. Volcanoes of the World, v. 4.11.0. Venzke, E (ed.). Smithsonian Institution. Downloaded 20 Jun 2022. https://doi.org/10.5479/si.GVP.VOTW4-2013"
"857",Sarik-Gajah,brak danych,Indonezja,stożkowy,brak dowodów na wybuch,andezyt / andezyt bazaltowy,strefa subdukcji / skorupa kontynentalna (>25 km),Wulkan,"Global Volcanism Program, 2013. Volcanoes of the World, v. 4.11.0. Venzke, E (ed.). Smithsonian Institution. Downloaded 20 Jun 2022. https://doi.org/10.5479/si.GVP.VOTW4-2013"
"921",Behm Canal-Rudyerd Bay,brak danych,Stany Zjednoczone,stożkowy,brak dowodów na wybuch,bazalt / pikryt,strefa subdukcji / skorupa kontynentalna (>25 km),Wulkan,"Global Volcanism Program, 2013. Volcanoes of the World, v. 4.11.0. Venzke, E (ed.). Smithsonian Institution. Downloaded 20 Jun 2022. https://doi.org/10.5479/si.GVP.VOTW4-2013"
"960",Cinnamon Butte,brak danych,Stany Zjednoczone,stożkowy,brak dowodów na wybuch,bazalt / pikryt,strefa subdukcji / skorupa kontynentalna (>25 km),Wulkan,"Global Volcanism Program, 2013. Volcanoes of the World, v. 4.11.0. Venzke, E (ed.). Smithsonian Institution. Downloaded 20 Jun 2022. https://doi.org/10.5479/si.GVP.VOTW4-2013"
"1091",Royal Society Range,brak danych,Antarktyda,stożkowy,brak dowodów na wybuch,trachyandezyt / bazaltowy trachyandezyt,strefa subdukcji / skorupa kontynentalna (>25 km),Wulkan,"Global Volcanism Program, 2013. Volcanoes of the World, v. 4.11.0. Venzke, E (ed.). Smithsonian Institution. Downloaded 20 Jun 2022. https://doi.org/10.5479/si.GVP.VOTW4-2013"
"1175",Licto,brak danych,Ekwador,stożkowy,brak dowodów na wybuch,andezyt / andezyt bazaltowy,strefa subdukcji / skorupa kontynentalna (>25 km),Wulkan,"Global Volcanism Program, 2013. Volcanoes of the World, v. 4.11.0. Venzke, E (ed.). Smithsonian Institution. Downloaded 20 Jun 2022. https://doi.org/10.5479/si.GVP.VOTW4-2013"
"1191","Auquihuato, Cerro",brak danych,Peru,stożkowy,brak dowodów na wybuch,"-",strefa subdukcji / skorupa kontynentalna (>25 km),Wulkan,"Global Volcanism Program, 2013. Volcanoes of the World, v. 4.11.0. Venzke, E (ed.). Smithsonian Institution. Downloaded 20 Jun 2022. https://doi.org/10.5479/si.GVP.VOTW4-2013"
"1247",San Quintin Volcanic Field,brak danych,Meksyk,stożkowy,brak dowodów na wybuch,tefryt / trachybazalt,strefa ryftowa / skorupa kontynentalna (>25 km),Wulkan,"Global Volcanism Program, 2013. Volcanoes of the World, v. 4.11.0. Venzke, E (ed.). Smithsonian Institution. Downloaded 20 Jun 2022. https://doi.org/10.5479/si.GVP.VOTW4-2013"
"1338","Negrillar, La",brak danych,Chile,stożkowy,brak dowodów na wybuch,andezyt / andezyt bazaltowy,strefa subdukcji / skorupa kontynentalna (>25 km),Wulkan,"Global Volcanism Program, 2013. Volcanoes of the World, v. 4.11.0. Venzke, E (ed.). Smithsonian Institution. Downloaded 20 Jun 2022. https://doi.org/10.5479/si.GVP.VOTW4-2013"
"1353",Antofagasta Volcanic Field,brak danych,Argentyna,stożkowy,brak dowodów na wybuch,andezyt / andezyt bazaltowy,strefa subdukcji / skorupa kontynentalna (>25 km),Wulkan,"Global Volcanism Program, 2013. Volcanoes of the World, v. 4.11.0. Venzke, E (ed.). Smithsonian Institution. Downloaded 20 Jun 2022. https://doi.org/10.5479/si.GVP.VOTW4-2013"
"321",Tosa Sucha,brak danych,Etiopia,stożkowy,nieznana data wybuchu,bazalt / pikryt,strefa ryftowa / skorupa kontynentalna (>25 km),Wulkan,"Global Volcanism Program, 2013. Volcanoes of the World, v. 4.11.0. Venzke, E (ed.). Smithsonian Institution. Downloaded 20 Jun 2022. https://doi.org/10.5479/si.GVP.VOTW4-2013"
"3",Olot Volcanic Field,brak danych,Hiszpania,stożkowy,nieznana data wybuchu,tefryt / trachybazalt,strefa subdukcji / skorupa kontynentalna (>25 km),Wulkan,"Global Volcanism Program, 2013. Volcanoes of the World, v. 4.11.0. Venzke, E (ed.). Smithsonian Institution. Downloaded 20 Jun 2022. https://doi.org/10.5479/si.GVP.VOTW4-2013"
"442",Dariganga Volcanic Field,brak danych,Mongolia,stożkowy,nieznana data wybuchu,bazalt / pikryt,strefa subdukcji / skorupa kontynentalna (>25 km),Wulkan,"Global Volcanism Program, 2013. Volcanoes of the World, v. 4.11.0. Venzke, E (ed.). Smithsonian Institution. Downloaded 20 Jun 2022. https://doi.org/10.5479/si.GVP.VOTW4-2013"
"449",Keluo Group,brak danych,Chiny,stożkowy,nieznana data wybuchu,tefryt / trachybazalt,strefa subdukcji / skorupa kontynentalna (>25 km),Wulkan,"Global Volcanism Program, 2013. Volcanoes of the World, v. 4.11.0. Venzke, E (ed.). Smithsonian Institution. Downloaded 20 Jun 2022. https://doi.org/10.5479/si.GVP.VOTW4-2013"
"372",Tahalra Volcanic Field,brak danych,Algieria,stożkowy,nieznana data wybuchu,tefryt / trachybazalt,strefa subdukcji / skorupa kontynentalna (>25 km),Wulkan,"Global Volcanism Program, 2013. Volcanoes of the World, v. 4.11.0. Venzke, E (ed.). Smithsonian Institution. Downloaded 20 Jun 2022. https://doi.org/10.5479/si.GVP.VOTW4-2013"
"373",Atakor Volcanic Field,brak danych,Algieria,stożkowy,nieznana data wybuchu,tefryt / trachybazalt,strefa subdukcji / skorupa kontynentalna (>25 km),Wulkan,"Global Volcanism Program, 2013. Volcanoes of the World, v. 4.11.0. Venzke, E (ed.). Smithsonian Institution. Downloaded 20 Jun 2022. https://doi.org/10.5479/si.GVP.VOTW4-2013"
"374",Manzaz Volcanic Field,brak danych,Algieria,stożkowy,nieznana data wybuchu,tefryt / trachybazalt,strefa subdukcji / skorupa kontynentalna (>25 km),Wulkan,"Global Volcanism Program, 2013. Volcanoes of the World, v. 4.11.0. Venzke, E (ed.). Smithsonian Institution. Downloaded 20 Jun 2022. https://doi.org/10.5479/si.GVP.VOTW4-2013"
"25",Kula,brak danych,Turcja,stożkowy,nieznana data wybuchu,tefryt / trachybazalt,strefa subdukcji / skorupa kontynentalna (>25 km),Wulkan,"Global Volcanism Program, 2013. Volcanoes of the World, v. 4.11.0. Venzke, E (ed.). Smithsonian Institution. Downloaded 20 Jun 2022. https://doi.org/10.5479/si.GVP.VOTW4-2013"
"411",Nosy-Be,brak danych,Madagaskar,stożkowy,nieznana data wybuchu,foidyt,strefa subdukcji / skorupa kontynentalna (>25 km),Wulkan,"Global Volcanism Program, 2013. Volcanoes of the World, v. 4.11.0. Venzke, E (ed.). Smithsonian Institution. Downloaded 20 Jun 2022. https://doi.org/10.5479/si.GVP.VOTW4-2013"
"412",Ankaizina Field,brak danych,Madagaskar,stożkowy,nieznana data wybuchu,bazalt / pikryt,strefa subdukcji / skorupa kontynentalna (>25 km),Wulkan,"Global Volcanism Program, 2013. Volcanoes of the World, v. 4.11.0. Venzke, E (ed.). Smithsonian Institution. Downloaded 20 Jun 2022. https://doi.org/10.5479/si.GVP.VOTW4-2013"
"414",Vakinankaratra,brak danych,Madagaskar,stożkowy,nieznana data wybuchu,tefryt / trachybazalt,strefa subdukcji / skorupa kontynentalna (>25 km),Wulkan,"Global Volcanism Program, 2013. Volcanoes of the World, v. 4.11.0. Venzke, E (ed.). Smithsonian Institution. Downloaded 20 Jun 2022. https://doi.org/10.5479/si.GVP.VOTW4-2013"
"26",Karapinar Field,brak danych,Turcja,stożkowy,nieznana data wybuchu,trachyandezyt / bazaltowy trachyandezyt,strefa subdukcji / skorupa kontynentalna (>25 km),Wulkan,"Global Volcanism Program, 2013. Volcanoes of the World, v. 4.11.0. Venzke, E (ed.). Smithsonian Institution. Downloaded 20 Jun 2022. https://doi.org/10.5479/si.GVP.VOTW4-2013"
"625",Madilogo,brak danych,Papua - Nowa Gwinea,stożkowy,nieznana data wybuchu,tefryt / trachybazalt,strefa subdukcji / skorupa kontynentalna (>25 km),Wulkan,"Global Volcanism Program, 2013. Volcanoes of the World, v. 4.11.0. Venzke, E (ed.). Smithsonian Institution. Downloaded 20 Jun 2022. https://doi.org/10.5479/si.GVP.VOTW4-2013"
"687",Tarakan,brak danych,Indonezja,stożkowy,nieznana data wybuchu,bazalt / pikryt,strefa subdukcji / skorupa oceaniczna (< 15 km),Wulkan,"Global Volcanism Program, 2013. Volcanoes of the World, v. 4.11.0. Venzke, E (ed.). Smithsonian Institution. Downloaded 20 Jun 2022. https://doi.org/10.5479/si.GVP.VOTW4-2013"
"738",Sessagara,brak danych,Papua - Nowa Gwinea,stożkowy,nieznana data wybuchu,trachyandezyt / bazaltowy trachyandezyt,strefa subdukcji / skorupa kontynentalna (>25 km),Wulkan,"Global Volcanism Program, 2013. Volcanoes of the World, v. 4.11.0. Venzke, E (ed.). Smithsonian Institution. Downloaded 20 Jun 2022. https://doi.org/10.5479/si.GVP.VOTW4-2013"
"912",Ingakslugwat Hills,brak danych,Stany Zjednoczone,stożkowy,nieznana data wybuchu,bazalt / pikryt,strefa subdukcji / skorupa kontynentalna (>25 km),Wulkan,"Global Volcanism Program, 2013. Volcanoes of the World, v. 4.11.0. Venzke, E (ed.). Smithsonian Institution. Downloaded 20 Jun 2022. https://doi.org/10.5479/si.GVP.VOTW4-2013"
"924",Atlin Volcanic Field,brak danych,Kanada,stożkowy,nieznana data wybuchu,tefryt / trachybazalt,strefa subdukcji / skorupa kontynentalna (>25 km),Wulkan,"Global Volcanism Program, 2013. Volcanoes of the World, v. 4.11.0. Venzke, E (ed.). Smithsonian Institution. Downloaded 20 Jun 2022. https://doi.org/10.5479/si.GVP.VOTW4-2013"
"933",Crow Lagoon,brak danych,Kanada,stożkowy,nieznana data wybuchu,bazalt / pikryt,strefa subdukcji / skorupa kontynentalna (>25 km),Wulkan,"Global Volcanism Program, 2013. Volcanoes of the World, v. 4.11.0. Venzke, E (ed.). Smithsonian Institution. Downloaded 20 Jun 2022. https://doi.org/10.5479/si.GVP.VOTW4-2013"
"934",Milbanke Sound Group,brak danych,Kanada,stożkowy,nieznana data wybuchu,bazalt / pikryt,strefa subdukcji / skorupa kontynentalna (>25 km),Wulkan,"Global Volcanism Program, 2013. Volcanoes of the World, v. 4.11.0. Venzke, E (ed.). Smithsonian Institution. Downloaded 20 Jun 2022. https://doi.org/10.5479/si.GVP.VOTW4-2013"
"1023",Helgrindur,brak danych,Islandia,stożkowy,nieznana data wybuchu,bazalt / pikryt,strefa ryftowa / skorupa oceaniczna (< 15 km),Wulkan,"Global Volcanism Program, 2013. Volcanoes of the World, v. 4.11.0. Venzke, E (ed.). Smithsonian Institution. Downloaded 20 Jun 2022. https://doi.org/10.5479/si.GVP.VOTW4-2013"
"1103",Paulet,brak danych,Antarktyda,stożkowy,nieznana data wybuchu,bazalt / pikryt,strefa subdukcji / skorupa kontynentalna (>25 km),Wulkan,"Global Volcanism Program, 2013. Volcanoes of the World, v. 4.11.0. Venzke, E (ed.). Smithsonian Institution. Downloaded 20 Jun 2022. https://doi.org/10.5479/si.GVP.VOTW4-2013"
"1104",Seal Nunataks Group,brak danych,Antarktyda,stożkowy,nieznana data wybuchu,bazalt / pikryt,strefa subdukcji / skorupa kontynentalna (>25 km),Wulkan,"Global Volcanism Program, 2013. Volcanoes of the World, v. 4.11.0. Venzke, E (ed.). Smithsonian Institution. Downloaded 20 Jun 2022. https://doi.org/10.5479/si.GVP.VOTW4-2013"
"1128","Azul, Volcan",brak danych,Nikaragua,stożkowy,nieznana data wybuchu,tefryt / trachybazalt,strefa subdukcji / skorupa oceaniczna (< 15 km),Wulkan,"Global Volcanism Program, 2013. Volcanoes of the World, v. 4.11.0. Venzke, E (ed.). Smithsonian Institution. Downloaded 20 Jun 2022. https://doi.org/10.5479/si.GVP.VOTW4-2013"
"1198","Nicholson, Cerro",brak danych,Peru,stożkowy,nieznana data wybuchu,andezyt / andezyt bazaltowy,strefa subdukcji / skorupa kontynentalna (>25 km),Wulkan,"Global Volcanism Program, 2013. Volcanoes of the World, v. 4.11.0. Venzke, E (ed.). Smithsonian Institution. Downloaded 20 Jun 2022. https://doi.org/10.5479/si.GVP.VOTW4-2013"
"1246",Pinacate,brak danych,Meksyk,stożkowy,nieznana data wybuchu,bazalt / pikryt,strefa subdukcji / skorupa kontynentalna (>25 km),Wulkan,"Global Volcanism Program, 2013. Volcanoes of the World, v. 4.11.0. Venzke, E (ed.). Smithsonian Institution. Downloaded 20 Jun 2022. https://doi.org/10.5479/si.GVP.VOTW4-2013"
"1249",Jaraguay Volcanic Field,brak danych,Meksyk,stożkowy,nieznana data wybuchu,andezyt / andezyt bazaltowy,strefa ryftowa / skorupa kontynentalna (>25 km),Wulkan,"Global Volcanism Program, 2013. Volcanoes of the World, v. 4.11.0. Venzke, E (ed.). Smithsonian Institution. Downloaded 20 Jun 2022. https://doi.org/10.5479/si.GVP.VOTW4-2013"
"1252",San Borja Volcanic Field,brak danych,Meksyk,stożkowy,nieznana data wybuchu,andezyt / andezyt bazaltowy,strefa ryftowa / skorupa kontynentalna (>25 km),Wulkan,"Global Volcanism Program, 2013. Volcanoes of the World, v. 4.11.0. Venzke, E (ed.). Smithsonian Institution. Downloaded 20 Jun 2022. https://doi.org/10.5479/si.GVP.VOTW4-2013"
"1258",Durango Volcanic Field,brak danych,Meksyk,stożkowy,nieznana data wybuchu,tefryt / trachybazalt,strefa subdukcji / skorupa kontynentalna (>25 km),Wulkan,"Global Volcanism Program, 2013. Volcanoes of the World, v. 4.11.0. Venzke, E (ed.). Smithsonian Institution. Downloaded 20 Jun 2022. https://doi.org/10.5479/si.GVP.VOTW4-2013"
"1262",Mascota Volcanic Field,brak danych,Meksyk,stożkowy,nieznana data wybuchu,andezyt / andezyt bazaltowy,strefa subdukcji / skorupa kontynentalna (>25 km),Wulkan,"Global Volcanism Program, 2013. Volcanoes of the World, v. 4.11.0. Venzke, E (ed.). Smithsonian Institution. Downloaded 20 Jun 2022. https://doi.org/10.5479/si.GVP.VOTW4-2013"
"1304",Chiquimula Volcanic Field,brak danych,Gwatemala,stożkowy,nieznana data wybuchu,bazalt / pikryt,strefa subdukcji / skorupa kontynentalna (>25 km),Wulkan,"Global Volcanism Program, 2013. Volcanoes of the World, v. 4.11.0. Venzke, E (ed.). Smithsonian Institution. Downloaded 20 Jun 2022. https://doi.org/10.5479/si.GVP.VOTW4-2013"
"1307","Singuil, Cerro",brak danych,Salwador,stożkowy,nieznana data wybuchu,bazalt / pikryt,strefa subdukcji / skorupa kontynentalna (>25 km),Wulkan,"Global Volcanism Program, 2013. Volcanoes of the World, v. 4.11.0. Venzke, E (ed.). Smithsonian Institution. Downloaded 20 Jun 2022. https://doi.org/10.5479/si.GVP.VOTW4-2013"
"1328",Utila Island,brak danych,Honduras,stożkowy,nieznana data wybuchu,bazalt / pikryt,strefa subdukcji / skorupa kontynentalna (>25 km),Wulkan,"Global Volcanism Program, 2013. Volcanoes of the World, v. 4.11.0. Venzke, E (ed.). Smithsonian Institution. Downloaded 20 Jun 2022. https://doi.org/10.5479/si.GVP.VOTW4-2013"
"1336","Negrillar, El",brak danych,Chile,stożkowy,nieznana data wybuchu,andezyt / andezyt bazaltowy,strefa subdukcji / skorupa kontynentalna (>25 km),Wulkan,"Global Volcanism Program, 2013. Volcanoes of the World, v. 4.11.0. Venzke, E (ed.). Smithsonian Institution. Downloaded 20 Jun 2022. https://doi.org/10.5479/si.GVP.VOTW4-2013"
"1375","Resago, Volcan",brak danych,Chile,stożkowy,nieznana data wybuchu,andezyt / andezyt bazaltowy,strefa subdukcji / skorupa kontynentalna (>25 km),Wulkan,"Global Volcanism Program, 2013. Volcanoes of the World, v. 4.11.0. Venzke, E (ed.). Smithsonian Institution. Downloaded 20 Jun 2022. https://doi.org/10.5479/si.GVP.VOTW4-2013"
"1384","Mariñaqui, Laguna",brak danych,Chile,stożkowy,nieznana data wybuchu,andezyt / andezyt bazaltowy,strefa subdukcji / skorupa kontynentalna (>25 km),Wulkan,"Global Volcanism Program, 2013. Volcanoes of the World, v. 4.11.0. Venzke, E (ed.). Smithsonian Institution. Downloaded 20 Jun 2022. https://doi.org/10.5479/si.GVP.VOTW4-2013"
"1409",Crater Basalt Volcanic Field,brak danych,Argentyna,stożkowy,nieznana data wybuchu,tefryt / trachybazalt,strefa subdukcji / skorupa kontynentalna (>25 km),Wulkan,"Global Volcanism Program, 2013. Volcanoes of the World, v. 4.11.0. Venzke, E (ed.). Smithsonian Institution. Downloaded 20 Jun 2022. https://doi.org/10.5479/si.GVP.VOTW4-2013"
"1415",Palena Volcanic Group,brak danych,Chile,stożkowy,nieznana data wybuchu,"-",strefa subdukcji / skorupa kontynentalna (>25 km),Wulkan,"Global Volcanism Program, 2013. Volcanoes of the World, v. 4.11.0. Venzke, E (ed.). Smithsonian Institution. Downloaded 20 Jun 2022. https://doi.org/10.5479/si.GVP.VOTW4-2013"
"802",Bliznetsy,1060 p.n.e.,Rosja,stożkowy,erupcja datowana,andezyt / andezyt bazaltowy,strefa subdukcji / skorupa kontynentalna (>25 km),Wulkan,"Global Volcanism Program, 2013. Volcanoes of the World, v. 4.11.0. Venzke, E (ed.). Smithsonian Institution. Downloaded 20 Jun 2022. https://doi.org/10.5479/si.GVP.VOTW4-2013"
"815",Bagana,"2018",Papua - Nowa Gwinea,stożkowy,erupcja zaobserwowana,andezyt / andezyt bazaltowy,strefa subdukcji / grubość skorupy nieznana,Wulkan,"Global Volcanism Program, 2013. Volcanoes of the World, v. 4.11.0. Venzke, E (ed.). Smithsonian Institution. Downloaded 20 Jun 2022. https://doi.org/10.5479/si.GVP.VOTW4-2013"
"812",Tore,brak danych,Papua - Nowa Gwinea,stożkowy,nieznana data wybuchu,andezyt / andezyt bazaltowy,strefa subdukcji / grubość skorupy nieznana,Wulkan,"Global Volcanism Program, 2013. Volcanoes of the World, v. 4.11.0. Venzke, E (ed.). Smithsonian Institution. Downloaded 20 Jun 2022. https://doi.org/10.5479/si.GVP.VOTW4-2013"
"49",Dallol,"2011",Etiopia,stożkowy,erupcja zaobserwowana,"-",strefa ryftowa / skorupa pośrednia (15-25 km),Wulkan,"Global Volcanism Program, 2013. Volcanoes of the World, v. 4.11.0. Venzke, E (ed.). Smithsonian Institution. Downloaded 20 Jun 2022. https://doi.org/10.5479/si.GVP.VOTW4-2013"
"37",Samsari Volcanic Center,brak danych,Georgia,stożkowy,brak dowodów na wybuch,andezyt / andezyt bazaltowy,strefa subdukcji / skorupa kontynentalna (>25 km),Wulkan,"Global Volcanism Program, 2013. Volcanoes of the World, v. 4.11.0. Venzke, E (ed.). Smithsonian Institution. Downloaded 20 Jun 2022. https://doi.org/10.5479/si.GVP.VOTW4-2013"
"353",Kyatwa,brak danych,Uganda,stożkowy,brak dowodów na wybuch,foidyt,strefa ryftowa / skorupa kontynentalna (>25 km),Wulkan,"Global Volcanism Program, 2013. Volcanoes of the World, v. 4.11.0. Venzke, E (ed.). Smithsonian Institution. Downloaded 20 Jun 2022. https://doi.org/10.5479/si.GVP.VOTW4-2013"
"323",Korath Range,brak danych,Etiopia,stożkowy,brak dowodów na wybuch,tefryt / trachybazalt,strefa ryftowa / skorupa pośrednia (15-25 km),Wulkan,"Global Volcanism Program, 2013. Volcanoes of the World, v. 4.11.0. Venzke, E (ed.). Smithsonian Institution. Downloaded 20 Jun 2022. https://doi.org/10.5479/si.GVP.VOTW4-2013"
"395","Marha, Jabal el-",brak danych,Jemen,stożkowy,brak dowodów na wybuch,bazalt / pikryt,strefa subdukcji / skorupa kontynentalna (>25 km),Wulkan,"Global Volcanism Program, 2013. Volcanoes of the World, v. 4.11.0. Venzke, E (ed.). Smithsonian Institution. Downloaded 20 Jun 2022. https://doi.org/10.5479/si.GVP.VOTW4-2013"
"1259","Isabel, Isla",brak danych,Meksyk,stożkowy,brak dowodów na wybuch,bazalt / pikryt,strefa subdukcji / skorupa kontynentalna (>25 km),Wulkan,"Global Volcanism Program, 2013. Volcanoes of the World, v. 4.11.0. Venzke, E (ed.). Smithsonian Institution. Downloaded 20 Jun 2022. https://doi.org/10.5479/si.GVP.VOTW4-2013"
"354",Katwe-Kikorongo,brak danych,Uganda,stożkowy,nieznana data wybuchu,foidyt,strefa ryftowa / skorupa kontynentalna (>25 km),Wulkan,"Global Volcanism Program, 2013. Volcanoes of the World, v. 4.11.0. Venzke, E (ed.). Smithsonian Institution. Downloaded 20 Jun 2022. https://doi.org/10.5479/si.GVP.VOTW4-2013"
"325",North Island,brak danych,Kenia,stożkowy,nieznana data wybuchu,trachyandezyt / bazaltowy trachyandezyt,strefa ryftowa / skorupa kontynentalna (>25 km),Wulkan,"Global Volcanism Program, 2013. Volcanoes of the World, v. 4.11.0. Venzke, E (ed.). Smithsonian Institution. Downloaded 20 Jun 2022. https://doi.org/10.5479/si.GVP.VOTW4-2013"
"356",Katunga,brak danych,Uganda,stożkowy,nieznana data wybuchu,foidyt,strefa ryftowa / skorupa kontynentalna (>25 km),Wulkan,"Global Volcanism Program, 2013. Volcanoes of the World, v. 4.11.0. Venzke, E (ed.). Smithsonian Institution. Downloaded 20 Jun 2022. https://doi.org/10.5479/si.GVP.VOTW4-2013"
"1248","San Luis, Isla",brak danych,Meksyk,stożkowy,nieznana data wybuchu,ryolit,strefa ryftowa / skorupa kontynentalna (>25 km),Wulkan,"Global Volcanism Program, 2013. Volcanoes of the World, v. 4.11.0. Venzke, E (ed.). Smithsonian Institution. Downloaded 20 Jun 2022. https://doi.org/10.5479/si.GVP.VOTW4-2013"
"1273",Serdan-Oriental,brak danych,Meksyk,stożkowy,nieznana data wybuchu,ryolit,strefa subdukcji / skorupa kontynentalna (>25 km),Wulkan,"Global Volcanism Program, 2013. Volcanoes of the World, v. 4.11.0. Venzke, E (ed.). Smithsonian Institution. Downloaded 20 Jun 2022. https://doi.org/10.5479/si.GVP.VOTW4-2013"
"1417",Puyuhuapi,brak danych,Chile,stożkowy,nieznana data wybuchu,bazalt / pikryt,strefa subdukcji / skorupa kontynentalna (>25 km),Wulkan,"Global Volcanism Program, 2013. Volcanoes of the World, v. 4.11.0. Venzke, E (ed.). Smithsonian Institution. Downloaded 20 Jun 2022. https://doi.org/10.5479/si.GVP.VOTW4-2013"
"1352",Unnamed,brak danych,Argentyna,stożkowy,nieznana data wybuchu,andezyt / andezyt bazaltowy,strefa subdukcji / skorupa kontynentalna (>25 km),Wulkan,"Global Volcanism Program, 2013. Volcanoes of the World, v. 4.11.0. Venzke, E (ed.). Smithsonian Institution. Downloaded 20 Jun 2022. https://doi.org/10.5479/si.GVP.VOTW4-2013"
"930",Hoodoo Mountain,7050 p.n.e.,Kanada,subglacjalny,erupcja datowana,fonolit,strefa subdukcji / skorupa kontynentalna (>25 km),Wulkan,"Global Volcanism Program, 2013. Volcanoes of the World, v. 4.11.0. Venzke, E (ed.). Smithsonian Institution. Downloaded 20 Jun 2022. https://doi.org/10.5479/si.GVP.VOTW4-2013"
"1031",Prestahnukur,3350 p.n.e.,Islandia,subglacjalny,erupcja datowana,bazalt / pikryt,strefa ryftowa / skorupa oceaniczna (< 15 km),Wulkan,"Global Volcanism Program, 2013. Volcanoes of the World, v. 4.11.0. Venzke, E (ed.). Smithsonian Institution. Downloaded 20 Jun 2022. https://doi.org/10.5479/si.GVP.VOTW4-2013"
"1033",Langjokull,"950",Islandia,subglacjalny,erupcja datowana,bazalt / pikryt,strefa ryftowa / skorupa oceaniczna (< 15 km),Wulkan,"Global Volcanism Program, 2013. Volcanoes of the World, v. 4.11.0. Venzke, E (ed.). Smithsonian Institution. Downloaded 20 Jun 2022. https://doi.org/10.5479/si.GVP.VOTW4-2013"
"1037",Katla,"1918",Islandia,subglacjalny,erupcja zaobserwowana,bazalt / pikryt,strefa ryftowa / skorupa oceaniczna (< 15 km),Wulkan,"Global Volcanism Program, 2013. Volcanoes of the World, v. 4.11.0. Venzke, E (ed.). Smithsonian Institution. Downloaded 20 Jun 2022. https://doi.org/10.5479/si.GVP.VOTW4-2013"
"1034",Hofsjokull,brak danych,Islandia,subglacjalny,nieznana data wybuchu,bazalt / pikryt,strefa ryftowa / skorupa oceaniczna (< 15 km),Wulkan,"Global Volcanism Program, 2013. Volcanoes of the World, v. 4.11.0. Venzke, E (ed.). Smithsonian Institution. Downloaded 20 Jun 2022. https://doi.org/10.5479/si.GVP.VOTW4-2013"
"1424",Viedma,"1988",Argentyna,subglacjalny,erupcja zaobserwowana,dacyt,strefa subdukcji / skorupa kontynentalna (>25 km),Wulkan,"Global Volcanism Program, 2013. Volcanoes of the World, v. 4.11.0. Venzke, E (ed.). Smithsonian Institution. Downloaded 20 Jun 2022. https://doi.org/10.5479/si.GVP.VOTW4-2013"
"11",Palinuro,8040 p.n.e.,Włochy,podwodny,erupcja datowana,fonolit,strefa subdukcji / skorupa kontynentalna (>25 km),Wulkan,"Global Volcanism Program, 2013. Volcanoes of the World, v. 4.11.0. Venzke, E (ed.). Smithsonian Institution. Downloaded 20 Jun 2022. https://doi.org/10.5479/si.GVP.VOTW4-2013"
"17",Campi Flegrei del Mar di Sicilia,"1867",Włochy,podwodny,erupcja zaobserwowana,tefryt / trachybazalt,strefa ryftowa / skorupa kontynentalna (>25 km),Wulkan,"Global Volcanism Program, 2013. Volcanoes of the World, v. 4.11.0. Venzke, E (ed.). Smithsonian Institution. Downloaded 20 Jun 2022. https://doi.org/10.5479/si.GVP.VOTW4-2013"
"19",Marsili,1050 p.n.e.,Włochy,podwodny,erupcja datowana,"-","-",Wulkan,"Global Volcanism Program, 2013. Volcanoes of the World, v. 4.11.0. Venzke, E (ed.). Smithsonian Institution. Downloaded 20 Jun 2022. https://doi.org/10.5479/si.GVP.VOTW4-2013"
"126","Cendres, Ile des","1923",Wietnam,podwodny,erupcja zaobserwowana,bazalt / pikryt,strefa subdukcji / skorupa kontynentalna (>25 km),Wulkan,"Global Volcanism Program, 2013. Volcanoes of the World, v. 4.11.0. Venzke, E (ed.). Smithsonian Institution. Downloaded 20 Jun 2022. https://doi.org/10.5479/si.GVP.VOTW4-2013"
"685",Banua Wuhu,"1919",Indonezja,podwodny,erupcja zaobserwowana,andezyt / andezyt bazaltowy,strefa subdukcji / skorupa oceaniczna (< 15 km),Wulkan,"Global Volcanism Program, 2013. Volcanoes of the World, v. 4.11.0. Venzke, E (ed.). Smithsonian Institution. Downloaded 20 Jun 2022. https://doi.org/10.5479/si.GVP.VOTW4-2013"
"769",Piip,5050 p.n.e.,Rosja,podwodny,erupcja datowana,dacyt,strefa subdukcji / skorupa oceaniczna (< 15 km),Wulkan,"Global Volcanism Program, 2013. Volcanoes of the World, v. 4.11.0. Venzke, E (ed.). Smithsonian Institution. Downloaded 20 Jun 2022. https://doi.org/10.5479/si.GVP.VOTW4-2013"
"119",Unnamed,"1854",Filipiny,podwodny,erupcja zaobserwowana,"-",strefa subdukcji / grubość skorupy nieznana,Wulkan,"Global Volcanism Program, 2013. Volcanoes of the World, v. 4.11.0. Venzke, E (ed.). Smithsonian Institution. Downloaded 20 Jun 2022. https://doi.org/10.5479/si.GVP.VOTW4-2013"
"132",Unnamed,"1853",Tajwan,podwodny,erupcja zaobserwowana,"-",strefa subdukcji / skorupa kontynentalna (>25 km),Wulkan,"Global Volcanism Program, 2013. Volcanoes of the World, v. 4.11.0. Venzke, E (ed.). Smithsonian Institution. Downloaded 20 Jun 2022. https://doi.org/10.5479/si.GVP.VOTW4-2013"
"135",Submarine Volcano NNE of Iriomotejima,"1924",Japonia,podwodny,erupcja zaobserwowana,ryolit,strefa subdukcji / skorupa oceaniczna (< 15 km),Wulkan,"Global Volcanism Program, 2013. Volcanoes of the World, v. 4.11.0. Venzke, E (ed.). Smithsonian Institution. Downloaded 20 Jun 2022. https://doi.org/10.5479/si.GVP.VOTW4-2013"
"840",Eastern Gemini Seamount,"1996",Francja,podwodny,erupcja zaobserwowana,bazalt / pikryt,strefa ryftowa / skorupa oceaniczna (< 15 km),Wulkan,"Global Volcanism Program, 2013. Volcanoes of the World, v. 4.11.0. Venzke, E (ed.). Smithsonian Institution. Downloaded 20 Jun 2022. https://doi.org/10.5479/si.GVP.VOTW4-2013"
"242",South Sarigan Seamount,"2010",Stany Zjednoczone,podwodny,erupcja zaobserwowana,"-",strefa subdukcji / grubość skorupy nieznana,Wulkan,"Global Volcanism Program, 2013. Volcanoes of the World, v. 4.11.0. Venzke, E (ed.). Smithsonian Institution. Downloaded 20 Jun 2022. https://doi.org/10.5479/si.GVP.VOTW4-2013"
"208",Myojinsho,"1970",Japonia,podwodny,erupcja zaobserwowana,dacyt,strefa subdukcji / skorupa oceaniczna (< 15 km),Wulkan,"Global Volcanism Program, 2013. Volcanoes of the World, v. 4.11.0. Venzke, E (ed.). Smithsonian Institution. Downloaded 20 Jun 2022. https://doi.org/10.5479/si.GVP.VOTW4-2013"
"210",Sumisujima,"1916",Japonia,podwodny,erupcja zaobserwowana,dacyt,strefa subdukcji / skorupa oceaniczna (< 15 km),Wulkan,"Global Volcanism Program, 2013. Volcanoes of the World, v. 4.11.0. Venzke, E (ed.). Smithsonian Institution. Downloaded 20 Jun 2022. https://doi.org/10.5479/si.GVP.VOTW4-2013"
"991",Cobb Segment,1180 p.n.e.,Kanada,podwodny,erupcja datowana,bazalt / pikryt,strefa ryftowa / skorupa oceaniczna (< 15 km),Wulkan,"Global Volcanism Program, 2013. Volcanoes of the World, v. 4.11.0. Venzke, E (ed.). Smithsonian Institution. Downloaded 20 Jun 2022. https://doi.org/10.5479/si.GVP.VOTW4-2013"
"219",Kaitoku Seamount,"1984",Japonia,podwodny,erupcja zaobserwowana,bazalt / pikryt,strefa subdukcji / grubość skorupy nieznana,Wulkan,"Global Volcanism Program, 2013. Volcanoes of the World, v. 4.11.0. Venzke, E (ed.). Smithsonian Institution. Downloaded 20 Jun 2022. https://doi.org/10.5479/si.GVP.VOTW4-2013"
"222",Kita-Fukutokutai,"1954",Japonia,podwodny,erupcja zaobserwowana,"-",strefa subdukcji / grubość skorupy nieznana,Wulkan,"Global Volcanism Program, 2013. Volcanoes of the World, v. 4.11.0. Venzke, E (ed.). Smithsonian Institution. Downloaded 20 Jun 2022. https://doi.org/10.5479/si.GVP.VOTW4-2013"
"223",Fukutoku-Oka-no-Ba,"2010",Japonia,podwodny,erupcja zaobserwowana,trachyandezyt / bazaltowy trachyandezyt,strefa subdukcji / grubość skorupy nieznana,Wulkan,"Global Volcanism Program, 2013. Volcanoes of the World, v. 4.11.0. Venzke, E (ed.). Smithsonian Institution. Downloaded 20 Jun 2022. https://doi.org/10.5479/si.GVP.VOTW4-2013"
"224",Minami-Hiyoshi,"1975",Japonia,podwodny,erupcja zaobserwowana,trachyandezyt / bazaltowy trachyandezyt,strefa subdukcji / grubość skorupy nieznana,Wulkan,"Global Volcanism Program, 2013. Volcanoes of the World, v. 4.11.0. Venzke, E (ed.). Smithsonian Institution. Downloaded 20 Jun 2022. https://doi.org/10.5479/si.GVP.VOTW4-2013"
"226",Fukujin,"1974",Stany Zjednoczone,podwodny,erupcja zaobserwowana,andezyt / andezyt bazaltowy,strefa subdukcji / grubość skorupy nieznana,Wulkan,"Global Volcanism Program, 2013. Volcanoes of the World, v. 4.11.0. Venzke, E (ed.). Smithsonian Institution. Downloaded 20 Jun 2022. https://doi.org/10.5479/si.GVP.VOTW4-2013"
"227",Kasuga 1,"1959",Stany Zjednoczone,podwodny,erupcja zaobserwowana,andezyt / andezyt bazaltowy,strefa subdukcji / grubość skorupy nieznana,Wulkan,"Global Volcanism Program, 2013. Volcanoes of the World, v. 4.11.0. Venzke, E (ed.). Smithsonian Institution. Downloaded 20 Jun 2022. https://doi.org/10.5479/si.GVP.VOTW4-2013"
"232",Ahyi,"2014",Stany Zjednoczone,podwodny,erupcja datowana,andezyt / andezyt bazaltowy,strefa subdukcji / grubość skorupy nieznana,Wulkan,"Global Volcanism Program, 2013. Volcanoes of the World, v. 4.11.0. Venzke, E (ed.). Smithsonian Institution. Downloaded 20 Jun 2022. https://doi.org/10.5479/si.GVP.VOTW4-2013"
"233",Supply Reef,"1989",Stany Zjednoczone,podwodny,erupcja datowana,andezyt / andezyt bazaltowy,strefa subdukcji / grubość skorupy nieznana,Wulkan,"Global Volcanism Program, 2013. Volcanoes of the World, v. 4.11.0. Venzke, E (ed.). Smithsonian Institution. Downloaded 20 Jun 2022. https://doi.org/10.5479/si.GVP.VOTW4-2013"
"245",Ruby,"1995",Stany Zjednoczone,podwodny,erupcja zaobserwowana,bazalt / pikryt,strefa subdukcji / grubość skorupy nieznana,Wulkan,"Global Volcanism Program, 2013. Volcanoes of the World, v. 4.11.0. Venzke, E (ed.). Smithsonian Institution. Downloaded 20 Jun 2022. https://doi.org/10.5479/si.GVP.VOTW4-2013"
"247",NW Rota-1,"2010",Stany Zjednoczone,podwodny,erupcja zaobserwowana,bazalt / pikryt,strefa subdukcji / grubość skorupy nieznana,Wulkan,"Global Volcanism Program, 2013. Volcanoes of the World, v. 4.11.0. Venzke, E (ed.). Smithsonian Institution. Downloaded 20 Jun 2022. https://doi.org/10.5479/si.GVP.VOTW4-2013"
"250",Mariana Back-Arc Segment at 15.5°N,"2015",Stany Zjednoczone,podwodny,erupcja datowana,"-",strefa subdukcji / skorupa oceaniczna (< 15 km),Wulkan,"Global Volcanism Program, 2013. Volcanoes of the World, v. 4.11.0. Venzke, E (ed.). Smithsonian Institution. Downloaded 20 Jun 2022. https://doi.org/10.5479/si.GVP.VOTW4-2013"
"990",Endeavour Segment,3490 p.n.e.,Kanada,podwodny,erupcja datowana,bazalt / pikryt,strefa ryftowa / skorupa oceaniczna (< 15 km),Wulkan,"Global Volcanism Program, 2013. Volcanoes of the World, v. 4.11.0. Venzke, E (ed.). Smithsonian Institution. Downloaded 20 Jun 2022. https://doi.org/10.5479/si.GVP.VOTW4-2013"
"1020",Kick 'em Jenny,"2017",Grenada,podwodny,erupcja zaobserwowana,bazalt / pikryt,strefa subdukcji / skorupa oceaniczna (< 15 km),Wulkan,"Global Volcanism Program, 2013. Volcanoes of the World, v. 4.11.0. Venzke, E (ed.). Smithsonian Institution. Downloaded 20 Jun 2022. https://doi.org/10.5479/si.GVP.VOTW4-2013"
"1035",Vestmannaeyjar,"1973",Islandia,podwodny,erupcja zaobserwowana,bazalt / pikryt,strefa ryftowa / skorupa oceaniczna (< 15 km),Wulkan,"Global Volcanism Program, 2013. Volcanoes of the World, v. 4.11.0. Venzke, E (ed.). Smithsonian Institution. Downloaded 20 Jun 2022. https://doi.org/10.5479/si.GVP.VOTW4-2013"
"290",Unnamed,"1972",Rosja,podwodny,erupcja datowana,"-",strefa subdukcji / skorupa oceaniczna (< 15 km),Wulkan,"Global Volcanism Program, 2013. Volcanoes of the World, v. 4.11.0. Venzke, E (ed.). Smithsonian Institution. Downloaded 20 Jun 2022. https://doi.org/10.5479/si.GVP.VOTW4-2013"
"1049",Tjornes Fracture Zone,"1868",Islandia,podwodny,erupcja zaobserwowana,bazalt / pikryt,strefa ryftowa / skorupa oceaniczna (< 15 km),Wulkan,"Global Volcanism Program, 2013. Volcanoes of the World, v. 4.11.0. Venzke, E (ed.). Smithsonian Institution. Downloaded 20 Jun 2022. https://doi.org/10.5479/si.GVP.VOTW4-2013"
"1052",Kolbeinsey Ridge,"1755",Islandia,podwodny,erupcja zaobserwowana,bazalt / pikryt,strefa ryftowa / skorupa oceaniczna (< 15 km),Wulkan,"Global Volcanism Program, 2013. Volcanoes of the World, v. 4.11.0. Venzke, E (ed.). Smithsonian Institution. Downloaded 20 Jun 2022. https://doi.org/10.5479/si.GVP.VOTW4-2013"
"1062",Don Joao de Castro Bank,"1720",Portugalia,podwodny,erupcja zaobserwowana,bazalt / pikryt,strefa ryftowa / skorupa oceaniczna (< 15 km),Wulkan,"Global Volcanism Program, 2013. Volcanoes of the World, v. 4.11.0. Venzke, E (ed.). Smithsonian Institution. Downloaded 20 Jun 2022. https://doi.org/10.5479/si.GVP.VOTW4-2013"
"1067",Monaco Bank,"1911",Portugalia,podwodny,erupcja zaobserwowana,"-",strefa ryftowa / skorupa oceaniczna (< 15 km),Wulkan,"Global Volcanism Program, 2013. Volcanoes of the World, v. 4.11.0. Venzke, E (ed.). Smithsonian Institution. Downloaded 20 Jun 2022. https://doi.org/10.5479/si.GVP.VOTW4-2013"
"1113",Protector Seamounts,"1962",Wielka Brytania,podwodny,erupcja zaobserwowana,ryolit,strefa subdukcji / skorupa oceaniczna (< 15 km),Wulkan,"Global Volcanism Program, 2013. Volcanoes of the World, v. 4.11.0. Venzke, E (ed.). Smithsonian Institution. Downloaded 20 Jun 2022. https://doi.org/10.5479/si.GVP.VOTW4-2013"
"416",Boomerang Seamount,"1995",Francja,podwodny,erupcja datowana,bazalt / pikryt,strefa ryftowa / skorupa oceaniczna (< 15 km),Wulkan,"Global Volcanism Program, 2013. Volcanoes of the World, v. 4.11.0. Venzke, E (ed.). Smithsonian Institution. Downloaded 20 Jun 2022. https://doi.org/10.5479/si.GVP.VOTW4-2013"
"552",Rumble III,"2008",Nowa Zelandia,podwodny,erupcja zaobserwowana,andezyt / andezyt bazaltowy,strefa subdukcji / skorupa oceaniczna (< 15 km),Wulkan,"Global Volcanism Program, 2013. Volcanoes of the World, v. 4.11.0. Venzke, E (ed.). Smithsonian Institution. Downloaded 20 Jun 2022. https://doi.org/10.5479/si.GVP.VOTW4-2013"
"582",West Mata,"2009",Tonga,podwodny,erupcja zaobserwowana,andezyt / andezyt bazaltowy,strefa subdukcji / skorupa oceaniczna (< 15 km),Wulkan,"Global Volcanism Program, 2013. Volcanoes of the World, v. 4.11.0. Venzke, E (ed.). Smithsonian Institution. Downloaded 20 Jun 2022. https://doi.org/10.5479/si.GVP.VOTW4-2013"
"487",Bogoslof,"2017",Stany Zjednoczone,podwodny,erupcja zaobserwowana,trachyandezyt / bazaltowy trachyandezyt,strefa subdukcji / skorupa oceaniczna (< 15 km),Wulkan,"Global Volcanism Program, 2013. Volcanoes of the World, v. 4.11.0. Venzke, E (ed.). Smithsonian Institution. Downloaded 20 Jun 2022. https://doi.org/10.5479/si.GVP.VOTW4-2013"
"1228",Teahitia,"1985",Francja,podwodny,erupcja datowana,tefryt / trachybazalt,strefa subdukcji / skorupa oceaniczna (< 15 km),Wulkan,"Global Volcanism Program, 2013. Volcanoes of the World, v. 4.11.0. Venzke, E (ed.). Smithsonian Institution. Downloaded 20 Jun 2022. https://doi.org/10.5479/si.GVP.VOTW4-2013"
"1230",Moua Pihaa,"1970",Francja,podwodny,erupcja datowana,tefryt / trachybazalt,strefa subdukcji / skorupa oceaniczna (< 15 km),Wulkan,"Global Volcanism Program, 2013. Volcanoes of the World, v. 4.11.0. Venzke, E (ed.). Smithsonian Institution. Downloaded 20 Jun 2022. https://doi.org/10.5479/si.GVP.VOTW4-2013"
"566",Unnamed,"2017",Tonga,podwodny,erupcja zaobserwowana,"-",strefa subdukcji / skorupa oceaniczna (< 15 km),Wulkan,"Global Volcanism Program, 2013. Volcanoes of the World, v. 4.11.0. Venzke, E (ed.). Smithsonian Institution. Downloaded 20 Jun 2022. https://doi.org/10.5479/si.GVP.VOTW4-2013"
"554",Healy,"1360",Nowa Zelandia,podwodny,erupcja datowana,dacyt,strefa subdukcji / skorupa oceaniczna (< 15 km),Wulkan,"Global Volcanism Program, 2013. Volcanoes of the World, v. 4.11.0. Venzke, E (ed.). Smithsonian Institution. Downloaded 20 Jun 2022. https://doi.org/10.5479/si.GVP.VOTW4-2013"
"557",Havre Seamount,"2012",Nowa Zelandia,podwodny,erupcja zaobserwowana,"-",strefa subdukcji / skorupa oceaniczna (< 15 km),Wulkan,"Global Volcanism Program, 2013. Volcanoes of the World, v. 4.11.0. Venzke, E (ed.). Smithsonian Institution. Downloaded 20 Jun 2022. https://doi.org/10.5479/si.GVP.VOTW4-2013"
"562",Monowai,"2012",Nowa Zelandia,podwodny,erupcja zaobserwowana,bazalt / pikryt,strefa subdukcji / skorupa oceaniczna (< 15 km),Wulkan,"Global Volcanism Program, 2013. Volcanoes of the World, v. 4.11.0. Venzke, E (ed.). Smithsonian Institution. Downloaded 20 Jun 2022. https://doi.org/10.5479/si.GVP.VOTW4-2013"
"564",Unnamed,"1932",Tonga,podwodny,erupcja zaobserwowana,"-",strefa subdukcji / skorupa oceaniczna (< 15 km),Wulkan,"Global Volcanism Program, 2013. Volcanoes of the World, v. 4.11.0. Venzke, E (ed.). Smithsonian Institution. Downloaded 20 Jun 2022. https://doi.org/10.5479/si.GVP.VOTW4-2013"
"568",Fonuafo'ou,"1936",Tonga,podwodny,erupcja zaobserwowana,andezyt / andezyt bazaltowy,strefa subdukcji / skorupa oceaniczna (< 15 km),Wulkan,"Global Volcanism Program, 2013. Volcanoes of the World, v. 4.11.0. Venzke, E (ed.). Smithsonian Institution. Downloaded 20 Jun 2022. https://doi.org/10.5479/si.GVP.VOTW4-2013"
"572",Home Reef,"2006",Tonga,podwodny,erupcja zaobserwowana,dacyt,strefa subdukcji / skorupa oceaniczna (< 15 km),Wulkan,"Global Volcanism Program, 2013. Volcanoes of the World, v. 4.11.0. Venzke, E (ed.). Smithsonian Institution. Downloaded 20 Jun 2022. https://doi.org/10.5479/si.GVP.VOTW4-2013"
"574",Unnamed,"2001",Tonga,podwodny,erupcja zaobserwowana,dacyt,strefa subdukcji / skorupa oceaniczna (< 15 km),Wulkan,"Global Volcanism Program, 2013. Volcanoes of the World, v. 4.11.0. Venzke, E (ed.). Smithsonian Institution. Downloaded 20 Jun 2022. https://doi.org/10.5479/si.GVP.VOTW4-2013"
"577",Curacoa,"1979",Tonga,podwodny,erupcja zaobserwowana,dacyt,strefa subdukcji / skorupa oceaniczna (< 15 km),Wulkan,"Global Volcanism Program, 2013. Volcanoes of the World, v. 4.11.0. Venzke, E (ed.). Smithsonian Institution. Downloaded 20 Jun 2022. https://doi.org/10.5479/si.GVP.VOTW4-2013"
"581",Tafu-Maka,"2008",Tonga,podwodny,erupcja zaobserwowana,bazalt / pikryt,strefa ryftowa / skorupa oceaniczna (< 15 km),Wulkan,"Global Volcanism Program, 2013. Volcanoes of the World, v. 4.11.0. Venzke, E (ed.). Smithsonian Institution. Downloaded 20 Jun 2022. https://doi.org/10.5479/si.GVP.VOTW4-2013"
"584",Vailulu'u,"2003",Stany Zjednoczone,podwodny,erupcja zaobserwowana,bazalt / pikryt,strefa subdukcji / skorupa oceaniczna (< 15 km),Wulkan,"Global Volcanism Program, 2013. Volcanoes of the World, v. 4.11.0. Venzke, E (ed.). Smithsonian Institution. Downloaded 20 Jun 2022. https://doi.org/10.5479/si.GVP.VOTW4-2013"
"596",Central Bismarck Sea,"1972",Papua - Nowa Gwinea,podwodny,erupcja datowana,"-",strefa ryftowa / skorupa kontynentalna (>25 km),Wulkan,"Global Volcanism Program, 2013. Volcanoes of the World, v. 4.11.0. Venzke, E (ed.). Smithsonian Institution. Downloaded 20 Jun 2022. https://doi.org/10.5479/si.GVP.VOTW4-2013"
"563",Unnamed,brak danych,Nie dotyczy - wulkan podwodny,podwodny,holocen,bazalt / pikryt,strefa subdukcji / skorupa oceaniczna (< 15 km),Wulkan,"Global Volcanism Program, 2013. Volcanoes of the World, v. 4.11.0. Venzke, E (ed.). Smithsonian Institution. Downloaded 20 Jun 2022. https://doi.org/10.5479/si.GVP.VOTW4-2013"
"1229",Rocard,"1972",Francja,podwodny,erupcja datowana,trachit,strefa subdukcji / skorupa oceaniczna (< 15 km),Wulkan,"Global Volcanism Program, 2013. Volcanoes of the World, v. 4.11.0. Venzke, E (ed.). Smithsonian Institution. Downloaded 20 Jun 2022. https://doi.org/10.5479/si.GVP.VOTW4-2013"
"992",CoAxial Segment,"1993",Nie dotyczy - wulkan podwodny,podwodny,erupcja zaobserwowana,bazalt / pikryt,strefa ryftowa / skorupa oceaniczna (< 15 km),Wulkan,"Global Volcanism Program, 2013. Volcanoes of the World, v. 4.11.0. Venzke, E (ed.). Smithsonian Institution. Downloaded 20 Jun 2022. https://doi.org/10.5479/si.GVP.VOTW4-2013"
"993",Axial Seamount,"2015",Nie dotyczy - wulkan podwodny,podwodny,erupcja zaobserwowana,bazalt / pikryt,strefa ryftowa / skorupa oceaniczna (< 15 km),Wulkan,"Global Volcanism Program, 2013. Volcanoes of the World, v. 4.11.0. Venzke, E (ed.). Smithsonian Institution. Downloaded 20 Jun 2022. https://doi.org/10.5479/si.GVP.VOTW4-2013"
"994",Cleft Segment,"1986",Nie dotyczy - wulkan podwodny,podwodny,erupcja zaobserwowana,bazalt / pikryt,strefa ryftowa / skorupa oceaniczna (< 15 km),Wulkan,"Global Volcanism Program, 2013. Volcanoes of the World, v. 4.11.0. Venzke, E (ed.). Smithsonian Institution. Downloaded 20 Jun 2022. https://doi.org/10.5479/si.GVP.VOTW4-2013"
"995",North Gorda Ridge Segment,"1996",Nie dotyczy - wulkan podwodny,podwodny,erupcja zaobserwowana,bazalt / pikryt,strefa ryftowa / skorupa oceaniczna (< 15 km),Wulkan,"Global Volcanism Program, 2013. Volcanoes of the World, v. 4.11.0. Venzke, E (ed.). Smithsonian Institution. Downloaded 20 Jun 2022. https://doi.org/10.5479/si.GVP.VOTW4-2013"
"834",Kuwae,"1974",Vanuatu,kaldera,erupcja zaobserwowana,bazalt / pikryt,strefa subdukcji / skorupa oceaniczna (< 15 km),Wulkan,"Global Volcanism Program, 2013. Volcanoes of the World, v. 4.11.0. Venzke, E (ed.). Smithsonian Institution. Downloaded 20 Jun 2022. https://doi.org/10.5479/si.GVP.VOTW4-2013"
"997",Escanaba Segment,2260 p.n.e.,Nie dotyczy - wulkan podwodny,podwodny,erupcja datowana,bazalt / pikryt,strefa ryftowa / skorupa oceaniczna (< 15 km),Wulkan,"Global Volcanism Program, 2013. Volcanoes of the World, v. 4.11.0. Venzke, E (ed.). Smithsonian Institution. Downloaded 20 Jun 2022. https://doi.org/10.5479/si.GVP.VOTW4-2013"
"1054",Pico Fracture Zone,"1865",Nie dotyczy - wulkan podwodny,podwodny,erupcja zaobserwowana,"-",strefa subdukcji / skorupa oceaniczna (< 15 km),Wulkan,"Global Volcanism Program, 2013. Volcanoes of the World, v. 4.11.0. Venzke, E (ed.). Smithsonian Institution. Downloaded 20 Jun 2022. https://doi.org/10.5479/si.GVP.VOTW4-2013"
"1079",Walvis Ridge at 33°S,"2002",Nie dotyczy - wulkan podwodny,podwodny,erupcja zaobserwowana,"-",strefa subdukcji / skorupa oceaniczna (< 15 km),Wulkan,"Global Volcanism Program, 2013. Volcanoes of the World, v. 4.11.0. Venzke, E (ed.). Smithsonian Institution. Downloaded 20 Jun 2022. https://doi.org/10.5479/si.GVP.VOTW4-2013"
"580",Lobster,brak danych,Tonga,podwodny,brak dowodów na wybuch,"-","-",Wulkan,"Global Volcanism Program, 2013. Volcanoes of the World, v. 4.11.0. Venzke, E (ed.). Smithsonian Institution. Downloaded 20 Jun 2022. https://doi.org/10.5479/si.GVP.VOTW4-2013"
"1232",Adams Seamount,50 p.n.e.,Nie dotyczy - wulkan podwodny,podwodny,erupcja datowana,bazalt / pikryt,strefa subdukcji / skorupa oceaniczna (< 15 km),Wulkan,"Global Volcanism Program, 2013. Volcanoes of the World, v. 4.11.0. Venzke, E (ed.). Smithsonian Institution. Downloaded 20 Jun 2022. https://doi.org/10.5479/si.GVP.VOTW4-2013"
"1234",Northern EPR at 17°N,50 p.n.e.,Nie dotyczy - wulkan podwodny,podwodny,erupcja datowana,bazalt / pikryt,strefa ryftowa / skorupa oceaniczna (< 15 km),Wulkan,"Global Volcanism Program, 2013. Volcanoes of the World, v. 4.11.0. Venzke, E (ed.). Smithsonian Institution. Downloaded 20 Jun 2022. https://doi.org/10.5479/si.GVP.VOTW4-2013"
"1235",Northern EPR at 16°N,50 p.n.e.,Nie dotyczy - wulkan podwodny,podwodny,erupcja datowana,bazalt / pikryt,strefa ryftowa / skorupa oceaniczna (< 15 km),Wulkan,"Global Volcanism Program, 2013. Volcanoes of the World, v. 4.11.0. Venzke, E (ed.). Smithsonian Institution. Downloaded 20 Jun 2022. https://doi.org/10.5479/si.GVP.VOTW4-2013"
"1236",Northern EPR at 10.7°N,"2003",Nie dotyczy - wulkan podwodny,podwodny,erupcja zaobserwowana,bazalt / pikryt,strefa subdukcji / skorupa oceaniczna (< 15 km),Wulkan,"Global Volcanism Program, 2013. Volcanoes of the World, v. 4.11.0. Venzke, E (ed.). Smithsonian Institution. Downloaded 20 Jun 2022. https://doi.org/10.5479/si.GVP.VOTW4-2013"
"1237",Northern EPR at 9.8°N,"2006",Nie dotyczy - wulkan podwodny,podwodny,erupcja zaobserwowana,bazalt / pikryt,strefa ryftowa / skorupa oceaniczna (< 15 km),Wulkan,"Global Volcanism Program, 2013. Volcanoes of the World, v. 4.11.0. Venzke, E (ed.). Smithsonian Institution. Downloaded 20 Jun 2022. https://doi.org/10.5479/si.GVP.VOTW4-2013"
"1238",Galapagos Rift,"1996",Nie dotyczy - wulkan podwodny,podwodny,erupcja zaobserwowana,bazalt / pikryt,strefa ryftowa / skorupa oceaniczna (< 15 km),Wulkan,"Global Volcanism Program, 2013. Volcanoes of the World, v. 4.11.0. Venzke, E (ed.). Smithsonian Institution. Downloaded 20 Jun 2022. https://doi.org/10.5479/si.GVP.VOTW4-2013"
"1239",Southern EPR at 8°S,"1969",Nie dotyczy - wulkan podwodny,podwodny,erupcja zaobserwowana,bazalt / pikryt,strefa ryftowa / skorupa oceaniczna (< 15 km),Wulkan,"Global Volcanism Program, 2013. Volcanoes of the World, v. 4.11.0. Venzke, E (ed.). Smithsonian Institution. Downloaded 20 Jun 2022. https://doi.org/10.5479/si.GVP.VOTW4-2013"
"1240",Southern EPR-Segment K,"1990",Nie dotyczy - wulkan podwodny,podwodny,erupcja zaobserwowana,bazalt / pikryt,strefa ryftowa / skorupa oceaniczna (< 15 km),Wulkan,"Global Volcanism Program, 2013. Volcanoes of the World, v. 4.11.0. Venzke, E (ed.). Smithsonian Institution. Downloaded 20 Jun 2022. https://doi.org/10.5479/si.GVP.VOTW4-2013"
"1241",Southern EPR-Segment J,"1890",Nie dotyczy - wulkan podwodny,podwodny,erupcja datowana,bazalt / pikryt,strefa ryftowa / skorupa oceaniczna (< 15 km),Wulkan,"Global Volcanism Program, 2013. Volcanoes of the World, v. 4.11.0. Venzke, E (ed.). Smithsonian Institution. Downloaded 20 Jun 2022. https://doi.org/10.5479/si.GVP.VOTW4-2013"
"1242",Southern EPR-Segment I,"1915",Nie dotyczy - wulkan podwodny,podwodny,erupcja datowana,bazalt / pikryt,strefa ryftowa / skorupa oceaniczna (< 15 km),Wulkan,"Global Volcanism Program, 2013. Volcanoes of the World, v. 4.11.0. Venzke, E (ed.). Smithsonian Institution. Downloaded 20 Jun 2022. https://doi.org/10.5479/si.GVP.VOTW4-2013"
"1233",Macdonald,"1989",Nie dotyczy - wulkan podwodny,podwodny,erupcja zaobserwowana,bazalt / pikryt,strefa subdukcji / skorupa oceaniczna (< 15 km),Wulkan,"Global Volcanism Program, 2013. Volcanoes of the World, v. 4.11.0. Venzke, E (ed.). Smithsonian Institution. Downloaded 20 Jun 2022. https://doi.org/10.5479/si.GVP.VOTW4-2013"
"996",Jackson Segment,brak danych,Nie dotyczy - wulkan podwodny,podwodny,holocen,"-",strefa ryftowa / skorupa oceaniczna (< 15 km),Wulkan,"Global Volcanism Program, 2013. Volcanoes of the World, v. 4.11.0. Venzke, E (ed.). Smithsonian Institution. Downloaded 20 Jun 2022. https://doi.org/10.5479/si.GVP.VOTW4-2013"
"207",Kita-Bayonnaise,brak danych,Japonia,podwodny,brak dowodów na wybuch,ryolit,strefa subdukcji / skorupa oceaniczna (< 15 km),Wulkan,"Global Volcanism Program, 2013. Volcanoes of the World, v. 4.11.0. Venzke, E (ed.). Smithsonian Institution. Downloaded 20 Jun 2022. https://doi.org/10.5479/si.GVP.VOTW4-2013"
"998",East Blanco Depression,brak danych,Nie dotyczy - wulkan podwodny,podwodny,holocen,"-",strefa ryftowa / skorupa pośrednia (15-25 km),Wulkan,"Global Volcanism Program, 2013. Volcanoes of the World, v. 4.11.0. Venzke, E (ed.). Smithsonian Institution. Downloaded 20 Jun 2022. https://doi.org/10.5479/si.GVP.VOTW4-2013"
"989",West Valley Segment,brak danych,Kanada,podwodny,holocen,"-",strefa ryftowa / skorupa pośrednia (15-25 km),Wulkan,"Global Volcanism Program, 2013. Volcanoes of the World, v. 4.11.0. Venzke, E (ed.). Smithsonian Institution. Downloaded 20 Jun 2022. https://doi.org/10.5479/si.GVP.VOTW4-2013"
"204",Kurose Hole,brak danych,Japonia,podwodny,brak dowodów na wybuch,dacyt,strefa subdukcji / skorupa oceaniczna (< 15 km),Wulkan,"Global Volcanism Program, 2013. Volcanoes of the World, v. 4.11.0. Venzke, E (ed.). Smithsonian Institution. Downloaded 20 Jun 2022. https://doi.org/10.5479/si.GVP.VOTW4-2013"
"603",Hankow Reef,brak danych,Papua - Nowa Gwinea,podwodny,brak dowodów na wybuch,"-",strefa subdukcji / skorupa kontynentalna (>25 km),Wulkan,"Global Volcanism Program, 2013. Volcanoes of the World, v. 4.11.0. Venzke, E (ed.). Smithsonian Institution. Downloaded 20 Jun 2022. https://doi.org/10.5479/si.GVP.VOTW4-2013"
"1088",Unnamed,brak danych,Antarktyda,podwodny,brak dowodów na wybuch,"-",strefa subdukcji / skorupa kontynentalna (>25 km),Wulkan,"Global Volcanism Program, 2013. Volcanoes of the World, v. 4.11.0. Venzke, E (ed.). Smithsonian Institution. Downloaded 20 Jun 2022. https://doi.org/10.5479/si.GVP.VOTW4-2013"
"1243",Hollister Ridge,brak danych,Nie dotyczy - wulkan podwodny,podwodny,brak dowodów na wybuch,"-",strefa subdukcji / skorupa oceaniczna (< 15 km),Wulkan,"Global Volcanism Program, 2013. Volcanoes of the World, v. 4.11.0. Venzke, E (ed.). Smithsonian Institution. Downloaded 20 Jun 2022. https://doi.org/10.5479/si.GVP.VOTW4-2013"
"1077",Romanche Fracture Zone,brak danych,Nie dotyczy - wulkan podwodny,podwodny,brak dowodów na wybuch,"-",strefa ryftowa / skorupa oceaniczna (< 15 km),Wulkan,"Global Volcanism Program, 2013. Volcanoes of the World, v. 4.11.0. Venzke, E (ed.). Smithsonian Institution. Downloaded 20 Jun 2022. https://doi.org/10.5479/si.GVP.VOTW4-2013"
"1244",Udintsev Transform,brak danych,Nie dotyczy - wulkan podwodny,podwodny,brak dowodów na wybuch,"-",strefa subdukcji / skorupa oceaniczna (< 15 km),Wulkan,"Global Volcanism Program, 2013. Volcanoes of the World, v. 4.11.0. Venzke, E (ed.). Smithsonian Institution. Downloaded 20 Jun 2022. https://doi.org/10.5479/si.GVP.VOTW4-2013"
"228",Kasuga 2,brak danych,Stany Zjednoczone,podwodny,nieznana data wybuchu,bazalt / pikryt,strefa subdukcji / grubość skorupy nieznana,Wulkan,"Global Volcanism Program, 2013. Volcanoes of the World, v. 4.11.0. Venzke, E (ed.). Smithsonian Institution. Downloaded 20 Jun 2022. https://doi.org/10.5479/si.GVP.VOTW4-2013"
"297",Srednii,brak danych,Rosja,podwodny,nieznana data wybuchu,"-",strefa subdukcji / skorupa oceaniczna (< 15 km),Wulkan,"Global Volcanism Program, 2013. Volcanoes of the World, v. 4.11.0. Venzke, E (ed.). Smithsonian Institution. Downloaded 20 Jun 2022. https://doi.org/10.5479/si.GVP.VOTW4-2013"
"565",Unnamed,brak danych,Tonga,podwodny,nieznana data wybuchu,andezyt / andezyt bazaltowy,strefa subdukcji / skorupa oceaniczna (< 15 km),Wulkan,"Global Volcanism Program, 2013. Volcanoes of the World, v. 4.11.0. Venzke, E (ed.). Smithsonian Institution. Downloaded 20 Jun 2022. https://doi.org/10.5479/si.GVP.VOTW4-2013"
"819",Kana Keoki,brak danych,Wyspy Salomona,podwodny,nieznana data wybuchu,dacyt,strefa subdukcji / grubość skorupy nieznana,Wulkan,"Global Volcanism Program, 2013. Volcanoes of the World, v. 4.11.0. Venzke, E (ed.). Smithsonian Institution. Downloaded 20 Jun 2022. https://doi.org/10.5479/si.GVP.VOTW4-2013"
"820",Coleman Seamount,brak danych,Wyspy Salomona,podwodny,nieznana data wybuchu,"-",strefa subdukcji / grubość skorupy nieznana,Wulkan,"Global Volcanism Program, 2013. Volcanoes of the World, v. 4.11.0. Venzke, E (ed.). Smithsonian Institution. Downloaded 20 Jun 2022. https://doi.org/10.5479/si.GVP.VOTW4-2013"
"822",Unnamed,brak danych,Wyspy Salomona,podwodny,nieznana data wybuchu,andezyt / andezyt bazaltowy,strefa subdukcji / grubość skorupy nieznana,Wulkan,"Global Volcanism Program, 2013. Volcanoes of the World, v. 4.11.0. Venzke, E (ed.). Smithsonian Institution. Downloaded 20 Jun 2022. https://doi.org/10.5479/si.GVP.VOTW4-2013"
"244",East Diamante,brak danych,Stany Zjednoczone,podwodny,holocen,dacyt,strefa subdukcji / grubość skorupy nieznana,Wulkan,"Global Volcanism Program, 2013. Volcanoes of the World, v. 4.11.0. Venzke, E (ed.). Smithsonian Institution. Downloaded 20 Jun 2022. https://doi.org/10.5479/si.GVP.VOTW4-2013"
"246",Esmeralda Bank,brak danych,Stany Zjednoczone,podwodny,holocen,bazalt / pikryt,strefa subdukcji / grubość skorupy nieznana,Wulkan,"Global Volcanism Program, 2013. Volcanoes of the World, v. 4.11.0. Venzke, E (ed.). Smithsonian Institution. Downloaded 20 Jun 2022. https://doi.org/10.5479/si.GVP.VOTW4-2013"
"248",Forecast Seamount,brak danych,Stany Zjednoczone,podwodny,holocen,"-",strefa subdukcji / grubość skorupy nieznana,Wulkan,"Global Volcanism Program, 2013. Volcanoes of the World, v. 4.11.0. Venzke, E (ed.). Smithsonian Institution. Downloaded 20 Jun 2022. https://doi.org/10.5479/si.GVP.VOTW4-2013"
"249",Seamount X,brak danych,Stany Zjednoczone,podwodny,holocen,bazalt / pikryt,strefa subdukcji / grubość skorupy nieznana,Wulkan,"Global Volcanism Program, 2013. Volcanoes of the World, v. 4.11.0. Venzke, E (ed.). Smithsonian Institution. Downloaded 20 Jun 2022. https://doi.org/10.5479/si.GVP.VOTW4-2013"
"555",Brothers,brak danych,Nowa Zelandia,podwodny,holocen,dacyt,strefa subdukcji / skorupa oceaniczna (< 15 km),Wulkan,"Global Volcanism Program, 2013. Volcanoes of the World, v. 4.11.0. Venzke, E (ed.). Smithsonian Institution. Downloaded 20 Jun 2022. https://doi.org/10.5479/si.GVP.VOTW4-2013"
"548",Clark,brak danych,Nowa Zelandia,podwodny,holocen,bazalt / pikryt,strefa subdukcji / skorupa oceaniczna (< 15 km),Wulkan,"Global Volcanism Program, 2013. Volcanoes of the World, v. 4.11.0. Venzke, E (ed.). Smithsonian Institution. Downloaded 20 Jun 2022. https://doi.org/10.5479/si.GVP.VOTW4-2013"
"549",Tangaroa,brak danych,Nowa Zelandia,podwodny,holocen,bazalt / pikryt,strefa subdukcji / skorupa oceaniczna (< 15 km),Wulkan,"Global Volcanism Program, 2013. Volcanoes of the World, v. 4.11.0. Venzke, E (ed.). Smithsonian Institution. Downloaded 20 Jun 2022. https://doi.org/10.5479/si.GVP.VOTW4-2013"
"550",Rumble V,brak danych,Nowa Zelandia,podwodny,holocen,andezyt / andezyt bazaltowy,strefa subdukcji / skorupa oceaniczna (< 15 km),Wulkan,"Global Volcanism Program, 2013. Volcanoes of the World, v. 4.11.0. Venzke, E (ed.). Smithsonian Institution. Downloaded 20 Jun 2022. https://doi.org/10.5479/si.GVP.VOTW4-2013"
"551",Rumble IV,brak danych,Nowa Zelandia,podwodny,holocen,andezyt / andezyt bazaltowy,strefa subdukcji / skorupa oceaniczna (< 15 km),Wulkan,"Global Volcanism Program, 2013. Volcanoes of the World, v. 4.11.0. Venzke, E (ed.). Smithsonian Institution. Downloaded 20 Jun 2022. https://doi.org/10.5479/si.GVP.VOTW4-2013"
"553",Rumble II West,brak danych,Nowa Zelandia,podwodny,holocen,andezyt / andezyt bazaltowy,strefa subdukcji / skorupa oceaniczna (< 15 km),Wulkan,"Global Volcanism Program, 2013. Volcanoes of the World, v. 4.11.0. Venzke, E (ed.). Smithsonian Institution. Downloaded 20 Jun 2022. https://doi.org/10.5479/si.GVP.VOTW4-2013"
"277",Unnamed,brak danych,Japonia,podwodny,brak dowodów na wybuch,"-",strefa subdukcji / skorupa oceaniczna (< 15 km),Wulkan,"Global Volcanism Program, 2013. Volcanoes of the World, v. 4.11.0. Venzke, E (ed.). Smithsonian Institution. Downloaded 20 Jun 2022. https://doi.org/10.5479/si.GVP.VOTW4-2013"
"127",Veteran,brak danych,Wietnam,podwodny,holocen,"-",strefa subdukcji / skorupa kontynentalna (>25 km),Wulkan,"Global Volcanism Program, 2013. Volcanoes of the World, v. 4.11.0. Venzke, E (ed.). Smithsonian Institution. Downloaded 20 Jun 2022. https://doi.org/10.5479/si.GVP.VOTW4-2013"
"214",Suiyo Seamount,brak danych,Japonia,podwodny,holocen,andezyt / andezyt bazaltowy,strefa subdukcji / grubość skorupy nieznana,Wulkan,"Global Volcanism Program, 2013. Volcanoes of the World, v. 4.11.0. Venzke, E (ed.). Smithsonian Institution. Downloaded 20 Jun 2022. https://doi.org/10.5479/si.GVP.VOTW4-2013"
"215",Mokuyo Seamount,brak danych,Japonia,podwodny,holocen,andezyt / andezyt bazaltowy,strefa subdukcji / grubość skorupy nieznana,Wulkan,"Global Volcanism Program, 2013. Volcanoes of the World, v. 4.11.0. Venzke, E (ed.). Smithsonian Institution. Downloaded 20 Jun 2022. https://doi.org/10.5479/si.GVP.VOTW4-2013"
"216",Doyo Seamount,brak danych,Japonia,podwodny,holocen,bazalt / pikryt,strefa subdukcji / grubość skorupy nieznana,Wulkan,"Global Volcanism Program, 2013. Volcanoes of the World, v. 4.11.0. Venzke, E (ed.). Smithsonian Institution. Downloaded 20 Jun 2022. https://doi.org/10.5479/si.GVP.VOTW4-2013"
"218",Kaikata Seamount,brak danych,Japonia,podwodny,holocen,andezyt / andezyt bazaltowy,strefa subdukcji / grubość skorupy nieznana,Wulkan,"Global Volcanism Program, 2013. Volcanoes of the World, v. 4.11.0. Venzke, E (ed.). Smithsonian Institution. Downloaded 20 Jun 2022. https://doi.org/10.5479/si.GVP.VOTW4-2013"
"225",Nikko,brak danych,Japonia,podwodny,holocen,bazalt / pikryt,strefa subdukcji / grubość skorupy nieznana,Wulkan,"Global Volcanism Program, 2013. Volcanoes of the World, v. 4.11.0. Venzke, E (ed.). Smithsonian Institution. Downloaded 20 Jun 2022. https://doi.org/10.5479/si.GVP.VOTW4-2013"
"229",NW Eifuku,brak danych,Stany Zjednoczone,podwodny,holocen,bazalt / pikryt,strefa subdukcji / grubość skorupy nieznana,Wulkan,"Global Volcanism Program, 2013. Volcanoes of the World, v. 4.11.0. Venzke, E (ed.). Smithsonian Institution. Downloaded 20 Jun 2022. https://doi.org/10.5479/si.GVP.VOTW4-2013"
"230",Daikoku,brak danych,Stany Zjednoczone,podwodny,holocen,andezyt / andezyt bazaltowy,strefa subdukcji / grubość skorupy nieznana,Wulkan,"Global Volcanism Program, 2013. Volcanoes of the World, v. 4.11.0. Venzke, E (ed.). Smithsonian Institution. Downloaded 20 Jun 2022. https://doi.org/10.5479/si.GVP.VOTW4-2013"
"556",Wright,brak danych,Nowa Zelandia,podwodny,holocen,bazalt / pikryt,strefa subdukcji / skorupa oceaniczna (< 15 km),Wulkan,"Global Volcanism Program, 2013. Volcanoes of the World, v. 4.11.0. Venzke, E (ed.). Smithsonian Institution. Downloaded 20 Jun 2022. https://doi.org/10.5479/si.GVP.VOTW4-2013"
"558",Curtis Island,brak danych,Nowa Zelandia,podwodny,holocen,andezyt / andezyt bazaltowy,strefa subdukcji / skorupa oceaniczna (< 15 km),Wulkan,"Global Volcanism Program, 2013. Volcanoes of the World, v. 4.11.0. Venzke, E (ed.). Smithsonian Institution. Downloaded 20 Jun 2022. https://doi.org/10.5479/si.GVP.VOTW4-2013"
"560",Giggenbach,brak danych,Nowa Zelandia,podwodny,holocen,bazalt / pikryt,strefa subdukcji / skorupa oceaniczna (< 15 km),Wulkan,"Global Volcanism Program, 2013. Volcanoes of the World, v. 4.11.0. Venzke, E (ed.). Smithsonian Institution. Downloaded 20 Jun 2022. https://doi.org/10.5479/si.GVP.VOTW4-2013"
"1",West Eifel Volcanic Field,8300 p.n.e.,Niemcy,maar,erupcja datowana,foidyt,strefa ryftowa / skorupa kontynentalna (>25 km),Wulkan,"Global Volcanism Program, 2013. Volcanoes of the World, v. 4.11.0. Venzke, E (ed.). Smithsonian Institution. Downloaded 20 Jun 2022. https://doi.org/10.5479/si.GVP.VOTW4-2013"
"801",Kinenin,"850",Rosja,maar,erupcja datowana,bazalt / pikryt,strefa subdukcji / skorupa kontynentalna (>25 km),Wulkan,"Global Volcanism Program, 2013. Volcanoes of the World, v. 4.11.0. Venzke, E (ed.). Smithsonian Institution. Downloaded 20 Jun 2022. https://doi.org/10.5479/si.GVP.VOTW4-2013"
"146",Yonemaru-Sumiyoshiike,6200 p.n.e.,Japonia,maar,erupcja datowana,bazalt / pikryt,strefa subdukcji / skorupa kontynentalna (>25 km),Wulkan,"Global Volcanism Program, 2013. Volcanoes of the World, v. 4.11.0. Venzke, E (ed.). Smithsonian Institution. Downloaded 20 Jun 2022. https://doi.org/10.5479/si.GVP.VOTW4-2013"
"193",Megata,2050 p.n.e.,Japonia,maar,erupcja datowana,andezyt / andezyt bazaltowy,strefa subdukcji / skorupa kontynentalna (>25 km),Wulkan,"Global Volcanism Program, 2013. Volcanoes of the World, v. 4.11.0. Venzke, E (ed.). Smithsonian Institution. Downloaded 20 Jun 2022. https://doi.org/10.5479/si.GVP.VOTW4-2013"
"952",Blue Lake Crater,"680",Stany Zjednoczone,maar,erupcja datowana,bazalt / pikryt,strefa subdukcji / skorupa kontynentalna (>25 km),Wulkan,"Global Volcanism Program, 2013. Volcanoes of the World, v. 4.11.0. Venzke, E (ed.). Smithsonian Institution. Downloaded 20 Jun 2022. https://doi.org/10.5479/si.GVP.VOTW4-2013"
"971",Ubehebe Craters,150 p.n.e.,Stany Zjednoczone,maar,erupcja datowana,bazalt / pikryt,strefa ryftowa / skorupa kontynentalna (>25 km),Wulkan,"Global Volcanism Program, 2013. Volcanoes of the World, v. 4.11.0. Venzke, E (ed.). Smithsonian Institution. Downloaded 20 Jun 2022. https://doi.org/10.5479/si.GVP.VOTW4-2013"
"986",Dotsero,2200 p.n.e.,Stany Zjednoczone,maar,erupcja datowana,bazalt / pikryt,strefa ryftowa / skorupa kontynentalna (>25 km),Wulkan,"Global Volcanism Program, 2013. Volcanoes of the World, v. 4.11.0. Venzke, E (ed.). Smithsonian Institution. Downloaded 20 Jun 2022. https://doi.org/10.5479/si.GVP.VOTW4-2013"
"93",Gedamsa,brak danych,Etiopia,kaldera,nieznana data wybuchu,ryolit,strefa ryftowa / skorupa kontynentalna (>25 km),Wulkan,"Global Volcanism Program, 2013. Volcanoes of the World, v. 4.11.0. Venzke, E (ed.). Smithsonian Institution. Downloaded 20 Jun 2022. https://doi.org/10.5479/si.GVP.VOTW4-2013"
"513",Ukinrek Maars,"1977",Stany Zjednoczone,maar,erupcja zaobserwowana,bazalt / pikryt,strefa subdukcji / skorupa kontynentalna (>25 km),Wulkan,"Global Volcanism Program, 2013. Volcanoes of the World, v. 4.11.0. Venzke, E (ed.). Smithsonian Institution. Downloaded 20 Jun 2022. https://doi.org/10.5479/si.GVP.VOTW4-2013"
"1008","Overo, Cerro",brak danych,Chile,maar,brak dowodów na wybuch,andezyt / andezyt bazaltowy,strefa subdukcji / skorupa kontynentalna (>25 km),Wulkan,"Global Volcanism Program, 2013. Volcanoes of the World, v. 4.11.0. Venzke, E (ed.). Smithsonian Institution. Downloaded 20 Jun 2022. https://doi.org/10.5479/si.GVP.VOTW4-2013"
"632",Malang Plain,brak danych,Indonezja,maar,nieznana data wybuchu,"-",strefa subdukcji / skorupa kontynentalna (>25 km),Wulkan,"Global Volcanism Program, 2013. Volcanoes of the World, v. 4.11.0. Venzke, E (ed.). Smithsonian Institution. Downloaded 20 Jun 2022. https://doi.org/10.5479/si.GVP.VOTW4-2013"
"1324","Aramuaca, Laguna",brak danych,Salwador,maar,nieznana data wybuchu,"-",strefa subdukcji / skorupa kontynentalna (>25 km),Wulkan,"Global Volcanism Program, 2013. Volcanoes of the World, v. 4.11.0. Venzke, E (ed.). Smithsonian Institution. Downloaded 20 Jun 2022. https://doi.org/10.5479/si.GVP.VOTW4-2013"
"980",Soda Lakes,brak danych,Stany Zjednoczone,maar,nieznana data wybuchu,bazalt / pikryt,strefa ryftowa / skorupa kontynentalna (>25 km),Wulkan,"Global Volcanism Program, 2013. Volcanoes of the World, v. 4.11.0. Venzke, E (ed.). Smithsonian Institution. Downloaded 20 Jun 2022. https://doi.org/10.5479/si.GVP.VOTW4-2013"
"1213","Jayu Khota, Laguna",brak danych,Boliwia,maar,nieznana data wybuchu,bazalt / pikryt,strefa subdukcji / skorupa kontynentalna (>25 km),Wulkan,"Global Volcanism Program, 2013. Volcanoes of the World, v. 4.11.0. Venzke, E (ed.). Smithsonian Institution. Downloaded 20 Jun 2022. https://doi.org/10.5479/si.GVP.VOTW4-2013"
"1333","Tujle, Cerro",brak danych,Chile,maar,nieznana data wybuchu,"-",strefa subdukcji / skorupa kontynentalna (>25 km),Wulkan,"Global Volcanism Program, 2013. Volcanoes of the World, v. 4.11.0. Venzke, E (ed.). Smithsonian Institution. Downloaded 20 Jun 2022. https://doi.org/10.5479/si.GVP.VOTW4-2013"
"624",Koranga,brak danych,Papua - Nowa Gwinea,maar,nieznana data wybuchu,dacyt,strefa subdukcji / skorupa kontynentalna (>25 km),Wulkan,"Global Volcanism Program, 2013. Volcanoes of the World, v. 4.11.0. Venzke, E (ed.). Smithsonian Institution. Downloaded 20 Jun 2022. https://doi.org/10.5479/si.GVP.VOTW4-2013"
"355",Bunyaruguru,brak danych,Uganda,maar,nieznana data wybuchu,foidyt,strefa ryftowa / skorupa kontynentalna (>25 km),Wulkan,"Global Volcanism Program, 2013. Volcanoes of the World, v. 4.11.0. Venzke, E (ed.). Smithsonian Institution. Downloaded 20 Jun 2022. https://doi.org/10.5479/si.GVP.VOTW4-2013"
"311",Bilate River Field,brak danych,Etiopia,maar,holocen,"-",strefa subdukcji / skorupa kontynentalna (>25 km),Wulkan,"Global Volcanism Program, 2013. Volcanoes of the World, v. 4.11.0. Venzke, E (ed.). Smithsonian Institution. Downloaded 20 Jun 2022. https://doi.org/10.5479/si.GVP.VOTW4-2013"
"85",Liado Hayk,brak danych,Etiopia,maar,brak dowodów na wybuch,"-",strefa ryftowa / skorupa kontynentalna (>25 km),Wulkan,"Global Volcanism Program, 2013. Volcanoes of the World, v. 4.11.0. Venzke, E (ed.). Smithsonian Institution. Downloaded 20 Jun 2022. https://doi.org/10.5479/si.GVP.VOTW4-2013"
"51",Alu-Dalafilla,"2008",Etiopia,szczelinowy,erupcja zaobserwowana,bazalt / pikryt,strefa ryftowa / skorupa pośrednia (15-25 km),Wulkan,"Global Volcanism Program, 2013. Volcanoes of the World, v. 4.11.0. Venzke, E (ed.). Smithsonian Institution. Downloaded 20 Jun 2022. https://doi.org/10.5479/si.GVP.VOTW4-2013"
"1024",Ljosufjoll,"960",Islandia,szczelinowy,erupcja datowana,bazalt / pikryt,strefa ryftowa / skorupa oceaniczna (< 15 km),Wulkan,"Global Volcanism Program, 2013. Volcanoes of the World, v. 4.11.0. Venzke, E (ed.). Smithsonian Institution. Downloaded 20 Jun 2022. https://doi.org/10.5479/si.GVP.VOTW4-2013"
"1059",San Jorge,"1907",Portugalia,szczelinowy,erupcja zaobserwowana,bazalt / pikryt,strefa ryftowa / skorupa oceaniczna (< 15 km),Wulkan,"Global Volcanism Program, 2013. Volcanoes of the World, v. 4.11.0. Venzke, E (ed.). Smithsonian Institution. Downloaded 20 Jun 2022. https://doi.org/10.5479/si.GVP.VOTW4-2013"
"1072",Gran Canaria,"40",Hiszpania,szczelinowy,erupcja datowana,tefryt / trachybazalt,strefa subdukcji / skorupa pośrednia (15-25 km),Wulkan,"Global Volcanism Program, 2013. Volcanoes of the World, v. 4.11.0. Venzke, E (ed.). Smithsonian Institution. Downloaded 20 Jun 2022. https://doi.org/10.5479/si.GVP.VOTW4-2013"
"1074",Lanzarote,"1824",Hiszpania,szczelinowy,erupcja zaobserwowana,bazalt / pikryt,strefa subdukcji / skorupa pośrednia (15-25 km),Wulkan,"Global Volcanism Program, 2013. Volcanoes of the World, v. 4.11.0. Venzke, E (ed.). Smithsonian Institution. Downloaded 20 Jun 2022. https://doi.org/10.5479/si.GVP.VOTW4-2013"
"1119",Nejapa-Miraflores,"1060",Nikaragua,szczelinowy,erupcja datowana,bazalt / pikryt,strefa subdukcji / skorupa kontynentalna (>25 km),Wulkan,"Global Volcanism Program, 2013. Volcanoes of the World, v. 4.11.0. Venzke, E (ed.). Smithsonian Institution. Downloaded 20 Jun 2022. https://doi.org/10.5479/si.GVP.VOTW4-2013"
"73",Manda-Inakir,"1928",Etiopia - Dżibuti,szczelinowy,erupcja zaobserwowana,bazalt / pikryt,strefa ryftowa / skorupa pośrednia (15-25 km),Wulkan,"Global Volcanism Program, 2013. Volcanoes of the World, v. 4.11.0. Venzke, E (ed.). Smithsonian Institution. Downloaded 20 Jun 2022. https://doi.org/10.5479/si.GVP.VOTW4-2013"
"77",Ardoukoba,"1978",Dżibuti,szczelinowy,erupcja zaobserwowana,bazalt / pikryt,strefa ryftowa / skorupa pośrednia (15-25 km),Wulkan,"Global Volcanism Program, 2013. Volcanoes of the World, v. 4.11.0. Venzke, E (ed.). Smithsonian Institution. Downloaded 20 Jun 2022. https://doi.org/10.5479/si.GVP.VOTW4-2013"
"1125",Esteli,brak danych,Nikaragua,szczelinowy,brak dowodów na wybuch,bazalt / pikryt,strefa subdukcji / skorupa kontynentalna (>25 km),Wulkan,"Global Volcanism Program, 2013. Volcanoes of the World, v. 4.11.0. Venzke, E (ed.). Smithsonian Institution. Downloaded 20 Jun 2022. https://doi.org/10.5479/si.GVP.VOTW4-2013"
"163",Akandanayama,brak danych,Japonia,stratowulkan,nieznana data wybuchu,"-","-",Wulkan,"Global Volcanism Program, 2013. Volcanoes of the World, v. 4.11.0. Venzke, E (ed.). Smithsonian Institution. Downloaded 20 Jun 2022. https://doi.org/10.5479/si.GVP.VOTW4-2013"
"78",Manda Gargori,brak danych,Etiopia,szczelinowy,nieznana data wybuchu,bazalt / pikryt,strefa ryftowa / skorupa pośrednia (15-25 km),Wulkan,"Global Volcanism Program, 2013. Volcanoes of the World, v. 4.11.0. Venzke, E (ed.). Smithsonian Institution. Downloaded 20 Jun 2022. https://doi.org/10.5479/si.GVP.VOTW4-2013"
"84",Hertali,brak danych,Etiopia,szczelinowy,nieznana data wybuchu,bazalt / pikryt,strefa ryftowa / skorupa pośrednia (15-25 km),Wulkan,"Global Volcanism Program, 2013. Volcanoes of the World, v. 4.11.0. Venzke, E (ed.). Smithsonian Institution. Downloaded 20 Jun 2022. https://doi.org/10.5479/si.GVP.VOTW4-2013"
"91",Bishoftu Volcanic Field,brak danych,Etiopia,szczelinowy,nieznana data wybuchu,bazalt / pikryt,strefa ryftowa / skorupa kontynentalna (>25 km),Wulkan,"Global Volcanism Program, 2013. Volcanoes of the World, v. 4.11.0. Venzke, E (ed.). Smithsonian Institution. Downloaded 20 Jun 2022. https://doi.org/10.5479/si.GVP.VOTW4-2013"
"96",Unnamed,brak danych,Etiopia,szczelinowy,nieznana data wybuchu,bazalt / pikryt,strefa subdukcji / skorupa kontynentalna (>25 km),Wulkan,"Global Volcanism Program, 2013. Volcanoes of the World, v. 4.11.0. Venzke, E (ed.). Smithsonian Institution. Downloaded 20 Jun 2022. https://doi.org/10.5479/si.GVP.VOTW4-2013"
"97",East Zway,brak danych,Etiopia,szczelinowy,nieznana data wybuchu,bazalt / pikryt,strefa ryftowa / skorupa kontynentalna (>25 km),Wulkan,"Global Volcanism Program, 2013. Volcanoes of the World, v. 4.11.0. Venzke, E (ed.). Smithsonian Institution. Downloaded 20 Jun 2022. https://doi.org/10.5479/si.GVP.VOTW4-2013"
"1073",Fuerteventura,brak danych,Hiszpania,szczelinowy,nieznana data wybuchu,bazalt / pikryt,strefa subdukcji / skorupa pośrednia (15-25 km),Wulkan,"Global Volcanism Program, 2013. Volcanoes of the World, v. 4.11.0. Venzke, E (ed.). Smithsonian Institution. Downloaded 20 Jun 2022. https://doi.org/10.5479/si.GVP.VOTW4-2013"
"1121",Granada,brak danych,Nikaragua,szczelinowy,nieznana data wybuchu,bazalt / pikryt,strefa subdukcji / skorupa kontynentalna (>25 km),Wulkan,"Global Volcanism Program, 2013. Volcanoes of the World, v. 4.11.0. Venzke, E (ed.). Smithsonian Institution. Downloaded 20 Jun 2022. https://doi.org/10.5479/si.GVP.VOTW4-2013"
"98",Butajiri-Silti Field,brak danych,Etiopia,szczelinowy,nieznana data wybuchu,bazalt / pikryt,strefa ryftowa / skorupa kontynentalna (>25 km),Wulkan,"Global Volcanism Program, 2013. Volcanoes of the World, v. 4.11.0. Venzke, E (ed.). Smithsonian Institution. Downloaded 20 Jun 2022. https://doi.org/10.5479/si.GVP.VOTW4-2013"
"129",Singu Plateau,brak danych,Mjanma,szczelinowy,nieznana data wybuchu,trachyandezyt / bazaltowy trachyandezyt,strefa subdukcji / skorupa kontynentalna (>25 km),Wulkan,"Global Volcanism Program, 2013. Volcanoes of the World, v. 4.11.0. Venzke, E (ed.). Smithsonian Institution. Downloaded 20 Jun 2022. https://doi.org/10.5479/si.GVP.VOTW4-2013"
"1268",Chichinautzin,"400",Meksyk,pole wulkaniczne,erupcja datowana,andezyt / andezyt bazaltowy,strefa subdukcji / skorupa kontynentalna (>25 km),Wulkan,"Global Volcanism Program, 2013. Volcanoes of the World, v. 4.11.0. Venzke, E (ed.). Smithsonian Institution. Downloaded 20 Jun 2022. https://doi.org/10.5479/si.GVP.VOTW4-2013"
"39",Ghegam Ridge,1900 p.n.e.,Armenia,pole wulkaniczne,erupcja datowana,andezyt / andezyt bazaltowy,strefa subdukcji / skorupa kontynentalna (>25 km),Wulkan,"Global Volcanism Program, 2013. Volcanoes of the World, v. 4.11.0. Venzke, E (ed.). Smithsonian Institution. Downloaded 20 Jun 2022. https://doi.org/10.5479/si.GVP.VOTW4-2013"
"40",Dar-Alages,2000 p.n.e.,Armenia,pole wulkaniczne,erupcja datowana,andezyt / andezyt bazaltowy,strefa subdukcji / skorupa kontynentalna (>25 km),Wulkan,"Global Volcanism Program, 2013. Volcanoes of the World, v. 4.11.0. Venzke, E (ed.). Smithsonian Institution. Downloaded 20 Jun 2022. https://doi.org/10.5479/si.GVP.VOTW4-2013"
"379","Marra, Jebel",2000 p.n.e.,Sudan,pole wulkaniczne,erupcja datowana,bazalt / pikryt,strefa subdukcji / skorupa kontynentalna (>25 km),Wulkan,"Global Volcanism Program, 2013. Volcanoes of the World, v. 4.11.0. Venzke, E (ed.). Smithsonian Institution. Downloaded 20 Jun 2022. https://doi.org/10.5479/si.GVP.VOTW4-2013"
"384",Harrat Ash Shamah,"1850",Syria - Jordan - Arabia Saudyjska,pole wulkaniczne,erupcja zaobserwowana,bazalt / pikryt,strefa subdukcji / skorupa kontynentalna (>25 km),Wulkan,"Global Volcanism Program, 2013. Volcanoes of the World, v. 4.11.0. Venzke, E (ed.). Smithsonian Institution. Downloaded 20 Jun 2022. https://doi.org/10.5479/si.GVP.VOTW4-2013"
"386","Uwayrid, Harrat","640",Arabia Saudyjska,pole wulkaniczne,erupcja datowana,bazalt / pikryt,strefa subdukcji / skorupa kontynentalna (>25 km),Wulkan,"Global Volcanism Program, 2013. Volcanoes of the World, v. 4.11.0. Venzke, E (ed.). Smithsonian Institution. Downloaded 20 Jun 2022. https://doi.org/10.5479/si.GVP.VOTW4-2013"
"387","Lunayyir, Harrat","1000",Arabia Saudyjska,pole wulkaniczne,erupcja zaobserwowana,bazalt / pikryt,strefa subdukcji / skorupa kontynentalna (>25 km),Wulkan,"Global Volcanism Program, 2013. Volcanoes of the World, v. 4.11.0. Venzke, E (ed.). Smithsonian Institution. Downloaded 20 Jun 2022. https://doi.org/10.5479/si.GVP.VOTW4-2013"
"389","Khaybar, Harrat","650",Arabia Saudyjska,pole wulkaniczne,erupcja zaobserwowana,bazalt / pikryt,strefa subdukcji / skorupa kontynentalna (>25 km),Wulkan,"Global Volcanism Program, 2013. Volcanoes of the World, v. 4.11.0. Venzke, E (ed.). Smithsonian Institution. Downloaded 20 Jun 2022. https://doi.org/10.5479/si.GVP.VOTW4-2013"
"809",Dawson Strait Group,"1350",Papua - Nowa Gwinea,pole wulkaniczne,erupcja datowana,ryolit,strefa subdukcji / skorupa kontynentalna (>25 km),Wulkan,"Global Volcanism Program, 2013. Volcanoes of the World, v. 4.11.0. Venzke, E (ed.). Smithsonian Institution. Downloaded 20 Jun 2022. https://doi.org/10.5479/si.GVP.VOTW4-2013"
"963",Jordan Craters,1250 p.n.e.,Stany Zjednoczone,pole wulkaniczne,erupcja datowana,bazalt / pikryt,strefa ryftowa / skorupa kontynentalna (>25 km),Wulkan,"Global Volcanism Program, 2013. Volcanoes of the World, v. 4.11.0. Venzke, E (ed.). Smithsonian Institution. Downloaded 20 Jun 2022. https://doi.org/10.5479/si.GVP.VOTW4-2013"
"948",West Crater,5750 p.n.e.,Stany Zjednoczone,pole wulkaniczne,erupcja datowana,andezyt / andezyt bazaltowy,strefa subdukcji / skorupa kontynentalna (>25 km),Wulkan,"Global Volcanism Program, 2013. Volcanoes of the World, v. 4.11.0. Venzke, E (ed.). Smithsonian Institution. Downloaded 20 Jun 2022. https://doi.org/10.5479/si.GVP.VOTW4-2013"
"957",Davis Lake,2790 p.n.e.,Stany Zjednoczone,pole wulkaniczne,erupcja datowana,andezyt / andezyt bazaltowy,strefa subdukcji / skorupa kontynentalna (>25 km),Wulkan,"Global Volcanism Program, 2013. Volcanoes of the World, v. 4.11.0. Venzke, E (ed.). Smithsonian Institution. Downloaded 20 Jun 2022. https://doi.org/10.5479/si.GVP.VOTW4-2013"
"962",Diamond Craters,5610 p.n.e.,Stany Zjednoczone,pole wulkaniczne,erupcja datowana,bazalt / pikryt,strefa ryftowa / skorupa kontynentalna (>25 km),Wulkan,"Global Volcanism Program, 2013. Volcanoes of the World, v. 4.11.0. Venzke, E (ed.). Smithsonian Institution. Downloaded 20 Jun 2022. https://doi.org/10.5479/si.GVP.VOTW4-2013"
"972",Golden Trout Creek,5550 p.n.e.,Stany Zjednoczone,pole wulkaniczne,erupcja datowana,bazalt / pikryt,strefa ryftowa / skorupa kontynentalna (>25 km),Wulkan,"Global Volcanism Program, 2013. Volcanoes of the World, v. 4.11.0. Venzke, E (ed.). Smithsonian Institution. Downloaded 20 Jun 2022. https://doi.org/10.5479/si.GVP.VOTW4-2013"
"982",Black Rock Desert,"1290",Stany Zjednoczone,pole wulkaniczne,erupcja datowana,bazalt / pikryt,strefa ryftowa / skorupa kontynentalna (>25 km),Wulkan,"Global Volcanism Program, 2013. Volcanoes of the World, v. 4.11.0. Venzke, E (ed.). Smithsonian Institution. Downloaded 20 Jun 2022. https://doi.org/10.5479/si.GVP.VOTW4-2013"
"984",Zuni-Bandera,1170 p.n.e.,Stany Zjednoczone,pole wulkaniczne,erupcja datowana,bazalt / pikryt,strefa ryftowa / skorupa kontynentalna (>25 km),Wulkan,"Global Volcanism Program, 2013. Volcanoes of the World, v. 4.11.0. Venzke, E (ed.). Smithsonian Institution. Downloaded 20 Jun 2022. https://doi.org/10.5479/si.GVP.VOTW4-2013"
"985",Red Hill,9450 p.n.e.,Stany Zjednoczone,pole wulkaniczne,erupcja datowana,bazalt / pikryt,strefa ryftowa / skorupa kontynentalna (>25 km),Wulkan,"Global Volcanism Program, 2013. Volcanoes of the World, v. 4.11.0. Venzke, E (ed.). Smithsonian Institution. Downloaded 20 Jun 2022. https://doi.org/10.5479/si.GVP.VOTW4-2013"
"987",Uinkaret Field,"1100",Stany Zjednoczone,pole wulkaniczne,erupcja datowana,tefryt / trachybazalt,strefa ryftowa / skorupa kontynentalna (>25 km),Wulkan,"Global Volcanism Program, 2013. Volcanoes of the World, v. 4.11.0. Venzke, E (ed.). Smithsonian Institution. Downloaded 20 Jun 2022. https://doi.org/10.5479/si.GVP.VOTW4-2013"
"390","Rahat, Harrat","1256",Arabia Saudyjska,pole wulkaniczne,erupcja zaobserwowana,bazalt / pikryt,strefa subdukcji / skorupa kontynentalna (>25 km),Wulkan,"Global Volcanism Program, 2013. Volcanoes of the World, v. 4.11.0. Venzke, E (ed.). Smithsonian Institution. Downloaded 20 Jun 2022. https://doi.org/10.5479/si.GVP.VOTW4-2013"
"393","Yar, Jabal","1810",Arabia Saudyjska,pole wulkaniczne,erupcja zaobserwowana,bazalt / pikryt,strefa subdukcji / skorupa kontynentalna (>25 km),Wulkan,"Global Volcanism Program, 2013. Volcanoes of the World, v. 4.11.0. Venzke, E (ed.). Smithsonian Institution. Downloaded 20 Jun 2022. https://doi.org/10.5479/si.GVP.VOTW4-2013"
"346",Chyulu Hills,"1855",Kenia,pole wulkaniczne,erupcja datowana,tefryt / trachybazalt,strefa ryftowa / skorupa kontynentalna (>25 km),Wulkan,"Global Volcanism Program, 2013. Volcanoes of the World, v. 4.11.0. Venzke, E (ed.). Smithsonian Institution. Downloaded 20 Jun 2022. https://doi.org/10.5479/si.GVP.VOTW4-2013"
"394","Arhab, Harra of","500",Jemen,pole wulkaniczne,erupcja zaobserwowana,tefryt / trachybazalt,strefa subdukcji / skorupa kontynentalna (>25 km),Wulkan,"Global Volcanism Program, 2013. Volcanoes of the World, v. 4.11.0. Venzke, E (ed.). Smithsonian Institution. Downloaded 20 Jun 2022. https://doi.org/10.5479/si.GVP.VOTW4-2013"
"396","Haylan, Jabal",1200 p.n.e.,Jemen,pole wulkaniczne,erupcja datowana,bazalt / pikryt,strefa subdukcji / skorupa kontynentalna (>25 km),Wulkan,"Global Volcanism Program, 2013. Volcanoes of the World, v. 4.11.0. Venzke, E (ed.). Smithsonian Institution. Downloaded 20 Jun 2022. https://doi.org/10.5479/si.GVP.VOTW4-2013"
"397","Dhamar, Harras of","1937",Jemen,pole wulkaniczne,erupcja zaobserwowana,bazalt / pikryt,strefa subdukcji / skorupa kontynentalna (>25 km),Wulkan,"Global Volcanism Program, 2013. Volcanoes of the World, v. 4.11.0. Venzke, E (ed.). Smithsonian Institution. Downloaded 20 Jun 2022. https://doi.org/10.5479/si.GVP.VOTW4-2013"
"398","Sawad, Harra Es-","1253",Jemen,pole wulkaniczne,erupcja zaobserwowana,tefryt / trachybazalt,strefa subdukcji / skorupa kontynentalna (>25 km),Wulkan,"Global Volcanism Program, 2013. Volcanoes of the World, v. 4.11.0. Venzke, E (ed.). Smithsonian Institution. Downloaded 20 Jun 2022. https://doi.org/10.5479/si.GVP.VOTW4-2013"
"437",Jom-Bolok,5180 p.n.e.,Rosja,pole wulkaniczne,erupcja datowana,bazalt / pikryt,strefa ryftowa / skorupa kontynentalna (>25 km),Wulkan,"Global Volcanism Program, 2013. Volcanoes of the World, v. 4.11.0. Venzke, E (ed.). Smithsonian Institution. Downloaded 20 Jun 2022. https://doi.org/10.5479/si.GVP.VOTW4-2013"
"439",Taryatu-Chulutu,2980 p.n.e.,Mongolia,pole wulkaniczne,erupcja datowana,tefryt / trachybazalt,strefa subdukcji / skorupa kontynentalna (>25 km),Wulkan,"Global Volcanism Program, 2013. Volcanoes of the World, v. 4.11.0. Venzke, E (ed.). Smithsonian Institution. Downloaded 20 Jun 2022. https://doi.org/10.5479/si.GVP.VOTW4-2013"
"450",Wudalianchi,"1776",Chiny,pole wulkaniczne,erupcja zaobserwowana,tefryt / trachybazalt,strefa subdukcji / skorupa kontynentalna (>25 km),Wulkan,"Global Volcanism Program, 2013. Volcanoes of the World, v. 4.11.0. Venzke, E (ed.). Smithsonian Institution. Downloaded 20 Jun 2022. https://doi.org/10.5479/si.GVP.VOTW4-2013"
"451",Jingbo,520 p.n.e.,Chiny,pole wulkaniczne,erupcja datowana,tefryt / trachybazalt,strefa subdukcji / skorupa kontynentalna (>25 km),Wulkan,"Global Volcanism Program, 2013. Volcanoes of the World, v. 4.11.0. Venzke, E (ed.). Smithsonian Institution. Downloaded 20 Jun 2022. https://doi.org/10.5479/si.GVP.VOTW4-2013"
"1195",Huambo,700 p.n.e.,Peru,pole wulkaniczne,erupcja datowana,trachyandezyt / bazaltowy trachyandezyt,strefa subdukcji / skorupa kontynentalna (>25 km),Wulkan,"Global Volcanism Program, 2013. Volcanoes of the World, v. 4.11.0. Venzke, E (ed.). Smithsonian Institution. Downloaded 20 Jun 2022. https://doi.org/10.5479/si.GVP.VOTW4-2013"
"535",Kaikohe-Bay of Islands,"400",Nowa Zelandia,pole wulkaniczne,erupcja datowana,tefryt / trachybazalt,strefa subdukcji / skorupa kontynentalna (>25 km),Wulkan,"Global Volcanism Program, 2013. Volcanoes of the World, v. 4.11.0. Venzke, E (ed.). Smithsonian Institution. Downloaded 20 Jun 2022. https://doi.org/10.5479/si.GVP.VOTW4-2013"
"537",Auckland Field,"1350",Nowa Zelandia,pole wulkaniczne,erupcja datowana,tefryt / trachybazalt,strefa subdukcji / skorupa kontynentalna (>25 km),Wulkan,"Global Volcanism Program, 2013. Volcanoes of the World, v. 4.11.0. Venzke, E (ed.). Smithsonian Institution. Downloaded 20 Jun 2022. https://doi.org/10.5479/si.GVP.VOTW4-2013"
"1367",Infiernillo,6890 p.n.e.,Argentyna,pole wulkaniczne,erupcja datowana,andezyt / andezyt bazaltowy,strefa subdukcji / skorupa kontynentalna (>25 km),Wulkan,"Global Volcanism Program, 2013. Volcanoes of the World, v. 4.11.0. Venzke, E (ed.). Smithsonian Institution. Downloaded 20 Jun 2022. https://doi.org/10.5479/si.GVP.VOTW4-2013"
"981",Markagunt Plateau,"1050",Stany Zjednoczone,pole wulkaniczne,nieznana data wybuchu,bazalt / pikryt,strefa ryftowa / skorupa kontynentalna (>25 km),Wulkan,"Global Volcanism Program, 2013. Volcanoes of the World, v. 4.11.0. Venzke, E (ed.). Smithsonian Institution. Downloaded 20 Jun 2022. https://doi.org/10.5479/si.GVP.VOTW4-2013"
"436",Tunkin Depression,brak danych,Rosja,pole wulkaniczne,brak dowodów na wybuch,tefryt / trachybazalt,strefa ryftowa / skorupa kontynentalna (>25 km),Wulkan,"Global Volcanism Program, 2013. Volcanoes of the World, v. 4.11.0. Venzke, E (ed.). Smithsonian Institution. Downloaded 20 Jun 2022. https://doi.org/10.5479/si.GVP.VOTW4-2013"
"124",Haut Dong Nai,brak danych,Wietnam,pole wulkaniczne,brak dowodów na wybuch,bazalt / pikryt,strefa subdukcji / skorupa kontynentalna (>25 km),Wulkan,"Global Volcanism Program, 2013. Volcanoes of the World, v. 4.11.0. Venzke, E (ed.). Smithsonian Institution. Downloaded 20 Jun 2022. https://doi.org/10.5479/si.GVP.VOTW4-2013"
"125",Bas Dong Nai,brak danych,Wietnam,pole wulkaniczne,brak dowodów na wybuch,bazalt / pikryt,strefa subdukcji / skorupa kontynentalna (>25 km),Wulkan,"Global Volcanism Program, 2013. Volcanoes of the World, v. 4.11.0. Venzke, E (ed.). Smithsonian Institution. Downloaded 20 Jun 2022. https://doi.org/10.5479/si.GVP.VOTW4-2013"
"400",Bir Borhut,brak danych,Jemen,pole wulkaniczne,brak dowodów na wybuch,bazalt / pikryt,strefa subdukcji / skorupa kontynentalna (>25 km),Wulkan,"Global Volcanism Program, 2013. Volcanoes of the World, v. 4.11.0. Venzke, E (ed.). Smithsonian Institution. Downloaded 20 Jun 2022. https://doi.org/10.5479/si.GVP.VOTW4-2013"
"405",Kuh-e Nader,brak danych,Iran,pole wulkaniczne,brak dowodów na wybuch,bazalt / pikryt,strefa subdukcji / skorupa kontynentalna (>25 km),Wulkan,"Global Volcanism Program, 2013. Volcanoes of the World, v. 4.11.0. Venzke, E (ed.). Smithsonian Institution. Downloaded 20 Jun 2022. https://doi.org/10.5479/si.GVP.VOTW4-2013"
"613",Garua Harbour,brak danych,Papua - Nowa Gwinea,pole wulkaniczne,brak dowodów na wybuch,ryolit,strefa subdukcji / skorupa kontynentalna (>25 km),Wulkan,"Global Volcanism Program, 2013. Volcanoes of the World, v. 4.11.0. Venzke, E (ed.). Smithsonian Institution. Downloaded 20 Jun 2022. https://doi.org/10.5479/si.GVP.VOTW4-2013"
"823",Gallego,brak danych,Wyspy Salomona,pole wulkaniczne,brak dowodów na wybuch,andezyt / andezyt bazaltowy,strefa subdukcji / grubość skorupy nieznana,Wulkan,"Global Volcanism Program, 2013. Volcanoes of the World, v. 4.11.0. Venzke, E (ed.). Smithsonian Institution. Downloaded 20 Jun 2022. https://doi.org/10.5479/si.GVP.VOTW4-2013"
"922",Fort Selkirk,brak danych,Kanada,pole wulkaniczne,brak dowodów na wybuch,tefryt / trachybazalt,strefa subdukcji / skorupa kontynentalna (>25 km),Wulkan,"Global Volcanism Program, 2013. Volcanoes of the World, v. 4.11.0. Venzke, E (ed.). Smithsonian Institution. Downloaded 20 Jun 2022. https://doi.org/10.5479/si.GVP.VOTW4-2013"
"959",Devils Garden,brak danych,Stany Zjednoczone,pole wulkaniczne,brak dowodów na wybuch,bazalt / pikryt,strefa ryftowa / skorupa kontynentalna (>25 km),Wulkan,"Global Volcanism Program, 2013. Volcanoes of the World, v. 4.11.0. Venzke, E (ed.). Smithsonian Institution. Downloaded 20 Jun 2022. https://doi.org/10.5479/si.GVP.VOTW4-2013"
"973",Lavic Lake,brak danych,Stany Zjednoczone,pole wulkaniczne,brak dowodów na wybuch,bazalt / pikryt,strefa ryftowa / skorupa kontynentalna (>25 km),Wulkan,"Global Volcanism Program, 2013. Volcanoes of the World, v. 4.11.0. Venzke, E (ed.). Smithsonian Institution. Downloaded 20 Jun 2022. https://doi.org/10.5479/si.GVP.VOTW4-2013"
"1216",Pampa Luxsar,brak danych,Boliwia,pole wulkaniczne,brak dowodów na wybuch,andezyt / andezyt bazaltowy,strefa subdukcji / skorupa kontynentalna (>25 km),Wulkan,"Global Volcanism Program, 2013. Volcanoes of the World, v. 4.11.0. Venzke, E (ed.). Smithsonian Institution. Downloaded 20 Jun 2022. https://doi.org/10.5479/si.GVP.VOTW4-2013"
"1255",Comondu-La Purisima,brak danych,Meksyk,pole wulkaniczne,brak dowodów na wybuch,trachyandezyt / bazaltowy trachyandezyt,strefa ryftowa / skorupa kontynentalna (>25 km),Wulkan,"Global Volcanism Program, 2013. Volcanoes of the World, v. 4.11.0. Venzke, E (ed.). Smithsonian Institution. Downloaded 20 Jun 2022. https://doi.org/10.5479/si.GVP.VOTW4-2013"
"423",Olkoviy Volcanic Group,brak danych,Rosja,pole wulkaniczne,nieznana data wybuchu,bazalt / pikryt,strefa subdukcji / skorupa kontynentalna (>25 km),Wulkan,"Global Volcanism Program, 2013. Volcanoes of the World, v. 4.11.0. Venzke, E (ed.). Smithsonian Institution. Downloaded 20 Jun 2022. https://doi.org/10.5479/si.GVP.VOTW4-2013"
"438",Azas Plateau,brak danych,Rosja,pole wulkaniczne,nieznana data wybuchu,tefryt / trachybazalt,strefa ryftowa / skorupa kontynentalna (>25 km),Wulkan,"Global Volcanism Program, 2013. Volcanoes of the World, v. 4.11.0. Venzke, E (ed.). Smithsonian Institution. Downloaded 20 Jun 2022. https://doi.org/10.5479/si.GVP.VOTW4-2013"
"440",Khanuy Gol,brak danych,Mongolia,pole wulkaniczne,nieznana data wybuchu,trachyandezyt / bazaltowy trachyandezyt,strefa subdukcji / skorupa kontynentalna (>25 km),Wulkan,"Global Volcanism Program, 2013. Volcanoes of the World, v. 4.11.0. Venzke, E (ed.). Smithsonian Institution. Downloaded 20 Jun 2022. https://doi.org/10.5479/si.GVP.VOTW4-2013"
"75",Gufa,brak danych,Erytrea - Dżibuti,pole wulkaniczne,nieznana data wybuchu,bazalt / pikryt,strefa ryftowa / skorupa pośrednia (15-25 km),Wulkan,"Global Volcanism Program, 2013. Volcanoes of the World, v. 4.11.0. Venzke, E (ed.). Smithsonian Institution. Downloaded 20 Jun 2022. https://doi.org/10.5479/si.GVP.VOTW4-2013"
"76",Assab Volcanic Field,brak danych,Erytrea,pole wulkaniczne,nieznana data wybuchu,bazalt / pikryt,strefa ryftowa / skorupa pośrednia (15-25 km),Wulkan,"Global Volcanism Program, 2013. Volcanoes of the World, v. 4.11.0. Venzke, E (ed.). Smithsonian Institution. Downloaded 20 Jun 2022. https://doi.org/10.5479/si.GVP.VOTW4-2013"
"88",Beru,brak danych,Etiopia,pole wulkaniczne,nieznana data wybuchu,bazalt / pikryt,strefa ryftowa / skorupa kontynentalna (>25 km),Wulkan,"Global Volcanism Program, 2013. Volcanoes of the World, v. 4.11.0. Venzke, E (ed.). Smithsonian Institution. Downloaded 20 Jun 2022. https://doi.org/10.5479/si.GVP.VOTW4-2013"
"122",Ly Son Group,brak danych,Wietnam,pole wulkaniczne,nieznana data wybuchu,bazalt / pikryt,strefa subdukcji / skorupa kontynentalna (>25 km),Wulkan,"Global Volcanism Program, 2013. Volcanoes of the World, v. 4.11.0. Venzke, E (ed.). Smithsonian Institution. Downloaded 20 Jun 2022. https://doi.org/10.5479/si.GVP.VOTW4-2013"
"371",Tin Zaouatene Volcanic Field,brak danych,Mali,pole wulkaniczne,nieznana data wybuchu,tefryt / trachybazalt,strefa subdukcji / skorupa kontynentalna (>25 km),Wulkan,"Global Volcanism Program, 2013. Volcanoes of the World, v. 4.11.0. Venzke, E (ed.). Smithsonian Institution. Downloaded 20 Jun 2022. https://doi.org/10.5479/si.GVP.VOTW4-2013"
"375","Toh, Tarso",brak danych,Czad,pole wulkaniczne,nieznana data wybuchu,bazalt / pikryt,strefa subdukcji / skorupa kontynentalna (>25 km),Wulkan,"Global Volcanism Program, 2013. Volcanoes of the World, v. 4.11.0. Venzke, E (ed.). Smithsonian Institution. Downloaded 20 Jun 2022. https://doi.org/10.5479/si.GVP.VOTW4-2013"
"383",Sharat Kovakab,brak danych,Syria,pole wulkaniczne,nieznana data wybuchu,bazalt / pikryt,strefa ryftowa / skorupa kontynentalna (>25 km),Wulkan,"Global Volcanism Program, 2013. Volcanoes of the World, v. 4.11.0. Venzke, E (ed.). Smithsonian Institution. Downloaded 20 Jun 2022. https://doi.org/10.5479/si.GVP.VOTW4-2013"
"385","Rahah, Harrat ar",brak danych,Arabia Saudyjska,pole wulkaniczne,nieznana data wybuchu,bazalt / pikryt,strefa subdukcji / skorupa kontynentalna (>25 km),Wulkan,"Global Volcanism Program, 2013. Volcanoes of the World, v. 4.11.0. Venzke, E (ed.). Smithsonian Institution. Downloaded 20 Jun 2022. https://doi.org/10.5479/si.GVP.VOTW4-2013"
"388","Ithnayn, Harrat",brak danych,Arabia Saudyjska,pole wulkaniczne,nieznana data wybuchu,bazalt / pikryt,strefa subdukcji / skorupa kontynentalna (>25 km),Wulkan,"Global Volcanism Program, 2013. Volcanoes of the World, v. 4.11.0. Venzke, E (ed.). Smithsonian Institution. Downloaded 20 Jun 2022. https://doi.org/10.5479/si.GVP.VOTW4-2013"
"391","Kishb, Harrat",brak danych,Arabia Saudyjska,pole wulkaniczne,nieznana data wybuchu,tefryt / trachybazalt,strefa subdukcji / skorupa kontynentalna (>25 km),Wulkan,"Global Volcanism Program, 2013. Volcanoes of the World, v. 4.11.0. Venzke, E (ed.). Smithsonian Institution. Downloaded 20 Jun 2022. https://doi.org/10.5479/si.GVP.VOTW4-2013"
"392","Birk, Harrat al",brak danych,Arabia Saudyjska,pole wulkaniczne,nieznana data wybuchu,bazalt / pikryt,strefa subdukcji / skorupa kontynentalna (>25 km),Wulkan,"Global Volcanism Program, 2013. Volcanoes of the World, v. 4.11.0. Venzke, E (ed.). Smithsonian Institution. Downloaded 20 Jun 2022. https://doi.org/10.5479/si.GVP.VOTW4-2013"
"399","Bal Haf, Harra of",brak danych,Jemen,pole wulkaniczne,nieznana data wybuchu,bazalt / pikryt,strefa subdukcji / skorupa kontynentalna (>25 km),Wulkan,"Global Volcanism Program, 2013. Volcanoes of the World, v. 4.11.0. Venzke, E (ed.). Smithsonian Institution. Downloaded 20 Jun 2022. https://doi.org/10.5479/si.GVP.VOTW4-2013"
"410",Ambre-Bobaomby,brak danych,Madagaskar,pole wulkaniczne,nieznana data wybuchu,bazalt / pikryt,strefa subdukcji / skorupa kontynentalna (>25 km),Wulkan,"Global Volcanism Program, 2013. Volcanoes of the World, v. 4.11.0. Venzke, E (ed.). Smithsonian Institution. Downloaded 20 Jun 2022. https://doi.org/10.5479/si.GVP.VOTW4-2013"
"677",Managlase Plateau,brak danych,Papua - Nowa Gwinea,pole wulkaniczne,nieznana data wybuchu,tefryt / trachybazalt,strefa subdukcji / skorupa kontynentalna (>25 km),Wulkan,"Global Volcanism Program, 2013. Volcanoes of the World, v. 4.11.0. Venzke, E (ed.). Smithsonian Institution. Downloaded 20 Jun 2022. https://doi.org/10.5479/si.GVP.VOTW4-2013"
"742",Goodenough,brak danych,Papua - Nowa Gwinea,pole wulkaniczne,nieznana data wybuchu,andezyt / andezyt bazaltowy,strefa subdukcji / skorupa kontynentalna (>25 km),Wulkan,"Global Volcanism Program, 2013. Volcanoes of the World, v. 4.11.0. Venzke, E (ed.). Smithsonian Institution. Downloaded 20 Jun 2022. https://doi.org/10.5479/si.GVP.VOTW4-2013"
"919",Duncan Canal,brak danych,Stany Zjednoczone,pole wulkaniczne,nieznana data wybuchu,bazalt / pikryt,strefa subdukcji / skorupa kontynentalna (>25 km),Wulkan,"Global Volcanism Program, 2013. Volcanoes of the World, v. 4.11.0. Venzke, E (ed.). Smithsonian Institution. Downloaded 20 Jun 2022. https://doi.org/10.5479/si.GVP.VOTW4-2013"
"920",Tlevak Strait-Suemez Is.,brak danych,Stany Zjednoczone,pole wulkaniczne,nieznana data wybuchu,bazalt / pikryt,strefa subdukcji / skorupa kontynentalna (>25 km),Wulkan,"Global Volcanism Program, 2013. Volcanoes of the World, v. 4.11.0. Venzke, E (ed.). Smithsonian Institution. Downloaded 20 Jun 2022. https://doi.org/10.5479/si.GVP.VOTW4-2013"
"925",Tuya Volcanic Field,brak danych,Kanada,pole wulkaniczne,nieznana data wybuchu,bazalt / pikryt,strefa subdukcji / skorupa kontynentalna (>25 km),Wulkan,"Global Volcanism Program, 2013. Volcanoes of the World, v. 4.11.0. Venzke, E (ed.). Smithsonian Institution. Downloaded 20 Jun 2022. https://doi.org/10.5479/si.GVP.VOTW4-2013"
"938",Bridge River Cones,brak danych,Kanada,pole wulkaniczne,nieznana data wybuchu,bazalt / pikryt,strefa subdukcji / skorupa kontynentalna (>25 km),Wulkan,"Global Volcanism Program, 2013. Volcanoes of the World, v. 4.11.0. Venzke, E (ed.). Smithsonian Institution. Downloaded 20 Jun 2022. https://doi.org/10.5479/si.GVP.VOTW4-2013"
"940",Garibaldi Lake,brak danych,Kanada,pole wulkaniczne,nieznana data wybuchu,andezyt / andezyt bazaltowy,strefa subdukcji / skorupa kontynentalna (>25 km),Wulkan,"Global Volcanism Program, 2013. Volcanoes of the World, v. 4.11.0. Venzke, E (ed.). Smithsonian Institution. Downloaded 20 Jun 2022. https://doi.org/10.5479/si.GVP.VOTW4-2013"
"942",Cayley Volcanic Field,brak danych,Kanada,pole wulkaniczne,nieznana data wybuchu,andezyt / andezyt bazaltowy,strefa subdukcji / skorupa kontynentalna (>25 km),Wulkan,"Global Volcanism Program, 2013. Volcanoes of the World, v. 4.11.0. Venzke, E (ed.). Smithsonian Institution. Downloaded 20 Jun 2022. https://doi.org/10.5479/si.GVP.VOTW4-2013"
"967",Clear Lake,brak danych,Stany Zjednoczone,pole wulkaniczne,nieznana data wybuchu,dacyt,strefa subdukcji / skorupa kontynentalna (>25 km),Wulkan,"Global Volcanism Program, 2013. Volcanoes of the World, v. 4.11.0. Venzke, E (ed.). Smithsonian Institution. Downloaded 20 Jun 2022. https://doi.org/10.5479/si.GVP.VOTW4-2013"
"1278","Gloria, La",brak danych,Meksyk,pole wulkaniczne,nieznana data wybuchu,andezyt / andezyt bazaltowy,strefa subdukcji / skorupa kontynentalna (>25 km),Wulkan,"Global Volcanism Program, 2013. Volcanoes of the World, v. 4.11.0. Venzke, E (ed.). Smithsonian Institution. Downloaded 20 Jun 2022. https://doi.org/10.5479/si.GVP.VOTW4-2013"
"1293",Cuilapa-Barbarena,brak danych,Gwatemala,pole wulkaniczne,nieznana data wybuchu,bazalt / pikryt,strefa subdukcji / skorupa kontynentalna (>25 km),Wulkan,"Global Volcanism Program, 2013. Volcanoes of the World, v. 4.11.0. Venzke, E (ed.). Smithsonian Institution. Downloaded 20 Jun 2022. https://doi.org/10.5479/si.GVP.VOTW4-2013"
"1297",Flores,brak danych,Gwatemala,pole wulkaniczne,nieznana data wybuchu,bazalt / pikryt,strefa subdukcji / skorupa kontynentalna (>25 km),Wulkan,"Global Volcanism Program, 2013. Volcanoes of the World, v. 4.11.0. Venzke, E (ed.). Smithsonian Institution. Downloaded 20 Jun 2022. https://doi.org/10.5479/si.GVP.VOTW4-2013"
"1299","Santiago, Cerro",brak danych,Gwatemala,pole wulkaniczne,nieznana data wybuchu,bazalt / pikryt,strefa subdukcji / skorupa kontynentalna (>25 km),Wulkan,"Global Volcanism Program, 2013. Volcanoes of the World, v. 4.11.0. Venzke, E (ed.). Smithsonian Institution. Downloaded 20 Jun 2022. https://doi.org/10.5479/si.GVP.VOTW4-2013"
"1305",Quezaltepeque,brak danych,Gwatemala,pole wulkaniczne,nieznana data wybuchu,bazalt / pikryt,strefa subdukcji / skorupa kontynentalna (>25 km),Wulkan,"Global Volcanism Program, 2013. Volcanoes of the World, v. 4.11.0. Venzke, E (ed.). Smithsonian Institution. Downloaded 20 Jun 2022. https://doi.org/10.5479/si.GVP.VOTW4-2013"
"1306",San Diego,brak danych,Salwador - Gwatemala,pole wulkaniczne,nieznana data wybuchu,bazalt / pikryt,strefa subdukcji / skorupa kontynentalna (>25 km),Wulkan,"Global Volcanism Program, 2013. Volcanoes of the World, v. 4.11.0. Venzke, E (ed.). Smithsonian Institution. Downloaded 20 Jun 2022. https://doi.org/10.5479/si.GVP.VOTW4-2013"
"1313","Cinotepeque, Cerro",brak danych,Salwador,pole wulkaniczne,nieznana data wybuchu,"-",strefa subdukcji / skorupa kontynentalna (>25 km),Wulkan,"Global Volcanism Program, 2013. Volcanoes of the World, v. 4.11.0. Venzke, E (ed.). Smithsonian Institution. Downloaded 20 Jun 2022. https://doi.org/10.5479/si.GVP.VOTW4-2013"
"1317",Apastepeque Field,brak danych,Salwador,pole wulkaniczne,nieznana data wybuchu,dacyt,strefa subdukcji / skorupa kontynentalna (>25 km),Wulkan,"Global Volcanism Program, 2013. Volcanoes of the World, v. 4.11.0. Venzke, E (ed.). Smithsonian Institution. Downloaded 20 Jun 2022. https://doi.org/10.5479/si.GVP.VOTW4-2013"
"1327","Yojoa, Lake",brak danych,Honduras,pole wulkaniczne,nieznana data wybuchu,tefryt / trachybazalt,strefa subdukcji / skorupa kontynentalna (>25 km),Wulkan,"Global Volcanism Program, 2013. Volcanoes of the World, v. 4.11.0. Venzke, E (ed.). Smithsonian Institution. Downloaded 20 Jun 2022. https://doi.org/10.5479/si.GVP.VOTW4-2013"
"1388","Blanca, Laguna",brak danych,Argentyna,pole wulkaniczne,nieznana data wybuchu,bazalt / pikryt,strefa subdukcji / skorupa kontynentalna (>25 km),Wulkan,"Global Volcanism Program, 2013. Volcanoes of the World, v. 4.11.0. Venzke, E (ed.). Smithsonian Institution. Downloaded 20 Jun 2022. https://doi.org/10.5479/si.GVP.VOTW4-2013"
"1427",Meullin,brak danych,Chile,pole wulkaniczne,nieznana data wybuchu,bazalt / pikryt,strefa subdukcji / skorupa kontynentalna (>25 km),Wulkan,"Global Volcanism Program, 2013. Volcanoes of the World, v. 4.11.0. Venzke, E (ed.). Smithsonian Institution. Downloaded 20 Jun 2022. https://doi.org/10.5479/si.GVP.VOTW4-2013"
"1274","Humeros, Los",4470 p.n.e.,Meksyk,kaldera,erupcja datowana,ryolit,strefa subdukcji / skorupa kontynentalna (>25 km),Wulkan,"Global Volcanism Program, 2013. Volcanoes of the World, v. 4.11.0. Venzke, E (ed.). Smithsonian Institution. Downloaded 20 Jun 2022. https://doi.org/10.5479/si.GVP.VOTW4-2013"
"545",Taupo,"260",Nowa Zelandia,kaldera,erupcja datowana,ryolit,strefa subdukcji / skorupa kontynentalna (>25 km),Wulkan,"Global Volcanism Program, 2013. Volcanoes of the World, v. 4.11.0. Venzke, E (ed.). Smithsonian Institution. Downloaded 20 Jun 2022. https://doi.org/10.5479/si.GVP.VOTW4-2013"
"569",Tofua,"2014",Tonga,kaldera,erupcja zaobserwowana,andezyt / andezyt bazaltowy,strefa subdukcji / skorupa oceaniczna (< 15 km),Wulkan,"Global Volcanism Program, 2013. Volcanoes of the World, v. 4.11.0. Venzke, E (ed.). Smithsonian Institution. Downloaded 20 Jun 2022. https://doi.org/10.5479/si.GVP.VOTW4-2013"
"6",Vulsini,104 p.n.e.,Włochy,kaldera,erupcja zaobserwowana,trachit,strefa subdukcji / skorupa kontynentalna (>25 km),Wulkan,"Global Volcanism Program, 2013. Volcanoes of the World, v. 4.11.0. Venzke, E (ed.). Smithsonian Institution. Downloaded 20 Jun 2022. https://doi.org/10.5479/si.GVP.VOTW4-2013"
"8",Campi Flegrei,"1538",Włochy,kaldera,erupcja zaobserwowana,trachit,strefa subdukcji / skorupa kontynentalna (>25 km),Wulkan,"Global Volcanism Program, 2013. Volcanoes of the World, v. 4.11.0. Venzke, E (ed.). Smithsonian Institution. Downloaded 20 Jun 2022. https://doi.org/10.5479/si.GVP.VOTW4-2013"
"89",Kone,"1820",Etiopia,kaldera,erupcja zaobserwowana,ryolit,strefa ryftowa / skorupa kontynentalna (>25 km),Wulkan,"Global Volcanism Program, 2013. Volcanoes of the World, v. 4.11.0. Venzke, E (ed.). Smithsonian Institution. Downloaded 20 Jun 2022. https://doi.org/10.5479/si.GVP.VOTW4-2013"
"671",Banda Api,"1988",Indonezja,kaldera,erupcja zaobserwowana,dacyt,strefa subdukcji / skorupa oceaniczna (< 15 km),Wulkan,"Global Volcanism Program, 2013. Volcanoes of the World, v. 4.11.0. Venzke, E (ed.). Smithsonian Institution. Downloaded 20 Jun 2022. https://doi.org/10.5479/si.GVP.VOTW4-2013"
"849",Singkut,"1881",Indonezja,kaldera,erupcja zaobserwowana,andezyt / andezyt bazaltowy,strefa subdukcji / skorupa kontynentalna (>25 km),Wulkan,"Global Volcanism Program, 2013. Volcanoes of the World, v. 4.11.0. Venzke, E (ed.). Smithsonian Institution. Downloaded 20 Jun 2022. https://doi.org/10.5479/si.GVP.VOTW4-2013"
"870",Suoh,"1933",Indonezja,kaldera,erupcja zaobserwowana,"-",strefa subdukcji / skorupa kontynentalna (>25 km),Wulkan,"Global Volcanism Program, 2013. Volcanoes of the World, v. 4.11.0. Venzke, E (ed.). Smithsonian Institution. Downloaded 20 Jun 2022. https://doi.org/10.5479/si.GVP.VOTW4-2013"
"143",Kikai,"2013",Japonia,kaldera,erupcja zaobserwowana,ryolit,strefa subdukcji / skorupa oceaniczna (< 15 km),Wulkan,"Global Volcanism Program, 2013. Volcanoes of the World, v. 4.11.0. Venzke, E (ed.). Smithsonian Institution. Downloaded 20 Jun 2022. https://doi.org/10.5479/si.GVP.VOTW4-2013"
"144",Ata,"885",Japonia,kaldera,erupcja zaobserwowana,andezyt / andezyt bazaltowy,strefa subdukcji / skorupa kontynentalna (>25 km),Wulkan,"Global Volcanism Program, 2013. Volcanoes of the World, v. 4.11.0. Venzke, E (ed.). Smithsonian Institution. Downloaded 20 Jun 2022. https://doi.org/10.5479/si.GVP.VOTW4-2013"
"145",Aira,"2018",Japonia,kaldera,erupcja zaobserwowana,andezyt / andezyt bazaltowy,strefa subdukcji / skorupa kontynentalna (>25 km),Wulkan,"Global Volcanism Program, 2013. Volcanoes of the World, v. 4.11.0. Venzke, E (ed.). Smithsonian Institution. Downloaded 20 Jun 2022. https://doi.org/10.5479/si.GVP.VOTW4-2013"
"150",Asosan,"2016",Japonia,kaldera,erupcja zaobserwowana,andezyt / andezyt bazaltowy,strefa subdukcji / skorupa kontynentalna (>25 km),Wulkan,"Global Volcanism Program, 2013. Volcanoes of the World, v. 4.11.0. Venzke, E (ed.). Smithsonian Institution. Downloaded 20 Jun 2022. https://doi.org/10.5479/si.GVP.VOTW4-2013"
"186",Naruko,"837",Japonia,kaldera,erupcja zaobserwowana,ryolit,strefa subdukcji / skorupa kontynentalna (>25 km),Wulkan,"Global Volcanism Program, 2013. Volcanoes of the World, v. 4.11.0. Venzke, E (ed.). Smithsonian Institution. Downloaded 20 Jun 2022. https://doi.org/10.5479/si.GVP.VOTW4-2013"
"195",Towada,"915",Japonia,kaldera,erupcja zaobserwowana,andezyt / andezyt bazaltowy,strefa subdukcji / skorupa kontynentalna (>25 km),Wulkan,"Global Volcanism Program, 2013. Volcanoes of the World, v. 4.11.0. Venzke, E (ed.). Smithsonian Institution. Downloaded 20 Jun 2022. https://doi.org/10.5479/si.GVP.VOTW4-2013"
"217",Nishinoshima,"2017",Japonia,kaldera,erupcja zaobserwowana,andezyt / andezyt bazaltowy,strefa subdukcji / grubość skorupy nieznana,Wulkan,"Global Volcanism Program, 2013. Volcanoes of the World, v. 4.11.0. Venzke, E (ed.). Smithsonian Institution. Downloaded 20 Jun 2022. https://doi.org/10.5479/si.GVP.VOTW4-2013"
"221",Ioto,"2012",Japonia,kaldera,erupcja zaobserwowana,trachyandezyt / bazaltowy trachyandezyt,strefa subdukcji / grubość skorupy nieznana,Wulkan,"Global Volcanism Program, 2013. Volcanoes of the World, v. 4.11.0. Venzke, E (ed.). Smithsonian Institution. Downloaded 20 Jun 2022. https://doi.org/10.5479/si.GVP.VOTW4-2013"
"961",Crater Lake,2850 p.n.e.,Stany Zjednoczone,kaldera,erupcja datowana,dacyt,strefa subdukcji / skorupa kontynentalna (>25 km),Wulkan,"Global Volcanism Program, 2013. Volcanoes of the World, v. 4.11.0. Venzke, E (ed.). Smithsonian Institution. Downloaded 20 Jun 2022. https://doi.org/10.5479/si.GVP.VOTW4-2013"
"621",Lolobau,"1912",Papua - Nowa Gwinea,kaldera,erupcja zaobserwowana,bazalt / pikryt,strefa subdukcji / skorupa kontynentalna (>25 km),Wulkan,"Global Volcanism Program, 2013. Volcanoes of the World, v. 4.11.0. Venzke, E (ed.). Smithsonian Institution. Downloaded 20 Jun 2022. https://doi.org/10.5479/si.GVP.VOTW4-2013"
"312",Kurile Lake,6440 p.n.e.,Rosja,kaldera,erupcja datowana,dacyt,strefa subdukcji / skorupa kontynentalna (>25 km),Wulkan,"Global Volcanism Program, 2013. Volcanoes of the World, v. 4.11.0. Venzke, E (ed.). Smithsonian Institution. Downloaded 20 Jun 2022. https://doi.org/10.5479/si.GVP.VOTW4-2013"
"258",Shikotsu,"1979",Japonia,kaldera,erupcja zaobserwowana,andezyt / andezyt bazaltowy,strefa subdukcji / skorupa kontynentalna (>25 km),Wulkan,"Global Volcanism Program, 2013. Volcanoes of the World, v. 4.11.0. Venzke, E (ed.). Smithsonian Institution. Downloaded 20 Jun 2022. https://doi.org/10.5479/si.GVP.VOTW4-2013"
"979",Yellowstone,1350 p.n.e.,Stany Zjednoczone,kaldera,erupcja datowana,ryolit,strefa ryftowa / skorupa kontynentalna (>25 km),Wulkan,"Global Volcanism Program, 2013. Volcanoes of the World, v. 4.11.0. Venzke, E (ed.). Smithsonian Institution. Downloaded 20 Jun 2022. https://doi.org/10.5479/si.GVP.VOTW4-2013"
"263",Akan,"2008",Japonia,kaldera,erupcja zaobserwowana,andezyt / andezyt bazaltowy,strefa subdukcji / skorupa kontynentalna (>25 km),Wulkan,"Global Volcanism Program, 2013. Volcanoes of the World, v. 4.11.0. Venzke, E (ed.). Smithsonian Institution. Downloaded 20 Jun 2022. https://doi.org/10.5479/si.GVP.VOTW4-2013"
"264",Kussharo,"1320",Japonia,kaldera,erupcja datowana,dacyt,strefa subdukcji / skorupa kontynentalna (>25 km),Wulkan,"Global Volcanism Program, 2013. Volcanoes of the World, v. 4.11.0. Venzke, E (ed.). Smithsonian Institution. Downloaded 20 Jun 2022. https://doi.org/10.5479/si.GVP.VOTW4-2013"
"265",Mashu,"1080",Japonia,kaldera,erupcja datowana,andezyt / andezyt bazaltowy,strefa subdukcji / skorupa kontynentalna (>25 km),Wulkan,"Global Volcanism Program, 2013. Volcanoes of the World, v. 4.11.0. Venzke, E (ed.). Smithsonian Institution. Downloaded 20 Jun 2022. https://doi.org/10.5479/si.GVP.VOTW4-2013"
"269",Tomariyama [Golovnin],"1848",Japonia,kaldera,erupcja zaobserwowana,andezyt / andezyt bazaltowy,strefa subdukcji / skorupa oceaniczna (< 15 km),Wulkan,"Global Volcanism Program, 2013. Volcanoes of the World, v. 4.11.0. Venzke, E (ed.). Smithsonian Institution. Downloaded 20 Jun 2022. https://doi.org/10.5479/si.GVP.VOTW4-2013"
"616",Witori,"2012",Papua - Nowa Gwinea,kaldera,erupcja zaobserwowana,dacyt,strefa subdukcji / skorupa kontynentalna (>25 km),Wulkan,"Global Volcanism Program, 2013. Volcanoes of the World, v. 4.11.0. Venzke, E (ed.). Smithsonian Institution. Downloaded 20 Jun 2022. https://doi.org/10.5479/si.GVP.VOTW4-2013"
"1018",Qualibou,"1766",Saint Lucia,kaldera,erupcja zaobserwowana,andezyt / andezyt bazaltowy,strefa subdukcji / skorupa oceaniczna (< 15 km),Wulkan,"Global Volcanism Program, 2013. Volcanoes of the World, v. 4.11.0. Venzke, E (ed.). Smithsonian Institution. Downloaded 20 Jun 2022. https://doi.org/10.5479/si.GVP.VOTW4-2013"
"289",Chirpoi,"2016",Rosja,kaldera,erupcja zaobserwowana,andezyt / andezyt bazaltowy,strefa subdukcji / skorupa oceaniczna (< 15 km),Wulkan,"Global Volcanism Program, 2013. Volcanoes of the World, v. 4.11.0. Venzke, E (ed.). Smithsonian Institution. Downloaded 20 Jun 2022. https://doi.org/10.5479/si.GVP.VOTW4-2013"
"292",Zavaritzki Caldera,"1957",Rosja,kaldera,erupcja zaobserwowana,andezyt / andezyt bazaltowy,strefa subdukcji / skorupa oceaniczna (< 15 km),Wulkan,"Global Volcanism Program, 2013. Volcanoes of the World, v. 4.11.0. Venzke, E (ed.). Smithsonian Institution. Downloaded 20 Jun 2022. https://doi.org/10.5479/si.GVP.VOTW4-2013"
"296",Ushishur,"1884",Rosja,kaldera,erupcja zaobserwowana,andezyt / andezyt bazaltowy,strefa subdukcji / skorupa oceaniczna (< 15 km),Wulkan,"Global Volcanism Program, 2013. Volcanoes of the World, v. 4.11.0. Venzke, E (ed.). Smithsonian Institution. Downloaded 20 Jun 2022. https://doi.org/10.5479/si.GVP.VOTW4-2013"
"1041",Grimsvotn,"2011",Islandia,kaldera,erupcja zaobserwowana,bazalt / pikryt,strefa ryftowa / skorupa oceaniczna (< 15 km),Wulkan,"Global Volcanism Program, 2013. Volcanoes of the World, v. 4.11.0. Venzke, E (ed.). Smithsonian Institution. Downloaded 20 Jun 2022. https://doi.org/10.5479/si.GVP.VOTW4-2013"
"1047",Krafla,"1984",Islandia,kaldera,erupcja zaobserwowana,bazalt / pikryt,strefa ryftowa / skorupa oceaniczna (< 15 km),Wulkan,"Global Volcanism Program, 2013. Volcanoes of the World, v. 4.11.0. Venzke, E (ed.). Smithsonian Institution. Downloaded 20 Jun 2022. https://doi.org/10.5479/si.GVP.VOTW4-2013"
"306",Nemo Peak,"1938",Rosja,kaldera,erupcja zaobserwowana,andezyt / andezyt bazaltowy,strefa subdukcji / skorupa oceaniczna (< 15 km),Wulkan,"Global Volcanism Program, 2013. Volcanoes of the World, v. 4.11.0. Venzke, E (ed.). Smithsonian Institution. Downloaded 20 Jun 2022. https://doi.org/10.5479/si.GVP.VOTW4-2013"
"349",Ngozi,"1450",Tanzania,kaldera,erupcja datowana,trachit,strefa ryftowa / skorupa kontynentalna (>25 km),Wulkan,"Global Volcanism Program, 2013. Volcanoes of the World, v. 4.11.0. Venzke, E (ed.). Smithsonian Institution. Downloaded 20 Jun 2022. https://doi.org/10.5479/si.GVP.VOTW4-2013"
"1100",Deception Island,"1970",Antarktyda,kaldera,erupcja zaobserwowana,bazalt / pikryt,strefa subdukcji / skorupa kontynentalna (>25 km),Wulkan,"Global Volcanism Program, 2013. Volcanoes of the World, v. 4.11.0. Venzke, E (ed.). Smithsonian Institution. Downloaded 20 Jun 2022. https://doi.org/10.5479/si.GVP.VOTW4-2013"
"1120",Masaya,"2018",Nikaragua,kaldera,erupcja zaobserwowana,bazalt / pikryt,strefa subdukcji / skorupa kontynentalna (>25 km),Wulkan,"Global Volcanism Program, 2013. Volcanoes of the World, v. 4.11.0. Venzke, E (ed.). Smithsonian Institution. Downloaded 20 Jun 2022. https://doi.org/10.5479/si.GVP.VOTW4-2013"
"1158",Cuicocha,"650",Ekwador,kaldera,erupcja datowana,dacyt,strefa subdukcji / skorupa kontynentalna (>25 km),Wulkan,"Global Volcanism Program, 2013. Volcanoes of the World, v. 4.11.0. Venzke, E (ed.). Smithsonian Institution. Downloaded 20 Jun 2022. https://doi.org/10.5479/si.GVP.VOTW4-2013"
"1163",Pululahua,"290",Ekwador,kaldera,erupcja datowana,dacyt,strefa subdukcji / skorupa kontynentalna (>25 km),Wulkan,"Global Volcanism Program, 2013. Volcanoes of the World, v. 4.11.0. Venzke, E (ed.). Smithsonian Institution. Downloaded 20 Jun 2022. https://doi.org/10.5479/si.GVP.VOTW4-2013"
"1166",Chacana,"1773",Ekwador,kaldera,erupcja zaobserwowana,ryolit,strefa subdukcji / skorupa kontynentalna (>25 km),Wulkan,"Global Volcanism Program, 2013. Volcanoes of the World, v. 4.11.0. Venzke, E (ed.). Smithsonian Institution. Downloaded 20 Jun 2022. https://doi.org/10.5479/si.GVP.VOTW4-2013"
"1172",Quilotoa,"1280",Ekwador,kaldera,erupcja datowana,dacyt,strefa subdukcji / skorupa kontynentalna (>25 km),Wulkan,"Global Volcanism Program, 2013. Volcanoes of the World, v. 4.11.0. Venzke, E (ed.). Smithsonian Institution. Downloaded 20 Jun 2022. https://doi.org/10.5479/si.GVP.VOTW4-2013"
"508",Aniakchak,"1931",Stany Zjednoczone,kaldera,erupcja zaobserwowana,andezyt / andezyt bazaltowy,strefa subdukcji / skorupa kontynentalna (>25 km),Wulkan,"Global Volcanism Program, 2013. Volcanoes of the World, v. 4.11.0. Venzke, E (ed.). Smithsonian Institution. Downloaded 20 Jun 2022. https://doi.org/10.5479/si.GVP.VOTW4-2013"
"1265",Zitacuaro-Valle de Bravo,3050 p.n.e.,Meksyk,kaldera,erupcja datowana,dacyt,strefa subdukcji / skorupa kontynentalna (>25 km),Wulkan,"Global Volcanism Program, 2013. Volcanoes of the World, v. 4.11.0. Venzke, E (ed.). Smithsonian Institution. Downloaded 20 Jun 2022. https://doi.org/10.5479/si.GVP.VOTW4-2013"
"623",Tavui,4946 p.n.e.,Papua - Nowa Gwinea,kaldera,erupcja datowana,ryolit,strefa subdukcji / skorupa kontynentalna (>25 km),Wulkan,"Global Volcanism Program, 2013. Volcanoes of the World, v. 4.11.0. Venzke, E (ed.). Smithsonian Institution. Downloaded 20 Jun 2022. https://doi.org/10.5479/si.GVP.VOTW4-2013"
"519",Novarupta,"1912",Stany Zjednoczone,kaldera,erupcja zaobserwowana,ryolit,strefa subdukcji / skorupa kontynentalna (>25 km),Wulkan,"Global Volcanism Program, 2013. Volcanoes of the World, v. 4.11.0. Venzke, E (ed.). Smithsonian Institution. Downloaded 20 Jun 2022. https://doi.org/10.5479/si.GVP.VOTW4-2013"
"542",Reporoa,"1180",Nowa Zelandia,kaldera,erupcja datowana,ryolit,strefa subdukcji / skorupa kontynentalna (>25 km),Wulkan,"Global Volcanism Program, 2013. Volcanoes of the World, v. 4.11.0. Venzke, E (ed.). Smithsonian Institution. Downloaded 20 Jun 2022. https://doi.org/10.5479/si.GVP.VOTW4-2013"
"1315",Ilopango,"1880",Salwador,kaldera,erupcja zaobserwowana,dacyt,strefa subdukcji / skorupa kontynentalna (>25 km),Wulkan,"Global Volcanism Program, 2013. Volcanoes of the World, v. 4.11.0. Venzke, E (ed.). Smithsonian Institution. Downloaded 20 Jun 2022. https://doi.org/10.5479/si.GVP.VOTW4-2013"
"559",Macauley,4360 p.n.e.,Nowa Zelandia,kaldera,erupcja datowana,bazalt / pikryt,strefa subdukcji / skorupa oceaniczna (< 15 km),Wulkan,"Global Volcanism Program, 2013. Volcanoes of the World, v. 4.11.0. Venzke, E (ed.). Smithsonian Institution. Downloaded 20 Jun 2022. https://doi.org/10.5479/si.GVP.VOTW4-2013"
"611",Dakataua,"1895",Papua - Nowa Gwinea,kaldera,erupcja datowana,andezyt / andezyt bazaltowy,strefa subdukcji / skorupa kontynentalna (>25 km),Wulkan,"Global Volcanism Program, 2013. Volcanoes of the World, v. 4.11.0. Venzke, E (ed.). Smithsonian Institution. Downloaded 20 Jun 2022. https://doi.org/10.5479/si.GVP.VOTW4-2013"
"629",Gorely,"2010",Rosja,kaldera,erupcja zaobserwowana,bazalt / pikryt,strefa subdukcji / skorupa kontynentalna (>25 km),Wulkan,"Global Volcanism Program, 2013. Volcanoes of the World, v. 4.11.0. Venzke, E (ed.). Smithsonian Institution. Downloaded 20 Jun 2022. https://doi.org/10.5479/si.GVP.VOTW4-2013"
"631",Opala,"1776",Rosja,kaldera,erupcja zaobserwowana,bazalt / pikryt,strefa subdukcji / skorupa kontynentalna (>25 km),Wulkan,"Global Volcanism Program, 2013. Volcanoes of the World, v. 4.11.0. Venzke, E (ed.). Smithsonian Institution. Downloaded 20 Jun 2022. https://doi.org/10.5479/si.GVP.VOTW4-2013"
"641",Batur,"2000",Indonezja,kaldera,erupcja zaobserwowana,andezyt / andezyt bazaltowy,strefa subdukcji / skorupa kontynentalna (>25 km),Wulkan,"Global Volcanism Program, 2013. Volcanoes of the World, v. 4.11.0. Venzke, E (ed.). Smithsonian Institution. Downloaded 20 Jun 2022. https://doi.org/10.5479/si.GVP.VOTW4-2013"
"1356","Blanco, Cerro",2300 p.n.e.,Argentyna,kaldera,erupcja datowana,ryolit,strefa subdukcji / skorupa kontynentalna (>25 km),Wulkan,"Global Volcanism Program, 2013. Volcanoes of the World, v. 4.11.0. Venzke, E (ed.). Smithsonian Institution. Downloaded 20 Jun 2022. https://doi.org/10.5479/si.GVP.VOTW4-2013"
"646","Sano, Wai",brak danych,Indonezja,kaldera,nieznana data wybuchu,dacyt,strefa subdukcji / skorupa kontynentalna (>25 km),Wulkan,"Global Volcanism Program, 2013. Volcanoes of the World, v. 4.11.0. Venzke, E (ed.). Smithsonian Institution. Downloaded 20 Jun 2022. https://doi.org/10.5479/si.GVP.VOTW4-2013"
"1361",Maipo,"1912",Chile - Argentyna,kaldera,erupcja zaobserwowana,trachyandezyt / bazaltowy trachyandezyt,strefa subdukcji / skorupa kontynentalna (>25 km),Wulkan,"Global Volcanism Program, 2013. Volcanoes of the World, v. 4.11.0. Venzke, E (ed.). Smithsonian Institution. Downloaded 20 Jun 2022. https://doi.org/10.5479/si.GVP.VOTW4-2013"
"1371","Maule, Laguna del",50 p.n.e.,Chile,kaldera,erupcja datowana,andezyt / andezyt bazaltowy,strefa subdukcji / skorupa kontynentalna (>25 km),Wulkan,"Global Volcanism Program, 2013. Volcanoes of the World, v. 4.11.0. Venzke, E (ed.). Smithsonian Institution. Downloaded 20 Jun 2022. https://doi.org/10.5479/si.GVP.VOTW4-2013"
"1390",Sollipulli,"1240",Chile,kaldera,erupcja datowana,andezyt / andezyt bazaltowy,strefa subdukcji / skorupa kontynentalna (>25 km),Wulkan,"Global Volcanism Program, 2013. Volcanoes of the World, v. 4.11.0. Venzke, E (ed.). Smithsonian Institution. Downloaded 20 Jun 2022. https://doi.org/10.5479/si.GVP.VOTW4-2013"
"1412",Chaiten,"2011",Chile,kaldera,erupcja zaobserwowana,ryolit,strefa subdukcji / skorupa kontynentalna (>25 km),Wulkan,"Global Volcanism Program, 2013. Volcanoes of the World, v. 4.11.0. Venzke, E (ed.). Smithsonian Institution. Downloaded 20 Jun 2022. https://doi.org/10.5479/si.GVP.VOTW4-2013"
"29",Acigol-Nevsehir,2080 p.n.e.,Turcja,kaldera,erupcja datowana,ryolit,strefa subdukcji / skorupa kontynentalna (>25 km),Wulkan,"Global Volcanism Program, 2013. Volcanoes of the World, v. 4.11.0. Venzke, E (ed.). Smithsonian Institution. Downloaded 20 Jun 2022. https://doi.org/10.5479/si.GVP.VOTW4-2013"
"749",Maly Semyachik,"1952",Rosja,kaldera,erupcja zaobserwowana,bazalt / pikryt,strefa subdukcji / skorupa kontynentalna (>25 km),Wulkan,"Global Volcanism Program, 2013. Volcanoes of the World, v. 4.11.0. Venzke, E (ed.). Smithsonian Institution. Downloaded 20 Jun 2022. https://doi.org/10.5479/si.GVP.VOTW4-2013"
"752",Uzon,"200",Rosja,kaldera,erupcja datowana,andezyt / andezyt bazaltowy,strefa subdukcji / skorupa kontynentalna (>25 km),Wulkan,"Global Volcanism Program, 2013. Volcanoes of the World, v. 4.11.0. Venzke, E (ed.). Smithsonian Institution. Downloaded 20 Jun 2022. https://doi.org/10.5479/si.GVP.VOTW4-2013"
"754",Krasheninnikov,"1550",Rosja,kaldera,erupcja datowana,bazalt / pikryt,strefa subdukcji / skorupa kontynentalna (>25 km),Wulkan,"Global Volcanism Program, 2013. Volcanoes of the World, v. 4.11.0. Venzke, E (ed.). Smithsonian Institution. Downloaded 20 Jun 2022. https://doi.org/10.5479/si.GVP.VOTW4-2013"
"583",Niuatahi,brak danych,Tonga,kaldera,holocen,"-",strefa subdukcji / skorupa oceaniczna (< 15 km),Wulkan,"Global Volcanism Program, 2013. Volcanoes of the World, v. 4.11.0. Venzke, E (ed.). Smithsonian Institution. Downloaded 20 Jun 2022. https://doi.org/10.5479/si.GVP.VOTW4-2013"
"544",Maroa,"180",Nowa Zelandia,kaldera,erupcja datowana,ryolit,strefa subdukcji / skorupa kontynentalna (>25 km),Wulkan,"Global Volcanism Program, 2013. Volcanoes of the World, v. 4.11.0. Venzke, E (ed.). Smithsonian Institution. Downloaded 20 Jun 2022. https://doi.org/10.5479/si.GVP.VOTW4-2013"
"317",Hobicha Caldera,brak danych,Etiopia,kaldera,brak dowodów na wybuch,bazalt / pikryt,strefa subdukcji / skorupa kontynentalna (>25 km),Wulkan,"Global Volcanism Program, 2013. Volcanoes of the World, v. 4.11.0. Venzke, E (ed.). Smithsonian Institution. Downloaded 20 Jun 2022. https://doi.org/10.5479/si.GVP.VOTW4-2013"
"7",Colli Albani,brak danych,Włochy,kaldera,brak dowodów na wybuch,foidyt,strefa subdukcji / skorupa kontynentalna (>25 km),Wulkan,"Global Volcanism Program, 2013. Volcanoes of the World, v. 4.11.0. Venzke, E (ed.). Smithsonian Institution. Downloaded 20 Jun 2022. https://doi.org/10.5479/si.GVP.VOTW4-2013"
"868",Ranau,brak danych,Indonezja,kaldera,brak dowodów na wybuch,dacyt,strefa subdukcji / skorupa kontynentalna (>25 km),Wulkan,"Global Volcanism Program, 2013. Volcanoes of the World, v. 4.11.0. Venzke, E (ed.). Smithsonian Institution. Downloaded 20 Jun 2022. https://doi.org/10.5479/si.GVP.VOTW4-2013"
"851",Toba,brak danych,Indonezja,kaldera,nieznana data wybuchu,dacyt,strefa subdukcji / skorupa kontynentalna (>25 km),Wulkan,"Global Volcanism Program, 2013. Volcanoes of the World, v. 4.11.0. Venzke, E (ed.). Smithsonian Institution. Downloaded 20 Jun 2022. https://doi.org/10.5479/si.GVP.VOTW4-2013"
"498",Emmons Lake,brak danych,Stany Zjednoczone,kaldera,nieznana data wybuchu,andezyt / andezyt bazaltowy,strefa subdukcji / skorupa kontynentalna (>25 km),Wulkan,"Global Volcanism Program, 2013. Volcanoes of the World, v. 4.11.0. Venzke, E (ed.). Smithsonian Institution. Downloaded 20 Jun 2022. https://doi.org/10.5479/si.GVP.VOTW4-2013"
"101",Corbetti Caldera,brak danych,Etiopia,kaldera,nieznana data wybuchu,ryolit,strefa ryftowa / skorupa kontynentalna (>25 km),Wulkan,"Global Volcanism Program, 2013. Volcanoes of the World, v. 4.11.0. Venzke, E (ed.). Smithsonian Institution. Downloaded 20 Jun 2022. https://doi.org/10.5479/si.GVP.VOTW4-2013"
"100",O'a Caldera,brak danych,Etiopia,kaldera,nieznana data wybuchu,ryolit,strefa ryftowa / skorupa kontynentalna (>25 km),Wulkan,"Global Volcanism Program, 2013. Volcanoes of the World, v. 4.11.0. Venzke, E (ed.). Smithsonian Institution. Downloaded 20 Jun 2022. https://doi.org/10.5479/si.GVP.VOTW4-2013"
"185",Hijiori,brak danych,Japonia,kaldera,nieznana data wybuchu,dacyt,strefa subdukcji / skorupa kontynentalna (>25 km),Wulkan,"Global Volcanism Program, 2013. Volcanoes of the World, v. 4.11.0. Venzke, E (ed.). Smithsonian Institution. Downloaded 20 Jun 2022. https://doi.org/10.5479/si.GVP.VOTW4-2013"
"640",Buyan-Bratan,brak danych,Indonezja,kaldera,nieznana data wybuchu,andezyt / andezyt bazaltowy,strefa subdukcji / skorupa kontynentalna (>25 km),Wulkan,"Global Volcanism Program, 2013. Volcanoes of the World, v. 4.11.0. Venzke, E (ed.). Smithsonian Institution. Downloaded 20 Jun 2022. https://doi.org/10.5479/si.GVP.VOTW4-2013"
"692",Todoko-Ranu,brak danych,Indonezja,kaldera,nieznana data wybuchu,andezyt / andezyt bazaltowy,strefa subdukcji / skorupa oceaniczna (< 15 km),Wulkan,"Global Volcanism Program, 2013. Volcanoes of the World, v. 4.11.0. Venzke, E (ed.). Smithsonian Institution. Downloaded 20 Jun 2022. https://doi.org/10.5479/si.GVP.VOTW4-2013"
"937",Silverthrone,brak danych,Kanada,kaldera,nieznana data wybuchu,andezyt / andezyt bazaltowy,strefa subdukcji / skorupa kontynentalna (>25 km),Wulkan,"Global Volcanism Program, 2013. Volcanoes of the World, v. 4.11.0. Venzke, E (ed.). Smithsonian Institution. Downloaded 20 Jun 2022. https://doi.org/10.5479/si.GVP.VOTW4-2013"
"1311",Coatepeque Caldera,brak danych,Salwador,kaldera,nieznana data wybuchu,ryolit,strefa subdukcji / skorupa kontynentalna (>25 km),Wulkan,"Global Volcanism Program, 2013. Volcanoes of the World, v. 4.11.0. Venzke, E (ed.). Smithsonian Institution. Downloaded 20 Jun 2022. https://doi.org/10.5479/si.GVP.VOTW4-2013"
"1363","Atuel, Caldera del",brak danych,Argentyna,kaldera,nieznana data wybuchu,andezyt / andezyt bazaltowy,strefa subdukcji / skorupa kontynentalna (>25 km),Wulkan,"Global Volcanism Program, 2013. Volcanoes of the World, v. 4.11.0. Venzke, E (ed.). Smithsonian Institution. Downloaded 20 Jun 2022. https://doi.org/10.5479/si.GVP.VOTW4-2013"
"1368",Calabozos,brak danych,Chile,kaldera,nieznana data wybuchu,dacyt,strefa subdukcji / skorupa kontynentalna (>25 km),Wulkan,"Global Volcanism Program, 2013. Volcanoes of the World, v. 4.11.0. Venzke, E (ed.). Smithsonian Institution. Downloaded 20 Jun 2022. https://doi.org/10.5479/si.GVP.VOTW4-2013"
"102",Laguna Caldera,brak danych,Filipiny,kaldera,holocen,andezyt / andezyt bazaltowy,strefa subdukcji / skorupa kontynentalna (>25 km),Wulkan,"Global Volcanism Program, 2013. Volcanoes of the World, v. 4.11.0. Venzke, E (ed.). Smithsonian Institution. Downloaded 20 Jun 2022. https://doi.org/10.5479/si.GVP.VOTW4-2013"
"675",Riendengan-Sempu,brak danych,Indonezja,kaldera,holocen,"-",strefa subdukcji / skorupa kontynentalna (>25 km),Wulkan,"Global Volcanism Program, 2013. Volcanoes of the World, v. 4.11.0. Venzke, E (ed.). Smithsonian Institution. Downloaded 20 Jun 2022. https://doi.org/10.5479/si.GVP.VOTW4-2013"
"676",Tondano Caldera,brak danych,Indonezja,kaldera,holocen,andezyt / andezyt bazaltowy,strefa subdukcji / skorupa kontynentalna (>25 km),Wulkan,"Global Volcanism Program, 2013. Volcanoes of the World, v. 4.11.0. Venzke, E (ed.). Smithsonian Institution. Downloaded 20 Jun 2022. https://doi.org/10.5479/si.GVP.VOTW4-2013"
"869",Sekincau Belirang,brak danych,Indonezja,kaldera,holocen,andezyt / andezyt bazaltowy,strefa subdukcji / skorupa kontynentalna (>25 km),Wulkan,"Global Volcanism Program, 2013. Volcanoes of the World, v. 4.11.0. Venzke, E (ed.). Smithsonian Institution. Downloaded 20 Jun 2022. https://doi.org/10.5479/si.GVP.VOTW4-2013"
"871",Hulubelu,brak danych,Indonezja,kaldera,holocen,andezyt / andezyt bazaltowy,strefa subdukcji / skorupa kontynentalna (>25 km),Wulkan,"Global Volcanism Program, 2013. Volcanoes of the World, v. 4.11.0. Venzke, E (ed.). Smithsonian Institution. Downloaded 20 Jun 2022. https://doi.org/10.5479/si.GVP.VOTW4-2013"
"10",Ischia,"1302",Włochy,"mieszane, złożone",erupcja zaobserwowana,trachit,strefa subdukcji / skorupa kontynentalna (>25 km),Wulkan,"Global Volcanism Program, 2013. Volcanoes of the World, v. 4.11.0. Venzke, E (ed.). Smithsonian Institution. Downloaded 20 Jun 2022. https://doi.org/10.5479/si.GVP.VOTW4-2013"
"169",Asamayama,"2015",Japonia,"mieszane, złożone",erupcja zaobserwowana,andezyt / andezyt bazaltowy,strefa subdukcji / skorupa kontynentalna (>25 km),Wulkan,"Global Volcanism Program, 2013. Volcanoes of the World, v. 4.11.0. Venzke, E (ed.). Smithsonian Institution. Downloaded 20 Jun 2022. https://doi.org/10.5479/si.GVP.VOTW4-2013"
"673",Ambang,"2005",Indonezja,"mieszane, złożone",erupcja zaobserwowana,andezyt / andezyt bazaltowy,strefa subdukcji / skorupa kontynentalna (>25 km),Wulkan,"Global Volcanism Program, 2013. Volcanoes of the World, v. 4.11.0. Venzke, E (ed.). Smithsonian Institution. Downloaded 20 Jun 2022. https://doi.org/10.5479/si.GVP.VOTW4-2013"
"688",Dukono,"2018",Indonezja,"mieszane, złożone",erupcja zaobserwowana,andezyt / andezyt bazaltowy,strefa subdukcji / skorupa oceaniczna (< 15 km),Wulkan,"Global Volcanism Program, 2013. Volcanoes of the World, v. 4.11.0. Venzke, E (ed.). Smithsonian Institution. Downloaded 20 Jun 2022. https://doi.org/10.5479/si.GVP.VOTW4-2013"
"767",Ushkovsky,"1890",Rosja,"mieszane, złożone",erupcja zaobserwowana,bazalt / pikryt,strefa subdukcji / skorupa kontynentalna (>25 km),Wulkan,"Global Volcanism Program, 2013. Volcanoes of the World, v. 4.11.0. Venzke, E (ed.). Smithsonian Institution. Downloaded 20 Jun 2022. https://doi.org/10.5479/si.GVP.VOTW4-2013"
"827",Suretamatai,"1966",Vanuatu,"mieszane, złożone",erupcja zaobserwowana,andezyt / andezyt bazaltowy,strefa subdukcji / skorupa oceaniczna (< 15 km),Wulkan,"Global Volcanism Program, 2013. Volcanoes of the World, v. 4.11.0. Venzke, E (ed.). Smithsonian Institution. Downloaded 20 Jun 2022. https://doi.org/10.5479/si.GVP.VOTW4-2013"
"117",Didicas,"1978",Filipiny,"mieszane, złożone",erupcja zaobserwowana,andezyt / andezyt bazaltowy,strefa subdukcji / grubość skorupy nieznana,Wulkan,"Global Volcanism Program, 2013. Volcanoes of the World, v. 4.11.0. Venzke, E (ed.). Smithsonian Institution. Downloaded 20 Jun 2022. https://doi.org/10.5479/si.GVP.VOTW4-2013"
"136",Io-Torishima,"1968",Japonia,"mieszane, złożone",erupcja zaobserwowana,andezyt / andezyt bazaltowy,strefa subdukcji / skorupa oceaniczna (< 15 km),Wulkan,"Global Volcanism Program, 2013. Volcanoes of the World, v. 4.11.0. Venzke, E (ed.). Smithsonian Institution. Downloaded 20 Jun 2022. https://doi.org/10.5479/si.GVP.VOTW4-2013"
"847",Peuet Sague,"2000",Indonezja,"mieszane, złożone",erupcja zaobserwowana,andezyt / andezyt bazaltowy,strefa subdukcji / skorupa kontynentalna (>25 km),Wulkan,"Global Volcanism Program, 2013. Volcanoes of the World, v. 4.11.0. Venzke, E (ed.). Smithsonian Institution. Downloaded 20 Jun 2022. https://doi.org/10.5479/si.GVP.VOTW4-2013"
"883",Guntur,"1847",Indonezja,"mieszane, złożone",erupcja zaobserwowana,andezyt / andezyt bazaltowy,strefa subdukcji / skorupa kontynentalna (>25 km),Wulkan,"Global Volcanism Program, 2013. Volcanoes of the World, v. 4.11.0. Venzke, E (ed.). Smithsonian Institution. Downloaded 20 Jun 2022. https://doi.org/10.5479/si.GVP.VOTW4-2013"
"889",Dieng Volcanic Complex,"2018",Indonezja,"mieszane, złożone",erupcja zaobserwowana,andezyt / andezyt bazaltowy,strefa subdukcji / skorupa kontynentalna (>25 km),Wulkan,"Global Volcanism Program, 2013. Volcanoes of the World, v. 4.11.0. Venzke, E (ed.). Smithsonian Institution. Downloaded 20 Jun 2022. https://doi.org/10.5479/si.GVP.VOTW4-2013"
"160",Ontakesan,"2014",Japonia,"mieszane, złożone",erupcja zaobserwowana,andezyt / andezyt bazaltowy,strefa subdukcji / skorupa kontynentalna (>25 km),Wulkan,"Global Volcanism Program, 2013. Volcanoes of the World, v. 4.11.0. Venzke, E (ed.). Smithsonian Institution. Downloaded 20 Jun 2022. https://doi.org/10.5479/si.GVP.VOTW4-2013"
"149",Unzendake,"1996",Japonia,"mieszane, złożone",erupcja zaobserwowana,andezyt / andezyt bazaltowy,strefa subdukcji / skorupa kontynentalna (>25 km),Wulkan,"Global Volcanism Program, 2013. Volcanoes of the World, v. 4.11.0. Venzke, E (ed.). Smithsonian Institution. Downloaded 20 Jun 2022. https://doi.org/10.5479/si.GVP.VOTW4-2013"
"157",Hakoneyama,"2015",Japonia,"mieszane, złożone",erupcja datowana,andezyt / andezyt bazaltowy,strefa subdukcji / skorupa kontynentalna (>25 km),Wulkan,"Global Volcanism Program, 2013. Volcanoes of the World, v. 4.11.0. Venzke, E (ed.). Smithsonian Institution. Downloaded 20 Jun 2022. https://doi.org/10.5479/si.GVP.VOTW4-2013"
"184",Zaozan,"1940",Japonia,"mieszane, złożone",erupcja zaobserwowana,andezyt / andezyt bazaltowy,strefa subdukcji / skorupa kontynentalna (>25 km),Wulkan,"Global Volcanism Program, 2013. Volcanoes of the World, v. 4.11.0. Venzke, E (ed.). Smithsonian Institution. Downloaded 20 Jun 2022. https://doi.org/10.5479/si.GVP.VOTW4-2013"
"190",Iwatesan,"1919",Japonia,"mieszane, złożone",erupcja zaobserwowana,bazalt / pikryt,strefa subdukcji / skorupa kontynentalna (>25 km),Wulkan,"Global Volcanism Program, 2013. Volcanoes of the World, v. 4.11.0. Venzke, E (ed.). Smithsonian Institution. Downloaded 20 Jun 2022. https://doi.org/10.5479/si.GVP.VOTW4-2013"
"939",Meager,410 p.n.e.,Kanada,"mieszane, złożone",erupcja datowana,dacyt,strefa subdukcji / skorupa kontynentalna (>25 km),Wulkan,"Global Volcanism Program, 2013. Volcanoes of the World, v. 4.11.0. Venzke, E (ed.). Smithsonian Institution. Downloaded 20 Jun 2022. https://doi.org/10.5479/si.GVP.VOTW4-2013"
"955",Three Sisters,"440",Stany Zjednoczone,"mieszane, złożone",erupcja datowana,andezyt / andezyt bazaltowy,strefa subdukcji / skorupa kontynentalna (>25 km),Wulkan,"Global Volcanism Program, 2013. Volcanoes of the World, v. 4.11.0. Venzke, E (ed.). Smithsonian Institution. Downloaded 20 Jun 2022. https://doi.org/10.5479/si.GVP.VOTW4-2013"
"278",Etorofu-Yakeyama [Grozny Group],"2013",Japonia,"mieszane, złożone",erupcja zaobserwowana,andezyt / andezyt bazaltowy,strefa subdukcji / skorupa oceaniczna (< 15 km),Wulkan,"Global Volcanism Program, 2013. Volcanoes of the World, v. 4.11.0. Venzke, E (ed.). Smithsonian Institution. Downloaded 20 Jun 2022. https://doi.org/10.5479/si.GVP.VOTW4-2013"
"1011","Trois Pitons, Morne","920",Dominika,"mieszane, złożone",erupcja datowana,andezyt / andezyt bazaltowy,strefa subdukcji / skorupa oceaniczna (< 15 km),Wulkan,"Global Volcanism Program, 2013. Volcanoes of the World, v. 4.11.0. Venzke, E (ed.). Smithsonian Institution. Downloaded 20 Jun 2022. https://doi.org/10.5479/si.GVP.VOTW4-2013"
"1116","Pilas, Las","1954",Nikaragua,"mieszane, złożone",erupcja zaobserwowana,andezyt / andezyt bazaltowy,strefa subdukcji / skorupa kontynentalna (>25 km),Wulkan,"Global Volcanism Program, 2013. Volcanoes of the World, v. 4.11.0. Venzke, E (ed.). Smithsonian Institution. Downloaded 20 Jun 2022. https://doi.org/10.5479/si.GVP.VOTW4-2013"
"1136",Barva,6050 p.n.e.,Kostaryka,"mieszane, złożone",erupcja datowana,andezyt / andezyt bazaltowy,strefa subdukcji / skorupa kontynentalna (>25 km),Wulkan,"Global Volcanism Program, 2013. Volcanoes of the World, v. 4.11.0. Venzke, E (ed.). Smithsonian Institution. Downloaded 20 Jun 2022. https://doi.org/10.5479/si.GVP.VOTW4-2013"
"1152",Galeras,"2014",Kolumbia,"mieszane, złożone",erupcja zaobserwowana,andezyt / andezyt bazaltowy,strefa subdukcji / skorupa kontynentalna (>25 km),Wulkan,"Global Volcanism Program, 2013. Volcanoes of the World, v. 4.11.0. Venzke, E (ed.). Smithsonian Institution. Downloaded 20 Jun 2022. https://doi.org/10.5479/si.GVP.VOTW4-2013"
"1159",Imbabura,5550 p.n.e.,Ekwador,"mieszane, złożone",erupcja datowana,andezyt / andezyt bazaltowy,strefa subdukcji / skorupa kontynentalna (>25 km),Wulkan,"Global Volcanism Program, 2013. Volcanoes of the World, v. 4.11.0. Venzke, E (ed.). Smithsonian Institution. Downloaded 20 Jun 2022. https://doi.org/10.5479/si.GVP.VOTW4-2013"
"1161",Cayambe,"1786",Ekwador,"mieszane, złożone",erupcja zaobserwowana,andezyt / andezyt bazaltowy,strefa subdukcji / skorupa kontynentalna (>25 km),Wulkan,"Global Volcanism Program, 2013. Volcanoes of the World, v. 4.11.0. Venzke, E (ed.). Smithsonian Institution. Downloaded 20 Jun 2022. https://doi.org/10.5479/si.GVP.VOTW4-2013"
"1207",Taapaca,320 p.n.e.,Chile,"mieszane, złożone",erupcja datowana,dacyt,strefa subdukcji / skorupa kontynentalna (>25 km),Wulkan,"Global Volcanism Program, 2013. Volcanoes of the World, v. 4.11.0. Venzke, E (ed.). Smithsonian Institution. Downloaded 20 Jun 2022. https://doi.org/10.5479/si.GVP.VOTW4-2013"
"1292",Pacaya,"2018",Gwatemala,"mieszane, złożone",erupcja zaobserwowana,bazalt / pikryt,strefa subdukcji / skorupa kontynentalna (>25 km),Wulkan,"Global Volcanism Program, 2013. Volcanoes of the World, v. 4.11.0. Venzke, E (ed.). Smithsonian Institution. Downloaded 20 Jun 2022. https://doi.org/10.5479/si.GVP.VOTW4-2013"
"528",McDonald Islands,"2005",Australia,"mieszane, złożone",erupcja zaobserwowana,fonolit,strefa subdukcji / skorupa oceaniczna (< 15 km),Wulkan,"Global Volcanism Program, 2013. Volcanoes of the World, v. 4.11.0. Venzke, E (ed.). Smithsonian Institution. Downloaded 20 Jun 2022. https://doi.org/10.5479/si.GVP.VOTW4-2013"
"594",St. Andrew Strait,"1957",Papua - Nowa Gwinea,"mieszane, złożone",erupcja zaobserwowana,ryolit,strefa subdukcji / skorupa oceaniczna (< 15 km),Wulkan,"Global Volcanism Program, 2013. Volcanoes of the World, v. 4.11.0. Venzke, E (ed.). Smithsonian Institution. Downloaded 20 Jun 2022. https://doi.org/10.5479/si.GVP.VOTW4-2013"
"334",Paka,7550 p.n.e.,Kenia,tarczowy,erupcja datowana,trachit,strefa ryftowa / skorupa kontynentalna (>25 km),Wulkan,"Global Volcanism Program, 2013. Volcanoes of the World, v. 4.11.0. Venzke, E (ed.). Smithsonian Institution. Downloaded 20 Jun 2022. https://doi.org/10.5479/si.GVP.VOTW4-2013"
"604",Long Island,"1993",Papua - Nowa Gwinea,"mieszane, złożone",erupcja zaobserwowana,andezyt / andezyt bazaltowy,strefa subdukcji / skorupa kontynentalna (>25 km),Wulkan,"Global Volcanism Program, 2013. Volcanoes of the World, v. 4.11.0. Venzke, E (ed.). Smithsonian Institution. Downloaded 20 Jun 2022. https://doi.org/10.5479/si.GVP.VOTW4-2013"
"608",Langila,"2018",Papua - Nowa Gwinea,"mieszane, złożone",erupcja zaobserwowana,bazalt / pikryt,strefa subdukcji / skorupa kontynentalna (>25 km),Wulkan,"Global Volcanism Program, 2013. Volcanoes of the World, v. 4.11.0. Venzke, E (ed.). Smithsonian Institution. Downloaded 20 Jun 2022. https://doi.org/10.5479/si.GVP.VOTW4-2013"
"628",Mutnovsky,"2000",Rosja,"mieszane, złożone",erupcja zaobserwowana,bazalt / pikryt,strefa subdukcji / skorupa kontynentalna (>25 km),Wulkan,"Global Volcanism Program, 2013. Volcanoes of the World, v. 4.11.0. Venzke, E (ed.). Smithsonian Institution. Downloaded 20 Jun 2022. https://doi.org/10.5479/si.GVP.VOTW4-2013"
"858",Marapi,"2017",Indonezja,"mieszane, złożone",erupcja zaobserwowana,andezyt / andezyt bazaltowy,strefa subdukcji / skorupa kontynentalna (>25 km),Wulkan,"Global Volcanism Program, 2013. Volcanoes of the World, v. 4.11.0. Venzke, E (ed.). Smithsonian Institution. Downloaded 20 Jun 2022. https://doi.org/10.5479/si.GVP.VOTW4-2013"
"649",Inielika,"2001",Indonezja,"mieszane, złożone",erupcja zaobserwowana,andezyt / andezyt bazaltowy,strefa subdukcji / grubość skorupy nieznana,Wulkan,"Global Volcanism Program, 2013. Volcanoes of the World, v. 4.11.0. Venzke, E (ed.). Smithsonian Institution. Downloaded 20 Jun 2022. https://doi.org/10.5479/si.GVP.VOTW4-2013"
"653",Kelimutu,"1968",Indonezja,"mieszane, złożone",erupcja zaobserwowana,andezyt / andezyt bazaltowy,strefa subdukcji / grubość skorupy nieznana,Wulkan,"Global Volcanism Program, 2013. Volcanoes of the World, v. 4.11.0. Venzke, E (ed.). Smithsonian Institution. Downloaded 20 Jun 2022. https://doi.org/10.5479/si.GVP.VOTW4-2013"
"658",Leroboleng,"2003",Indonezja,"mieszane, złożone",erupcja zaobserwowana,andezyt / andezyt bazaltowy,strefa subdukcji / grubość skorupy nieznana,Wulkan,"Global Volcanism Program, 2013. Volcanoes of the World, v. 4.11.0. Venzke, E (ed.). Smithsonian Institution. Downloaded 20 Jun 2022. https://doi.org/10.5479/si.GVP.VOTW4-2013"
"662",Iliwerung,"2013",Indonezja,"mieszane, złożone",erupcja zaobserwowana,bazalt / pikryt,strefa subdukcji / grubość skorupy nieznana,Wulkan,"Global Volcanism Program, 2013. Volcanoes of the World, v. 4.11.0. Venzke, E (ed.). Smithsonian Institution. Downloaded 20 Jun 2022. https://doi.org/10.5479/si.GVP.VOTW4-2013"
"664",Sirung,"2015",Indonezja,"mieszane, złożone",erupcja zaobserwowana,andezyt / andezyt bazaltowy,strefa subdukcji / grubość skorupy nieznana,Wulkan,"Global Volcanism Program, 2013. Volcanoes of the World, v. 4.11.0. Venzke, E (ed.). Smithsonian Institution. Downloaded 20 Jun 2022. https://doi.org/10.5479/si.GVP.VOTW4-2013"
"721",Biliran,"1939",Filipiny,"mieszane, złożone",erupcja zaobserwowana,andezyt / andezyt bazaltowy,strefa subdukcji / skorupa kontynentalna (>25 km),Wulkan,"Global Volcanism Program, 2013. Volcanoes of the World, v. 4.11.0. Venzke, E (ed.). Smithsonian Institution. Downloaded 20 Jun 2022. https://doi.org/10.5479/si.GVP.VOTW4-2013"
"741",Zhupanovsky,"2016",Rosja,"mieszane, złożone",erupcja zaobserwowana,andezyt / andezyt bazaltowy,strefa subdukcji / skorupa kontynentalna (>25 km),Wulkan,"Global Volcanism Program, 2013. Volcanoes of the World, v. 4.11.0. Venzke, E (ed.). Smithsonian Institution. Downloaded 20 Jun 2022. https://doi.org/10.5479/si.GVP.VOTW4-2013"
"757",Gamchen,550 p.n.e.,Rosja,"mieszane, złożone",erupcja datowana,bazalt / pikryt,strefa subdukcji / skorupa kontynentalna (>25 km),Wulkan,"Global Volcanism Program, 2013. Volcanoes of the World, v. 4.11.0. Venzke, E (ed.). Smithsonian Institution. Downloaded 20 Jun 2022. https://doi.org/10.5479/si.GVP.VOTW4-2013"
"1346",Falso Azufre,brak danych,Chile - Argentyna,"mieszane, złożone",brak dowodów na wybuch,"-",strefa subdukcji / skorupa kontynentalna (>25 km),Wulkan,"Global Volcanism Program, 2013. Volcanoes of the World, v. 4.11.0. Venzke, E (ed.). Smithsonian Institution. Downloaded 20 Jun 2022. https://doi.org/10.5479/si.GVP.VOTW4-2013"
"527",Asacha,brak danych,Rosja,"mieszane, złożone",nieznana data wybuchu,bazalt / pikryt,strefa subdukcji / skorupa kontynentalna (>25 km),Wulkan,"Global Volcanism Program, 2013. Volcanoes of the World, v. 4.11.0. Venzke, E (ed.). Smithsonian Institution. Downloaded 20 Jun 2022. https://doi.org/10.5479/si.GVP.VOTW4-2013"
"339",Homa Mountain,brak danych,Kenia,"mieszane, złożone",nieznana data wybuchu,foidyt,strefa ryftowa / skorupa kontynentalna (>25 km),Wulkan,"Global Volcanism Program, 2013. Volcanoes of the World, v. 4.11.0. Venzke, E (ed.). Smithsonian Institution. Downloaded 20 Jun 2022. https://doi.org/10.5479/si.GVP.VOTW4-2013"
"81",Yangudi,brak danych,Etiopia,"mieszane, złożone",nieznana data wybuchu,ryolit,strefa ryftowa / skorupa pośrednia (15-25 km),Wulkan,"Global Volcanism Program, 2013. Volcanoes of the World, v. 4.11.0. Venzke, E (ed.). Smithsonian Institution. Downloaded 20 Jun 2022. https://doi.org/10.5479/si.GVP.VOTW4-2013"
"341","Eburru, Ol Doinyo",brak danych,Kenia,"mieszane, złożone",nieznana data wybuchu,ryolit,strefa ryftowa / skorupa kontynentalna (>25 km),Wulkan,"Global Volcanism Program, 2013. Volcanoes of the World, v. 4.11.0. Venzke, E (ed.). Smithsonian Institution. Downloaded 20 Jun 2022. https://doi.org/10.5479/si.GVP.VOTW4-2013"
"605",Umboi,brak danych,Papua - Nowa Gwinea,"mieszane, złożone",nieznana data wybuchu,bazalt / pikryt,strefa subdukcji / skorupa kontynentalna (>25 km),Wulkan,"Global Volcanism Program, 2013. Volcanoes of the World, v. 4.11.0. Venzke, E (ed.). Smithsonian Institution. Downloaded 20 Jun 2022. https://doi.org/10.5479/si.GVP.VOTW4-2013"
"609",Mundua,brak danych,Papua - Nowa Gwinea,"mieszane, złożone",nieznana data wybuchu,bazalt / pikryt,strefa subdukcji / skorupa kontynentalna (>25 km),Wulkan,"Global Volcanism Program, 2013. Volcanoes of the World, v. 4.11.0. Venzke, E (ed.). Smithsonian Institution. Downloaded 20 Jun 2022. https://doi.org/10.5479/si.GVP.VOTW4-2013"
"636",Iyang-Argapura,brak danych,Indonezja,"mieszane, złożone",nieznana data wybuchu,andezyt / andezyt bazaltowy,strefa subdukcji / skorupa kontynentalna (>25 km),Wulkan,"Global Volcanism Program, 2013. Volcanoes of the World, v. 4.11.0. Venzke, E (ed.). Smithsonian Institution. Downloaded 20 Jun 2022. https://doi.org/10.5479/si.GVP.VOTW4-2013"
"729",Banahaw,brak danych,Filipiny,"mieszane, złożone",nieznana data wybuchu,andezyt / andezyt bazaltowy,strefa subdukcji / skorupa kontynentalna (>25 km),Wulkan,"Global Volcanism Program, 2013. Volcanoes of the World, v. 4.11.0. Venzke, E (ed.). Smithsonian Institution. Downloaded 20 Jun 2022. https://doi.org/10.5479/si.GVP.VOTW4-2013"
"739",Dzenzursky,brak danych,Rosja,"mieszane, złożone",nieznana data wybuchu,andezyt / andezyt bazaltowy,strefa subdukcji / skorupa kontynentalna (>25 km),Wulkan,"Global Volcanism Program, 2013. Volcanoes of the World, v. 4.11.0. Venzke, E (ed.). Smithsonian Institution. Downloaded 20 Jun 2022. https://doi.org/10.5479/si.GVP.VOTW4-2013"
"810",Lihir,brak danych,Papua - Nowa Gwinea,"mieszane, złożone",nieznana data wybuchu,tefryt / trachybazalt,strefa subdukcji / grubość skorupy nieznana,Wulkan,"Global Volcanism Program, 2013. Volcanoes of the World, v. 4.11.0. Venzke, E (ed.). Smithsonian Institution. Downloaded 20 Jun 2022. https://doi.org/10.5479/si.GVP.VOTW4-2013"
"816",Takuan Group,brak danych,Papua - Nowa Gwinea,"mieszane, złożone",nieznana data wybuchu,andezyt / andezyt bazaltowy,strefa subdukcji / grubość skorupy nieznana,Wulkan,"Global Volcanism Program, 2013. Volcanoes of the World, v. 4.11.0. Venzke, E (ed.). Smithsonian Institution. Downloaded 20 Jun 2022. https://doi.org/10.5479/si.GVP.VOTW4-2013"
"856",Talakmau,brak danych,Indonezja,"mieszane, złożone",nieznana data wybuchu,andezyt / andezyt bazaltowy,strefa subdukcji / skorupa kontynentalna (>25 km),Wulkan,"Global Volcanism Program, 2013. Volcanoes of the World, v. 4.11.0. Venzke, E (ed.). Smithsonian Institution. Downloaded 20 Jun 2022. https://doi.org/10.5479/si.GVP.VOTW4-2013"
"1343",Cordon del Azufre,brak danych,Chile - Argentyna,"mieszane, złożone",nieznana data wybuchu,andezyt / andezyt bazaltowy,strefa subdukcji / skorupa kontynentalna (>25 km),Wulkan,"Global Volcanism Program, 2013. Volcanoes of the World, v. 4.11.0. Venzke, E (ed.). Smithsonian Institution. Downloaded 20 Jun 2022. https://doi.org/10.5479/si.GVP.VOTW4-2013"
"1344","Bayo Gorbea, Cerro",brak danych,Chile - Argentyna,"mieszane, złożone",nieznana data wybuchu,andezyt / andezyt bazaltowy,strefa subdukcji / skorupa kontynentalna (>25 km),Wulkan,"Global Volcanism Program, 2013. Volcanoes of the World, v. 4.11.0. Venzke, E (ed.). Smithsonian Institution. Downloaded 20 Jun 2022. https://doi.org/10.5479/si.GVP.VOTW4-2013"
"1345","Nevada, Sierra",brak danych,Chile - Argentyna,"mieszane, złożone",nieznana data wybuchu,"-",strefa subdukcji / skorupa kontynentalna (>25 km),Wulkan,"Global Volcanism Program, 2013. Volcanoes of the World, v. 4.11.0. Venzke, E (ed.). Smithsonian Institution. Downloaded 20 Jun 2022. https://doi.org/10.5479/si.GVP.VOTW4-2013"
"1357",Tipas,brak danych,Argentyna,"mieszane, złożone",nieznana data wybuchu,"-",strefa subdukcji / skorupa kontynentalna (>25 km),Wulkan,"Global Volcanism Program, 2013. Volcanoes of the World, v. 4.11.0. Venzke, E (ed.). Smithsonian Institution. Downloaded 20 Jun 2022. https://doi.org/10.5479/si.GVP.VOTW4-2013"
"1025",Reykjanes,"1926",Islandia,"mieszane, złożone",erupcja zaobserwowana,bazalt / pikryt,strefa ryftowa / skorupa oceaniczna (< 15 km),Wulkan,"Global Volcanism Program, 2013. Volcanoes of the World, v. 4.11.0. Venzke, E (ed.). Smithsonian Institution. Downloaded 20 Jun 2022. https://doi.org/10.5479/si.GVP.VOTW4-2013"
"1026",Krysuvik,"1340",Islandia,"mieszane, złożone",erupcja zaobserwowana,bazalt / pikryt,strefa ryftowa / skorupa oceaniczna (< 15 km),Wulkan,"Global Volcanism Program, 2013. Volcanoes of the World, v. 4.11.0. Venzke, E (ed.). Smithsonian Institution. Downloaded 20 Jun 2022. https://doi.org/10.5479/si.GVP.VOTW4-2013"
"1027",Brennisteinsfjoll,"1341",Islandia,"mieszane, złożone",erupcja zaobserwowana,bazalt / pikryt,strefa ryftowa / skorupa oceaniczna (< 15 km),Wulkan,"Global Volcanism Program, 2013. Volcanoes of the World, v. 4.11.0. Venzke, E (ed.). Smithsonian Institution. Downloaded 20 Jun 2022. https://doi.org/10.5479/si.GVP.VOTW4-2013"
"1028",Hengill,"150",Islandia,"mieszane, złożone",erupcja datowana,bazalt / pikryt,strefa ryftowa / skorupa oceaniczna (< 15 km),Wulkan,"Global Volcanism Program, 2013. Volcanoes of the World, v. 4.11.0. Venzke, E (ed.). Smithsonian Institution. Downloaded 20 Jun 2022. https://doi.org/10.5479/si.GVP.VOTW4-2013"
"1030",Grimsnes,3500 p.n.e.,Islandia,"mieszane, złożone",erupcja datowana,bazalt / pikryt,strefa ryftowa / skorupa oceaniczna (< 15 km),Wulkan,"Global Volcanism Program, 2013. Volcanoes of the World, v. 4.11.0. Venzke, E (ed.). Smithsonian Institution. Downloaded 20 Jun 2022. https://doi.org/10.5479/si.GVP.VOTW4-2013"
"113",Ambalatungan Group,brak danych,Filipiny,"mieszane, złożone",holocen,dacyt,strefa subdukcji / skorupa kontynentalna (>25 km),Wulkan,"Global Volcanism Program, 2013. Volcanoes of the World, v. 4.11.0. Venzke, E (ed.). Smithsonian Institution. Downloaded 20 Jun 2022. https://doi.org/10.5479/si.GVP.VOTW4-2013"
"267",Tenchozan,brak danych,Japonia,"mieszane, złożone",erupcja datowana,"-","-",Wulkan,"Global Volcanism Program, 2013. Volcanoes of the World, v. 4.11.0. Venzke, E (ed.). Smithsonian Institution. Downloaded 20 Jun 2022. https://doi.org/10.5479/si.GVP.VOTW4-2013"
"715",Cuernos de Negros,brak danych,Filipiny,"mieszane, złożone",holocen,andezyt / andezyt bazaltowy,strefa subdukcji / skorupa kontynentalna (>25 km),Wulkan,"Global Volcanism Program, 2013. Volcanoes of the World, v. 4.11.0. Venzke, E (ed.). Smithsonian Institution. Downloaded 20 Jun 2022. https://doi.org/10.5479/si.GVP.VOTW4-2013"
"717",Mandalagan,brak danych,Filipiny,"mieszane, złożone",holocen,andezyt / andezyt bazaltowy,strefa subdukcji / skorupa kontynentalna (>25 km),Wulkan,"Global Volcanism Program, 2013. Volcanoes of the World, v. 4.11.0. Venzke, E (ed.). Smithsonian Institution. Downloaded 20 Jun 2022. https://doi.org/10.5479/si.GVP.VOTW4-2013"
"723",Pocdol Mountains,brak danych,Filipiny,"mieszane, złożone",holocen,andezyt / andezyt bazaltowy,strefa subdukcji / skorupa kontynentalna (>25 km),Wulkan,"Global Volcanism Program, 2013. Volcanoes of the World, v. 4.11.0. Venzke, E (ed.). Smithsonian Institution. Downloaded 20 Jun 2022. https://doi.org/10.5479/si.GVP.VOTW4-2013"
"863",Hululais,brak danych,Indonezja,"mieszane, złożone",holocen,bazalt / pikryt,strefa subdukcji / skorupa kontynentalna (>25 km),Wulkan,"Global Volcanism Program, 2013. Volcanoes of the World, v. 4.11.0. Venzke, E (ed.). Smithsonian Institution. Downloaded 20 Jun 2022. https://doi.org/10.5479/si.GVP.VOTW4-2013"
"1277",Cofre de Perote,"1150",Meksyk,tarczowy,erupcja datowana,andezyt / andezyt bazaltowy,strefa subdukcji / skorupa kontynentalna (>25 km),Wulkan,"Global Volcanism Program, 2013. Volcanoes of the World, v. 4.11.0. Venzke, E (ed.). Smithsonian Institution. Downloaded 20 Jun 2022. https://doi.org/10.5479/si.GVP.VOTW4-2013"
"1281",San Martin,"1796",Meksyk,tarczowy,erupcja zaobserwowana,tefryt / trachybazalt,strefa subdukcji / skorupa kontynentalna (>25 km),Wulkan,"Global Volcanism Program, 2013. Volcanoes of the World, v. 4.11.0. Venzke, E (ed.). Smithsonian Institution. Downloaded 20 Jun 2022. https://doi.org/10.5479/si.GVP.VOTW4-2013"
"18",Pantelleria,"1891",Włochy,tarczowy,erupcja zaobserwowana,ryolit,strefa ryftowa / skorupa kontynentalna (>25 km),Wulkan,"Global Volcanism Program, 2013. Volcanoes of the World, v. 4.11.0. Venzke, E (ed.). Smithsonian Institution. Downloaded 20 Jun 2022. https://doi.org/10.5479/si.GVP.VOTW4-2013"
"22",Santorini,"1950",Grecja,tarczowy,erupcja zaobserwowana,dacyt,strefa subdukcji / skorupa kontynentalna (>25 km),Wulkan,"Global Volcanism Program, 2013. Volcanoes of the World, v. 4.11.0. Venzke, E (ed.). Smithsonian Institution. Downloaded 20 Jun 2022. https://doi.org/10.5479/si.GVP.VOTW4-2013"
"44",Zubair Group,"2013",Jemen,tarczowy,erupcja zaobserwowana,bazalt / pikryt,strefa ryftowa / skorupa oceaniczna (< 15 km),Wulkan,"Global Volcanism Program, 2013. Volcanoes of the World, v. 4.11.0. Venzke, E (ed.). Smithsonian Institution. Downloaded 20 Jun 2022. https://doi.org/10.5479/si.GVP.VOTW4-2013"
"54",Erta Ale,"2018",Etiopia,tarczowy,erupcja zaobserwowana,bazalt / pikryt,strefa ryftowa / skorupa pośrednia (15-25 km),Wulkan,"Global Volcanism Program, 2013. Volcanoes of the World, v. 4.11.0. Venzke, E (ed.). Smithsonian Institution. Downloaded 20 Jun 2022. https://doi.org/10.5479/si.GVP.VOTW4-2013"
"67",Alayta,"1915",Etiopia,tarczowy,erupcja zaobserwowana,bazalt / pikryt,strefa ryftowa / skorupa pośrednia (15-25 km),Wulkan,"Global Volcanism Program, 2013. Volcanoes of the World, v. 4.11.0. Venzke, E (ed.). Smithsonian Institution. Downloaded 20 Jun 2022. https://doi.org/10.5479/si.GVP.VOTW4-2013"
"79",Dama Ali,"1631",Etiopia,tarczowy,erupcja zaobserwowana,bazalt / pikryt,strefa ryftowa / skorupa pośrednia (15-25 km),Wulkan,"Global Volcanism Program, 2013. Volcanoes of the World, v. 4.11.0. Venzke, E (ed.). Smithsonian Institution. Downloaded 20 Jun 2022. https://doi.org/10.5479/si.GVP.VOTW4-2013"
"431",Severny,1550 p.n.e.,Rosja,tarczowy,erupcja datowana,bazalt / pikryt,strefa subdukcji / skorupa kontynentalna (>25 km),Wulkan,"Global Volcanism Program, 2013. Volcanoes of the World, v. 4.11.0. Venzke, E (ed.). Smithsonian Institution. Downloaded 20 Jun 2022. https://doi.org/10.5479/si.GVP.VOTW4-2013"
"338",Menengai,6050 p.n.e.,Kenia,tarczowy,erupcja datowana,trachit,strefa ryftowa / skorupa kontynentalna (>25 km),Wulkan,"Global Volcanism Program, 2013. Volcanoes of the World, v. 4.11.0. Venzke, E (ed.). Smithsonian Institution. Downloaded 20 Jun 2022. https://doi.org/10.5479/si.GVP.VOTW4-2013"
"761",Tolbachik,"2013",Rosja,tarczowy,erupcja zaobserwowana,bazalt / pikryt,strefa subdukcji / skorupa kontynentalna (>25 km),Wulkan,"Global Volcanism Program, 2013. Volcanoes of the World, v. 4.11.0. Venzke, E (ed.). Smithsonian Institution. Downloaded 20 Jun 2022. https://doi.org/10.5479/si.GVP.VOTW4-2013"
"780",Bolshoi-Kekuknaysky,5310 p.n.e.,Rosja,tarczowy,erupcja datowana,bazalt / pikryt,strefa subdukcji / skorupa kontynentalna (>25 km),Wulkan,"Global Volcanism Program, 2013. Volcanoes of the World, v. 4.11.0. Venzke, E (ed.). Smithsonian Institution. Downloaded 20 Jun 2022. https://doi.org/10.5479/si.GVP.VOTW4-2013"
"796",Terpuk,800 p.n.e.,Rosja,tarczowy,erupcja datowana,bazalt / pikryt,strefa subdukcji / skorupa kontynentalna (>25 km),Wulkan,"Global Volcanism Program, 2013. Volcanoes of the World, v. 4.11.0. Venzke, E (ed.). Smithsonian Institution. Downloaded 20 Jun 2022. https://doi.org/10.5479/si.GVP.VOTW4-2013"
"797",Sedankinsky,7050 p.n.e.,Rosja,tarczowy,erupcja datowana,bazalt / pikryt,strefa subdukcji / skorupa kontynentalna (>25 km),Wulkan,"Global Volcanism Program, 2013. Volcanoes of the World, v. 4.11.0. Venzke, E (ed.). Smithsonian Institution. Downloaded 20 Jun 2022. https://doi.org/10.5479/si.GVP.VOTW4-2013"
"803",Titila,550 p.n.e.,Rosja,tarczowy,erupcja datowana,bazalt / pikryt,strefa subdukcji / skorupa kontynentalna (>25 km),Wulkan,"Global Volcanism Program, 2013. Volcanoes of the World, v. 4.11.0. Venzke, E (ed.). Smithsonian Institution. Downloaded 20 Jun 2022. https://doi.org/10.5479/si.GVP.VOTW4-2013"
"806",Elovsky,7550 p.n.e.,Rosja,tarczowy,erupcja datowana,bazalt / pikryt,strefa subdukcji / skorupa kontynentalna (>25 km),Wulkan,"Global Volcanism Program, 2013. Volcanoes of the World, v. 4.11.0. Venzke, E (ed.). Smithsonian Institution. Downloaded 20 Jun 2022. https://doi.org/10.5479/si.GVP.VOTW4-2013"
"843",Newer Volcanics Province,2900 p.n.e.,Australia,tarczowy,erupcja datowana,tefryt / trachybazalt,strefa subdukcji / skorupa kontynentalna (>25 km),Wulkan,"Global Volcanism Program, 2013. Volcanoes of the World, v. 4.11.0. Venzke, E (ed.). Smithsonian Institution. Downloaded 20 Jun 2022. https://doi.org/10.5479/si.GVP.VOTW4-2013"
"175",Nikko-Shiranesan,"1952",Japonia,tarczowy,erupcja zaobserwowana,andezyt / andezyt bazaltowy,strefa subdukcji / skorupa kontynentalna (>25 km),Wulkan,"Global Volcanism Program, 2013. Volcanoes of the World, v. 4.11.0. Venzke, E (ed.). Smithsonian Institution. Downloaded 20 Jun 2022. https://doi.org/10.5479/si.GVP.VOTW4-2013"
"180",Numazawa,3400 p.n.e.,Japonia,tarczowy,erupcja datowana,dacyt,strefa subdukcji / skorupa kontynentalna (>25 km),Wulkan,"Global Volcanism Program, 2013. Volcanoes of the World, v. 4.11.0. Venzke, E (ed.). Smithsonian Institution. Downloaded 20 Jun 2022. https://doi.org/10.5479/si.GVP.VOTW4-2013"
"147",Kirishimayama,"2018",Japonia,tarczowy,erupcja zaobserwowana,andezyt / andezyt bazaltowy,strefa subdukcji / skorupa kontynentalna (>25 km),Wulkan,"Global Volcanism Program, 2013. Volcanoes of the World, v. 4.11.0. Venzke, E (ed.). Smithsonian Institution. Downloaded 20 Jun 2022. https://doi.org/10.5479/si.GVP.VOTW4-2013"
"148",Fukue,400 p.n.e.,Japonia,tarczowy,erupcja datowana,bazalt / pikryt,strefa subdukcji / skorupa kontynentalna (>25 km),Wulkan,"Global Volcanism Program, 2013. Volcanoes of the World, v. 4.11.0. Venzke, E (ed.). Smithsonian Institution. Downloaded 20 Jun 2022. https://doi.org/10.5479/si.GVP.VOTW4-2013"
"911",St. Paul Island,1280 p.n.e.,Stany Zjednoczone,tarczowy,erupcja datowana,tefryt / trachybazalt,strefa subdukcji / skorupa kontynentalna (>25 km),Wulkan,"Global Volcanism Program, 2013. Volcanoes of the World, v. 4.11.0. Venzke, E (ed.). Smithsonian Institution. Downloaded 20 Jun 2022. https://doi.org/10.5479/si.GVP.VOTW4-2013"
"914",Imuruk Lake,"300",Stany Zjednoczone,tarczowy,erupcja datowana,bazalt / pikryt,strefa subdukcji / skorupa kontynentalna (>25 km),Wulkan,"Global Volcanism Program, 2013. Volcanoes of the World, v. 4.11.0. Venzke, E (ed.). Smithsonian Institution. Downloaded 20 Jun 2022. https://doi.org/10.5479/si.GVP.VOTW4-2013"
"153",Abu,6850 p.n.e.,Japonia,tarczowy,erupcja datowana,andezyt / andezyt bazaltowy,strefa subdukcji / skorupa kontynentalna (>25 km),Wulkan,"Global Volcanism Program, 2013. Volcanoes of the World, v. 4.11.0. Venzke, E (ed.). Smithsonian Institution. Downloaded 20 Jun 2022. https://doi.org/10.5479/si.GVP.VOTW4-2013"
"916",Wrangell,"1912",Stany Zjednoczone,tarczowy,erupcja zaobserwowana,andezyt / andezyt bazaltowy,strefa subdukcji / skorupa kontynentalna (>25 km),Wulkan,"Global Volcanism Program, 2013. Volcanoes of the World, v. 4.11.0. Venzke, E (ed.). Smithsonian Institution. Downloaded 20 Jun 2022. https://doi.org/10.5479/si.GVP.VOTW4-2013"
"949",Indian Heaven,6250 p.n.e.,Stany Zjednoczone,tarczowy,erupcja datowana,bazalt / pikryt,strefa subdukcji / skorupa kontynentalna (>25 km),Wulkan,"Global Volcanism Program, 2013. Volcanoes of the World, v. 4.11.0. Venzke, E (ed.). Smithsonian Institution. Downloaded 20 Jun 2022. https://doi.org/10.5479/si.GVP.VOTW4-2013"
"332",Emuruangogolak,"1910",Kenia,tarczowy,erupcja datowana,trachit,strefa ryftowa / skorupa kontynentalna (>25 km),Wulkan,"Global Volcanism Program, 2013. Volcanoes of the World, v. 4.11.0. Venzke, E (ed.). Smithsonian Institution. Downloaded 20 Jun 2022. https://doi.org/10.5479/si.GVP.VOTW4-2013"
"954",Belknap,"480",Stany Zjednoczone,tarczowy,erupcja datowana,andezyt / andezyt bazaltowy,strefa subdukcji / skorupa kontynentalna (>25 km),Wulkan,"Global Volcanism Program, 2013. Volcanoes of the World, v. 4.11.0. Venzke, E (ed.). Smithsonian Institution. Downloaded 20 Jun 2022. https://doi.org/10.5479/si.GVP.VOTW4-2013"
"958",Newberry,"690",Stany Zjednoczone,tarczowy,erupcja datowana,andezyt / andezyt bazaltowy,strefa subdukcji / skorupa kontynentalna (>25 km),Wulkan,"Global Volcanism Program, 2013. Volcanoes of the World, v. 4.11.0. Venzke, E (ed.). Smithsonian Institution. Downloaded 20 Jun 2022. https://doi.org/10.5479/si.GVP.VOTW4-2013"
"965",Medicine Lake,"1060",Stany Zjednoczone,tarczowy,erupcja datowana,bazalt / pikryt,strefa subdukcji / skorupa kontynentalna (>25 km),Wulkan,"Global Volcanism Program, 2013. Volcanoes of the World, v. 4.11.0. Venzke, E (ed.). Smithsonian Institution. Downloaded 20 Jun 2022. https://doi.org/10.5479/si.GVP.VOTW4-2013"
"975",Black Butte Crater Lava Field,8400 p.n.e.,Stany Zjednoczone,tarczowy,erupcja datowana,bazalt / pikryt,strefa ryftowa / skorupa kontynentalna (>25 km),Wulkan,"Global Volcanism Program, 2013. Volcanoes of the World, v. 4.11.0. Venzke, E (ed.). Smithsonian Institution. Downloaded 20 Jun 2022. https://doi.org/10.5479/si.GVP.VOTW4-2013"
"538",Mayor Island,5060 p.n.e.,Nowa Zelandia,tarczowy,erupcja datowana,ryolit,strefa subdukcji / skorupa kontynentalna (>25 km),Wulkan,"Global Volcanism Program, 2013. Volcanoes of the World, v. 4.11.0. Venzke, E (ed.). Smithsonian Institution. Downloaded 20 Jun 2022. https://doi.org/10.5479/si.GVP.VOTW4-2013"
"977",Wapi Lava Field,300 p.n.e.,Stany Zjednoczone,tarczowy,erupcja datowana,bazalt / pikryt,strefa ryftowa / skorupa kontynentalna (>25 km),Wulkan,"Global Volcanism Program, 2013. Volcanoes of the World, v. 4.11.0. Venzke, E (ed.). Smithsonian Institution. Downloaded 20 Jun 2022. https://doi.org/10.5479/si.GVP.VOTW4-2013"
"978",Hell's Half Acre,3250 p.n.e.,Stany Zjednoczone,tarczowy,erupcja datowana,bazalt / pikryt,strefa ryftowa / skorupa kontynentalna (>25 km),Wulkan,"Global Volcanism Program, 2013. Volcanoes of the World, v. 4.11.0. Venzke, E (ed.). Smithsonian Institution. Downloaded 20 Jun 2022. https://doi.org/10.5479/si.GVP.VOTW4-2013"
"1000",Kilauea,"2021",Stany Zjednoczone,tarczowy,erupcja zaobserwowana,bazalt / pikryt,strefa subdukcji / skorupa oceaniczna (< 15 km),Wulkan,"Global Volcanism Program, 2013. Volcanoes of the World, v. 4.11.0. Venzke, E (ed.). Smithsonian Institution. Downloaded 20 Jun 2022. https://doi.org/10.5479/si.GVP.VOTW4-2013"
"357",Nyamuragira,"2018",Demokratyczna Republika Konga,tarczowy,erupcja zaobserwowana,tefryt / trachybazalt,strefa ryftowa / skorupa kontynentalna (>25 km),Wulkan,"Global Volcanism Program, 2013. Volcanoes of the World, v. 4.11.0. Venzke, E (ed.). Smithsonian Institution. Downloaded 20 Jun 2022. https://doi.org/10.5479/si.GVP.VOTW4-2013"
"1015",Mauna Loa,"1984",Stany Zjednoczone,tarczowy,erupcja zaobserwowana,bazalt / pikryt,strefa subdukcji / skorupa oceaniczna (< 15 km),Wulkan,"Global Volcanism Program, 2013. Volcanoes of the World, v. 4.11.0. Venzke, E (ed.). Smithsonian Institution. Downloaded 20 Jun 2022. https://doi.org/10.5479/si.GVP.VOTW4-2013"
"1048",Theistareykir,900 p.n.e.,Islandia,tarczowy,erupcja datowana,bazalt / pikryt,strefa ryftowa / skorupa oceaniczna (< 15 km),Wulkan,"Global Volcanism Program, 2013. Volcanoes of the World, v. 4.11.0. Venzke, E (ed.). Smithsonian Institution. Downloaded 20 Jun 2022. https://doi.org/10.5479/si.GVP.VOTW4-2013"
"329","Barrier, The","1921",Kenia,tarczowy,erupcja zaobserwowana,trachit,strefa ryftowa / skorupa kontynentalna (>25 km),Wulkan,"Global Volcanism Program, 2013. Volcanoes of the World, v. 4.11.0. Venzke, E (ed.). Smithsonian Institution. Downloaded 20 Jun 2022. https://doi.org/10.5479/si.GVP.VOTW4-2013"
"330",Namarunu,6550 p.n.e.,Kenia,tarczowy,erupcja datowana,bazalt / pikryt,strefa ryftowa / skorupa kontynentalna (>25 km),Wulkan,"Global Volcanism Program, 2013. Volcanoes of the World, v. 4.11.0. Venzke, E (ed.). Smithsonian Institution. Downloaded 20 Jun 2022. https://doi.org/10.5479/si.GVP.VOTW4-2013"
"333",Silali,5050 p.n.e.,Kenia,tarczowy,erupcja datowana,trachit,strefa ryftowa / skorupa kontynentalna (>25 km),Wulkan,"Global Volcanism Program, 2013. Volcanoes of the World, v. 4.11.0. Venzke, E (ed.). Smithsonian Institution. Downloaded 20 Jun 2022. https://doi.org/10.5479/si.GVP.VOTW4-2013"
"1068",Madeira,4500 p.n.e.,Portugalia,tarczowy,erupcja datowana,bazalt / pikryt,strefa subdukcji / skorupa oceaniczna (< 15 km),Wulkan,"Global Volcanism Program, 2013. Volcanoes of the World, v. 4.11.0. Venzke, E (ed.). Smithsonian Institution. Downloaded 20 Jun 2022. https://doi.org/10.5479/si.GVP.VOTW4-2013"
"1070",Hierro,"2012",Hiszpania,tarczowy,erupcja zaobserwowana,tefryt / trachybazalt,strefa subdukcji / skorupa oceaniczna (< 15 km),Wulkan,"Global Volcanism Program, 2013. Volcanoes of the World, v. 4.11.0. Venzke, E (ed.). Smithsonian Institution. Downloaded 20 Jun 2022. https://doi.org/10.5479/si.GVP.VOTW4-2013"
"366",Santa Isabel,"1923",Gwinea Równikowa,tarczowy,erupcja zaobserwowana,bazalt / pikryt,strefa subdukcji / skorupa kontynentalna (>25 km),Wulkan,"Global Volcanism Program, 2013. Volcanoes of the World, v. 4.11.0. Venzke, E (ed.). Smithsonian Institution. Downloaded 20 Jun 2022. https://doi.org/10.5479/si.GVP.VOTW4-2013"
"1080",Tristan da Cunha,"1962",Wielka Brytania,tarczowy,erupcja zaobserwowana,tefryt / trachybazalt,strefa ryftowa / skorupa oceaniczna (< 15 km),Wulkan,"Global Volcanism Program, 2013. Volcanoes of the World, v. 4.11.0. Venzke, E (ed.). Smithsonian Institution. Downloaded 20 Jun 2022. https://doi.org/10.5479/si.GVP.VOTW4-2013"
"1082",Bouvet,50 p.n.e.,Norwegia,tarczowy,erupcja datowana,bazalt / pikryt,strefa ryftowa / skorupa oceaniczna (< 15 km),Wulkan,"Global Volcanism Program, 2013. Volcanoes of the World, v. 4.11.0. Venzke, E (ed.). Smithsonian Institution. Downloaded 20 Jun 2022. https://doi.org/10.5479/si.GVP.VOTW4-2013"
"1092",Berlin,8350 p.n.e.,Antarktyda,tarczowy,erupcja datowana,trachit,strefa subdukcji / skorupa kontynentalna (>25 km),Wulkan,"Global Volcanism Program, 2013. Volcanoes of the World, v. 4.11.0. Venzke, E (ed.). Smithsonian Institution. Downloaded 20 Jun 2022. https://doi.org/10.5479/si.GVP.VOTW4-2013"
"1097",Takahe,5550 p.n.e.,Antarktyda,tarczowy,erupcja datowana,trachit,strefa subdukcji / skorupa kontynentalna (>25 km),Wulkan,"Global Volcanism Program, 2013. Volcanoes of the World, v. 4.11.0. Venzke, E (ed.). Smithsonian Institution. Downloaded 20 Jun 2022. https://doi.org/10.5479/si.GVP.VOTW4-2013"
"1187",Santiago,"1906",Ekwador,tarczowy,erupcja zaobserwowana,bazalt / pikryt,strefa ryftowa / skorupa oceaniczna (< 15 km),Wulkan,"Global Volcanism Program, 2013. Volcanoes of the World, v. 4.11.0. Venzke, E (ed.). Smithsonian Institution. Downloaded 20 Jun 2022. https://doi.org/10.5479/si.GVP.VOTW4-2013"
"408",Mayotte Island,2050 p.n.e.,Francja,tarczowy,erupcja datowana,bazalt / pikryt,strefa subdukcji / skorupa oceaniczna (< 15 km),Wulkan,"Global Volcanism Program, 2013. Volcanoes of the World, v. 4.11.0. Venzke, E (ed.). Smithsonian Institution. Downloaded 20 Jun 2022. https://doi.org/10.5479/si.GVP.VOTW4-2013"
"409",Karthala,"2007",Komory,tarczowy,erupcja zaobserwowana,bazalt / pikryt,strefa subdukcji / skorupa oceaniczna (< 15 km),Wulkan,"Global Volcanism Program, 2013. Volcanoes of the World, v. 4.11.0. Venzke, E (ed.). Smithsonian Institution. Downloaded 20 Jun 2022. https://doi.org/10.5479/si.GVP.VOTW4-2013"
"415","Fournaise, Piton de la","2018",Francja,tarczowy,erupcja zaobserwowana,bazalt / pikryt,strefa subdukcji / skorupa oceaniczna (< 15 km),Wulkan,"Global Volcanism Program, 2013. Volcanoes of the World, v. 4.11.0. Venzke, E (ed.). Smithsonian Institution. Downloaded 20 Jun 2022. https://doi.org/10.5479/si.GVP.VOTW4-2013"
"1107",Montagu Island,"2007",Wielka Brytania,tarczowy,erupcja zaobserwowana,bazalt / pikryt,strefa subdukcji / skorupa oceaniczna (< 15 km),Wulkan,"Global Volcanism Program, 2013. Volcanoes of the World, v. 4.11.0. Venzke, E (ed.). Smithsonian Institution. Downloaded 20 Jun 2022. https://doi.org/10.5479/si.GVP.VOTW4-2013"
"421",Nylgimelkin,3550 p.n.e.,Rosja,tarczowy,erupcja datowana,bazalt / pikryt,strefa subdukcji / skorupa kontynentalna (>25 km),Wulkan,"Global Volcanism Program, 2013. Volcanoes of the World, v. 4.11.0. Venzke, E (ed.). Smithsonian Institution. Downloaded 20 Jun 2022. https://doi.org/10.5479/si.GVP.VOTW4-2013"
"456",Halla,"1007",Korea Południowa,tarczowy,erupcja zaobserwowana,bazalt / pikryt,strefa subdukcji / skorupa kontynentalna (>25 km),Wulkan,"Global Volcanism Program, 2013. Volcanoes of the World, v. 4.11.0. Venzke, E (ed.). Smithsonian Institution. Downloaded 20 Jun 2022. https://doi.org/10.5479/si.GVP.VOTW4-2013"
"1144",Santa Isabel,850 p.n.e.,Kolumbia,tarczowy,erupcja datowana,andezyt / andezyt bazaltowy,strefa subdukcji / skorupa kontynentalna (>25 km),Wulkan,"Global Volcanism Program, 2013. Volcanoes of the World, v. 4.11.0. Venzke, E (ed.). Smithsonian Institution. Downloaded 20 Jun 2022. https://doi.org/10.5479/si.GVP.VOTW4-2013"
"477",Yunaska,"1937",Stany Zjednoczone,tarczowy,erupcja zaobserwowana,andezyt / andezyt bazaltowy,strefa subdukcji / skorupa oceaniczna (< 15 km),Wulkan,"Global Volcanism Program, 2013. Volcanoes of the World, v. 4.11.0. Venzke, E (ed.). Smithsonian Institution. Downloaded 20 Jun 2022. https://doi.org/10.5479/si.GVP.VOTW4-2013"
"1177",Fernandina,"2018",Ekwador,tarczowy,erupcja zaobserwowana,bazalt / pikryt,strefa ryftowa / skorupa oceaniczna (< 15 km),Wulkan,"Global Volcanism Program, 2013. Volcanoes of the World, v. 4.11.0. Venzke, E (ed.). Smithsonian Institution. Downloaded 20 Jun 2022. https://doi.org/10.5479/si.GVP.VOTW4-2013"
"1178",Ecuador,"1150",Ekwador,tarczowy,erupcja datowana,bazalt / pikryt,strefa ryftowa / skorupa oceaniczna (< 15 km),Wulkan,"Global Volcanism Program, 2013. Volcanoes of the World, v. 4.11.0. Venzke, E (ed.). Smithsonian Institution. Downloaded 20 Jun 2022. https://doi.org/10.5479/si.GVP.VOTW4-2013"
"1180",Darwin,"1813",Ekwador,tarczowy,erupcja datowana,bazalt / pikryt,strefa ryftowa / skorupa oceaniczna (< 15 km),Wulkan,"Global Volcanism Program, 2013. Volcanoes of the World, v. 4.11.0. Venzke, E (ed.). Smithsonian Institution. Downloaded 20 Jun 2022. https://doi.org/10.5479/si.GVP.VOTW4-2013"
"1181",Alcedo,"1993",Ekwador,tarczowy,erupcja zaobserwowana,bazalt / pikryt,strefa ryftowa / skorupa oceaniczna (< 15 km),Wulkan,"Global Volcanism Program, 2013. Volcanoes of the World, v. 4.11.0. Venzke, E (ed.). Smithsonian Institution. Downloaded 20 Jun 2022. https://doi.org/10.5479/si.GVP.VOTW4-2013"
"1182","Negra, Sierra","2018",Ekwador,tarczowy,erupcja zaobserwowana,bazalt / pikryt,strefa ryftowa / skorupa oceaniczna (< 15 km),Wulkan,"Global Volcanism Program, 2013. Volcanoes of the World, v. 4.11.0. Venzke, E (ed.). Smithsonian Institution. Downloaded 20 Jun 2022. https://doi.org/10.5479/si.GVP.VOTW4-2013"
"1183","Azul, Cerro","2008",Ekwador,tarczowy,erupcja zaobserwowana,bazalt / pikryt,strefa ryftowa / skorupa oceaniczna (< 15 km),Wulkan,"Global Volcanism Program, 2013. Volcanoes of the World, v. 4.11.0. Venzke, E (ed.). Smithsonian Institution. Downloaded 20 Jun 2022. https://doi.org/10.5479/si.GVP.VOTW4-2013"
"1184",Pinta,"1928",Ekwador,tarczowy,erupcja zaobserwowana,bazalt / pikryt,strefa ryftowa / skorupa oceaniczna (< 15 km),Wulkan,"Global Volcanism Program, 2013. Volcanoes of the World, v. 4.11.0. Venzke, E (ed.). Smithsonian Institution. Downloaded 20 Jun 2022. https://doi.org/10.5479/si.GVP.VOTW4-2013"
"1185",Marchena,"1991",Ekwador,tarczowy,erupcja zaobserwowana,bazalt / pikryt,strefa ryftowa / skorupa oceaniczna (< 15 km),Wulkan,"Global Volcanism Program, 2013. Volcanoes of the World, v. 4.11.0. Venzke, E (ed.). Smithsonian Institution. Downloaded 20 Jun 2022. https://doi.org/10.5479/si.GVP.VOTW4-2013"
"486",Okmok,"2008",Stany Zjednoczone,tarczowy,erupcja zaobserwowana,bazalt / pikryt,strefa subdukcji / skorupa oceaniczna (< 15 km),Wulkan,"Global Volcanism Program, 2013. Volcanoes of the World, v. 4.11.0. Venzke, E (ed.). Smithsonian Institution. Downloaded 20 Jun 2022. https://doi.org/10.5479/si.GVP.VOTW4-2013"
"1225",Mauna Kea,2460 p.n.e.,Stany Zjednoczone,tarczowy,erupcja datowana,bazalt / pikryt,strefa subdukcji / skorupa oceaniczna (< 15 km),Wulkan,"Global Volcanism Program, 2013. Volcanoes of the World, v. 4.11.0. Venzke, E (ed.). Smithsonian Institution. Downloaded 20 Jun 2022. https://doi.org/10.5479/si.GVP.VOTW4-2013"
"1226",Hualalai,"1801",Stany Zjednoczone,tarczowy,erupcja zaobserwowana,bazalt / pikryt,strefa subdukcji / skorupa oceaniczna (< 15 km),Wulkan,"Global Volcanism Program, 2013. Volcanoes of the World, v. 4.11.0. Venzke, E (ed.). Smithsonian Institution. Downloaded 20 Jun 2022. https://doi.org/10.5479/si.GVP.VOTW4-2013"
"1227",Haleakala,"1750",Stany Zjednoczone,tarczowy,erupcja datowana,bazalt / pikryt,strefa subdukcji / skorupa oceaniczna (< 15 km),Wulkan,"Global Volcanism Program, 2013. Volcanoes of the World, v. 4.11.0. Venzke, E (ed.). Smithsonian Institution. Downloaded 20 Jun 2022. https://doi.org/10.5479/si.GVP.VOTW4-2013"
"1257",Socorro,"1994",Meksyk,tarczowy,erupcja zaobserwowana,trachit,strefa ryftowa / skorupa oceaniczna (< 15 km),Wulkan,"Global Volcanism Program, 2013. Volcanoes of the World, v. 4.11.0. Venzke, E (ed.). Smithsonian Institution. Downloaded 20 Jun 2022. https://doi.org/10.5479/si.GVP.VOTW4-2013"
"534",Marion Island,"2004",Republika Południowej Afryki,tarczowy,erupcja zaobserwowana,bazalt / pikryt,strefa ryftowa / skorupa oceaniczna (< 15 km),Wulkan,"Global Volcanism Program, 2013. Volcanoes of the World, v. 4.11.0. Venzke, E (ed.). Smithsonian Institution. Downloaded 20 Jun 2022. https://doi.org/10.5479/si.GVP.VOTW4-2013"
"578",Niuafo'ou,"1985",Tonga,tarczowy,erupcja zaobserwowana,bazalt / pikryt,strefa subdukcji / skorupa oceaniczna (< 15 km),Wulkan,"Global Volcanism Program, 2013. Volcanoes of the World, v. 4.11.0. Venzke, E (ed.). Smithsonian Institution. Downloaded 20 Jun 2022. https://doi.org/10.5479/si.GVP.VOTW4-2013"
"1179",Wolf,"2022",Ekwador,tarczowy,erupcja zaobserwowana,bazalt / pikryt,strefa ryftowa / skorupa oceaniczna (< 15 km),Wulkan,"Global Volcanism Program, 2013. Volcanoes of the World, v. 4.11.0. Venzke, E (ed.). Smithsonian Institution. Downloaded 20 Jun 2022. https://doi.org/10.5479/si.GVP.VOTW4-2013"
"322",Unnamed,brak danych,Etiopia,stożkowy,nieznana data wybuchu,bazalt / pikryt,strefa ryftowa / skorupa pośrednia (15-25 km),Wulkan,"Global Volcanism Program, 2013. Volcanoes of the World, v. 4.11.0. Venzke, E (ed.). Smithsonian Institution. Downloaded 20 Jun 2022. https://doi.org/10.5479/si.GVP.VOTW4-2013"
"418",Bely,brak danych,Rosja,tarczowy,brak dowodów na wybuch,bazalt / pikryt,strefa subdukcji / skorupa kontynentalna (>25 km),Wulkan,"Global Volcanism Program, 2013. Volcanoes of the World, v. 4.11.0. Venzke, E (ed.). Smithsonian Institution. Downloaded 20 Jun 2022. https://doi.org/10.5479/si.GVP.VOTW4-2013"
"324",Mega Basalt Field,brak danych,Etiopia - Kenia,stożkowy,nieznana data wybuchu,bazalt / pikryt,strefa ryftowa / skorupa pośrednia (15-25 km),Wulkan,"Global Volcanism Program, 2013. Volcanoes of the World, v. 4.11.0. Venzke, E (ed.). Smithsonian Institution. Downloaded 20 Jun 2022. https://doi.org/10.5479/si.GVP.VOTW4-2013"
"331",Segererua Plateau,brak danych,Kenia,stożkowy,nieznana data wybuchu,bazalt / pikryt,strefa ryftowa / skorupa kontynentalna (>25 km),Wulkan,"Global Volcanism Program, 2013. Volcanoes of the World, v. 4.11.0. Venzke, E (ed.). Smithsonian Institution. Downloaded 20 Jun 2022. https://doi.org/10.5479/si.GVP.VOTW4-2013"
"363",Tshibinda,brak danych,Demokratyczna Republika Konga,stożkowy,nieznana data wybuchu,bazalt / pikryt,strefa ryftowa / skorupa kontynentalna (>25 km),Wulkan,"Global Volcanism Program, 2013. Volcanoes of the World, v. 4.11.0. Venzke, E (ed.). Smithsonian Institution. Downloaded 20 Jun 2022. https://doi.org/10.5479/si.GVP.VOTW4-2013"
"368",Tombel Graben,brak danych,Kamerun,stożkowy,nieznana data wybuchu,tefryt / trachybazalt,strefa subdukcji / skorupa kontynentalna (>25 km),Wulkan,"Global Volcanism Program, 2013. Volcanoes of the World, v. 4.11.0. Venzke, E (ed.). Smithsonian Institution. Downloaded 20 Jun 2022. https://doi.org/10.5479/si.GVP.VOTW4-2013"
"586",Ofu-Olosega,"1866",Stany Zjednoczone,tarczowy,erupcja zaobserwowana,bazalt / pikryt,strefa subdukcji / skorupa oceaniczna (< 15 km),Wulkan,"Global Volcanism Program, 2013. Volcanoes of the World, v. 4.11.0. Venzke, E (ed.). Smithsonian Institution. Downloaded 20 Jun 2022. https://doi.org/10.5479/si.GVP.VOTW4-2013"
"589",Savai'i,"1911",Samoa,tarczowy,erupcja zaobserwowana,bazalt / pikryt,strefa subdukcji / skorupa oceaniczna (< 15 km),Wulkan,"Global Volcanism Program, 2013. Volcanoes of the World, v. 4.11.0. Venzke, E (ed.). Smithsonian Institution. Downloaded 20 Jun 2022. https://doi.org/10.5479/si.GVP.VOTW4-2013"
"591",Taveuni,"1550",Fidżi,tarczowy,erupcja datowana,bazalt / pikryt,strefa subdukcji / grubość skorupy nieznana,Wulkan,"Global Volcanism Program, 2013. Volcanoes of the World, v. 4.11.0. Venzke, E (ed.). Smithsonian Institution. Downloaded 20 Jun 2022. https://doi.org/10.5479/si.GVP.VOTW4-2013"
"1376",Payun Matru,5050 p.n.e.,Argentyna,tarczowy,erupcja datowana,tefryt / trachybazalt,strefa subdukcji / skorupa kontynentalna (>25 km),Wulkan,"Global Volcanism Program, 2013. Volcanoes of the World, v. 4.11.0. Venzke, E (ed.). Smithsonian Institution. Downloaded 20 Jun 2022. https://doi.org/10.5479/si.GVP.VOTW4-2013"
"33",Tenduruk Dagi,"1855",Turcja,tarczowy,erupcja zaobserwowana,bazalt / pikryt,strefa subdukcji / skorupa kontynentalna (>25 km),Wulkan,"Global Volcanism Program, 2013. Volcanoes of the World, v. 4.11.0. Venzke, E (ed.). Smithsonian Institution. Downloaded 20 Jun 2022. https://doi.org/10.5479/si.GVP.VOTW4-2013"
"70",Manda Hararo,"2009",Etiopia,tarczowy,erupcja zaobserwowana,bazalt / pikryt,strefa ryftowa / skorupa pośrednia (15-25 km),Wulkan,"Global Volcanism Program, 2013. Volcanoes of the World, v. 4.11.0. Venzke, E (ed.). Smithsonian Institution. Downloaded 20 Jun 2022. https://doi.org/10.5479/si.GVP.VOTW4-2013"
"814",Billy Mitchell,"1580",Papua - Nowa Gwinea,tarczowy,erupcja datowana,andezyt / andezyt bazaltowy,strefa subdukcji / grubość skorupy nieznana,Wulkan,"Global Volcanism Program, 2013. Volcanoes of the World, v. 4.11.0. Venzke, E (ed.). Smithsonian Institution. Downloaded 20 Jun 2022. https://doi.org/10.5479/si.GVP.VOTW4-2013"
"817",Loloru,1050 p.n.e.,Papua - Nowa Gwinea,tarczowy,erupcja datowana,andezyt / andezyt bazaltowy,strefa subdukcji / grubość skorupy nieznana,Wulkan,"Global Volcanism Program, 2013. Volcanoes of the World, v. 4.11.0. Venzke, E (ed.). Smithsonian Institution. Downloaded 20 Jun 2022. https://doi.org/10.5479/si.GVP.VOTW4-2013"
"1118",Apoyeque,50 p.n.e.,Nikaragua,tarczowy,erupcja datowana,dacyt,strefa subdukcji / skorupa kontynentalna (>25 km),Wulkan,"Global Volcanism Program, 2013. Volcanoes of the World, v. 4.11.0. Venzke, E (ed.). Smithsonian Institution. Downloaded 20 Jun 2022. https://doi.org/10.5479/si.GVP.VOTW4-2013"
"622",Rabaul,"2014",Papua - Nowa Gwinea,tarczowy,erupcja zaobserwowana,dacyt,strefa subdukcji / skorupa kontynentalna (>25 km),Wulkan,"Global Volcanism Program, 2013. Volcanoes of the World, v. 4.11.0. Venzke, E (ed.). Smithsonian Institution. Downloaded 20 Jun 2022. https://doi.org/10.5479/si.GVP.VOTW4-2013"
"831",Ambrym,"2022",Vanuatu,tarczowy,erupcja zaobserwowana,bazalt / pikryt,strefa subdukcji / skorupa oceaniczna (< 15 km),Wulkan,"Global Volcanism Program, 2013. Volcanoes of the World, v. 4.11.0. Venzke, E (ed.). Smithsonian Institution. Downloaded 20 Jun 2022. https://doi.org/10.5479/si.GVP.VOTW4-2013"
"378","Koussi, Emi",brak danych,Czad,tarczowy,nieznana data wybuchu,trachit,strefa subdukcji / skorupa kontynentalna (>25 km),Wulkan,"Global Volcanism Program, 2013. Volcanoes of the World, v. 4.11.0. Venzke, E (ed.). Smithsonian Institution. Downloaded 20 Jun 2022. https://doi.org/10.5479/si.GVP.VOTW4-2013"
"1002",Purico Complex,brak danych,Chile,tarczowy,nieznana data wybuchu,dacyt,strefa subdukcji / skorupa kontynentalna (>25 km),Wulkan,"Global Volcanism Program, 2013. Volcanoes of the World, v. 4.11.0. Venzke, E (ed.). Smithsonian Institution. Downloaded 20 Jun 2022. https://doi.org/10.5479/si.GVP.VOTW4-2013"
"1210",Tambo Quemado,brak danych,Boliwia,tarczowy,nieznana data wybuchu,ryolit,strefa subdukcji / skorupa kontynentalna (>25 km),Wulkan,"Global Volcanism Program, 2013. Volcanoes of the World, v. 4.11.0. Venzke, E (ed.). Smithsonian Institution. Downloaded 20 Jun 2022. https://doi.org/10.5479/si.GVP.VOTW4-2013"
"1093",Andrus,brak danych,Antarktyda,tarczowy,brak dowodów na wybuch,trachit,strefa subdukcji / skorupa kontynentalna (>25 km),Wulkan,"Global Volcanism Program, 2013. Volcanoes of the World, v. 4.11.0. Venzke, E (ed.). Smithsonian Institution. Downloaded 20 Jun 2022. https://doi.org/10.5479/si.GVP.VOTW4-2013"
"370",Todra Volcanic Field,brak danych,Niger,stożkowy,nieznana data wybuchu,bazalt / pikryt,strefa subdukcji / skorupa kontynentalna (>25 km),Wulkan,"Global Volcanism Program, 2013. Volcanoes of the World, v. 4.11.0. Venzke, E (ed.). Smithsonian Institution. Downloaded 20 Jun 2022. https://doi.org/10.5479/si.GVP.VOTW4-2013"
"422",Snezhniy,brak danych,Rosja,tarczowy,brak dowodów na wybuch,bazalt / pikryt,strefa subdukcji / skorupa kontynentalna (>25 km),Wulkan,"Global Volcanism Program, 2013. Volcanoes of the World, v. 4.11.0. Venzke, E (ed.). Smithsonian Institution. Downloaded 20 Jun 2022. https://doi.org/10.5479/si.GVP.VOTW4-2013"
"424",Iktunup,brak danych,Rosja,tarczowy,brak dowodów na wybuch,bazalt / pikryt,strefa subdukcji / skorupa kontynentalna (>25 km),Wulkan,"Global Volcanism Program, 2013. Volcanoes of the World, v. 4.11.0. Venzke, E (ed.). Smithsonian Institution. Downloaded 20 Jun 2022. https://doi.org/10.5479/si.GVP.VOTW4-2013"
"430",Snegovoy,brak danych,Rosja,tarczowy,brak dowodów na wybuch,bazalt / pikryt,strefa subdukcji / skorupa kontynentalna (>25 km),Wulkan,"Global Volcanism Program, 2013. Volcanoes of the World, v. 4.11.0. Venzke, E (ed.). Smithsonian Institution. Downloaded 20 Jun 2022. https://doi.org/10.5479/si.GVP.VOTW4-2013"
"432",Iettunup,brak danych,Rosja,tarczowy,brak dowodów na wybuch,bazalt / pikryt,strefa subdukcji / skorupa kontynentalna (>25 km),Wulkan,"Global Volcanism Program, 2013. Volcanoes of the World, v. 4.11.0. Venzke, E (ed.). Smithsonian Institution. Downloaded 20 Jun 2022. https://doi.org/10.5479/si.GVP.VOTW4-2013"
"433",Voyampolsky,brak danych,Rosja,tarczowy,brak dowodów na wybuch,bazalt / pikryt,strefa subdukcji / skorupa kontynentalna (>25 km),Wulkan,"Global Volcanism Program, 2013. Volcanoes of the World, v. 4.11.0. Venzke, E (ed.). Smithsonian Institution. Downloaded 20 Jun 2022. https://doi.org/10.5479/si.GVP.VOTW4-2013"
"454",Ch'uga-ryong,brak danych,Korea Północna - Korea Południowa,tarczowy,brak dowodów na wybuch,bazalt / pikryt,strefa subdukcji / skorupa kontynentalna (>25 km),Wulkan,"Global Volcanism Program, 2013. Volcanoes of the World, v. 4.11.0. Venzke, E (ed.). Smithsonian Institution. Downloaded 20 Jun 2022. https://doi.org/10.5479/si.GVP.VOTW4-2013"
"171",Shiga,brak danych,Japonia,tarczowy,brak dowodów na wybuch,andezyt / andezyt bazaltowy,strefa subdukcji / skorupa kontynentalna (>25 km),Wulkan,"Global Volcanism Program, 2013. Volcanoes of the World, v. 4.11.0. Venzke, E (ed.). Smithsonian Institution. Downloaded 20 Jun 2022. https://doi.org/10.5479/si.GVP.VOTW4-2013"
"310",Uka,brak danych,Rosja,tarczowy,brak dowodów na wybuch,bazalt / pikryt,strefa subdukcji / skorupa kontynentalna (>25 km),Wulkan,"Global Volcanism Program, 2013. Volcanoes of the World, v. 4.11.0. Venzke, E (ed.). Smithsonian Institution. Downloaded 20 Jun 2022. https://doi.org/10.5479/si.GVP.VOTW4-2013"
"316",Kaileney,brak danych,Rosja,tarczowy,brak dowodów na wybuch,bazalt / pikryt,strefa subdukcji / skorupa kontynentalna (>25 km),Wulkan,"Global Volcanism Program, 2013. Volcanoes of the World, v. 4.11.0. Venzke, E (ed.). Smithsonian Institution. Downloaded 20 Jun 2022. https://doi.org/10.5479/si.GVP.VOTW4-2013"
"319",Plosky,brak danych,Rosja,tarczowy,brak dowodów na wybuch,bazalt / pikryt,strefa subdukcji / skorupa kontynentalna (>25 km),Wulkan,"Global Volcanism Program, 2013. Volcanoes of the World, v. 4.11.0. Venzke, E (ed.). Smithsonian Institution. Downloaded 20 Jun 2022. https://doi.org/10.5479/si.GVP.VOTW4-2013"
"328",Marsabit,brak danych,Kenia,tarczowy,brak dowodów na wybuch,bazalt / pikryt,strefa ryftowa / skorupa kontynentalna (>25 km),Wulkan,"Global Volcanism Program, 2013. Volcanoes of the World, v. 4.11.0. Venzke, E (ed.). Smithsonian Institution. Downloaded 20 Jun 2022. https://doi.org/10.5479/si.GVP.VOTW4-2013"
"773",Maly Payalpan,brak danych,Rosja,tarczowy,brak dowodów na wybuch,andezyt / andezyt bazaltowy,strefa subdukcji / skorupa kontynentalna (>25 km),Wulkan,"Global Volcanism Program, 2013. Volcanoes of the World, v. 4.11.0. Venzke, E (ed.). Smithsonian Institution. Downloaded 20 Jun 2022. https://doi.org/10.5479/si.GVP.VOTW4-2013"
"774",Bolshoi Payalpan,brak danych,Rosja,tarczowy,brak dowodów na wybuch,andezyt / andezyt bazaltowy,strefa subdukcji / skorupa kontynentalna (>25 km),Wulkan,"Global Volcanism Program, 2013. Volcanoes of the World, v. 4.11.0. Venzke, E (ed.). Smithsonian Institution. Downloaded 20 Jun 2022. https://doi.org/10.5479/si.GVP.VOTW4-2013"
"775",Plosky,brak danych,Rosja,tarczowy,brak dowodów na wybuch,bazalt / pikryt,strefa subdukcji / skorupa kontynentalna (>25 km),Wulkan,"Global Volcanism Program, 2013. Volcanoes of the World, v. 4.11.0. Venzke, E (ed.). Smithsonian Institution. Downloaded 20 Jun 2022. https://doi.org/10.5479/si.GVP.VOTW4-2013"
"776",Akhtang,brak danych,Rosja,tarczowy,brak dowodów na wybuch,bazalt / pikryt,strefa subdukcji / skorupa kontynentalna (>25 km),Wulkan,"Global Volcanism Program, 2013. Volcanoes of the World, v. 4.11.0. Venzke, E (ed.). Smithsonian Institution. Downloaded 20 Jun 2022. https://doi.org/10.5479/si.GVP.VOTW4-2013"
"777",Kozyrevsky,brak danych,Rosja,tarczowy,brak dowodów na wybuch,bazalt / pikryt,strefa subdukcji / skorupa kontynentalna (>25 km),Wulkan,"Global Volcanism Program, 2013. Volcanoes of the World, v. 4.11.0. Venzke, E (ed.). Smithsonian Institution. Downloaded 20 Jun 2022. https://doi.org/10.5479/si.GVP.VOTW4-2013"
"779",Uksichan,brak danych,Rosja,tarczowy,brak dowodów na wybuch,bazalt / pikryt,strefa subdukcji / skorupa kontynentalna (>25 km),Wulkan,"Global Volcanism Program, 2013. Volcanoes of the World, v. 4.11.0. Venzke, E (ed.). Smithsonian Institution. Downloaded 20 Jun 2022. https://doi.org/10.5479/si.GVP.VOTW4-2013"
"781",Kulkev,brak danych,Rosja,tarczowy,brak dowodów na wybuch,bazalt / pikryt,strefa subdukcji / skorupa kontynentalna (>25 km),Wulkan,"Global Volcanism Program, 2013. Volcanoes of the World, v. 4.11.0. Venzke, E (ed.). Smithsonian Institution. Downloaded 20 Jun 2022. https://doi.org/10.5479/si.GVP.VOTW4-2013"
"782",Geodesistoy,brak danych,Rosja,tarczowy,brak dowodów na wybuch,bazalt / pikryt,strefa subdukcji / skorupa kontynentalna (>25 km),Wulkan,"Global Volcanism Program, 2013. Volcanoes of the World, v. 4.11.0. Venzke, E (ed.). Smithsonian Institution. Downloaded 20 Jun 2022. https://doi.org/10.5479/si.GVP.VOTW4-2013"
"784",Krainy,brak danych,Rosja,tarczowy,brak dowodów na wybuch,bazalt / pikryt,strefa subdukcji / skorupa kontynentalna (>25 km),Wulkan,"Global Volcanism Program, 2013. Volcanoes of the World, v. 4.11.0. Venzke, E (ed.). Smithsonian Institution. Downloaded 20 Jun 2022. https://doi.org/10.5479/si.GVP.VOTW4-2013"
"785",Kekurny,brak danych,Rosja,tarczowy,brak dowodów na wybuch,bazalt / pikryt,strefa subdukcji / skorupa kontynentalna (>25 km),Wulkan,"Global Volcanism Program, 2013. Volcanoes of the World, v. 4.11.0. Venzke, E (ed.). Smithsonian Institution. Downloaded 20 Jun 2022. https://doi.org/10.5479/si.GVP.VOTW4-2013"
"786",Eggella,brak danych,Rosja,tarczowy,brak dowodów na wybuch,bazalt / pikryt,strefa subdukcji / skorupa kontynentalna (>25 km),Wulkan,"Global Volcanism Program, 2013. Volcanoes of the World, v. 4.11.0. Venzke, E (ed.). Smithsonian Institution. Downloaded 20 Jun 2022. https://doi.org/10.5479/si.GVP.VOTW4-2013"
"787",Verkhovoy,brak danych,Rosja,tarczowy,brak dowodów na wybuch,bazalt / pikryt,strefa subdukcji / skorupa kontynentalna (>25 km),Wulkan,"Global Volcanism Program, 2013. Volcanoes of the World, v. 4.11.0. Venzke, E (ed.). Smithsonian Institution. Downloaded 20 Jun 2022. https://doi.org/10.5479/si.GVP.VOTW4-2013"
"790",Pogranychny,brak danych,Rosja,tarczowy,brak dowodów na wybuch,bazalt / pikryt,strefa subdukcji / skorupa kontynentalna (>25 km),Wulkan,"Global Volcanism Program, 2013. Volcanoes of the World, v. 4.11.0. Venzke, E (ed.). Smithsonian Institution. Downloaded 20 Jun 2022. https://doi.org/10.5479/si.GVP.VOTW4-2013"
"791",Zaozerny,brak danych,Rosja,tarczowy,brak dowodów na wybuch,bazalt / pikryt,strefa subdukcji / skorupa kontynentalna (>25 km),Wulkan,"Global Volcanism Program, 2013. Volcanoes of the World, v. 4.11.0. Venzke, E (ed.). Smithsonian Institution. Downloaded 20 Jun 2022. https://doi.org/10.5479/si.GVP.VOTW4-2013"
"793",Kebeney,brak danych,Rosja,tarczowy,brak dowodów na wybuch,bazalt / pikryt,strefa subdukcji / skorupa kontynentalna (>25 km),Wulkan,"Global Volcanism Program, 2013. Volcanoes of the World, v. 4.11.0. Venzke, E (ed.). Smithsonian Institution. Downloaded 20 Jun 2022. https://doi.org/10.5479/si.GVP.VOTW4-2013"
"794",Fedotych,brak danych,Rosja,tarczowy,brak dowodów na wybuch,bazalt / pikryt,strefa subdukcji / skorupa kontynentalna (>25 km),Wulkan,"Global Volcanism Program, 2013. Volcanoes of the World, v. 4.11.0. Venzke, E (ed.). Smithsonian Institution. Downloaded 20 Jun 2022. https://doi.org/10.5479/si.GVP.VOTW4-2013"
"798",Leutongey,brak danych,Rosja,tarczowy,brak dowodów na wybuch,bazalt / pikryt,strefa subdukcji / skorupa kontynentalna (>25 km),Wulkan,"Global Volcanism Program, 2013. Volcanoes of the World, v. 4.11.0. Venzke, E (ed.). Smithsonian Institution. Downloaded 20 Jun 2022. https://doi.org/10.5479/si.GVP.VOTW4-2013"
"799",Tuzovsky,brak danych,Rosja,tarczowy,brak dowodów na wybuch,bazalt / pikryt,strefa subdukcji / skorupa kontynentalna (>25 km),Wulkan,"Global Volcanism Program, 2013. Volcanoes of the World, v. 4.11.0. Venzke, E (ed.). Smithsonian Institution. Downloaded 20 Jun 2022. https://doi.org/10.5479/si.GVP.VOTW4-2013"
"804",Mezhdusopochny,brak danych,Rosja,tarczowy,brak dowodów na wybuch,bazalt / pikryt,strefa subdukcji / skorupa kontynentalna (>25 km),Wulkan,"Global Volcanism Program, 2013. Volcanoes of the World, v. 4.11.0. Venzke, E (ed.). Smithsonian Institution. Downloaded 20 Jun 2022. https://doi.org/10.5479/si.GVP.VOTW4-2013"
"805",Shishel,brak danych,Rosja,tarczowy,brak dowodów na wybuch,bazalt / pikryt,strefa subdukcji / skorupa kontynentalna (>25 km),Wulkan,"Global Volcanism Program, 2013. Volcanoes of the World, v. 4.11.0. Venzke, E (ed.). Smithsonian Institution. Downloaded 20 Jun 2022. https://doi.org/10.5479/si.GVP.VOTW4-2013"
"926",Heart Peaks,brak danych,Kanada,tarczowy,brak dowodów na wybuch,bazalt / pikryt,strefa subdukcji / skorupa kontynentalna (>25 km),Wulkan,"Global Volcanism Program, 2013. Volcanoes of the World, v. 4.11.0. Venzke, E (ed.). Smithsonian Institution. Downloaded 20 Jun 2022. https://doi.org/10.5479/si.GVP.VOTW4-2013"
"927",Level Mountain,brak danych,Kanada,tarczowy,brak dowodów na wybuch,trachit,strefa subdukcji / skorupa kontynentalna (>25 km),Wulkan,"Global Volcanism Program, 2013. Volcanoes of the World, v. 4.11.0. Venzke, E (ed.). Smithsonian Institution. Downloaded 20 Jun 2022. https://doi.org/10.5479/si.GVP.VOTW4-2013"
"1089",Morning,brak danych,Antarktyda,tarczowy,brak dowodów na wybuch,fonolit,strefa subdukcji / skorupa kontynentalna (>25 km),Wulkan,"Global Volcanism Program, 2013. Volcanoes of the World, v. 4.11.0. Venzke, E (ed.). Smithsonian Institution. Downloaded 20 Jun 2022. https://doi.org/10.5479/si.GVP.VOTW4-2013"
"1094",Waesche,brak danych,Antarktyda,tarczowy,brak dowodów na wybuch,tefryt / trachybazalt,strefa subdukcji / skorupa kontynentalna (>25 km),Wulkan,"Global Volcanism Program, 2013. Volcanoes of the World, v. 4.11.0. Venzke, E (ed.). Smithsonian Institution. Downloaded 20 Jun 2022. https://doi.org/10.5479/si.GVP.VOTW4-2013"
"1095",Siple,brak danych,Antarktyda,tarczowy,brak dowodów na wybuch,bazalt / pikryt,strefa subdukcji / skorupa kontynentalna (>25 km),Wulkan,"Global Volcanism Program, 2013. Volcanoes of the World, v. 4.11.0. Venzke, E (ed.). Smithsonian Institution. Downloaded 20 Jun 2022. https://doi.org/10.5479/si.GVP.VOTW4-2013"
"1096",Toney Mountain,brak danych,Antarktyda,tarczowy,brak dowodów na wybuch,tefryt / trachybazalt,strefa subdukcji / skorupa kontynentalna (>25 km),Wulkan,"Global Volcanism Program, 2013. Volcanoes of the World, v. 4.11.0. Venzke, E (ed.). Smithsonian Institution. Downloaded 20 Jun 2022. https://doi.org/10.5479/si.GVP.VOTW4-2013"
"1127","Lajas, Las",brak danych,Nikaragua,tarczowy,brak dowodów na wybuch,bazalt / pikryt,strefa subdukcji / skorupa kontynentalna (>25 km),Wulkan,"Global Volcanism Program, 2013. Volcanoes of the World, v. 4.11.0. Venzke, E (ed.). Smithsonian Institution. Downloaded 20 Jun 2022. https://doi.org/10.5479/si.GVP.VOTW4-2013"
"420",Ozernoy,brak danych,Rosja,tarczowy,nieznana data wybuchu,bazalt / pikryt,strefa subdukcji / skorupa kontynentalna (>25 km),Wulkan,"Global Volcanism Program, 2013. Volcanoes of the World, v. 4.11.0. Venzke, E (ed.). Smithsonian Institution. Downloaded 20 Jun 2022. https://doi.org/10.5479/si.GVP.VOTW4-2013"
"429",Ostanets,brak danych,Rosja,tarczowy,nieznana data wybuchu,bazalt / pikryt,strefa subdukcji / skorupa kontynentalna (>25 km),Wulkan,"Global Volcanism Program, 2013. Volcanoes of the World, v. 4.11.0. Venzke, E (ed.). Smithsonian Institution. Downloaded 20 Jun 2022. https://doi.org/10.5479/si.GVP.VOTW4-2013"
"61",Asavyo,brak danych,Etiopia,tarczowy,nieznana data wybuchu,bazalt / pikryt,strefa ryftowa / skorupa pośrednia (15-25 km),Wulkan,"Global Volcanism Program, 2013. Volcanoes of the World, v. 4.11.0. Venzke, E (ed.). Smithsonian Institution. Downloaded 20 Jun 2022. https://doi.org/10.5479/si.GVP.VOTW4-2013"
"45",Zukur,brak danych,Jemen,tarczowy,nieznana data wybuchu,bazalt / pikryt,strefa ryftowa / skorupa oceaniczna (< 15 km),Wulkan,"Global Volcanism Program, 2013. Volcanoes of the World, v. 4.11.0. Venzke, E (ed.). Smithsonian Institution. Downloaded 20 Jun 2022. https://doi.org/10.5479/si.GVP.VOTW4-2013"
"46",Hanish,brak danych,Jemen,tarczowy,nieznana data wybuchu,bazalt / pikryt,strefa ryftowa / skorupa oceaniczna (< 15 km),Wulkan,"Global Volcanism Program, 2013. Volcanoes of the World, v. 4.11.0. Venzke, E (ed.). Smithsonian Institution. Downloaded 20 Jun 2022. https://doi.org/10.5479/si.GVP.VOTW4-2013"
"56",Hayli Gubbi,brak danych,Etiopia,tarczowy,nieznana data wybuchu,bazalt / pikryt,strefa ryftowa / skorupa pośrednia (15-25 km),Wulkan,"Global Volcanism Program, 2013. Volcanoes of the World, v. 4.11.0. Venzke, E (ed.). Smithsonian Institution. Downloaded 20 Jun 2022. https://doi.org/10.5479/si.GVP.VOTW4-2013"
"62",Mat Ala,brak danych,Etiopia,tarczowy,nieznana data wybuchu,bazalt / pikryt,strefa ryftowa / skorupa pośrednia (15-25 km),Wulkan,"Global Volcanism Program, 2013. Volcanoes of the World, v. 4.11.0. Venzke, E (ed.). Smithsonian Institution. Downloaded 20 Jun 2022. https://doi.org/10.5479/si.GVP.VOTW4-2013"
"63",Tat Ali,brak danych,Etiopia,tarczowy,nieznana data wybuchu,bazalt / pikryt,strefa ryftowa / skorupa pośrednia (15-25 km),Wulkan,"Global Volcanism Program, 2013. Volcanoes of the World, v. 4.11.0. Venzke, E (ed.). Smithsonian Institution. Downloaded 20 Jun 2022. https://doi.org/10.5479/si.GVP.VOTW4-2013"
"69",Dabbayra,brak danych,Etiopia,tarczowy,nieznana data wybuchu,bazalt / pikryt,strefa ryftowa / skorupa pośrednia (15-25 km),Wulkan,"Global Volcanism Program, 2013. Volcanoes of the World, v. 4.11.0. Venzke, E (ed.). Smithsonian Institution. Downloaded 20 Jun 2022. https://doi.org/10.5479/si.GVP.VOTW4-2013"
"72",Kurub,brak danych,Etiopia,tarczowy,nieznana data wybuchu,bazalt / pikryt,strefa ryftowa / skorupa pośrednia (15-25 km),Wulkan,"Global Volcanism Program, 2013. Volcanoes of the World, v. 4.11.0. Venzke, E (ed.). Smithsonian Institution. Downloaded 20 Jun 2022. https://doi.org/10.5479/si.GVP.VOTW4-2013"
"523",Otdelniy,brak danych,Rosja,tarczowy,nieznana data wybuchu,bazalt / pikryt,strefa subdukcji / skorupa kontynentalna (>25 km),Wulkan,"Global Volcanism Program, 2013. Volcanoes of the World, v. 4.11.0. Venzke, E (ed.). Smithsonian Institution. Downloaded 20 Jun 2022. https://doi.org/10.5479/si.GVP.VOTW4-2013"
"337",Nyambeni Hills,brak danych,Kenia,tarczowy,nieznana data wybuchu,bazalt / pikryt,strefa ryftowa / skorupa kontynentalna (>25 km),Wulkan,"Global Volcanism Program, 2013. Volcanoes of the World, v. 4.11.0. Venzke, E (ed.). Smithsonian Institution. Downloaded 20 Jun 2022. https://doi.org/10.5479/si.GVP.VOTW4-2013"
"86",Dofan,brak danych,Etiopia,tarczowy,nieznana data wybuchu,ryolit,strefa ryftowa / skorupa kontynentalna (>25 km),Wulkan,"Global Volcanism Program, 2013. Volcanoes of the World, v. 4.11.0. Venzke, E (ed.). Smithsonian Institution. Downloaded 20 Jun 2022. https://doi.org/10.5479/si.GVP.VOTW4-2013"
"155",Oki-Dogo,brak danych,Japonia,tarczowy,nieznana data wybuchu,bazalt / pikryt,strefa subdukcji / skorupa kontynentalna (>25 km),Wulkan,"Global Volcanism Program, 2013. Volcanoes of the World, v. 4.11.0. Venzke, E (ed.). Smithsonian Institution. Downloaded 20 Jun 2022. https://doi.org/10.5479/si.GVP.VOTW4-2013"
"165",Washiba-Kumonotaira,brak danych,Japonia,tarczowy,nieznana data wybuchu,andezyt / andezyt bazaltowy,strefa subdukcji / skorupa kontynentalna (>25 km),Wulkan,"Global Volcanism Program, 2013. Volcanoes of the World, v. 4.11.0. Venzke, E (ed.). Smithsonian Institution. Downloaded 20 Jun 2022. https://doi.org/10.5479/si.GVP.VOTW4-2013"
"344",Suswa,brak danych,Kenia,tarczowy,nieznana data wybuchu,fonolit,strefa ryftowa / skorupa kontynentalna (>25 km),Wulkan,"Global Volcanism Program, 2013. Volcanoes of the World, v. 4.11.0. Venzke, E (ed.). Smithsonian Institution. Downloaded 20 Jun 2022. https://doi.org/10.5479/si.GVP.VOTW4-2013"
"335",Korosi,brak danych,Kenia,tarczowy,nieznana data wybuchu,trachit,strefa ryftowa / skorupa kontynentalna (>25 km),Wulkan,"Global Volcanism Program, 2013. Volcanoes of the World, v. 4.11.0. Venzke, E (ed.). Smithsonian Institution. Downloaded 20 Jun 2022. https://doi.org/10.5479/si.GVP.VOTW4-2013"
"336",Ol Kokwe,brak danych,Kenia,tarczowy,nieznana data wybuchu,bazalt / pikryt,strefa ryftowa / skorupa kontynentalna (>25 km),Wulkan,"Global Volcanism Program, 2013. Volcanoes of the World, v. 4.11.0. Venzke, E (ed.). Smithsonian Institution. Downloaded 20 Jun 2022. https://doi.org/10.5479/si.GVP.VOTW4-2013"
"364",San Carlos,brak danych,Gwinea Równikowa,tarczowy,nieznana data wybuchu,bazalt / pikryt,strefa subdukcji / skorupa kontynentalna (>25 km),Wulkan,"Global Volcanism Program, 2013. Volcanoes of the World, v. 4.11.0. Venzke, E (ed.). Smithsonian Institution. Downloaded 20 Jun 2022. https://doi.org/10.5479/si.GVP.VOTW4-2013"
"365",San Joaquin,brak danych,Gwinea Równikowa,tarczowy,nieznana data wybuchu,bazalt / pikryt,strefa subdukcji / skorupa kontynentalna (>25 km),Wulkan,"Global Volcanism Program, 2013. Volcanoes of the World, v. 4.11.0. Venzke, E (ed.). Smithsonian Institution. Downloaded 20 Jun 2022. https://doi.org/10.5479/si.GVP.VOTW4-2013"
"407","Grille, La",brak danych,Komory,tarczowy,nieznana data wybuchu,tefryt / trachybazalt,strefa subdukcji / skorupa oceaniczna (< 15 km),Wulkan,"Global Volcanism Program, 2013. Volcanoes of the World, v. 4.11.0. Venzke, E (ed.). Smithsonian Institution. Downloaded 20 Jun 2022. https://doi.org/10.5479/si.GVP.VOTW4-2013"
"533",Prince Edward Island,brak danych,Republika Południowej Afryki,tarczowy,nieznana data wybuchu,bazalt / pikryt,strefa ryftowa / skorupa oceaniczna (< 15 km),Wulkan,"Global Volcanism Program, 2013. Volcanoes of the World, v. 4.11.0. Venzke, E (ed.). Smithsonian Institution. Downloaded 20 Jun 2022. https://doi.org/10.5479/si.GVP.VOTW4-2013"
"31",Karaca Dag,brak danych,Turcja,tarczowy,nieznana data wybuchu,bazalt / pikryt,strefa subdukcji / skorupa kontynentalna (>25 km),Wulkan,"Global Volcanism Program, 2013. Volcanoes of the World, v. 4.11.0. Venzke, E (ed.). Smithsonian Institution. Downloaded 20 Jun 2022. https://doi.org/10.5479/si.GVP.VOTW4-2013"
"585",Ta'u,brak danych,Stany Zjednoczone,tarczowy,nieznana data wybuchu,bazalt / pikryt,strefa subdukcji / skorupa oceaniczna (< 15 km),Wulkan,"Global Volcanism Program, 2013. Volcanoes of the World, v. 4.11.0. Venzke, E (ed.). Smithsonian Institution. Downloaded 20 Jun 2022. https://doi.org/10.5479/si.GVP.VOTW4-2013"
"588",Upolu,brak danych,Samoa,tarczowy,nieznana data wybuchu,bazalt / pikryt,strefa subdukcji / skorupa oceaniczna (< 15 km),Wulkan,"Global Volcanism Program, 2013. Volcanoes of the World, v. 4.11.0. Venzke, E (ed.). Smithsonian Institution. Downloaded 20 Jun 2022. https://doi.org/10.5479/si.GVP.VOTW4-2013"
"590",Wallis Islands,brak danych,Francja,tarczowy,nieznana data wybuchu,bazalt / pikryt,strefa subdukcji / skorupa oceaniczna (< 15 km),Wulkan,"Global Volcanism Program, 2013. Volcanoes of the World, v. 4.11.0. Venzke, E (ed.). Smithsonian Institution. Downloaded 20 Jun 2022. https://doi.org/10.5479/si.GVP.VOTW4-2013"
"756",Schmidt,brak danych,Rosja,tarczowy,nieznana data wybuchu,bazalt / pikryt,strefa subdukcji / skorupa kontynentalna (>25 km),Wulkan,"Global Volcanism Program, 2013. Volcanoes of the World, v. 4.11.0. Venzke, E (ed.). Smithsonian Institution. Downloaded 20 Jun 2022. https://doi.org/10.5479/si.GVP.VOTW4-2013"
"913",St. Michael,brak danych,Stany Zjednoczone,tarczowy,nieznana data wybuchu,bazalt / pikryt,strefa subdukcji / skorupa kontynentalna (>25 km),Wulkan,"Global Volcanism Program, 2013. Volcanoes of the World, v. 4.11.0. Venzke, E (ed.). Smithsonian Institution. Downloaded 20 Jun 2022. https://doi.org/10.5479/si.GVP.VOTW4-2013"
"929",Spectrum Range,brak danych,Kanada,tarczowy,nieznana data wybuchu,ryolit,strefa subdukcji / skorupa kontynentalna (>25 km),Wulkan,"Global Volcanism Program, 2013. Volcanoes of the World, v. 4.11.0. Venzke, E (ed.). Smithsonian Institution. Downloaded 20 Jun 2022. https://doi.org/10.5479/si.GVP.VOTW4-2013"
"1099",Peter I Island,brak danych,Antarktyda,tarczowy,nieznana data wybuchu,bazalt / pikryt,strefa subdukcji / skorupa oceaniczna (< 15 km),Wulkan,"Global Volcanism Program, 2013. Volcanoes of the World, v. 4.11.0. Venzke, E (ed.). Smithsonian Institution. Downloaded 20 Jun 2022. https://doi.org/10.5479/si.GVP.VOTW4-2013"
"1114",James Ross Island,brak danych,Antarktyda,tarczowy,nieznana data wybuchu,bazalt / pikryt,strefa subdukcji / skorupa kontynentalna (>25 km),Wulkan,"Global Volcanism Program, 2013. Volcanoes of the World, v. 4.11.0. Venzke, E (ed.). Smithsonian Institution. Downloaded 20 Jun 2022. https://doi.org/10.5479/si.GVP.VOTW4-2013"
"1123",Zapatera,brak danych,Nikaragua,tarczowy,nieznana data wybuchu,andezyt / andezyt bazaltowy,strefa subdukcji / skorupa kontynentalna (>25 km),Wulkan,"Global Volcanism Program, 2013. Volcanoes of the World, v. 4.11.0. Venzke, E (ed.). Smithsonian Institution. Downloaded 20 Jun 2022. https://doi.org/10.5479/si.GVP.VOTW4-2013"
"1186",Genovesa,brak danych,Ekwador,tarczowy,nieznana data wybuchu,bazalt / pikryt,strefa ryftowa / skorupa oceaniczna (< 15 km),Wulkan,"Global Volcanism Program, 2013. Volcanoes of the World, v. 4.11.0. Venzke, E (ed.). Smithsonian Institution. Downloaded 20 Jun 2022. https://doi.org/10.5479/si.GVP.VOTW4-2013"
